{
  "input_file": "benchmark_results_20260721_191113.json",
  "n_workloads": 6,
  "n_bootstrap": 10000,
  "bootstrap_seed": 20260721,
  "correction": "Bonferroni",
  "ci_method": "BCa (Efron 1987)",
  "alpha": 0.05,
  "results": {
    "adversarial_lru": {
      "n_pairs": 120,
      "treatment_policy": "GDSF(a=1.0,b=1.0)",
      "baseline_policy": "LRU",
      "metric": "cost_weighted_hit_rate",
      "mean_treatment": 0.8978388548911116,
      "mean_baseline": 0.7559551800823309,
      "mean_diff": 0.1418836748087809,
      "std_diff": 0.24735662185041926,
      "paired_t": 6.283469482494072,
      "df": 119,
      "p_raw": 5.6371458499335175e-09,
      "p_bonferroni": 3.38228750996011e-08,
      "ci_lower_95_bca": 0.10025338595034182,
      "ci_upper_95_bca": 0.1894478218154202,
      "pct_dollar_change_vs_baseline": 18.76879457236187
    },
    "bursty": {
      "n_pairs": 120,
      "treatment_policy": "GDSF(a=1.0,b=1.0)",
      "baseline_policy": "LRU",
      "metric": "cost_weighted_hit_rate",
      "mean_treatment": 0.6659952017805945,
      "mean_baseline": 0.5034302606042279,
      "mean_diff": 0.16256494117636652,
      "std_diff": 0.07035173016439086,
      "paired_t": 25.312948276818634,
      "df": 119,
      "p_raw": 9.882721825522027e-50,
      "p_bonferroni": 5.929633095313216e-49,
      "ci_lower_95_bca": 0.14958010218844645,
      "ci_upper_95_bca": 0.17494440981750853,
      "pct_dollar_change_vs_baseline": 32.29145204367583
    },
    "high_variance_cost": {
      "n_pairs": 120,
      "treatment_policy": "GDSF(a=1.0,b=1.0)",
      "baseline_policy": "LRU",
      "metric": "cost_weighted_hit_rate",
      "mean_treatment": 0.5817986329820879,
      "mean_baseline": 0.46279970419936745,
      "mean_diff": 0.11899892878272046,
      "std_diff": 0.0941202804509953,
      "paired_t": 13.850021972083388,
      "df": 119,
      "p_raw": 1.4333887084642176e-26,
      "p_bonferroni": 8.600332250785305e-26,
      "ci_lower_95_bca": 0.10242983956041736,
      "ci_upper_95_bca": 0.1357920329992931,
      "pct_dollar_change_vs_baseline": 25.712835964012942
    },
    "size_varying": {
      "n_pairs": 120,
      "treatment_policy": "GDSF(a=1.0,b=1.0)",
      "baseline_policy": "LRU",
      "metric": "cost_weighted_hit_rate",
      "mean_treatment": 0.3425827204493847,
      "mean_baseline": 0.17938149172577592,
      "mean_diff": 0.16320122872360884,
      "std_diff": 0.057072598357778,
      "paired_t": 31.32466260747999,
      "df": 119,
      "p_raw": 2.596257720546877e-59,
      "p_bonferroni": 1.5577546323281263e-58,
      "ci_lower_95_bca": 0.15250342877561954,
      "ci_upper_95_bca": 0.17293084811317225,
      "pct_dollar_change_vs_baseline": 90.97997076147512
    },
    "uniform_cost": {
      "n_pairs": 120,
      "treatment_policy": "GDSF(a=1.0,b=1.0)",
      "baseline_policy": "LRU",
      "metric": "cost_weighted_hit_rate",
      "mean_treatment": 0.4123908333333334,
      "mean_baseline": 0.41237,
      "mean_diff": 2.083333333333312e-05,
      "std_diff": 0.0026080642821295435,
      "paired_t": 0.0875046423731059,
      "df": 119,
      "p_raw": 0.9304174745128782,
      "p_bonferroni": 1.0,
      "ci_lower_95_bca": -0.0004141666666666674,
      "ci_upper_95_bca": 0.0005150000000000012,
      "pct_dollar_change_vs_baseline": 0.005052097226600655
    },
    "zipf_variable_cost": {
      "n_pairs": 120,
      "treatment_policy": "GDSF(a=1.0,b=1.0)",
      "baseline_policy": "LRU",
      "metric": "cost_weighted_hit_rate",
      "mean_treatment": 0.8893863881848298,
      "mean_baseline": 0.8897129698555,
      "mean_diff": -0.00032658167067016187,
      "std_diff": 0.0008770981944670346,
      "paired_t": -4.078816922031503,
      "df": 119,
      "p_raw": 8.21834413159361e-05,
      "p_bonferroni": 0.0004931006478956166,
      "ci_lower_95_bca": -0.0005002707205021313,
      "ci_upper_95_bca": -0.0001824509001774681,
      "pct_dollar_change_vs_baseline": -0.03670640776690067
    }
  },
  "generated_at_unix": 1784651726
}