policy,workload,cache_size,hit_rate,cwhr,savings_dollar,latency_ms,latency_p95,latency_p99,throughput,memory_overhead_bytes,n_queries,n_evictions,run_id,seed,cpu_percent_mean,cpu_percent_p95,rss_mean_mb,rss_peak_mb,gpu_utilization,memory_mb
LRU,uniform_cost,50000,0.0927,0.0927,927.0,0.0017997808754444,0.0025001354515552,0.0086999498307704,267498.40574095934,56,10000,8976,0,42,0.0,0.0,70.1484375,70.1484375,N/A (GPTCache eviction path is CPU-only),5.340576171875e-05
FIFO,uniform_cost,50000,0.0939,0.0939,939.0,0.0017001293599605,0.002400018274784,0.0033997977152466,290743.3146704264,56,10000,8964,0,42,0.0,0.0,70.95703125,70.95703125,N/A (GPTCache eviction path is CPU-only),5.340576171875e-05
Random,uniform_cost,50000,0.0933,0.0933,933.0,0.0048000365495681,0.0061998143792152,0.0159034645184875,143382.3314272808,56,10000,8970,0,42,40.05,76.09499999999998,70.525390625,70.7890625,N/A (GPTCache eviction path is CPU-only),5.340576171875e-05
LRU,uniform_cost,50000,0.1012,0.1012,1012.0,0.002000480890274,0.0027003698050975,0.0088997231796383,224998.20057694064,56,10000,8891,1,43,0.0,0.0,70.3203125,70.3203125,N/A (GPTCache eviction path is CPU-only),5.340576171875e-05
LFU,uniform_cost,50000,0.0954,0.0954,954.0,0.0295997597277164,0.0484053278341888,0.1045129820704462,29117.87117900792,56,10000,8949,0,42,71.44000000000001,119.24,71.07734375,71.08984375,N/A (GPTCache eviction path is CPU-only),5.340576171875e-05
FIFO,uniform_cost,50000,0.1015,0.1015,1015.0,0.0020000152289867,0.0027003698050975,0.0077998265624046,241600.75177951137,56,10000,8888,1,43,0.0,0.0,70.93359375,70.93359375,N/A (GPTCache eviction path is CPU-only),5.340576171875e-05
GDSF,uniform_cost,50000,0.0942,0.0942,942.0,0.0126999802887439,0.0182003714144229,0.0416043074801565,64164.67222572904,56,10000,8961,0,42,53.06666666666666,80.0,70.57421875,70.83984375,N/A (GPTCache eviction path is CPU-only),5.340576171875e-05
Random,uniform_cost,50000,0.099,0.099,990.0,0.005099456757307,0.0063003972172737,0.0126013252884149,145589.86421613002,56,10000,8913,1,43,0.0,0.0,71.09375,71.09375,N/A (GPTCache eviction path is CPU-only),5.340576171875e-05
LRU,uniform_cost,50000,0.0983,0.0983,983.0,0.0020000152289867,0.0026999041438102,0.0037001445889472,277837.20300432347,56,10000,8920,2,44,0.0,0.0,71.0234375,71.0234375,N/A (GPTCache eviction path is CPU-only),5.340576171875e-05
GDSF,uniform_cost,50000,0.099,0.099,990.0,0.0141002237796783,0.0189002603292465,0.0333019066601992,61571.7671259533,56,10000,8913,1,43,74.96666666666667,123.29,71.16796875,71.16796875,N/A (GPTCache eviction path is CPU-only),5.340576171875e-05
Random,uniform_cost,50000,0.0964,0.0964,964.0,0.0053006224334239,0.0064000487327575,0.0108997384086251,138739.93627915316,56,10000,8939,2,44,97.7,97.7,70.08203125,70.08203125,N/A (GPTCache eviction path is CPU-only),5.340576171875e-05
FIFO,uniform_cost,50000,0.1004,0.1004,1004.0,0.0022999010980129,0.0029001384973526,0.0054008094593882,198126.1220620463,56,10000,8899,2,44,0.0,0.0,71.10546875,71.10546875,N/A (GPTCache eviction path is CPU-only),5.340576171875e-05
LRU,uniform_cost,50000,0.1006,0.1006,1006.0,0.0023995526134967,0.0028996728360652,0.0040992256253957,232722.1277286728,56,10000,8897,3,45,0.0,0.0,70.15234375,70.15234375,N/A (GPTCache eviction path is CPU-only),5.340576171875e-05
FIFO,uniform_cost,50000,0.1024,0.1024,1024.0,0.0023003667593002,0.0030999071896076,0.0076010543853044,221593.8806314257,56,10000,8879,3,45,0.0,0.0,70.15625,70.15625,N/A (GPTCache eviction path is CPU-only),5.340576171875e-05
LFU,uniform_cost,50000,0.101,0.101,1010.0,0.0327001325786113,0.048705213703215,0.097102695144713,28281.21482785204,56,10000,8893,1,43,73.85999999999999,117.42,71.0390625,71.04296875,N/A (GPTCache eviction path is CPU-only),5.340576171875e-05
LRU,uniform_cost,50000,0.0968,0.0968,968.0,0.0022999010980129,0.0028004869818687,0.0034002587199211,248275.1076082801,56,10000,8935,4,46,0.0,0.0,70.95703125,70.95703125,N/A (GPTCache eviction path is CPU-only),5.340576171875e-05
GDSF,uniform_cost,50000,0.0977,0.0977,977.0,0.0149998813867568,0.0181999057531356,0.0360994692891836,55148.19421313663,56,10000,8926,2,44,58.6,97.74,70.48307291666667,70.640625,N/A (GPTCache eviction path is CPU-only),5.340576171875e-05
Random,uniform_cost,50000,0.1015,0.1015,1015.0,0.005500391125679,0.006700400263071,0.0149032240733504,116023.00976125358,56,10000,8888,3,45,50.4,95.76,70.8203125,70.82421875,N/A (GPTCache eviction path is CPU-only),5.340576171875e-05
FIFO,uniform_cost,50000,0.0985,0.0985,985.0,0.0022994354367256,0.0028000213205814,0.0074999406933784,231501.8454583676,56,10000,8918,4,46,0.0,0.0,70.125,70.125,N/A (GPTCache eviction path is CPU-only),5.340576171875e-05
LRU,uniform_cost,50000,0.0921,0.0921,921.0,0.0023003667593002,0.0029997900128364,0.0040000304579734,233227.44903908853,56,10000,8982,5,47,0.0,0.0,70.96484375,70.96484375,N/A (GPTCache eviction path is CPU-only),5.340576171875e-05
GDSF,uniform_cost,50000,0.1,0.1,1000.0,0.0140001066029071,0.0180001370608806,0.0459052296355367,58403.2663630466,56,10000,8903,3,45,73.46666666666667,118.2,71.1171875,71.1171875,N/A (GPTCache eviction path is CPU-only),5.340576171875e-05
FIFO,uniform_cost,50000,0.0904,0.0904,904.0,0.0021997839212417,0.0028000213205814,0.0059019308537245,244686.03102163947,56,10000,8999,5,47,0.0,0.0,70.83203125,70.83203125,N/A (GPTCache eviction path is CPU-only),5.340576171875e-05
Random,uniform_cost,50000,0.0955,0.0955,955.0,0.005500391125679,0.0068000517785549,0.0124000944197177,132395.0927513138,56,10000,8948,4,46,49.6,94.24,71.046875,71.046875,N/A (GPTCache eviction path is CPU-only),5.340576171875e-05
Random,uniform_cost,50000,0.0953,0.0953,953.0,0.0056996941566467,0.0068005174398422,0.0127014424651861,127603.75425878917,56,10000,8950,5,47,30.05,57.095,70.83984375,70.87109375,N/A (GPTCache eviction path is CPU-only),5.340576171875e-05
LFU,uniform_cost,50000,0.0957,0.0957,957.0,0.0350996851921081,0.0558001920580863,0.1362999947741627,23865.73897852861,56,10000,8946,2,44,77.23333333333333,100.65,71.05078125,71.05078125,N/A (GPTCache eviction path is CPU-only),5.340576171875e-05
LRU,uniform_cost,50000,0.0955,0.0955,955.0,0.0025997869670391,0.0032000243663787,0.0043009128421545,218508.07149015824,56,10000,8948,6,48,0.0,0.0,71.12109375,71.12109375,N/A (GPTCache eviction path is CPU-only),5.340576171875e-05
FIFO,uniform_cost,50000,0.0943,0.0943,943.0,0.002400018274784,0.0031003728508949,0.0104020815342665,188100.0385899255,56,10000,8960,6,48,0.0,0.0,70.92578125,70.92578125,N/A (GPTCache eviction path is CPU-only),5.340576171875e-05
GDSF,uniform_cost,50000,0.0973,0.0973,973.0,0.0149998813867568,0.0189002603292465,0.0339021347463131,58412.54566872436,56,10000,8930,4,46,60.1,98.19,70.63411458333333,70.88671875,N/A (GPTCache eviction path is CPU-only),5.340576171875e-05
LFU,uniform_cost,50000,0.0974,0.0974,974.0,0.0358000397682189,0.052999728359282,0.1114026876166463,24611.71935565902,56,10000,8929,3,45,80.13333333333334,119.55,71.171875,71.171875,N/A (GPTCache eviction path is CPU-only),5.340576171875e-05
Random,uniform_cost,50000,0.0967,0.0967,967.0,0.006299465894699,0.0073001720011234,0.0120992865413427,122892.24450124407,56,10000,8936,6,48,50.1,95.19,70.9609375,70.96484375,N/A (GPTCache eviction path is CPU-only),5.340576171875e-05
LRU,uniform_cost,50000,0.0955,0.0955,955.0,0.002400018274784,0.0030999071896076,0.0062012765556574,222248.8915103361,56,10000,8948,7,49,0.0,0.0,70.1796875,70.1796875,N/A (GPTCache eviction path is CPU-only),5.340576171875e-05
FIFO,uniform_cost,50000,0.0951,0.0951,951.0,0.0025001354515552,0.0030999071896076,0.005701701156795,201504.0251099104,56,10000,8952,7,49,0.0,0.0,71.12109375,71.12109375,N/A (GPTCache eviction path is CPU-only),5.340576171875e-05
GDSF,uniform_cost,50000,0.094,0.094,940.0,0.016100239008665,0.0255997292697429,0.1022340776398785,40911.40794902079,56,10000,8963,5,47,59.85,96.335,70.9921875,70.99609375,N/A (GPTCache eviction path is CPU-only),5.340576171875e-05
Random,uniform_cost,50000,0.0973,0.0973,973.0,0.005899928510189,0.006900168955326,0.0114999758079648,123780.6060902574,56,10000,8930,7,49,49.6,94.24,70.28125,70.5234375,N/A (GPTCache eviction path is CPU-only),5.340576171875e-05
LFU,uniform_cost,50000,0.0994,0.0994,994.0,0.0379998236894607,0.052999728359282,0.1081030070781708,23980.59681023228,56,10000,8909,4,46,81.06666666666666,115.35,70.9921875,70.99609375,N/A (GPTCache eviction path is CPU-only),5.340576171875e-05
LRU,uniform_cost,50000,0.0942,0.0942,942.0,0.0026999041438102,0.0037001445889472,0.0135009875521064,149341.55263572844,56,10000,8961,8,50,0.0,0.0,71.171875,71.171875,N/A (GPTCache eviction path is CPU-only),5.340576171875e-05
FIFO,uniform_cost,50000,0.0946,0.0946,946.0,0.0026002526283264,0.0031003728508949,0.003799800761044,217226.4955222425,56,10000,8957,8,50,0.0,0.0,70.96484375,70.96484375,N/A (GPTCache eviction path is CPU-only),5.340576171875e-05
GDSF,uniform_cost,50000,0.095,0.095,950.0,0.0160997733473777,0.0207000412046909,0.0458025746047497,48474.366289050544,56,10000,8953,6,48,55.56666666666666,96.83,71.05859375,71.05859375,N/A (GPTCache eviction path is CPU-only),5.340576171875e-05
LFU,uniform_cost,50000,0.0958,0.0958,958.0,0.0367001630365848,0.0546001829206943,0.1074121193960311,25403.93526384948,56,10000,8945,5,47,80.18333333333332,100.8,70.99088541666667,70.9921875,N/A (GPTCache eviction path is CPU-only),5.340576171875e-05
FIFO,uniform_cost,50000,0.0971,0.0971,971.0,0.002400018274784,0.0029001617804169,0.0037001445889472,232202.27613810907,56,10000,8932,9,51,0.0,0.0,71.00390625,71.00390625,N/A (GPTCache eviction path is CPU-only),5.340576171875e-05
LRU,uniform_cost,50000,0.0981,0.0981,981.0,0.0025001354515552,0.0030999071896076,0.0053011532872915,210574.63858963829,56,10000,8922,9,51,0.0,0.0,70.87109375,70.87109375,N/A (GPTCache eviction path is CPU-only),5.340576171875e-05
Random,uniform_cost,50000,0.0923,0.0923,923.0,0.0064000487327575,0.0086002983152866,0.0330014759674668,70415.93981124253,56,10000,8980,8,50,41.73333333333333,73.0,70.66796875,70.91796875,N/A (GPTCache eviction path is CPU-only),5.340576171875e-05
GDSF,uniform_cost,50000,0.0945,0.0945,945.0,0.0168001279234886,0.0219997018575668,0.0569020817056298,38438.41627041907,56,10000,8958,7,49,52.425,93.33499999999998,71.1650390625,71.16796875,N/A (GPTCache eviction path is CPU-only),5.340576171875e-05
LFU,uniform_cost,50000,0.0924,0.0924,924.0,0.0367998145520687,0.0565000809729099,0.1094086747616531,23182.111027422543,56,10000,8979,6,48,82.51666666666667,123.05,71.046875,71.046875,N/A (GPTCache eviction path is CPU-only),5.340576171875e-05
LRU,uniform_cost,50000,0.0931,0.0931,931.0,0.0025997869670391,0.0032000243663787,0.0049011502414942,192676.3712594648,56,10000,8972,10,52,0.0,0.0,70.984375,70.984375,N/A (GPTCache eviction path is CPU-only),5.340576171875e-05
FIFO,uniform_cost,50000,0.0919,0.0919,919.0,0.0023995526134967,0.0029001384973526,0.0039013754576444,202214.2461892212,56,10000,8984,10,52,0.0,0.0,71.06640625,71.06640625,N/A (GPTCache eviction path is CPU-only),5.340576171875e-05
GDSF,uniform_cost,50000,0.0939,0.0939,939.0,0.0155000016093254,0.0192001461982727,0.03670415841043,55994.23934179998,56,10000,8964,8,50,60.76666666666667,97.59,71.12109375,71.12109375,N/A (GPTCache eviction path is CPU-only),5.340576171875e-05
Random,uniform_cost,50000,0.0985,0.0985,985.0,0.0060000456869602,0.0072997063398361,0.0122999818995594,126623.63160012868,56,10000,8918,9,51,0.0,0.0,71.17578125,71.17578125,N/A (GPTCache eviction path is CPU-only),5.340576171875e-05
Random,uniform_cost,50000,0.0966,0.0966,966.0,0.006099697202444,0.0070999376475811,0.0118995131924748,120460.30310567256,56,10000,8937,10,52,50.1,95.19,71.015625,71.01953125,N/A (GPTCache eviction path is CPU-only),5.340576171875e-05
LRU,uniform_cost,50000,0.0981,0.0981,981.0,0.0025001354515552,0.0030002556741237,0.0042002648115158,191120.53957864185,56,10000,8922,11,53,0.0,0.0,71.171875,71.171875,N/A (GPTCache eviction path is CPU-only),5.340576171875e-05
FIFO,uniform_cost,50000,0.0986,0.0986,986.0,0.002400018274784,0.0029997900128364,0.0049001537263393,201335.25507852243,56,10000,8917,11,53,0.0,0.0,70.16796875,70.16796875,N/A (GPTCache eviction path is CPU-only),5.340576171875e-05
GDSF,uniform_cost,50000,0.0982,0.0982,982.0,0.0161000061780214,0.0203000381588935,0.0397049542516471,46664.12194787537,56,10000,8921,9,51,70.125,119.11499999999998,70.509765625,70.7578125,N/A (GPTCache eviction path is CPU-only),5.340576171875e-05
LFU,uniform_cost,50000,0.0933,0.0933,933.0,0.0379001721739769,0.0586998648941516,0.0855090655386449,23950.300233658567,56,10000,8970,7,49,80.03333333333333,118.2,70.94075520833333,70.94921875,N/A (GPTCache eviction path is CPU-only),5.340576171875e-05
GDSF,uniform_cost,50000,0.0942,0.0942,942.0,0.0157998874783515,0.019799917936325,0.0382010592147708,52935.59643116362,56,10000,8961,10,52,69.03333333333333,119.91,70.89322916666667,70.89453125,N/A (GPTCache eviction path is CPU-only),5.340576171875e-05
LRU,uniform_cost,50000,0.0964,0.0964,964.0,0.0026999041438102,0.0034002587199211,0.0065061636269093,122374.00679488342,56,10000,8939,12,54,0.0,0.0,71.0703125,71.0703125,N/A (GPTCache eviction path is CPU-only),5.340576171875e-05
LRU,uniform_cost,50000,0.0969,0.0969,969.0,0.0025001354515552,0.0029997900128364,0.0044000335037708,212415.69844183416,56,10000,8934,13,55,0.0,0.0,70.9140625,70.9140625,N/A (GPTCache eviction path is CPU-only),5.340576171875e-05
FIFO,uniform_cost,50000,0.0963,0.0963,963.0,0.0025001354515552,0.0031995587050914,0.0045998021960258,66362.46113583047,56,10000,8940,12,54,0.0,0.0,71.12109375,71.12109375,N/A (GPTCache eviction path is CPU-only),5.340576171875e-05
Random,uniform_cost,50000,0.0919,0.0919,919.0,0.006099697202444,0.0071004033088684,0.0130999833345413,118376.81685474244,56,10000,8984,12,54,50.4,95.76,71.01953125,71.01953125,N/A (GPTCache eviction path is CPU-only),5.340576171875e-05
GDSF,uniform_cost,50000,0.0977,0.0977,977.0,0.0157002359628677,0.0195000320672988,0.0409049633890391,52500.10773299716,56,10000,8926,11,53,68.03333333333333,119.61,70.98828125,70.98828125,N/A (GPTCache eviction path is CPU-only),5.340576171875e-05
FIFO,uniform_cost,50000,0.0966,0.0966,966.0,0.0023995526134967,0.0029997900128364,0.0053998082876205,183318.72972632,56,10000,8937,13,55,0.0,0.0,70.9375,70.9375,N/A (GPTCache eviction path is CPU-only),5.340576171875e-05
Random,uniform_cost,50000,0.0979,0.0979,979.0,0.0058994628489017,0.006900168955326,0.0111009692773223,122494.82754165585,56,10000,8924,13,55,62.0,117.8,70.89453125,70.89453125,N/A (GPTCache eviction path is CPU-only),5.340576171875e-05
FIFO,uniform_cost,50000,0.0952,0.0952,952.0,0.002400018274784,0.0030999071896076,0.0040996866300702,238041.96352074185,56,10000,8951,14,56,0.0,0.0,71.12109375,71.12109375,N/A (GPTCache eviction path is CPU-only),5.340576171875e-05
Random,uniform_cost,50000,0.094,0.094,940.0,0.0063003972172737,0.0079004094004631,0.0261073140427471,67460.86107007625,56,10000,8963,11,53,25.05,47.595,71.056640625,71.05859375,N/A (GPTCache eviction path is CPU-only),5.340576171875e-05
LRU,uniform_cost,50000,0.096,0.096,960.0,0.0025997869670391,0.0032000243663787,0.0053016189485788,195506.8610639645,56,10000,8943,14,56,0.0,0.0,70.93359375,70.93359375,N/A (GPTCache eviction path is CPU-only),5.340576171875e-05
GDSF,uniform_cost,50000,0.0992,0.0992,992.0,0.014900229871273,0.0209999270737171,0.0396994920447468,46184.74732105457,56,10000,8911,12,54,54.4,82.8,71.19140625,71.19140625,N/A (GPTCache eviction path is CPU-only),5.340576171875e-05
LFU,uniform_cost,50000,0.0945,0.0945,945.0,0.0386000610888004,0.0585051020607351,0.1608498301357041,16284.32960830596,56,10000,8958,8,50,57.65,112.85,70.94921875,70.94921875,N/A (GPTCache eviction path is CPU-only),5.340576171875e-05
Random,uniform_cost,50000,0.0918,0.0918,918.0,0.0060000456869602,0.0070002861320972,0.0118013191968202,117626.43997836928,56,10000,8985,14,56,40.05,76.09499999999998,70.98828125,70.98828125,N/A (GPTCache eviction path is CPU-only),5.340576171875e-05
LRU,uniform_cost,50000,0.0956,0.0956,956.0,0.0023003667593002,0.0029001384973526,0.0047995755448937,206859.88911320045,56,10000,8947,15,57,0.0,0.0,70.8984375,70.8984375,N/A (GPTCache eviction path is CPU-only),5.340576171875e-05
FIFO,uniform_cost,50000,0.0954,0.0954,954.0,0.0023003667593002,0.0029001384973526,0.0061011593788862,213421.2071575032,56,10000,8949,15,57,0.0,0.0,71.12109375,71.12109375,N/A (GPTCache eviction path is CPU-only),5.340576171875e-05
LRU,uniform_cost,50000,0.095,0.095,950.0,0.0025001354515552,0.0032000243663787,0.0081011792644858,155178.54122620495,56,10000,8953,16,58,0.0,0.0,70.1875,70.1875,N/A (GPTCache eviction path is CPU-only),5.340576171875e-05
Random,uniform_cost,50000,0.097,0.097,970.0,0.0060000456869602,0.0070994719862937,0.0128997536376118,115467.44081575144,56,10000,8933,15,57,50.1,95.19,70.95703125,70.95703125,N/A (GPTCache eviction path is CPU-only),5.340576171875e-05
FIFO,uniform_cost,50000,0.0953,0.0953,953.0,0.0025001354515552,0.0030999071896076,0.0065011670812964,211189.6751644991,56,10000,8950,16,58,97.7,97.7,69.98828125,69.98828125,N/A (GPTCache eviction path is CPU-only),5.340576171875e-05
LFU,uniform_cost,50000,0.0931,0.0931,931.0,0.0385004095733165,0.0617997953668236,0.1937421970069417,15354.407362970793,56,10000,8972,9,51,51.38571428571429,93.26,71.0234375,71.0234375,N/A (GPTCache eviction path is CPU-only),5.340576171875e-05
GDSF,uniform_cost,50000,0.0951,0.0951,951.0,0.0167000107467174,0.0204998068511486,0.0378040550276638,48690.37499907352,56,10000,8952,14,56,53.4,80.1,70.96484375,70.96875,N/A (GPTCache eviction path is CPU-only),5.340576171875e-05
LFU,uniform_cost,50000,0.0952,0.0952,952.0,0.0387001782655715,0.0587003305554389,0.1350128650665286,17847.422377013092,56,10000,8951,11,53,67.325,100.025,71.18603515625,71.1875,N/A (GPTCache eviction path is CPU-only),5.340576171875e-05
Random,uniform_cost,50000,0.0979,0.0979,979.0,0.006099697202444,0.0076000578701496,0.0152993109077215,106394.97623621004,56,10000,8924,16,58,50.1,95.19,70.98828125,70.98828125,N/A (GPTCache eviction path is CPU-only),5.340576171875e-05
LRU,uniform_cost,50000,0.0954,0.0954,954.0,0.0025997869670391,0.0030999071896076,0.0040004961192607,194695.3299057024,56,10000,8949,17,59,0.0,0.0,70.90234375,70.90234375,N/A (GPTCache eviction path is CPU-only),5.340576171875e-05
LFU,uniform_cost,50000,0.0963,0.0963,963.0,0.0385995954275131,0.0558001920580863,0.095402030274272,22583.54898832565,56,10000,8940,13,55,73.3,100.2,70.95703125,70.95703125,N/A (GPTCache eviction path is CPU-only),5.340576171875e-05
LFU,uniform_cost,50000,0.0919,0.0919,919.0,0.0383001752197742,0.0571999698877334,0.1100023696199059,23813.29991188402,56,10000,8984,12,54,72.225,100.38,71.18359375,71.18359375,N/A (GPTCache eviction path is CPU-only),5.340576171875e-05
LFU,uniform_cost,50000,0.095,0.095,950.0,0.0387998297810554,0.0638999044895172,0.1526089990511538,14050.258054336591,56,10000,8953,10,52,60.42999999999999,114.65999999999995,70.9921875,70.9921875,N/A (GPTCache eviction path is CPU-only),5.340576171875e-05
GDSF,uniform_cost,50000,0.097,0.097,970.0,0.0169002451002597,0.0254996353760361,0.1238112431019547,27698.145639720584,56,10000,8933,13,55,31.53333333333333,53.06,71.078125,71.078125,N/A (GPTCache eviction path is CPU-only),5.340576171875e-05
LRU,uniform_cost,50000,0.0919,0.0919,919.0,0.0026999041438102,0.0032996758818626,0.0048996927216649,189053.7850713508,56,10000,8984,18,60,0.0,0.0,71.03125,71.03125,N/A (GPTCache eviction path is CPU-only),5.340576171875e-05
FIFO,uniform_cost,50000,0.0948,0.0948,948.0,0.0025001354515552,0.0032000243663787,0.0040000304579734,220912.4563509409,56,10000,8955,17,59,0.0,0.0,71.12109375,71.12109375,N/A (GPTCache eviction path is CPU-only),5.340576171875e-05
FIFO,uniform_cost,50000,0.0908,0.0908,908.0,0.0025001354515552,0.0029001384973526,0.0034002587199211,172296.15632950855,56,10000,8995,18,60,0.0,0.0,70.96875,70.96875,N/A (GPTCache eviction path is CPU-only),5.340576171875e-05
GDSF,uniform_cost,50000,0.0948,0.0948,948.0,0.0171000137925148,0.0232001766562461,0.0603093393146993,42626.99970137649,56,10000,8955,16,58,58.65,95.405,70.4638671875,70.7265625,N/A (GPTCache eviction path is CPU-only),5.340576171875e-05
Random,uniform_cost,50000,0.1012,0.1012,1012.0,0.0060000456869602,0.0068997032940387,0.009200070053339,100242.18500256918,56,10000,8891,17,59,49.6,94.24,70.958984375,70.9609375,N/A (GPTCache eviction path is CPU-only),5.340576171875e-05
GDSF,uniform_cost,50000,0.0983,0.0983,983.0,0.0157998874783515,0.0217002816498279,0.040401304140687,42266.1056842035,56,10000,8920,15,57,40.06666666666667,92.18,71.20182291666667,71.203125,N/A (GPTCache eviction path is CPU-only),5.340576171875e-05
LRU,uniform_cost,50000,0.0945,0.0945,945.0,0.0025997869670391,0.0032000243663787,0.0053998129442334,174373.08586019115,56,10000,8958,19,61,0.0,0.0,70.9609375,70.9609375,N/A (GPTCache eviction path is CPU-only),5.340576171875e-05
LFU,uniform_cost,50000,0.0971,0.0971,971.0,0.0384002923965454,0.0543994829058647,0.106800883077085,20635.976027103567,56,10000,8932,14,56,64.43333333333334,95.925,71.076171875,71.08203125,N/A (GPTCache eviction path is CPU-only),5.340576171875e-05
Random,uniform_cost,50000,0.097,0.097,970.0,0.0065001659095287,0.0081001780927181,0.0125012081116438,88994.41652031412,56,10000,8933,18,60,40.05,76.09499999999998,70.98828125,70.98828125,N/A (GPTCache eviction path is CPU-only),5.340576171875e-05
Random,uniform_cost,50000,0.0978,0.0978,978.0,0.0063995830714702,0.0077001750469207,0.0137002207338809,103179.90135349758,56,10000,8925,19,61,30.05,57.095,71.078125,71.078125,N/A (GPTCache eviction path is CPU-only),5.340576171875e-05
GDSF,uniform_cost,50000,0.0925,0.0925,925.0,0.0165002420544624,0.0209999270737171,0.0368042755872012,47060.52873777726,56,10000,8978,17,59,82.8,100.49,70.81770833333333,70.82421875,N/A (GPTCache eviction path is CPU-only),5.340576171875e-05
FIFO,uniform_cost,50000,0.0915,0.0915,915.0,0.0025001354515552,0.0032000243663787,0.005899928510189,173756.5106999629,56,10000,8988,20,62,0.0,0.0,70.97265625,70.97265625,N/A (GPTCache eviction path is CPU-only),5.340576171875e-05
GDSF,uniform_cost,50000,0.0918,0.0918,918.0,0.0163000077009201,0.0215996988117694,0.0391001859679818,49127.978445549,56,10000,8985,18,60,53.1,95.29,70.90625,70.90625,N/A (GPTCache eviction path is CPU-only),5.340576171875e-05
FIFO,uniform_cost,50000,0.0948,0.0948,948.0,0.0025997869670391,0.0033001415431499,0.0065081659704448,119052.86353283512,56,10000,8955,19,61,0.0,0.0,71.18359375,71.18359375,N/A (GPTCache eviction path is CPU-only),5.340576171875e-05
FIFO,uniform_cost,50000,0.0968,0.0968,968.0,0.0025997869670391,0.0031003728508949,0.0043003819882869,214139.64075022136,56,10000,8935,21,63,0.0,0.0,71.08984375,71.08984375,N/A (GPTCache eviction path is CPU-only),5.340576171875e-05
Random,uniform_cost,50000,0.0911,0.0911,911.0,0.0061998143792152,0.0077998265624046,0.0147024542093277,101671.89245235291,56,10000,8992,20,62,30.05,57.095,70.96875,70.96875,N/A (GPTCache eviction path is CPU-only),5.340576171875e-05
LRU,uniform_cost,50000,0.0978,0.0978,978.0,0.0026002526283264,0.0030999071896076,0.0038002664223313,210957.5587292633,56,10000,8925,21,63,0.0,0.0,70.9609375,70.9609375,N/A (GPTCache eviction path is CPU-only),5.340576171875e-05
FIFO,uniform_cost,50000,0.0927,0.0927,927.0,0.0026994384825229,0.0033997930586338,0.0049006892368197,179237.8094283695,56,10000,8976,22,64,0.0,0.0,70.91796875,70.91796875,N/A (GPTCache eviction path is CPU-only),5.340576171875e-05
LRU,uniform_cost,50000,0.0922,0.0922,922.0,0.0026999041438102,0.0032996758818626,0.0045001506805419,166783.97148395644,56,10000,8981,22,64,0.0,0.0,70.97265625,70.97265625,N/A (GPTCache eviction path is CPU-only),5.340576171875e-05
LFU,uniform_cost,50000,0.0947,0.0947,947.0,0.0386000610888004,0.0573000870645046,0.0888052070513368,22530.32185802864,56,10000,8956,17,59,66.6,94.425,70.94921875,70.94921875,N/A (GPTCache eviction path is CPU-only),5.340576171875e-05
Random,uniform_cost,50000,0.0927,0.0927,927.0,0.0063003972172737,0.0076992670074105,0.0108997337520122,120665.2517305622,56,10000,8976,22,64,0.0,0.0,71.08984375,71.08984375,N/A (GPTCache eviction path is CPU-only),5.340576171875e-05
LRU,uniform_cost,50000,0.0949,0.0949,949.0,0.0026999041438102,0.0033001415431499,0.0040996819734573,189332.2618617984,56,10000,8954,23,65,0.0,0.0,70.9609375,70.9609375,N/A (GPTCache eviction path is CPU-only),5.340576171875e-05
LFU,uniform_cost,50000,0.1008,0.1008,1008.0,0.0387998297810554,0.0585000962018966,0.1504017505794763,16626.978068477292,56,10000,8895,15,57,42.650000000000006,81.85999999999999,71.06640625,71.0703125,N/A (GPTCache eviction path is CPU-only),5.340576171875e-05
LRU,uniform_cost,50000,0.0912,0.0912,912.0,0.0026994384825229,0.0034999102354049,0.0094018457457423,47905.79805310648,56,10000,8991,20,62,21.5,40.85,71.12109375,71.12109375,N/A (GPTCache eviction path is CPU-only),5.340576171875e-05
GDSF,uniform_cost,50000,0.0963,0.0963,963.0,0.0141002237796783,0.0214053550735115,0.0493030250072479,42789.205821690026,56,10000,8940,21,63,59.76666666666667,97.29,70.83333333333333,70.8359375,N/A (GPTCache eviction path is CPU-only),5.340576171875e-05
LFU,uniform_cost,50000,0.0989,0.0989,989.0,0.0396999530494213,0.0610998831689357,0.1528132287785413,14247.813066616329,56,10000,8914,16,58,61.225,113.025,70.962890625,70.96484375,N/A (GPTCache eviction path is CPU-only),5.340576171875e-05
GDSF,uniform_cost,50000,0.0934,0.0934,934.0,0.0167000107467174,0.0209999270737171,0.0401044171303511,51023.37581236545,56,10000,8969,22,64,66.66666666666667,100.64,70.97786458333333,70.98046875,N/A (GPTCache eviction path is CPU-only),5.340576171875e-05
Random,uniform_cost,50000,0.0946,0.0946,946.0,0.0062999315559864,0.0076997093856334,0.0163996592164039,60648.07327271617,56,10000,8957,21,63,16.75,31.825,71.083984375,71.08984375,N/A (GPTCache eviction path is CPU-only),5.340576171875e-05
LRU,uniform_cost,50000,0.1036,0.1036,1036.0,0.0025997869670391,0.0032000243663787,0.0042999209836125,156645.03876401566,56,10000,8867,24,66,0.0,0.0,70.9609375,70.9609375,N/A (GPTCache eviction path is CPU-only),5.340576171875e-05
FIFO,uniform_cost,50000,0.0946,0.0946,946.0,0.0025001354515552,0.0030999071896076,0.0037997961044311,191288.3451430624,56,10000,8957,23,65,0.0,0.0,70.9765625,70.9765625,N/A (GPTCache eviction path is CPU-only),5.340576171875e-05
Random,uniform_cost,50000,0.0936,0.0936,936.0,0.0060000456869602,0.0070999376475811,0.012002089060843,83532.48860721955,56,10000,8967,23,65,28.4,53.96,70.953125,70.95703125,N/A (GPTCache eviction path is CPU-only),5.340576171875e-05
FIFO,uniform_cost,50000,0.1033,0.1033,1033.0,0.0022999010980129,0.0029001384973526,0.0034999102354049,251067.03401726423,56,10000,8870,24,66,0.0,0.0,71.078125,71.078125,N/A (GPTCache eviction path is CPU-only),5.340576171875e-05
LFU,uniform_cost,50000,0.0978,0.0978,978.0,0.0379998236894607,0.0570002011954784,0.0712997326627373,23924.65838541798,56,10000,8925,21,63,71.86,116.24,70.99765625,71.0,N/A (GPTCache eviction path is CPU-only),5.340576171875e-05
GDSF,uniform_cost,50000,0.0956,0.0956,956.0,0.0168997794389724,0.0227997079491615,0.0650007976219058,20632.97852128917,56,10000,8947,19,61,30.26,62.02,71.03515625,71.03515625,N/A (GPTCache eviction path is CPU-only),5.340576171875e-05
LFU,uniform_cost,50000,0.0921,0.0921,921.0,0.0388999469578266,0.0603999942541122,0.1003041816875339,20135.02142812956,56,10000,8982,20,62,72.78571428571428,99.11,70.90513392857143,70.91015625,N/A (GPTCache eviction path is CPU-only),5.340576171875e-05
LFU,uniform_cost,50000,0.0969,0.0969,969.0,0.0394997186958789,0.0662999227643013,0.1650020899251103,16678.772684529733,56,10000,8934,19,61,60.71428571428572,85.13,70.99944196428571,71.0,N/A (GPTCache eviction path is CPU-only),5.340576171875e-05
GDSF,uniform_cost,50000,0.0912,0.0912,912.0,0.0171000137925148,0.0235000625252723,0.0767180044204,32717.64185993429,56,10000,8991,20,62,44.4,78.8,71.22265625,71.22265625,N/A (GPTCache eviction path is CPU-only),5.340576171875e-05
LRU,uniform_cost,50000,0.099,0.099,990.0,0.0026002526283264,0.0032000243663787,0.0068000564351677,168581.47223465954,56,10000,8913,25,67,0.0,0.0,70.2265625,70.2265625,N/A (GPTCache eviction path is CPU-only),5.340576171875e-05
Random,uniform_cost,50000,0.0985,0.0985,985.0,0.0062002800405025,0.0074999406933784,0.0145012233406305,91872.414798585,56,10000,8918,24,66,43.0,81.7,70.84375,70.84375,N/A (GPTCache eviction path is CPU-only),5.340576171875e-05
FIFO,uniform_cost,50000,0.099,0.099,990.0,0.0025993213057518,0.0032996758818626,0.0052015809342265,113266.44561670232,56,10000,8913,25,67,16.6,31.540000000000003,70.98046875,70.98046875,N/A (GPTCache eviction path is CPU-only),5.340576171875e-05
GDSF,uniform_cost,50000,0.0962,0.0962,962.0,0.0162003561854362,0.0212001614272594,0.0365013862028718,43918.68893982664,56,10000,8941,23,65,54.4,82.8,71.09244791666667,71.09375,N/A (GPTCache eviction path is CPU-only),5.340576171875e-05
LFU,uniform_cost,50000,0.1014,0.1014,1014.0,0.0398000702261924,0.0593001022934913,0.1571496855467569,12889.18906686688,56,10000,8889,18,60,52.44444444444444,81.89999999999999,71.19140625,71.19140625,N/A (GPTCache eviction path is CPU-only),5.340576171875e-05
Random,uniform_cost,50000,0.0996,0.0996,996.0,0.0060000456869602,0.0069998204708099,0.0112000852823257,99700.30107352436,56,10000,8907,25,67,49.6,94.24,70.96875,70.96875,N/A (GPTCache eviction path is CPU-only),5.340576171875e-05
LRU,uniform_cost,50000,0.0889,0.0889,889.0,0.0025001354515552,0.0030002556741237,0.0034999102354049,236810.82128382547,56,10000,9014,26,68,0.0,0.0,70.9609375,70.9609375,N/A (GPTCache eviction path is CPU-only),5.340576171875e-05
FIFO,uniform_cost,50000,0.0897,0.0897,897.0,0.0024996697902679,0.0030002556741237,0.0047995802015066,169484.05621944572,56,10000,9006,26,68,0.0,0.0,71.078125,71.078125,N/A (GPTCache eviction path is CPU-only),5.340576171875e-05
LRU,uniform_cost,50000,0.1007,0.1007,1007.0,0.0025997869670391,0.0030999071896076,0.0036000274121761,193885.24596528275,56,10000,8896,28,70,0.0,0.0,70.98046875,70.98046875,N/A (GPTCache eviction path is CPU-only),5.340576171875e-05
Random,uniform_cost,50000,0.0935,0.0935,935.0,0.005899928510189,0.0070002861320972,0.0105001963675022,127793.07720676209,56,10000,8968,27,69,50.1,95.19,70.85546875,70.85546875,N/A (GPTCache eviction path is CPU-only),5.340576171875e-05
GDSF,uniform_cost,50000,0.1006,0.1006,1006.0,0.0161998905241489,0.019799917936325,0.0330020161345601,51339.92052041648,56,10000,8897,25,67,53.06666666666666,80.0,70.9765625,70.9765625,N/A (GPTCache eviction path is CPU-only),5.340576171875e-05
LFU,uniform_cost,50000,0.0924,0.0924,924.0,0.0384002923965454,0.0622998923063278,0.1236014720052481,19938.54143613181,56,10000,8979,23,65,56.41428571428571,80.1,70.91796875,70.91796875,N/A (GPTCache eviction path is CPU-only),5.340576171875e-05
FIFO,uniform_cost,50000,0.0944,0.0944,944.0,0.0026002526283264,0.003200490027666,0.0044996896758675,84864.7173786197,56,10000,8959,27,69,0.0,0.0,71.234375,71.234375,N/A (GPTCache eviction path is CPU-only),5.340576171875e-05
LRU,uniform_cost,50000,0.0967,0.0967,967.0,0.002400018274784,0.0029001384973526,0.0038002617657184,220585.4778625046,56,10000,8936,29,71,0.0,0.0,70.98046875,70.98046875,N/A (GPTCache eviction path is CPU-only),5.340576171875e-05
Random,uniform_cost,50000,0.0981,0.0981,981.0,0.005500391125679,0.0064000487327575,0.009803306311369,126718.13907174712,56,10000,8922,28,70,40.05,76.09499999999998,70.96875,70.96875,N/A (GPTCache eviction path is CPU-only),5.340576171875e-05
GDSF,uniform_cost,50000,0.09,0.09,900.0,0.0161998905241489,0.0202995724976062,0.0369039317592979,48170.46179147076,56,10000,9003,26,68,60.1,98.19,70.92317708333333,70.92578125,N/A (GPTCache eviction path is CPU-only),5.340576171875e-05
LFU,uniform_cost,50000,0.0894,0.0894,894.0,0.0392999500036239,0.0673001632094383,0.2580090984702112,13771.983874616257,56,10000,9009,22,64,55.71249999999999,84.985,71.19140625,71.19140625,N/A (GPTCache eviction path is CPU-only),5.340576171875e-05
GDSF,uniform_cost,50000,0.0935,0.0935,935.0,0.0159000046551227,0.0207000412046909,0.0343001447618007,50397.865913517104,56,10000,8968,27,69,53.43333333333334,96.19,71.09375,71.09375,N/A (GPTCache eviction path is CPU-only),5.340576171875e-05
FIFO,uniform_cost,50000,0.1003,0.1003,1003.0,0.0018998980522155,0.0025997869670391,0.0036996835842728,268185.6712181483,56,10000,8900,28,70,0.0,0.0,71.19140625,71.19140625,N/A (GPTCache eviction path is CPU-only),5.340576171875e-05
Random,uniform_cost,50000,0.095,0.095,950.0,0.0058002769947052,0.0070994952693581,0.0159000046551227,53127.53841786079,56,10000,8953,26,68,16.6,31.540000000000003,71.046875,71.046875,N/A (GPTCache eviction path is CPU-only),5.340576171875e-05
FIFO,uniform_cost,50000,0.0973,0.0973,973.0,0.0024996697902679,0.0030999071896076,0.0067009311169386,171046.30839072602,56,10000,8930,29,71,97.7,97.7,70.85546875,70.85546875,N/A (GPTCache eviction path is CPU-only),5.340576171875e-05
LRU,uniform_cost,50000,0.0929,0.0929,929.0,0.002400018274784,0.0028996728360652,0.0036000274121761,97093.41156302132,56,10000,8974,27,69,0.0,0.0,71.0,71.0,N/A (GPTCache eviction path is CPU-only),5.340576171875e-05
Random,uniform_cost,50000,0.0963,0.0963,963.0,0.005700159817934,0.0076997326686978,0.0254089571535589,95056.1307517016,56,10000,8940,29,71,10.0,19.0,70.9765625,70.9765625,N/A (GPTCache eviction path is CPU-only),5.340576171875e-05
GDSF,uniform_cost,50000,0.1031,0.1031,1031.0,0.0159000046551227,0.0228001736104488,0.066402037627995,24377.80528311396,56,10000,8872,24,66,37.36,61.22,70.96875,70.96875,N/A (GPTCache eviction path is CPU-only),5.340576171875e-05
LFU,uniform_cost,50000,0.0954,0.0954,954.0,0.0347001478075981,0.0578051898628472,0.0998000660911202,24304.09476899534,56,10000,8949,26,68,82.67999999999999,126.46,71.02734375,71.02734375,N/A (GPTCache eviction path is CPU-only),5.340576171875e-05
FIFO,uniform_cost,100000,0.1922,0.1922,1922.0,0.0023995526134967,0.0028996728360652,0.0034999102354049,198666.9451016282,56,10000,7883,0,42,0.0,0.0,71.02734375,71.02734375,N/A (GPTCache eviction path is CPU-only),5.340576171875e-05
LRU,uniform_cost,100000,0.1976,0.1976,1976.0,0.002400018274784,0.0030002556741237,0.0038002617657184,196540.4937865137,56,10000,7829,1,43,0.0,0.0,71.09375,71.09375,N/A (GPTCache eviction path is CPU-only),5.340576171875e-05
Random,uniform_cost,100000,0.1904,0.1904,1904.0,0.0075004063546657,0.0088005326688289,0.0113062001764775,108031.02616341723,56,10000,7901,0,42,75.3,97.71,70.9453125,70.953125,N/A (GPTCache eviction path is CPU-only),5.340576171875e-05
GDSF,uniform_cost,50000,0.0942,0.0942,942.0,0.0152001157402992,0.0181999057531356,0.0327011337503791,55206.3752000308,56,10000,8961,29,71,83.36666666666666,100.61,70.96744791666667,70.97265625,N/A (GPTCache eviction path is CPU-only),5.340576171875e-05
LRU,uniform_cost,100000,0.197,0.197,1970.0,0.002400018274784,0.0029001384973526,0.0034999102354049,233783.6006745821,56,10000,7835,2,44,0.0,0.0,71.01953125,71.01953125,N/A (GPTCache eviction path is CPU-only),5.340576171875e-05
LFU,uniform_cost,50000,0.0954,0.0954,954.0,0.0359001569449901,0.0585000962018966,0.0992052862420679,22878.965469887225,56,10000,8949,27,69,77.58333333333333,119.55,71.095703125,71.09765625,N/A (GPTCache eviction path is CPU-only),5.340576171875e-05
LFU,uniform_cost,50000,0.0995,0.0995,995.0,0.0363001599907875,0.0580049585551022,0.1139012817293405,16271.017883707776,56,10000,8908,24,66,58.01666666666667,100.45,71.12109375,71.12109375,N/A (GPTCache eviction path is CPU-only),5.340576171875e-05
FIFO,uniform_cost,100000,0.1995,0.1995,1995.0,0.0023003667593002,0.0028000213205814,0.0035003758966922,249389.6176598691,56,10000,7810,2,44,0.0,0.0,69.97265625,69.97265625,N/A (GPTCache eviction path is CPU-only),5.340576171875e-05
Random,uniform_cost,100000,0.1982,0.1982,1982.0,0.0076000578701496,0.0090003013610839,0.014001103118062,112457.22419293116,56,10000,7823,1,43,50.1,95.19,70.87109375,70.88671875,N/A (GPTCache eviction path is CPU-only),5.340576171875e-05
LFU,uniform_cost,50000,0.0991,0.0991,991.0,0.0353003852069377,0.0539999455213546,0.0772071210667492,26181.656725358,56,10000,8912,28,70,69.47999999999999,96.96,70.96875,70.96875,N/A (GPTCache eviction path is CPU-only),5.340576171875e-05
GDSF,uniform_cost,50000,0.0996,0.0996,996.0,0.0148001126945018,0.0188998179510235,0.0523999333381652,31568.25737644072,56,10000,8907,28,70,32.575,73.12499999999997,71.083984375,71.0859375,N/A (GPTCache eviction path is CPU-only),5.340576171875e-05
Random,uniform_cost,100000,0.2042,0.2042,2042.0,0.0069998204708099,0.0089001841843128,0.0215025851503015,117725.45044950962,56,10000,7763,2,44,59.35,112.765,71.02734375,71.02734375,N/A (GPTCache eviction path is CPU-only),5.340576171875e-05
LRU,uniform_cost,100000,0.196,0.196,1960.0,0.0023003667593002,0.0029001384973526,0.0163000077009201,220942.23056928947,56,10000,7845,3,45,0.0,0.0,71.12109375,71.12109375,N/A (GPTCache eviction path is CPU-only),5.340576171875e-05
FIFO,uniform_cost,100000,0.1981,0.1981,1981.0,0.0024004839360713,0.0030999071896076,0.0048014940693974,104624.17977672433,56,10000,7824,1,43,0.0,0.0,71.2109375,71.2109375,N/A (GPTCache eviction path is CPU-only),5.340576171875e-05
FIFO,uniform_cost,100000,0.193,0.193,1930.0,0.002200249582529,0.0028004869818687,0.0065993564203381,216390.2648850631,56,10000,7875,3,45,0.0,0.0,70.953125,70.953125,N/A (GPTCache eviction path is CPU-only),5.340576171875e-05
FIFO,uniform_cost,100000,0.1924,0.1924,1924.0,0.0022999010980129,0.0029001384973526,0.0161022366955876,236246.3295594176,56,10000,7881,4,46,0.0,0.0,70.796875,70.796875,N/A (GPTCache eviction path is CPU-only),5.340576171875e-05
LFU,uniform_cost,50000,0.0964,0.0964,964.0,0.0350000336766243,0.0603003427386283,0.1459146011620763,14953.60420090418,56,10000,8939,25,67,49.72222222222222,90.36,71.171875,71.1953125,N/A (GPTCache eviction path is CPU-only),5.340576171875e-05
LRU,uniform_cost,100000,0.1924,0.1924,1924.0,0.0025001354515552,0.0030999071896076,0.0044996896758675,115581.94902241256,56,10000,7881,0,42,0.0,0.0,71.234375,71.234375,N/A (GPTCache eviction path is CPU-only),5.340576171875e-05
GDSF,uniform_cost,100000,0.1984,0.1984,1984.0,0.0159000046551227,0.0198995927348732,0.0346005707979202,57186.51505130978,56,10000,7821,2,44,65.5,112.77,71.06510416666667,71.109375,N/A (GPTCache eviction path is CPU-only),5.340576171875e-05
Random,uniform_cost,100000,0.1978,0.1978,1978.0,0.0074999406933784,0.0091004185378551,0.0237002968788146,108684.90166393574,56,10000,7827,4,46,0.0,0.0,70.96875,70.96875,N/A (GPTCache eviction path is CPU-only),5.340576171875e-05
GDSF,uniform_cost,100000,0.1919,0.1919,1919.0,0.0152001157402992,0.0192001461982727,0.039202836342156,46196.99410918766,56,10000,7886,0,42,55.46666666666667,96.0,71.19140625,71.19140625,N/A (GPTCache eviction path is CPU-only),5.340576171875e-05
LRU,uniform_cost,100000,0.1896,0.1896,1896.0,0.0023003667593002,0.0028996728360652,0.0033001415431499,237089.86431180264,56,10000,7909,5,47,0.0,0.0,71.02734375,71.02734375,N/A (GPTCache eviction path is CPU-only),5.340576171875e-05
Random,uniform_cost,100000,0.1949,0.1949,1949.0,0.008399598300457,0.010200310498476,0.0461085420101883,76225.03167959511,56,10000,7856,3,45,41.55,78.945,71.056640625,71.06640625,N/A (GPTCache eviction path is CPU-only),5.340576171875e-05
LFU,uniform_cost,50000,0.095,0.095,950.0,0.0355998054146766,0.0580054009333252,0.1032013213261962,20234.796491561658,56,10000,8953,29,71,69.37142857142858,118.25999999999998,70.20591517857143,70.42578125,N/A (GPTCache eviction path is CPU-only),5.340576171875e-05
FIFO,uniform_cost,100000,0.1925,0.1925,1925.0,0.002200249582529,0.0028996728360652,0.0059013860300183,168775.51593810614,56,10000,7880,6,48,0.0,0.0,71.24609375,71.24609375,N/A (GPTCache eviction path is CPU-only),5.340576171875e-05
GDSF,uniform_cost,100000,0.1971,0.1971,1971.0,0.01590047031641,0.0209999270737171,0.046103005297482,53546.03247707418,56,10000,7834,3,45,59.35,112.765,71.126953125,71.12890625,N/A (GPTCache eviction path is CPU-only),5.340576171875e-05
GDSF,uniform_cost,100000,0.193,0.193,1930.0,0.0154995359480381,0.0221002846956253,0.060201222077012,42304.280298117454,56,10000,7875,1,43,36.55,69.445,71.00390625,71.00390625,N/A (GPTCache eviction path is CPU-only),5.340576171875e-05
LRU,uniform_cost,100000,0.1912,0.1912,1912.0,0.002400018274784,0.0030002556741237,0.0040996866300702,74474.41558579422,56,10000,7893,4,46,12.5,23.75,71.12890625,71.13671875,N/A (GPTCache eviction path is CPU-only),5.340576171875e-05
Random,uniform_cost,100000,0.1894,0.1894,1894.0,0.0076000578701496,0.0089998356997966,0.0118999788537621,112906.19412776695,56,10000,7911,5,47,25.2,25.2,70.96875,70.96875,N/A (GPTCache eviction path is CPU-only),5.340576171875e-05
FIFO,uniform_cost,100000,0.1908,0.1908,1908.0,0.0023995526134967,0.0029997900128364,0.0058999331668019,138089.8857734916,56,10000,7897,5,47,0.0,0.0,71.125,71.125,N/A (GPTCache eviction path is CPU-only),5.340576171875e-05
LRU,uniform_cost,100000,0.1954,0.1954,1954.0,0.0021997839212417,0.0028000213205814,0.0039013708010316,166978.0813842981,56,10000,7851,6,48,0.0,0.0,71.27734375,71.27734375,N/A (GPTCache eviction path is CPU-only),5.340576171875e-05
GDSF,uniform_cost,100000,0.1893,0.1893,1893.0,0.0160001218318939,0.0244993949308991,0.1132009271532297,28125.004402136943,56,10000,7912,4,46,32.480000000000004,70.55999999999999,71.0859375,71.0859375,N/A (GPTCache eviction path is CPU-only),5.340576171875e-05
GDSF,uniform_cost,100000,0.1898,0.1898,1898.0,0.0160001218318939,0.0205999240279197,0.0548009527847171,52772.14723690109,56,10000,7907,5,47,50.0,95.0,70.82421875,70.82421875,N/A (GPTCache eviction path is CPU-only),5.340576171875e-05
LRU,uniform_cost,100000,0.1863,0.1863,1863.0,0.0024996697902679,0.0030002556741237,0.0039013708010316,138438.1954940516,56,10000,7942,7,49,0.0,0.0,71.03515625,71.03515625,N/A (GPTCache eviction path is CPU-only),5.340576171875e-05
FIFO,uniform_cost,100000,0.189,0.189,1890.0,0.0025001354515552,0.0030999071896076,0.005099456757307,204003.77756125084,56,10000,7915,8,50,0.0,0.0,71.13671875,71.13671875,N/A (GPTCache eviction path is CPU-only),5.340576171875e-05
Random,uniform_cost,100000,0.1954,0.1954,1954.0,0.0074994750320911,0.0092005357146263,0.0320002436637878,54406.87525321083,56,10000,7851,6,48,25.0,47.5,71.03515625,71.0390625,N/A (GPTCache eviction path is CPU-only),5.340576171875e-05
FIFO,uniform_cost,100000,0.19,0.19,1900.0,0.002400018274784,0.0030002556741237,0.0047995755448937,173933.0084809652,56,10000,7905,7,49,0.0,0.0,71.10546875,71.10546875,N/A (GPTCache eviction path is CPU-only),5.340576171875e-05
LFU,uniform_cost,100000,0.1905,0.1905,1905.0,0.0660000368952751,0.0971051165834068,0.1478059636428953,14243.577720219622,56,10000,7900,0,42,77.9375,100.20000000000002,70.99072265625,71.03515625,N/A (GPTCache eviction path is CPU-only),5.340576171875e-05
LRU,uniform_cost,100000,0.1903,0.1903,1903.0,0.0024996697902679,0.0032000243663787,0.0052014971151948,147727.50835514627,56,10000,7902,8,50,0.0,0.0,71.01171875,71.01171875,N/A (GPTCache eviction path is CPU-only),5.340576171875e-05
Random,uniform_cost,100000,0.1892,0.1892,1892.0,0.0076000578701496,0.0088997185230255,0.0203015003353357,62085.42443549883,56,10000,7913,7,49,40.06666666666666,76.1,71.26432291666667,71.28515625,N/A (GPTCache eviction path is CPU-only),5.340576171875e-05
GDSF,uniform_cost,100000,0.19,0.19,1900.0,0.0156001187860965,0.0204998068511486,0.0399031862616539,45878.98867086712,56,10000,7905,7,49,37.5,71.25,71.1328125,71.1328125,N/A (GPTCache eviction path is CPU-only),5.340576171875e-05
LRU,uniform_cost,100000,0.1936,0.1936,1936.0,0.0025001354515552,0.0032000243663787,0.004800041206181,109854.49756919943,56,10000,7869,9,51,20.05,38.095,71.095703125,71.10546875,N/A (GPTCache eviction path is CPU-only),5.340576171875e-05
FIFO,uniform_cost,100000,0.1923,0.1923,1923.0,0.002400018274784,0.0029997900128364,0.0079049449414015,189998.84203782093,56,10000,7882,9,51,0.0,0.0,70.921875,70.921875,N/A (GPTCache eviction path is CPU-only),5.340576171875e-05
GDSF,uniform_cost,100000,0.1945,0.1945,1945.0,0.0161998905241489,0.0233002938330173,0.0746118696406486,25626.05741033068,56,10000,7860,6,48,40.64,73.35999999999999,71.21015625,71.2109375,N/A (GPTCache eviction path is CPU-only),5.340576171875e-05
Random,uniform_cost,100000,0.1918,0.1918,1918.0,0.0081998296082019,0.0097001902759075,0.0249994965270161,87241.46016804503,56,10000,7887,8,50,0.0,0.0,71.125,71.125,N/A (GPTCache eviction path is CPU-only),5.340576171875e-05
LRU,uniform_cost,100000,0.192,0.192,1920.0,0.002400018274784,0.0032000243663787,0.0161012355238199,174638.9328225147,56,10000,7885,10,52,0.0,0.0,71.140625,71.140625,N/A (GPTCache eviction path is CPU-only),5.340576171875e-05
FIFO,uniform_cost,100000,0.1961,0.1961,1961.0,0.0022999010980129,0.0029001384973526,0.0033011380583048,258510.8216343004,56,10000,7844,10,52,0.0,0.0,71.16015625,71.16015625,N/A (GPTCache eviction path is CPU-only),5.340576171875e-05
LFU,uniform_cost,100000,0.1989,0.1989,1989.0,0.0651003792881965,0.1050001010298729,0.1805040938779712,13535.173443932455,56,10000,7816,3,45,71.7625,95.015,70.97607421875,70.9765625,N/A (GPTCache eviction path is CPU-only),5.340576171875e-05
GDSF,uniform_cost,100000,0.1901,0.1901,1901.0,0.0153998844325542,0.0202003866434097,0.0370010454207659,34411.4201917576,56,10000,7904,8,50,43.225,90.33499999999998,71.2900390625,71.29296875,N/A (GPTCache eviction path is CPU-only),5.340576171875e-05
FIFO,uniform_cost,100000,0.1954,0.1954,1954.0,0.0023995526134967,0.0028996728360652,0.005501382984221,199931.6240742188,56,10000,7851,11,53,0.0,0.0,71.08203125,71.08203125,N/A (GPTCache eviction path is CPU-only),5.340576171875e-05
GDSF,uniform_cost,100000,0.1915,0.1915,1915.0,0.0159996561706066,0.0212998362258076,0.0530047109350563,44771.1744943221,56,10000,7890,9,51,49.86666666666667,81.44,71.04557291666667,71.046875,N/A (GPTCache eviction path is CPU-only),5.340576171875e-05
Random,uniform_cost,100000,0.1913,0.1913,1913.0,0.0050999224185943,0.0086994841694831,0.0118008535355329,71524.10726651462,56,10000,7892,10,52,77.8,95.49,71.32291666666667,71.32421875,N/A (GPTCache eviction path is CPU-only),5.340576171875e-05
Random,uniform_cost,100000,0.1952,0.1952,1952.0,0.0070002861320972,0.0086999498307704,0.0204006908461451,75995.46466937575,56,10000,7853,9,51,16.6,31.540000000000003,71.13671875,71.13671875,N/A (GPTCache eviction path is CPU-only),5.340576171875e-05
LRU,uniform_cost,100000,0.1969,0.1969,1969.0,0.0022999010980129,0.0029001384973526,0.0039003789424896,150753.3906643776,56,10000,7836,11,53,0.0,0.0,71.10546875,71.10546875,N/A (GPTCache eviction path is CPU-only),5.340576171875e-05
FIFO,uniform_cost,100000,0.1947,0.1947,1947.0,0.0023995526134967,0.0030999071896076,0.0177999027073383,217837.3971179614,56,10000,7858,12,54,0.0,0.0,70.9765625,70.9765625,N/A (GPTCache eviction path is CPU-only),5.340576171875e-05
Random,uniform_cost,100000,0.1973,0.1973,1973.0,0.0079004094004631,0.0096005387604236,0.0329013634473085,101229.0215043426,56,10000,7832,11,53,0.0,0.0,71.15625,71.15625,N/A (GPTCache eviction path is CPU-only),5.340576171875e-05
LFU,uniform_cost,100000,0.1948,0.1948,1948.0,0.0650002621114254,0.1058001071214675,0.1686031138524413,11620.802073552595,56,10000,7857,4,46,72.375,111.23999999999998,70.978515625,71.09765625,N/A (GPTCache eviction path is CPU-only),5.340576171875e-05
GDSF,uniform_cost,100000,0.1909,0.1909,1909.0,0.0162995420396327,0.0226996140554547,0.0578007427975535,40398.70292368909,56,10000,7896,10,52,51.66666666666666,82.7,71.1484375,71.1484375,N/A (GPTCache eviction path is CPU-only),5.340576171875e-05
GDSF,uniform_cost,100000,0.1998,0.1998,1998.0,0.0153002329170703,0.0257995212450623,0.0617001205682754,48570.52097994693,56,10000,7807,11,53,50.833333333333336,84.05,71.140625,71.140625,N/A (GPTCache eviction path is CPU-only),5.340576171875e-05
LRU,uniform_cost,100000,0.193,0.193,1930.0,0.0022999010980129,0.0028000213205814,0.0036000274121761,185218.11149019803,56,10000,7875,12,54,0.0,0.0,71.17578125,71.17578125,N/A (GPTCache eviction path is CPU-only),5.340576171875e-05
LFU,uniform_cost,100000,0.1912,0.1912,1912.0,0.0646999105811119,0.0990050379186867,0.1738021615892649,14173.454453889584,56,10000,7893,6,48,72.77142857142857,108.65999999999998,71.21707589285714,71.265625,N/A (GPTCache eviction path is CPU-only),5.340576171875e-05
LFU,uniform_cost,100000,0.1936,0.1936,1936.0,0.0618998892605304,0.1048995414748787,0.2434512181207548,9359.767563197443,56,10000,7869,1,43,45.15,89.285,71.046875,71.046875,N/A (GPTCache eviction path is CPU-only),5.340576171875e-05
LRU,uniform_cost,100000,0.1907,0.1907,1907.0,0.0013005919754505,0.0025001354515552,0.0033015990629792,313036.0771614807,56,10000,7898,13,55,0.0,0.0,71.328125,71.328125,N/A (GPTCache eviction path is CPU-only),5.340576171875e-05
LFU,uniform_cost,100000,0.1913,0.1913,1913.0,0.0618498306721448,0.1096203224733469,0.2935022534802556,9814.767851091385,56,10000,7892,2,44,44.00000000000001,69.62,70.97998046875,70.98046875,N/A (GPTCache eviction path is CPU-only),5.340576171875e-05
LRU,uniform_cost,100000,0.1913,0.1913,1913.0,0.0023003667593002,0.0030999071896076,0.0201999256387352,165931.58976731694,56,10000,7892,14,56,0.0,0.0,71.26953125,71.26953125,N/A (GPTCache eviction path is CPU-only),5.340576171875e-05
LFU,uniform_cost,100000,0.193,0.193,1930.0,0.0628996640443801,0.1023051794618367,0.1609024032950402,15013.642149317471,56,10000,7875,8,50,72.78,113.1,70.9765625,70.9765625,N/A (GPTCache eviction path is CPU-only),5.340576171875e-05
GDSF,uniform_cost,100000,0.1966,0.1966,1966.0,0.0150995329022407,0.020600389689207,0.0503027997910977,51017.12852731757,56,10000,7839,12,54,50.15,95.285,71.06640625,71.0703125,N/A (GPTCache eviction path is CPU-only),5.340576171875e-05
FIFO,uniform_cost,100000,0.19,0.19,1900.0,0.0021997839212417,0.0029001384973526,0.0040996866300702,93967.03451179262,56,10000,7905,13,55,8.3,15.77,71.13671875,71.13671875,N/A (GPTCache eviction path is CPU-only),5.340576171875e-05
Random,uniform_cost,100000,0.1925,0.1925,1925.0,0.0083004124462604,0.0102999620139598,0.0334996776655316,78488.62282758925,56,10000,7880,13,55,35.5,67.45,71.0078125,71.015625,N/A (GPTCache eviction path is CPU-only),5.340576171875e-05
LFU,uniform_cost,100000,0.1891,0.1891,1891.0,0.0622002407908439,0.1020999858155846,0.2691390644758948,10670.079952275586,56,10000,7914,5,47,52.97777777777779,69.62,71.22265625,71.22265625,N/A (GPTCache eviction path is CPU-only),5.340576171875e-05
Random,uniform_cost,100000,0.1917,0.1917,1917.0,0.0080000609159469,0.0098003074526786,0.022703055292368,85786.68980950188,56,10000,7888,12,54,0.0,0.0,71.0859375,71.0859375,N/A (GPTCache eviction path is CPU-only),5.340576171875e-05
LFU,uniform_cost,100000,0.1981,0.1981,1981.0,0.0645001418888568,0.1054050866514443,0.1908120559528472,12225.388739352857,56,10000,7824,7,49,72.60000000000001,126.0,70.60120738636364,70.68359375,N/A (GPTCache eviction path is CPU-only),5.340576171875e-05
FIFO,uniform_cost,100000,0.1916,0.1916,1916.0,0.0022999010980129,0.0030999071896076,0.004800041206181,190524.8200724461,56,10000,7889,16,58,0.0,0.0,71.13671875,71.13671875,N/A (GPTCache eviction path is CPU-only),5.340576171875e-05
FIFO,uniform_cost,100000,0.1904,0.1904,1904.0,0.0023003667593002,0.0028996728360652,0.0039009097963571,112452.54495269076,56,10000,7901,14,56,0.0,0.0,71.15234375,71.15234375,N/A (GPTCache eviction path is CPU-only),5.340576171875e-05
Random,uniform_cost,100000,0.1914,0.1914,1914.0,0.0073001720011234,0.0085998326539993,0.0105001963675022,80013.12202837711,56,10000,7891,15,57,10.0,19.0,71.43359375,71.43359375,N/A (GPTCache eviction path is CPU-only),5.340576171875e-05
FIFO,uniform_cost,100000,0.1885,0.1885,1885.0,0.0025001354515552,0.0034002587199211,0.0085007213056087,150749.7534125915,56,10000,7920,15,57,0.0,0.0,71.3359375,71.3359375,N/A (GPTCache eviction path is CPU-only),5.340576171875e-05
LFU,uniform_cost,100000,0.1927,0.1927,1927.0,0.063600018620491,0.1058050896972417,0.1857276726514107,13410.369644195262,56,10000,7878,9,51,68.65555555555554,111.68,71.05164930555556,71.078125,N/A (GPTCache eviction path is CPU-only),5.340576171875e-05
LRU,uniform_cost,100000,0.1921,0.1921,1921.0,0.0020000152289867,0.0027995556592941,0.0040010269731283,246510.6423214002,56,10000,7884,16,58,0.0,0.0,71.1171875,71.1171875,N/A (GPTCache eviction path is CPU-only),5.340576171875e-05
LRU,uniform_cost,100000,0.1903,0.1903,1903.0,0.001399777829647,0.0025001354515552,0.0032000243663787,345257.3700670465,56,10000,7902,15,57,0.0,0.0,71.046875,71.046875,N/A (GPTCache eviction path is CPU-only),5.340576171875e-05
Random,uniform_cost,100000,0.1942,0.1942,1942.0,0.0076000578701496,0.0091996043920516,0.0264012021943927,69604.82539134391,56,10000,7863,14,56,0.0,0.0,71.17578125,71.17578125,N/A (GPTCache eviction path is CPU-only),5.340576171875e-05
GDSF,uniform_cost,100000,0.1914,0.1914,1914.0,0.0153002329170703,0.01960014924407,0.0336037902161479,46803.33242089932,56,10000,7891,13,55,33.5,63.65,71.212890625,71.2265625,N/A (GPTCache eviction path is CPU-only),5.340576171875e-05
GDSF,uniform_cost,100000,0.1896,0.1896,1896.0,0.0159000046551227,0.020800158381462,0.0514016952365637,36557.83157032366,56,10000,7909,14,56,37.5,61.25,71.45963541666667,71.4609375,N/A (GPTCache eviction path is CPU-only),5.340576171875e-05
LRU,uniform_cost,100000,0.1894,0.1894,1894.0,0.002400018274784,0.0029001384973526,0.0048010377213359,167882.97981729454,56,10000,7911,17,59,0.0,0.0,70.76953125,70.76953125,N/A (GPTCache eviction path is CPU-only),5.340576171875e-05
FIFO,uniform_cost,100000,0.1869,0.1869,1869.0,0.0014007091522216,0.0024996697902679,0.0028004869818687,353380.6157729212,56,10000,7936,17,59,0.0,0.0,71.13671875,71.13671875,N/A (GPTCache eviction path is CPU-only),5.340576171875e-05
GDSF,uniform_cost,100000,0.1929,0.1929,1929.0,0.0148001126945018,0.0189002603292465,0.0359001569449901,54964.71536585037,56,10000,7876,15,57,43.75,83.125,70.9765625,70.9765625,N/A (GPTCache eviction path is CPU-only),5.340576171875e-05
Random,uniform_cost,100000,0.1967,0.1967,1967.0,0.0084000639617443,0.0151000218465924,0.0508995773270726,60050.35818039402,56,10000,7838,16,58,27.9,53.01,71.15625,71.16796875,N/A (GPTCache eviction path is CPU-only),5.340576171875e-05
FIFO,uniform_cost,100000,0.1924,0.1924,1924.0,0.0023003667593002,0.0029001384973526,0.0062002800405025,168098.02195535786,56,10000,7881,18,60,0.0,0.0,71.13671875,71.13671875,N/A (GPTCache eviction path is CPU-only),5.340576171875e-05
LRU,uniform_cost,100000,0.191,0.191,1910.0,0.0025001354515552,0.0034002587199211,0.0225999392569065,129195.79460425522,56,10000,7895,18,60,0.0,0.0,71.078125,71.078125,N/A (GPTCache eviction path is CPU-only),5.340576171875e-05
Random,uniform_cost,100000,0.1935,0.1935,1935.0,0.0073998235166072,0.0090999761596322,0.0306029990315437,79415.88016025437,56,10000,7870,17,59,0.0,0.0,71.50390625,71.50390625,N/A (GPTCache eviction path is CPU-only),5.340576171875e-05
LFU,uniform_cost,100000,0.1949,0.1949,1949.0,0.0532004050910472,0.1056003384292125,0.3198283398523933,11811.130572788074,56,10000,7856,11,53,59.290909090909096,91.6,71.2109375,71.2109375,N/A (GPTCache eviction path is CPU-only),5.340576171875e-05
GDSF,uniform_cost,100000,0.19,0.19,1900.0,0.0141002237796783,0.0199000351130962,0.0528039364144206,38438.37196197776,56,10000,7905,16,58,36.6,66.74,71.25130208333333,71.30078125,N/A (GPTCache eviction path is CPU-only),5.340576171875e-05
LRU,uniform_cost,100000,0.1889,0.1889,1889.0,0.0023003667593002,0.0028996728360652,0.0034999102354049,152203.29451660262,56,10000,7916,19,61,0.0,0.0,71.46875,71.46875,N/A (GPTCache eviction path is CPU-only),5.340576171875e-05
Random,uniform_cost,100000,0.191,0.191,1910.0,0.0076000578701496,0.0090999528765678,0.0240021850913763,79446.16496901467,56,10000,7895,18,60,41.55,78.945,71.201171875,71.203125,N/A (GPTCache eviction path is CPU-only),5.340576171875e-05
FIFO,uniform_cost,100000,0.1867,0.1867,1867.0,0.0023003667593002,0.0029001384973526,0.0036014849320054,198945.98384105336,56,10000,7938,19,61,0.0,0.0,70.91796875,70.91796875,N/A (GPTCache eviction path is CPU-only),5.340576171875e-05
LFU,uniform_cost,100000,0.191,0.191,1910.0,0.045199878513813,0.080400169827044,0.2086079586297275,13516.947545383982,56,10000,7895,12,54,49.63333333333333,81.25,71.3984375,71.40234375,N/A (GPTCache eviction path is CPU-only),5.340576171875e-05
GDSF,uniform_cost,100000,0.1919,0.1919,1919.0,0.0155996531248092,0.0221999362111091,0.0605016481131315,39517.00733214718,56,10000,7886,18,60,57.525,79.425,71.265625,71.265625,N/A (GPTCache eviction path is CPU-only),5.340576171875e-05
GDSF,uniform_cost,100000,0.19,0.19,1900.0,0.0142999924719333,0.0198003835976123,0.0381009373813867,55538.92473433299,56,10000,7905,17,59,57.35,108.965,71.3359375,71.3359375,N/A (GPTCache eviction path is CPU-only),5.340576171875e-05
LFU,uniform_cost,100000,0.1919,0.1919,1919.0,0.043300213292241,0.0917053315788506,0.1671112235635521,10328.76244270696,56,10000,7886,10,52,60.62857142857143,99.1,71.21484375,71.21484375,N/A (GPTCache eviction path is CPU-only),5.340576171875e-05
Random,uniform_cost,100000,0.1906,0.1906,1906.0,0.0074002891778945,0.0087996013462543,0.0150014227256179,78364.93140901606,56,10000,7899,19,61,37.8,71.82,71.0,71.0234375,N/A (GPTCache eviction path is CPU-only),5.340576171875e-05
FIFO,uniform_cost,100000,0.1943,0.1943,1943.0,0.0023003667593002,0.0029001384973526,0.0035003758966922,138927.09427089282,56,10000,7862,21,63,0.0,0.0,71.23828125,71.23828125,N/A (GPTCache eviction path is CPU-only),5.340576171875e-05
FIFO,uniform_cost,100000,0.1881,0.1881,1881.0,0.0023003667593002,0.0028000213205814,0.0035003758966922,176573.93618121237,56,10000,7924,20,62,0.0,0.0,71.2734375,71.2734375,N/A (GPTCache eviction path is CPU-only),5.340576171875e-05
LFU,uniform_cost,100000,0.191,0.191,1910.0,0.0428999774158,0.0855997437611222,0.1387214707210664,15068.331118237878,56,10000,7895,13,55,59.66666666666666,96.275,71.1796875,71.3203125,N/A (GPTCache eviction path is CPU-only),5.340576171875e-05
LRU,uniform_cost,100000,0.188,0.188,1880.0,0.002400018274784,0.0029997900128364,0.0041001476347446,141786.65406037815,56,10000,7925,20,62,0.0,0.0,71.13671875,71.13671875,N/A (GPTCache eviction path is CPU-only),5.340576171875e-05
LFU,uniform_cost,100000,0.1897,0.1897,1897.0,0.0618002377450466,0.0978000462055206,0.1576032582670451,14767.447409344648,56,10000,7908,14,56,80.44285714285714,114.23,71.16462053571429,71.18359375,N/A (GPTCache eviction path is CPU-only),5.340576171875e-05
Random,uniform_cost,100000,0.1889,0.1889,1889.0,0.0050999224185943,0.0080000609159469,0.0093011790886521,122580.56574133132,56,10000,7916,20,62,0.0,0.0,71.2109375,71.2109375,N/A (GPTCache eviction path is CPU-only),5.340576171875e-05
LRU,uniform_cost,100000,0.1921,0.1921,1921.0,0.002400018274784,0.0028996728360652,0.0036996789276599,168077.9620947224,56,10000,7884,21,63,33.2,33.2,71.48046875,71.48046875,N/A (GPTCache eviction path is CPU-only),5.340576171875e-05
FIFO,uniform_cost,100000,0.1917,0.1917,1917.0,0.0013005919754505,0.002200249582529,0.0027003698050975,429186.3849250607,56,10000,7888,22,64,0.0,0.0,71.2421875,71.2421875,N/A (GPTCache eviction path is CPU-only),5.340576171875e-05
GDSF,uniform_cost,100000,0.1902,0.1902,1902.0,0.0152001157402992,0.0188001431524753,0.031499657779932,51969.568673350535,56,10000,7903,19,61,60.1,98.19,71.17838541666667,71.1875,N/A (GPTCache eviction path is CPU-only),5.340576171875e-05
Random,uniform_cost,100000,0.195,0.195,1950.0,0.0078002922236919,0.009399838745594,0.0119014363735914,116761.18502647294,56,10000,7855,21,63,0.0,0.0,71.40234375,71.40234375,N/A (GPTCache eviction path is CPU-only),5.340576171875e-05
LRU,uniform_cost,100000,0.1899,0.1899,1899.0,0.0023003667593002,0.0028000213205814,0.0032000243663787,177197.51452580982,56,10000,7906,22,64,0.0,0.0,71.40234375,71.40234375,N/A (GPTCache eviction path is CPU-only),5.340576171875e-05
LFU,uniform_cost,100000,0.1967,0.1967,1967.0,0.0614998862147331,0.099200289696455,0.1553019043058157,14136.799259741392,56,10000,7838,16,58,69.47142857142858,99.96,71.21484375,71.2265625,N/A (GPTCache eviction path is CPU-only),5.340576171875e-05
GDSF,uniform_cost,100000,0.1853,0.1853,1853.0,0.009599607437849,0.0191000290215015,0.0266009708866477,64070.118202973536,56,10000,7952,20,62,43.0,81.7,71.38671875,71.38671875,N/A (GPTCache eviction path is CPU-only),5.340576171875e-05
LRU,uniform_cost,100000,0.1973,0.1973,1973.0,0.002400018274784,0.0029001384973526,0.0050002709031105,224412.99310859287,56,10000,7832,23,65,50.4,50.4,71.3671875,71.3671875,N/A (GPTCache eviction path is CPU-only),5.340576171875e-05
Random,uniform_cost,100000,0.1943,0.1943,1943.0,0.0043003819882869,0.0082999467849731,0.0101998494938015,161892.45862321413,56,10000,7862,23,65,0.0,0.0,71.29296875,71.29296875,N/A (GPTCache eviction path is CPU-only),5.340576171875e-05
Random,uniform_cost,100000,0.1881,0.1881,1881.0,0.0073001720011234,0.0085998326539993,0.014503225684166,73081.1449152558,56,10000,7924,22,64,65.45,94.475,71.24609375,71.25,N/A (GPTCache eviction path is CPU-only),5.340576171875e-05
LFU,uniform_cost,100000,0.1984,0.1984,1984.0,0.0633001327514648,0.0960048055276274,0.202714032493532,13413.465371424189,56,10000,7821,15,57,56.57142857142857,84.0,70.99553571428571,71.03125,N/A (GPTCache eviction path is CPU-only),5.340576171875e-05
LRU,uniform_cost,100000,0.1977,0.1977,1977.0,0.002400018274784,0.0029001384973526,0.0035003758966922,205921.05430081263,56,10000,7828,24,66,0.0,0.0,71.24609375,71.24609375,N/A (GPTCache eviction path is CPU-only),5.340576171875e-05
FIFO,uniform_cost,100000,0.1952,0.1952,1952.0,0.0023003667593002,0.0029001384973526,0.0039013708010316,199446.73546533968,56,10000,7853,24,66,0.0,0.0,71.3203125,71.3203125,N/A (GPTCache eviction path is CPU-only),5.340576171875e-05
FIFO,uniform_cost,100000,0.1965,0.1965,1965.0,0.0022999010980129,0.0028004869818687,0.0038002617657184,123857.10872315736,56,10000,7840,23,65,0.0,0.0,71.13671875,71.13671875,N/A (GPTCache eviction path is CPU-only),5.340576171875e-05
GDSF,uniform_cost,100000,0.1905,0.1905,1905.0,0.0153994187712669,0.0195000320672988,0.0332999043166637,50423.73584454075,56,10000,7900,21,63,50.03333333333333,95.17,71.265625,71.265625,N/A (GPTCache eviction path is CPU-only),5.340576171875e-05
LRU,uniform_cost,100000,0.1947,0.1947,1947.0,0.0023003667593002,0.0027995556592941,0.0030999071896076,182946.46127948063,56,10000,7858,25,67,0.0,0.0,71.38671875,71.38671875,N/A (GPTCache eviction path is CPU-only),5.340576171875e-05
GDSF,uniform_cost,100000,0.1875,0.1875,1875.0,0.0154003500938415,0.0204001553356647,0.0356028042733669,47919.84736099196,56,10000,7930,22,64,30.05,57.095,71.2734375,71.2734375,N/A (GPTCache eviction path is CPU-only),5.340576171875e-05
Random,uniform_cost,100000,0.1955,0.1955,1955.0,0.0076000578701496,0.0088997185230255,0.0201012706384062,65351.105313494925,56,10000,7850,24,66,64.44999999999999,78.53499999999998,71.40234375,71.40234375,N/A (GPTCache eviction path is CPU-only),5.340576171875e-05
LFU,uniform_cost,100000,0.1958,0.1958,1958.0,0.0622002407908439,0.0926050124689936,0.1712149055674675,13406.619281467883,56,10000,7847,18,60,78.95714285714284,95.42,71.046875,71.046875,N/A (GPTCache eviction path is CPU-only),5.340576171875e-05
GDSF,uniform_cost,100000,0.1922,0.1922,1922.0,0.0152001157402992,0.019400380551815,0.0309018837288022,50881.57418548896,56,10000,7883,23,65,50.16666666666666,82.25,71.48046875,71.48046875,N/A (GPTCache eviction path is CPU-only),5.340576171875e-05
Random,uniform_cost,100000,0.1944,0.1944,1944.0,0.0071995891630649,0.0085001811385154,0.0104997353628277,105685.11964724417,56,10000,7861,25,67,41.55,78.945,71.265625,71.265625,N/A (GPTCache eviction path is CPU-only),5.340576171875e-05
FIFO,uniform_cost,100000,0.1958,0.1958,1958.0,0.0021001324057579,0.0026002526283264,0.003200490027666,264250.36442832986,56,10000,7847,25,67,0.0,0.0,71.37890625,71.37890625,N/A (GPTCache eviction path is CPU-only),5.340576171875e-05
LRU,uniform_cost,100000,0.1878,0.1878,1878.0,0.0020996667444705,0.0026999041438102,0.0032996758818626,170404.77938142174,56,10000,7927,26,68,0.0,0.0,71.24609375,71.24609375,N/A (GPTCache eviction path is CPU-only),5.340576171875e-05
Random,uniform_cost,100000,0.1894,0.1894,1894.0,0.0076000578701496,0.0089001841843128,0.0108997384086251,73629.84067944619,56,10000,7911,26,68,29.65,56.335,71.265625,71.265625,N/A (GPTCache eviction path is CPU-only),5.340576171875e-05
LFU,uniform_cost,100000,0.1899,0.1899,1899.0,0.0621001236140728,0.0966000370681285,0.16180160921067,11592.884337383532,56,10000,7906,17,59,57.02857142857143,80.66999999999999,71.1640625,71.1640625,N/A (GPTCache eviction path is CPU-only),5.340576171875e-05
GDSF,uniform_cost,100000,0.1932,0.1932,1932.0,0.0152001157402992,0.0189999118447303,0.0359056191518903,48233.17075595132,56,10000,7873,24,66,44.65,84.835,71.30859375,71.30859375,N/A (GPTCache eviction path is CPU-only),5.340576171875e-05
FIFO,uniform_cost,100000,0.1869,0.1869,1869.0,0.002200249582529,0.0026999041438102,0.003201481886208,252145.76186066883,56,10000,7936,26,68,0.0,0.0,71.328125,71.328125,N/A (GPTCache eviction path is CPU-only),5.340576171875e-05
LFU,uniform_cost,100000,0.1917,0.1917,1917.0,0.0612004660069942,0.0959998229518532,0.1526060001924635,14226.222251680498,56,10000,7888,20,62,62.41428571428571,110.2,71.52008928571429,71.52734375,N/A (GPTCache eviction path is CPU-only),5.340576171875e-05
Random,uniform_cost,100000,0.1861,0.1861,1861.0,0.0074999406933784,0.0088005326688289,0.0132001051679253,107901.2877437182,56,10000,7944,27,69,50.4,95.76,71.5078125,71.5234375,N/A (GPTCache eviction path is CPU-only),5.340576171875e-05
LRU,uniform_cost,100000,0.1898,0.1898,1898.0,0.0021001324057579,0.0025993213057518,0.0029001384973526,258607.09030053936,56,10000,7907,27,69,12.5,12.5,71.2890625,71.2890625,N/A (GPTCache eviction path is CPU-only),5.340576171875e-05
GDSF,uniform_cost,100000,0.1954,0.1954,1954.0,0.0100997276604175,0.018400140106678,0.0349029153585434,38304.78350693018,56,10000,7851,25,67,31.65,62.53999999999999,71.140625,71.140625,N/A (GPTCache eviction path is CPU-only),5.340576171875e-05
FIFO,uniform_cost,100000,0.1979,0.1979,1979.0,0.0021997839212417,0.0026999041438102,0.0033997930586338,186324.52497643096,56,10000,7826,28,70,0.0,0.0,71.24609375,71.24609375,N/A (GPTCache eviction path is CPU-only),5.340576171875e-05
FIFO,uniform_cost,100000,0.1879,0.1879,1879.0,0.0021993182599544,0.0026999041438102,0.0033001415431499,183070.3836946616,56,10000,7926,27,69,0.0,0.0,71.40234375,71.40234375,N/A (GPTCache eviction path is CPU-only),5.340576171875e-05
LRU,uniform_cost,100000,0.1967,0.1967,1967.0,0.0014002434909343,0.0027003698050975,0.0032000243663787,335792.4496332509,56,10000,7838,28,70,0.0,0.0,71.37890625,71.37890625,N/A (GPTCache eviction path is CPU-only),5.340576171875e-05
LFU,uniform_cost,100000,0.1925,0.1925,1925.0,0.0605001114308834,0.0952052418142556,0.1715107960626485,14913.911676624342,56,10000,7880,21,63,69.25,99.7,70.9453125,70.9453125,N/A (GPTCache eviction path is CPU-only),5.340576171875e-05
GDSF,uniform_cost,100000,0.1893,0.1893,1893.0,0.0145002268254756,0.0193002633750438,0.0529040535911918,44031.274536025085,56,10000,7912,26,68,42.2,65.86,71.38932291666667,71.390625,N/A (GPTCache eviction path is CPU-only),5.340576171875e-05
LRU,uniform_cost,100000,0.1933,0.1933,1933.0,0.002200249582529,0.0027003698050975,0.0032000290229916,167823.8117114248,56,10000,7872,29,71,0.0,0.0,71.328125,71.328125,N/A (GPTCache eviction path is CPU-only),5.340576171875e-05
LFU,uniform_cost,100000,0.1904,0.1904,1904.0,0.0586998648941516,0.0999001786112785,0.1992131210863593,13587.410664712472,56,10000,7901,19,61,54.52857142857143,94.03,71.13671875,71.13671875,N/A (GPTCache eviction path is CPU-only),5.340576171875e-05
Random,uniform_cost,100000,0.1939,0.1939,1939.0,0.0068000517785549,0.0081001780927181,0.009200070053339,114288.45689504185,56,10000,7866,28,70,0.0,0.0,71.1640625,71.1640625,N/A (GPTCache eviction path is CPU-only),5.340576171875e-05
FIFO,uniform_cost,250000,0.4738,0.4738,4738.0,0.001200009137392,0.0025001354515552,0.0029001384973526,461367.3989706197,56,10000,4774,0,42,0.0,0.0,71.40234375,71.40234375,N/A (GPTCache eviction path is CPU-only),5.340576171875e-05
FIFO,uniform_cost,100000,0.1954,0.1954,1954.0,0.0021001324057579,0.0025001354515552,0.0030994461849331,192760.6802415082,56,10000,7851,29,71,48.8,48.8,71.53515625,71.53515625,N/A (GPTCache eviction path is CPU-only),5.340576171875e-05
Random,uniform_cost,100000,0.1965,0.1965,1965.0,0.0068997032940387,0.0080997124314308,0.0089001841843128,128694.99388003453,56,10000,7840,29,71,0.0,0.0,71.2890625,71.2890625,N/A (GPTCache eviction path is CPU-only),5.340576171875e-05
GDSF,uniform_cost,100000,0.189,0.189,1890.0,0.014900229871273,0.018799677491188,0.0325019005686045,49432.56366602436,56,10000,7915,27,69,43.0,81.7,71.3359375,71.3359375,N/A (GPTCache eviction path is CPU-only),5.340576171875e-05
LFU,uniform_cost,100000,0.1868,0.1868,1868.0,0.0606994144618511,0.0930049922317265,0.1604012912139296,12930.013453313308,56,10000,7937,22,64,68.74545454545454,100.8,71.1796875,71.1796875,N/A (GPTCache eviction path is CPU-only),5.340576171875e-05
LRU,uniform_cost,250000,0.4735,0.4735,4735.0,0.0016996636986732,0.0030002556741237,0.0042002648115158,140310.90166249135,56,10000,4777,0,42,0.0,0.0,71.24609375,71.24609375,N/A (GPTCache eviction path is CPU-only),5.340576171875e-05
GDSF,uniform_cost,100000,0.1987,0.1987,1987.0,0.0148997642099857,0.0188001431524753,0.0356032699346543,51815.91463173906,56,10000,7818,28,70,44.35,84.265,71.32421875,71.32421875,N/A (GPTCache eviction path is CPU-only),5.340576171875e-05
LRU,uniform_cost,250000,0.4777,0.4777,4777.0,0.0016000121831893,0.0028000213205814,0.0034012552350759,206471.64736670064,56,10000,4735,1,43,0.0,0.0,71.328125,71.328125,N/A (GPTCache eviction path is CPU-only),5.340576171875e-05
FIFO,uniform_cost,250000,0.4785,0.4785,4785.0,0.001200009137392,0.002400018274784,0.0028000213205814,393016.87209114974,56,10000,4727,1,43,0.0,0.0,71.13671875,71.13671875,N/A (GPTCache eviction path is CPU-only),5.340576171875e-05
LRU,uniform_cost,250000,0.4801,0.4801,4801.0,0.0016996636986732,0.0029001384973526,0.0037997961044311,214165.32326559493,56,10000,4711,2,44,0.0,0.0,71.2890625,71.2890625,N/A (GPTCache eviction path is CPU-only),5.340576171875e-05
FIFO,uniform_cost,250000,0.4806,0.4806,4806.0,0.0016004778444766,0.0026999041438102,0.0031003728508949,321103.5699751836,56,10000,4706,2,44,0.0,0.0,71.3515625,71.3515625,N/A (GPTCache eviction path is CPU-only),5.340576171875e-05
LFU,uniform_cost,100000,0.1905,0.1905,1905.0,0.0609001144766807,0.0953003764152526,0.1765090646222235,13124.258644479174,56,10000,7900,23,65,68.1375,108.23,71.310546875,71.49609375,N/A (GPTCache eviction path is CPU-only),5.340576171875e-05
Random,uniform_cost,250000,0.4708,0.4708,4708.0,0.0015003606677055,0.0141002237796783,0.0233028316870332,97834.53054933244,56,10000,4804,0,42,43.0,81.7,71.0390625,71.05078125,N/A (GPTCache eviction path is CPU-only),5.340576171875e-05
GDSF,uniform_cost,100000,0.1938,0.1938,1938.0,0.0117998570203781,0.0189002603292465,0.0411017332226038,46237.32227562132,56,10000,7867,29,71,50.15,95.285,71.150390625,71.16015625,N/A (GPTCache eviction path is CPU-only),5.340576171875e-05
LRU,uniform_cost,250000,0.4789,0.4789,4789.0,0.001600245013833,0.0029001384973526,0.0034999102354049,197015.2199017144,56,10000,4723,3,45,0.0,0.0,71.40234375,71.40234375,N/A (GPTCache eviction path is CPU-only),5.340576171875e-05
GDSF,uniform_cost,250000,0.4809,0.4809,4809.0,0.0094999559223651,0.0200001522898674,0.0332057848572732,65077.94070808678,56,10000,4703,1,43,24.95,47.405,71.53515625,71.53515625,N/A (GPTCache eviction path is CPU-only),5.340576171875e-05
Random,uniform_cost,250000,0.4696,0.4696,4696.0,0.0017997808754444,0.014099758118391,0.0243006087839603,60646.60185041746,56,10000,4816,1,43,16.6,31.540000000000003,71.4296875,71.4296875,N/A (GPTCache eviction path is CPU-only),5.340576171875e-05
LFU,uniform_cost,100000,0.1961,0.1961,1961.0,0.047400128096342,0.0944999046623706,0.1963119814172389,12594.65671663967,56,10000,7844,24,66,53.48571428571429,91.29999999999998,71.421875,71.421875,N/A (GPTCache eviction path is CPU-only),5.340576171875e-05
LRU,uniform_cost,250000,0.472,0.472,4720.0,0.0015003606677055,0.0026994384825229,0.0030002556741237,328813.2456997637,56,10000,4792,4,46,0.0,0.0,71.13671875,71.13671875,N/A (GPTCache eviction path is CPU-only),5.340576171875e-05
GDSF,uniform_cost,250000,0.472,0.472,4720.0,0.0105001963675022,0.0205999240279197,0.0357039226219058,39996.46434150416,56,10000,4792,0,42,43.825,73.27499999999998,71.4375,71.53125,N/A (GPTCache eviction path is CPU-only),5.340576171875e-05
Random,uniform_cost,250000,0.4787,0.4787,4787.0,0.0015003606677055,0.0136001035571098,0.0147000001743435,105217.6374932332,56,10000,4725,2,44,0.0,0.0,71.3984375,71.3984375,N/A (GPTCache eviction path is CPU-only),5.340576171875e-05
Random,uniform_cost,250000,0.4785,0.4785,4785.0,0.0014994293451309,0.0145002268254756,0.0165012385696172,115235.65067775712,56,10000,4727,3,45,0.0,0.0,71.3515625,71.3515625,N/A (GPTCache eviction path is CPU-only),5.340576171875e-05
FIFO,uniform_cost,250000,0.4746,0.4746,4746.0,0.0015003606677055,0.0026002526283264,0.0030002556741237,315611.7327978832,56,10000,4766,3,45,0.0,0.0,71.1953125,71.1953125,N/A (GPTCache eviction path is CPU-only),5.340576171875e-05
LFU,uniform_cost,100000,0.193,0.193,1930.0,0.0613997690379619,0.0869994983077049,0.1219038758426905,15441.294437139104,56,10000,7875,26,68,67.13333333333334,97.025,71.13671875,71.13671875,N/A (GPTCache eviction path is CPU-only),5.340576171875e-05
FIFO,uniform_cost,250000,0.4767,0.4767,4767.0,0.0015003606677055,0.0029001384973526,0.0041998038068413,143678.16178546473,56,10000,4745,4,46,0.0,0.0,71.1875,71.1875,N/A (GPTCache eviction path is CPU-only),5.340576171875e-05
LRU,uniform_cost,250000,0.4689,0.4689,4689.0,0.0018002465367317,0.0028000213205814,0.0032000243663787,184834.34232565496,56,10000,4823,5,47,0.0,0.0,71.421875,71.421875,N/A (GPTCache eviction path is CPU-only),5.340576171875e-05
Random,uniform_cost,250000,0.4741,0.4741,4741.0,0.0015003606677055,0.0122999772429466,0.0142999924719333,134110.27884458972,56,10000,4771,5,47,0.0,0.0,71.3984375,71.3984375,N/A (GPTCache eviction path is CPU-only),5.340576171875e-05
GDSF,uniform_cost,250000,0.4757,0.4757,4757.0,0.0097998417913913,0.0197002664208412,0.0260998494923114,60351.12283648289,56,10000,4755,3,45,28.4,53.96,71.51171875,71.51171875,N/A (GPTCache eviction path is CPU-only),5.340576171875e-05
LRU,uniform_cost,250000,0.4786,0.4786,4786.0,0.0012004747986793,0.0020000152289867,0.0026999088004231,492763.7630770116,56,10000,4726,6,48,0.0,0.0,71.1953125,71.1953125,N/A (GPTCache eviction path is CPU-only),5.340576171875e-05
GDSF,uniform_cost,250000,0.4811,0.4811,4811.0,0.0108000822365283,0.0215000472962856,0.0432068668305875,38915.91169162709,56,10000,4701,2,44,25.05,47.595,71.388671875,71.40234375,N/A (GPTCache eviction path is CPU-only),5.340576171875e-05
FIFO,uniform_cost,250000,0.4742,0.4742,4742.0,0.0016996636986732,0.0026002526283264,0.0029001384973526,327415.8381280362,56,10000,4770,5,47,0.0,0.0,71.15625,71.15625,N/A (GPTCache eviction path is CPU-only),5.340576171875e-05
Random,uniform_cost,250000,0.4695,0.4695,4695.0,0.0016994308680295,0.0139996409416198,0.0199996912851929,69256.10629046957,56,10000,4817,4,46,41.55,49.065,72.2421875,72.3515625,N/A (GPTCache eviction path is CPU-only),5.340576171875e-05
LFU,uniform_cost,100000,0.1923,0.1923,1923.0,0.0618998892605304,0.0891000963747501,0.126605797559023,14603.62050561767,56,10000,7882,28,70,69.98571428571428,100.27,71.29073660714286,71.421875,N/A (GPTCache eviction path is CPU-only),5.340576171875e-05
LFU,uniform_cost,100000,0.193,0.193,1930.0,0.0593001022934913,0.0885053072124718,0.204505273140967,10322.48368091348,56,10000,7875,25,67,47.8125,84.985,71.37109375,71.37109375,N/A (GPTCache eviction path is CPU-only),5.340576171875e-05
LFU,uniform_cost,100000,0.1857,0.1857,1857.0,0.0586998648941516,0.0881995074450969,0.1405052561312915,15919.30060122938,56,10000,7948,29,71,57.41666666666666,96.95,71.58072916666667,71.59375,N/A (GPTCache eviction path is CPU-only),5.340576171875e-05
FIFO,uniform_cost,250000,0.4781,0.4781,4781.0,0.0015003606677055,0.0025997869670391,0.0029001384973526,336512.2554387376,56,10000,4731,6,48,0.0,0.0,71.13671875,71.13671875,N/A (GPTCache eviction path is CPU-only),5.340576171875e-05
LFU,uniform_cost,100000,0.1894,0.1894,1894.0,0.0599999912083148,0.0916998833417892,0.2459193533286456,11308.92429668282,56,10000,7911,27,69,55.78333333333334,100.47,71.046875,71.046875,N/A (GPTCache eviction path is CPU-only),5.340576171875e-05
GDSF,uniform_cost,250000,0.4706,0.4706,4706.0,0.009399838745594,0.0195004977285861,0.0305018853396177,58412.64799072656,56,10000,4806,4,46,46.6,93.74,71.53255208333333,71.60546875,N/A (GPTCache eviction path is CPU-only),5.340576171875e-05
FIFO,uniform_cost,250000,0.4716,0.4716,4716.0,0.0011003576219081,0.002200249582529,0.0026002526283264,373272.2141417902,56,10000,4796,7,49,0.0,0.0,71.21484375,71.21484375,N/A (GPTCache eviction path is CPU-only),5.340576171875e-05
GDSF,uniform_cost,250000,0.4647,0.4647,4647.0,0.0106999650597572,0.0199005007743835,0.0303071131929756,54484.60027413054,56,10000,4865,5,47,37.5,71.25,71.353515625,71.35546875,N/A (GPTCache eviction path is CPU-only),5.340576171875e-05
Random,uniform_cost,250000,0.473,0.473,4730.0,0.001399777829647,0.0129002146422863,0.0156001187860965,95618.5662240576,56,10000,4782,6,48,24.95,47.405,71.505859375,71.5078125,N/A (GPTCache eviction path is CPU-only),5.340576171875e-05
FIFO,uniform_cost,250000,0.4786,0.4786,4786.0,0.0010998919606208,0.0020000152289867,0.0025001354515552,538978.9530065253,56,10000,4726,8,50,0.0,0.0,71.37109375,71.37109375,N/A (GPTCache eviction path is CPU-only),5.340576171875e-05
LRU,uniform_cost,250000,0.4676,0.4676,4676.0,0.0017001293599605,0.0026999041438102,0.0034002587199211,188313.9866532377,56,10000,4836,7,49,0.0,0.0,72.12890625,72.12890625,N/A (GPTCache eviction path is CPU-only),5.340576171875e-05
LRU,uniform_cost,250000,0.4659,0.4659,4659.0,0.001000240445137,0.0023995526134967,0.0030994461849331,230024.65893831485,56,10000,4853,9,51,0.0,0.0,72.109375,72.109375,N/A (GPTCache eviction path is CPU-only),5.340576171875e-05
LRU,uniform_cost,250000,0.478,0.478,4780.0,0.0015003606677055,0.0026994384825229,0.0030002556741237,316055.62403520435,56,10000,4732,8,50,0.0,0.0,71.50390625,71.50390625,N/A (GPTCache eviction path is CPU-only),5.340576171875e-05
GDSF,uniform_cost,250000,0.4721,0.4721,4721.0,0.0094999559223651,0.0188001431524753,0.0235997186973691,69562.79777477168,56,10000,4791,7,49,37.5,71.25,72.53515625,72.53515625,N/A (GPTCache eviction path is CPU-only),5.340576171875e-05
Random,uniform_cost,250000,0.4722,0.4722,4722.0,0.0015003606677055,0.0133002176880836,0.0156997749581933,68046.00441767213,56,10000,4790,7,49,33.6,63.84,71.15625,71.15625,N/A (GPTCache eviction path is CPU-only),5.340576171875e-05
Random,uniform_cost,250000,0.4767,0.4767,4767.0,0.0014002434909343,0.0136997550725936,0.0155014591291547,79879.22243994544,56,10000,4745,8,50,33.6,63.84,71.21484375,71.21484375,N/A (GPTCache eviction path is CPU-only),5.340576171875e-05
GDSF,uniform_cost,250000,0.4772,0.4772,4772.0,0.0100000761449337,0.0204001553356647,0.0354030355811119,54683.89438137512,56,10000,4740,6,48,49.85,94.715,71.4140625,71.4296875,N/A (GPTCache eviction path is CPU-only),5.340576171875e-05
FIFO,uniform_cost,250000,0.4648,0.4648,4648.0,0.0017997808754444,0.0028000213205814,0.0036014849320054,272106.62332457706,56,10000,4864,9,51,0.0,0.0,71.23046875,71.23046875,N/A (GPTCache eviction path is CPU-only),5.340576171875e-05
Random,uniform_cost,250000,0.4702,0.4702,4702.0,0.0015003606677055,0.0128000974655151,0.0137998722493648,131624.14981184376,56,10000,4810,9,51,40.05,76.09499999999998,71.5078125,71.5078125,N/A (GPTCache eviction path is CPU-only),5.340576171875e-05
LRU,uniform_cost,250000,0.4627,0.4627,4627.0,0.0017001293599605,0.0028996728360652,0.0032996758818626,286290.9578161893,56,10000,4885,10,52,0.0,0.0,72.5078125,72.5078125,N/A (GPTCache eviction path is CPU-only),5.340576171875e-05
GDSF,uniform_cost,250000,0.4795,0.4795,4795.0,0.009399838745594,0.019200169481337,0.0299016432836652,70595.54394114777,56,10000,4717,8,50,41.55,78.945,71.0625,71.078125,N/A (GPTCache eviction path is CPU-only),5.340576171875e-05
FIFO,uniform_cost,250000,0.4714,0.4714,4714.0,0.0016000121831893,0.0026002526283264,0.0032000243663787,308824.9805259021,56,10000,4798,10,52,0.0,0.0,72.4765625,72.4765625,N/A (GPTCache eviction path is CPU-only),5.340576171875e-05
LRU,uniform_cost,250000,0.4794,0.4794,4794.0,0.0016000121831893,0.0029001384973526,0.0038002617657184,234283.6654471859,56,10000,4718,11,53,0.0,0.0,71.21484375,71.21484375,N/A (GPTCache eviction path is CPU-only),5.340576171875e-05
Random,uniform_cost,250000,0.4748,0.4748,4748.0,0.0016000121831893,0.0133002176880836,0.0149998813867568,103140.63180220049,56,10000,4764,10,52,0.0,0.0,72.55859375,72.55859375,N/A (GPTCache eviction path is CPU-only),5.340576171875e-05
FIFO,uniform_cost,250000,0.4814,0.4814,4814.0,0.0015003606677055,0.0029001384973526,0.0042999163269996,283778.1073784099,56,10000,4698,11,53,0.0,0.0,71.9375,71.9375,N/A (GPTCache eviction path is CPU-only),5.340576171875e-05
Random,uniform_cost,250000,0.4763,0.4763,4763.0,0.0013001263141632,0.0130999833345413,0.0150003470480442,124034.3927262236,56,10000,4749,11,53,40.05,76.09499999999998,71.51171875,71.515625,N/A (GPTCache eviction path is CPU-only),5.340576171875e-05
LRU,uniform_cost,250000,0.4763,0.4763,4763.0,0.0016004778444766,0.0031995587050914,0.0048000365495681,126810.53746134035,56,10000,4749,12,54,29.65,56.335,71.8671875,72.01953125,N/A (GPTCache eviction path is CPU-only),5.340576171875e-05
GDSF,uniform_cost,250000,0.4706,0.4706,4706.0,0.0071004033088684,0.0177999027073383,0.0267030904069543,78959.25388360233,56,10000,4806,9,51,44.150000000000006,68.945,71.388671875,71.40234375,N/A (GPTCache eviction path is CPU-only),5.340576171875e-05
LFU,uniform_cost,250000,0.4725,0.4725,4725.0,0.0020000152289867,0.1919049536809324,0.2789033763110638,10475.408613472782,56,10000,4787,2,44,79.64615384615384,108.55999999999996,71.1844951923077,71.1875,N/A (GPTCache eviction path is CPU-only),5.340576171875e-05
GDSF,uniform_cost,250000,0.4733,0.4733,4733.0,0.0090999528765678,0.0185002572834491,0.0217012781649828,78262.44831664355,56,10000,4779,10,52,20.0,20.0,71.171875,71.171875,N/A (GPTCache eviction path is CPU-only),5.340576171875e-05
LFU,uniform_cost,250000,0.4698,0.4698,4698.0,0.0019003637135028,0.1787999644875526,0.28253494296223,8874.405858446093,56,10000,4814,0,42,53.40999999999999,82.53499999999998,71.391796875,71.4453125,N/A (GPTCache eviction path is CPU-only),5.340576171875e-05
LFU,uniform_cost,250000,0.4687,0.4687,4687.0,0.0019003637135028,0.1913047162815928,0.2532056020572782,10322.43040146724,56,10000,4825,1,43,67.69,100.575,71.183203125,71.28125,N/A (GPTCache eviction path is CPU-only),5.340576171875e-05
LRU,uniform_cost,250000,0.472,0.472,4720.0,0.001599546521902,0.0030999071896076,0.0043003819882869,171792.0826549961,56,10000,4792,13,55,0.0,0.0,71.515625,71.515625,N/A (GPTCache eviction path is CPU-only),5.340576171875e-05
FIFO,uniform_cost,250000,0.4789,0.4789,4789.0,0.0010994262993335,0.002200249582529,0.0026002526283264,493349.6530123137,56,10000,4723,12,54,0.0,0.0,72.4765625,72.4765625,N/A (GPTCache eviction path is CPU-only),5.340576171875e-05
LRU,uniform_cost,250000,0.4726,0.4726,4726.0,0.001200009137392,0.0025001354515552,0.0029001384973526,381160.0206791757,56,10000,4786,14,56,0.0,0.0,71.4453125,71.4453125,N/A (GPTCache eviction path is CPU-only),5.340576171875e-05
FIFO,uniform_cost,250000,0.4773,0.4773,4773.0,0.0012996606528759,0.0026002526283264,0.0029001384973526,331391.3750675557,56,10000,4739,13,55,0.0,0.0,72.109375,72.109375,N/A (GPTCache eviction path is CPU-only),5.340576171875e-05
Random,uniform_cost,250000,0.4713,0.4713,4713.0,0.0016000121831893,0.0133002176880836,0.0155010027810931,70392.74217669101,56,10000,4799,12,54,16.6,31.540000000000003,72.55859375,72.55859375,N/A (GPTCache eviction path is CPU-only),5.340576171875e-05
GDSF,uniform_cost,250000,0.4862,0.4862,4862.0,0.009399838745594,0.01999968662858,0.0340022519230843,45566.680905434565,56,10000,4650,11,53,46.76666666666667,94.19,72.515625,72.5234375,N/A (GPTCache eviction path is CPU-only),5.340576171875e-05
LFU,uniform_cost,250000,0.4822,0.4822,4822.0,0.0018002465367317,0.1907049445435404,0.2802040381357074,9575.094643107435,56,10000,4690,3,45,63.73333333333334,106.2,71.48619791666667,71.5,N/A (GPTCache eviction path is CPU-only),5.340576171875e-05
Random,uniform_cost,250000,0.4789,0.4789,4789.0,0.0015003606677055,0.0136001035571098,0.0180025957524776,115607.47136482068,56,10000,4723,13,55,0.0,0.0,71.265625,71.265625,N/A (GPTCache eviction path is CPU-only),5.340576171875e-05
FIFO,uniform_cost,250000,0.4724,0.4724,4724.0,0.0016000121831893,0.0025997869670391,0.0029001384973526,166130.34185351367,56,10000,4788,14,56,0.0,0.0,71.28125,71.28125,N/A (GPTCache eviction path is CPU-only),5.340576171875e-05
LFU,uniform_cost,250000,0.4647,0.4647,4647.0,0.0021001324057579,0.1972001045942306,0.2730049844831229,11874.778090986703,56,10000,4865,5,47,65.0888888888889,93.36,72.29730902777777,72.46875,N/A (GPTCache eviction path is CPU-only),5.340576171875e-05
GDSF,uniform_cost,250000,0.4781,0.4781,4781.0,0.0079004094004631,0.0187000259757041,0.0268002040684223,66644.58512253684,56,10000,4731,12,54,24.95,47.405,72.328125,72.328125,N/A (GPTCache eviction path is CPU-only),5.340576171875e-05
GDSF,uniform_cost,250000,0.4649,0.4649,4649.0,0.0094999559223651,0.018400140106678,0.0213999301195144,60103.630699478985,56,10000,4863,13,55,65.25,78.61499999999998,71.30859375,71.30859375,N/A (GPTCache eviction path is CPU-only),5.340576171875e-05
Random,uniform_cost,250000,0.4732,0.4732,4732.0,0.0016000121831893,0.013899989426136,0.0272002071142196,98288.79205308264,56,10000,4780,14,56,33.25,63.175,72.521484375,72.53125,N/A (GPTCache eviction path is CPU-only),5.340576171875e-05
FIFO,uniform_cost,250000,0.4746,0.4746,4746.0,0.0016000121831893,0.0025997869670391,0.0029997900128364,329118.4216638475,56,10000,4766,15,57,0.0,0.0,72.55859375,72.55859375,N/A (GPTCache eviction path is CPU-only),5.340576171875e-05
LRU,uniform_cost,250000,0.4707,0.4707,4707.0,0.0016996636986732,0.0027003698050975,0.0032000243663787,296775.5348961972,56,10000,4805,15,57,0.0,0.0,72.109375,72.109375,N/A (GPTCache eviction path is CPU-only),5.340576171875e-05
FIFO,uniform_cost,250000,0.4755,0.4755,4755.0,0.0017997808754444,0.0027003698050975,0.003200490027666,287634.86383971747,56,10000,4757,16,58,0.0,0.0,72.5625,72.5625,N/A (GPTCache eviction path is CPU-only),5.340576171875e-05
LRU,uniform_cost,250000,0.4716,0.4716,4716.0,0.0017001293599605,0.0029997900128364,0.0036000274121761,206872.7263153561,56,10000,4796,16,58,0.0,0.0,71.28125,71.28125,N/A (GPTCache eviction path is CPU-only),5.340576171875e-05
GDSF,uniform_cost,250000,0.472,0.472,4720.0,0.010400079190731,0.02189960796386,0.0624010059982538,54134.84660645221,56,10000,4792,14,56,53.63333333333333,96.73,71.453125,71.46875,N/A (GPTCache eviction path is CPU-only),5.340576171875e-05
Random,uniform_cost,250000,0.4801,0.4801,4801.0,0.0015003606677055,0.0145002268254756,0.0261013116687536,73825.63721017011,56,10000,4711,15,57,33.6,63.84,71.53125,71.53125,N/A (GPTCache eviction path is CPU-only),5.340576171875e-05
LFU,uniform_cost,250000,0.467,0.467,4670.0,0.0019003637135028,0.1867995830252766,0.3191625187173499,10131.22263276456,56,10000,4842,6,48,61.95000000000001,99.375,71.27399553571429,71.3203125,N/A (GPTCache eviction path is CPU-only),5.340576171875e-05
LFU,uniform_cost,250000,0.4759,0.4759,4759.0,0.0018998980522155,0.1892050262540578,0.3434155927971009,8333.737519770191,56,10000,4753,4,46,60.64666666666668,99.5,71.40625,71.40625,N/A (GPTCache eviction path is CPU-only),5.340576171875e-05
Random,uniform_cost,250000,0.4708,0.4708,4708.0,0.001599546521902,0.0130003318190574,0.0153012294322252,124218.66503917285,56,10000,4804,16,58,33.25,63.175,71.30859375,71.30859375,N/A (GPTCache eviction path is CPU-only),5.340576171875e-05
FIFO,uniform_cost,250000,0.4648,0.4648,4648.0,0.0017997808754444,0.0025001354515552,0.0029001384973526,325254.024645946,56,10000,4864,17,59,0.0,0.0,72.109375,72.109375,N/A (GPTCache eviction path is CPU-only),5.340576171875e-05
LRU,uniform_cost,250000,0.4739,0.4739,4739.0,0.0017993152141571,0.0026002526283264,0.0030002556741237,316355.5842039795,56,10000,4773,17,59,48.8,48.8,72.55859375,72.55859375,N/A (GPTCache eviction path is CPU-only),5.340576171875e-05
GDSF,uniform_cost,250000,0.4742,0.4742,4742.0,0.009399838745594,0.0188997946679592,0.023302286863327,66256.84609667318,56,10000,4770,15,57,41.55,78.945,71.2734375,71.28125,N/A (GPTCache eviction path is CPU-only),5.340576171875e-05
FIFO,uniform_cost,250000,0.4739,0.4739,4739.0,0.0016004778444766,0.0025001354515552,0.0029001384973526,325305.87172404834,56,10000,4773,18,60,0.0,0.0,71.36328125,71.36328125,N/A (GPTCache eviction path is CPU-only),5.340576171875e-05
LFU,uniform_cost,250000,0.4739,0.4739,4739.0,0.0016000121831893,0.1823003403842449,0.2591155329719189,10623.312223568675,56,10000,4773,8,50,72.10000000000001,111.46999999999996,71.68984375,71.703125,N/A (GPTCache eviction path is CPU-only),5.340576171875e-05
LFU,uniform_cost,250000,0.4771,0.4771,4771.0,0.0019003637135028,0.1900997245684266,0.3165191924199466,9871.15380163829,56,10000,4741,7,49,69.10909090909091,99.7,72.16335227272727,72.328125,N/A (GPTCache eviction path is CPU-only),5.340576171875e-05
LRU,uniform_cost,250000,0.4735,0.4735,4735.0,0.0016000121831893,0.0025997869670391,0.0028996728360652,324740.6992686028,56,10000,4777,18,60,0.0,0.0,71.53125,71.53125,N/A (GPTCache eviction path is CPU-only),5.340576171875e-05
GDSF,uniform_cost,250000,0.472,0.472,4720.0,0.0086002983152866,0.0192997977137565,0.0293018715456128,54637.135647101386,56,10000,4792,16,58,33.25,63.175,72.607421875,72.609375,N/A (GPTCache eviction path is CPU-only),5.340576171875e-05
Random,uniform_cost,250000,0.4739,0.4739,4739.0,0.0015003606677055,0.0132001005113124,0.0151009950786829,94237.11736542766,56,10000,4773,17,59,0.0,0.0,71.28125,71.28125,N/A (GPTCache eviction path is CPU-only),5.340576171875e-05
LFU,uniform_cost,250000,0.4683,0.4683,4683.0,0.0019003637135028,0.1849051332101225,0.2598123438656332,10710.338573392208,56,10000,4829,9,51,68.54444444444444,100.18,72.0859375,72.265625,N/A (GPTCache eviction path is CPU-only),5.340576171875e-05
Random,uniform_cost,250000,0.4664,0.4664,4664.0,0.0015003606677055,0.0137998722493648,0.0233058305457235,95018.73772714147,56,10000,4848,18,60,40.05,76.09499999999998,71.30859375,71.30859375,N/A (GPTCache eviction path is CPU-only),5.340576171875e-05
GDSF,uniform_cost,250000,0.4746,0.4746,4746.0,0.0081001780927181,0.01960014924407,0.031201234087348,51110.42505338206,56,10000,4766,17,59,40.266666666666666,92.71999999999998,72.2421875,72.37109375,N/A (GPTCache eviction path is CPU-only),5.340576171875e-05
LRU,uniform_cost,250000,0.4677,0.4677,4677.0,0.0016004778444766,0.0028000213205814,0.0032000243663787,228552.62083951107,56,10000,4835,19,61,0.0,0.0,72.61328125,72.61328125,N/A (GPTCache eviction path is CPU-only),5.340576171875e-05
FIFO,uniform_cost,250000,0.4708,0.4708,4708.0,0.0016000121831893,0.0026002526283264,0.0030002556741237,313975.6866196141,56,10000,4804,19,61,0.0,0.0,71.8203125,71.8203125,N/A (GPTCache eviction path is CPU-only),5.340576171875e-05
Random,uniform_cost,250000,0.4685,0.4685,4685.0,0.0016004778444766,0.0138003379106521,0.0243020663037896,86106.76057372407,56,10000,4827,19,61,63.0,119.7,71.71484375,71.71484375,N/A (GPTCache eviction path is CPU-only),5.340576171875e-05
GDSF,uniform_cost,250000,0.4767,0.4767,4767.0,0.0090999528765678,0.0185999320819973,0.0263025471940637,67786.68338315317,56,10000,4745,19,61,42.0,79.8,72.37109375,72.40234375,N/A (GPTCache eviction path is CPU-only),5.340576171875e-05
FIFO,uniform_cost,250000,0.471,0.471,4710.0,0.001599546521902,0.0026002526283264,0.0030999071896076,343746.564188913,56,10000,4802,21,63,0.0,0.0,72.61328125,72.61328125,N/A (GPTCache eviction path is CPU-only),5.340576171875e-05
LFU,uniform_cost,250000,0.468,0.468,4680.0,0.0019995495676994,0.1860996708273887,0.2640236867591744,9781.209983657896,56,10000,4832,10,52,67.81,99.975,71.50390625,71.50390625,N/A (GPTCache eviction path is CPU-only),5.340576171875e-05
LRU,uniform_cost,250000,0.4718,0.4718,4718.0,0.0016000121831893,0.0026999041438102,0.0030999071896076,152827.6155135067,56,10000,4794,20,62,0.0,0.0,71.53125,71.53125,N/A (GPTCache eviction path is CPU-only),5.340576171875e-05
FIFO,uniform_cost,250000,0.4674,0.4674,4674.0,0.0016004778444766,0.0025001354515552,0.0029001384973526,346099.80153462867,56,10000,4838,20,62,0.0,0.0,72.609375,72.609375,N/A (GPTCache eviction path is CPU-only),5.340576171875e-05
GDSF,uniform_cost,250000,0.4708,0.4708,4708.0,0.0092997215688228,0.0201994553208351,0.0324033200740815,38396.928216631226,56,10000,4804,18,60,25.866666666666664,39.84,72.109375,72.109375,N/A (GPTCache eviction path is CPU-only),5.340576171875e-05
LRU,uniform_cost,250000,0.4756,0.4756,4756.0,0.0014998950064182,0.0023995526134967,0.0027003698050975,366784.0324159279,56,10000,4756,21,63,0.0,0.0,72.4453125,72.4453125,N/A (GPTCache eviction path is CPU-only),5.340576171875e-05
Random,uniform_cost,250000,0.4706,0.4706,4706.0,0.0014002434909343,0.0126999802887439,0.0142003409564495,127078.36686385436,56,10000,4806,21,63,49.6,94.24,71.71484375,71.71484375,N/A (GPTCache eviction path is CPU-only),5.340576171875e-05
LFU,uniform_cost,250000,0.4702,0.4702,4702.0,0.0020498409867286,0.1956000924110412,0.3465129621326926,9887.403240795564,56,10000,4810,11,53,59.89166666666667,107.82,71.23046875,71.23046875,N/A (GPTCache eviction path is CPU-only),5.340576171875e-05
Random,uniform_cost,250000,0.4755,0.4755,4755.0,0.0016000121831893,0.0129002146422863,0.0157012324780225,83691.74319540805,56,10000,4757,20,62,0.0,0.0,72.27734375,72.27734375,N/A (GPTCache eviction path is CPU-only),5.340576171875e-05
GDSF,uniform_cost,250000,0.4765,0.4765,4765.0,0.0082002952694892,0.0172997824847698,0.0212041614577175,74200.1041919059,56,10000,4747,20,62,50.1,95.19,71.30859375,71.30859375,N/A (GPTCache eviction path is CPU-only),5.340576171875e-05
LRU,uniform_cost,250000,0.4758,0.4758,4758.0,0.0017001293599605,0.0026002526283264,0.0030002556741237,326767.4882269989,56,10000,4754,22,64,0.0,0.0,72.61328125,72.61328125,N/A (GPTCache eviction path is CPU-only),5.340576171875e-05
LFU,uniform_cost,250000,0.4735,0.4735,4735.0,0.0019003637135028,0.1848000101745128,0.2783261425793177,9943.825344753128,56,10000,4777,12,54,72.88571428571429,108.92,71.25502232142857,71.41796875,N/A (GPTCache eviction path is CPU-only),5.340576171875e-05
FIFO,uniform_cost,250000,0.4687,0.4687,4687.0,0.0013001263141632,0.0022994354367256,0.0025997869670391,393820.174085797,56,10000,4825,23,65,0.0,0.0,71.71484375,71.71484375,N/A (GPTCache eviction path is CPU-only),5.340576171875e-05
Random,uniform_cost,250000,0.47,0.47,4700.0,0.0014002434909343,0.0120997428894042,0.0130999833345413,137032.85561774028,56,10000,4812,22,64,0.0,0.0,72.609375,72.609375,N/A (GPTCache eviction path is CPU-only),5.340576171875e-05
LFU,uniform_cost,250000,0.4691,0.4691,4691.0,0.0017001293599605,0.1734001561999321,0.2895177621394399,9580.048969764572,56,10000,4821,13,55,61.823076923076925,99.84,72.09344951923077,72.23046875,N/A (GPTCache eviction path is CPU-only),5.340576171875e-05
FIFO,uniform_cost,250000,0.4703,0.4703,4703.0,0.0016996636986732,0.0024996697902679,0.0029001384973526,355781.9889211213,56,10000,4809,22,64,0.0,0.0,71.5234375,71.5234375,N/A (GPTCache eviction path is CPU-only),5.340576171875e-05
LRU,uniform_cost,250000,0.4709,0.4709,4709.0,0.0016000121831893,0.0024996697902679,0.0029001384973526,339608.16146855056,56,10000,4803,23,65,0.0,0.0,72.4453125,72.4453125,N/A (GPTCache eviction path is CPU-only),5.340576171875e-05
LRU,uniform_cost,250000,0.4786,0.4786,4786.0,0.0014994293451309,0.002400018274784,0.0028004869818687,167444.72706886457,56,10000,4726,24,66,0.0,0.0,72.61328125,72.61328125,N/A (GPTCache eviction path is CPU-only),5.340576171875e-05
LFU,uniform_cost,250000,0.4687,0.4687,4687.0,0.0017995480448007,0.1828049775213002,0.2619160152971748,9998.712165378922,56,10000,4825,14,56,66.94999999999999,95.025,71.51953125,71.51953125,N/A (GPTCache eviction path is CPU-only),5.340576171875e-05
GDSF,uniform_cost,250000,0.4726,0.4726,4726.0,0.0090003013610839,0.0178003683686256,0.0256021926179528,44951.2346559205,56,10000,4786,21,63,63.375,94.385,72.453125,72.453125,N/A (GPTCache eviction path is CPU-only),5.340576171875e-05
Random,uniform_cost,250000,0.4687,0.4687,4687.0,0.0014998950064182,0.0113998539745807,0.0121998647227883,122154.26381325103,56,10000,4825,23,65,0.0,0.0,72.27734375,72.27734375,N/A (GPTCache eviction path is CPU-only),5.340576171875e-05
FIFO,uniform_cost,250000,0.4742,0.4742,4742.0,0.0015003606677055,0.002200249582529,0.0026999041438102,377224.6826866324,56,10000,4770,24,66,24.8,24.8,71.42578125,71.42578125,N/A (GPTCache eviction path is CPU-only),5.340576171875e-05
GDSF,uniform_cost,250000,0.4764,0.4764,4764.0,0.0086999498307704,0.0180001370608806,0.0240011792629957,60487.39539832953,56,10000,4748,22,64,30.05,57.095,72.109375,72.109375,N/A (GPTCache eviction path is CPU-only),5.340576171875e-05
GDSF,uniform_cost,250000,0.4741,0.4741,4741.0,0.0086999498307704,0.0170003622770309,0.0235010590404272,58438.11284206044,56,10000,4771,23,65,31.25,59.375,71.30859375,71.30859375,N/A (GPTCache eviction path is CPU-only),5.340576171875e-05
FIFO,uniform_cost,250000,0.4705,0.4705,4705.0,0.0014998950064182,0.002400018274784,0.002799560315907,350967.09175111225,56,10000,4807,25,67,0.0,0.0,72.4453125,72.4453125,N/A (GPTCache eviction path is CPU-only),5.340576171875e-05
LRU,uniform_cost,250000,0.4732,0.4732,4732.0,0.0014002434909343,0.0023995526134967,0.002799560315907,352453.95956111886,56,10000,4780,25,67,0.0,0.0,71.5234375,71.5234375,N/A (GPTCache eviction path is CPU-only),5.340576171875e-05
LFU,uniform_cost,250000,0.4873,0.4873,4873.0,0.0018998980522155,0.184899684973061,0.2813109289854767,11354.031879249103,56,10000,4639,15,57,69.88181818181819,110.2,72.53196022727273,72.53515625,N/A (GPTCache eviction path is CPU-only),5.340576171875e-05
Random,uniform_cost,250000,0.4748,0.4748,4748.0,0.0013001263141632,0.0118999741971492,0.0175000168383121,92343.69193201144,56,10000,4764,24,66,25.2,47.88,72.609375,72.609375,N/A (GPTCache eviction path is CPU-only),5.340576171875e-05
GDSF,uniform_cost,250000,0.4732,0.4732,4732.0,0.0066999346017837,0.0166003592312335,0.0204001553356647,102599.67080901758,56,10000,4780,24,66,41.55,78.945,72.3671875,72.3671875,N/A (GPTCache eviction path is CPU-only),5.340576171875e-05
LRU,uniform_cost,250000,0.4762,0.4762,4762.0,0.0014998950064182,0.0023003667593002,0.0026002526283264,360209.78643514926,56,10000,4750,26,68,0.0,0.0,72.33984375,72.33984375,N/A (GPTCache eviction path is CPU-only),5.340576171875e-05
LFU,uniform_cost,250000,0.4826,0.4826,4826.0,0.0018998980522155,0.1917998539283871,0.4496621619910015,9741.216783605729,56,10000,4686,16,58,58.3,100.2,72.3359375,72.3359375,N/A (GPTCache eviction path is CPU-only),5.340576171875e-05
Random,uniform_cost,250000,0.4687,0.4687,4687.0,0.001399777829647,0.0118999741971492,0.0158023508265614,127075.460480151,56,10000,4825,26,68,49.6,94.24,71.30859375,71.30859375,N/A (GPTCache eviction path is CPU-only),5.340576171875e-05
Random,uniform_cost,250000,0.4706,0.4706,4706.0,0.0008000060915946,0.0112997367978096,0.0124000944197177,108612.65778062194,56,10000,4806,25,67,24.8,47.12,71.51953125,71.51953125,N/A (GPTCache eviction path is CPU-only),5.340576171875e-05
GDSF,uniform_cost,250000,0.4745,0.4745,4745.0,0.0085001811385154,0.0170995481312274,0.0233028316870332,74226.43089117219,56,10000,4767,25,67,50.1,95.19,72.453125,72.453125,N/A (GPTCache eviction path is CPU-only),5.340576171875e-05
LRU,uniform_cost,250000,0.4712,0.4712,4712.0,0.0015003606677055,0.0026002526283264,0.0034002587199211,305227.9453967708,56,10000,4800,27,69,0.0,0.0,71.74609375,71.74609375,N/A (GPTCache eviction path is CPU-only),5.340576171875e-05
FIFO,uniform_cost,250000,0.4717,0.4717,4717.0,0.001200009137392,0.0021993182599544,0.0025001354515552,418294.53426391055,56,10000,4795,26,68,0.0,0.0,71.42578125,71.42578125,N/A (GPTCache eviction path is CPU-only),5.340576171875e-05
LRU,uniform_cost,250000,0.4737,0.4737,4737.0,0.0014998950064182,0.0022999010980129,0.0026994384825229,356339.8220474329,56,10000,4775,28,70,0.0,0.0,72.41796875,72.41796875,N/A (GPTCache eviction path is CPU-only),5.340576171875e-05
FIFO,uniform_cost,250000,0.4769,0.4769,4769.0,0.0013001263141632,0.0022994354367256,0.0026002526283264,377079.5962880476,56,10000,4743,27,69,0.0,0.0,72.546875,72.546875,N/A (GPTCache eviction path is CPU-only),5.340576171875e-05
Random,uniform_cost,250000,0.4731,0.4731,4731.0,0.0014002434909343,0.0121002085506916,0.0181007897481322,110434.88126915376,56,10000,4781,27,69,50.1,95.19,72.3671875,72.3671875,N/A (GPTCache eviction path is CPU-only),5.340576171875e-05
LFU,uniform_cost,250000,0.4725,0.4725,4725.0,0.0020000152289867,0.1831048633903264,0.2852103067561986,9806.835735674063,56,10000,4787,17,59,61.23,90.87999999999997,72.625,72.625,N/A (GPTCache eviction path is CPU-only),5.340576171875e-05
LFU,uniform_cost,250000,0.4735,0.4735,4735.0,0.0018002465367317,0.1830999040976166,0.2516140555962923,11263.715681883774,56,10000,4777,18,60,61.337500000000006,88.38499999999999,71.40869140625,71.41015625,N/A (GPTCache eviction path is CPU-only),5.340576171875e-05
GDSF,uniform_cost,250000,0.4708,0.4708,4708.0,0.0070002861320972,0.0169002451002597,0.0365009298548102,62037.39479702983,56,10000,4804,26,68,37.2,70.68,72.4453125,72.4453125,N/A (GPTCache eviction path is CPU-only),5.340576171875e-05
GDSF,uniform_cost,250000,0.4734,0.4734,4734.0,0.0084000639617443,0.0163996592164039,0.0213022716343403,64944.342728110845,56,10000,4778,27,69,28.65,54.435,72.33984375,72.33984375,N/A (GPTCache eviction path is CPU-only),5.340576171875e-05
LRU,uniform_cost,250000,0.482,0.482,4820.0,0.0014994293451309,0.0023003667593002,0.0026002526283264,366201.1028066054,56,10000,4692,29,71,0.0,0.0,71.42578125,71.42578125,N/A (GPTCache eviction path is CPU-only),5.340576171875e-05
FIFO,uniform_cost,250000,0.4716,0.4716,4716.0,0.0014002434909343,0.0022994354367256,0.0027003698050975,225521.34820765504,56,10000,4796,28,70,0.0,0.0,71.30859375,71.30859375,N/A (GPTCache eviction path is CPU-only),5.340576171875e-05
Random,uniform_cost,250000,0.4771,0.4771,4771.0,0.0014002434909343,0.0118995085358619,0.0142018776386976,117963.89633492257,56,10000,4741,28,70,40.05,76.09499999999998,72.453125,72.453125,N/A (GPTCache eviction path is CPU-only),5.340576171875e-05
LFU,uniform_cost,250000,0.4792,0.4792,4792.0,0.0020000152289867,0.1685000024735927,0.2618248993530875,11011.401645368518,56,10000,4720,20,62,72.05454545454545,100.25,71.28125,71.28125,N/A (GPTCache eviction path is CPU-only),5.340576171875e-05
LFU,uniform_cost,250000,0.4723,0.4723,4723.0,0.0019003637135028,0.1936350716277952,0.3498406428843746,10171.160286106671,56,10000,4789,19,61,64.36153846153846,88.13999999999996,71.37139423076923,71.375,N/A (GPTCache eviction path is CPU-only),5.340576171875e-05
FIFO,uniform_cost,250000,0.4801,0.4801,4801.0,0.001599546521902,0.0024004839360713,0.0029001384973526,343666.2323983337,56,10000,4711,29,71,0.0,0.0,72.41796875,72.41796875,N/A (GPTCache eviction path is CPU-only),5.340576171875e-05
FIFO,uniform_cost,500000,0.8895,0.8895,8895.0,0.0002998858690261,0.0013001263141632,0.0018998980522155,803651.8096542838,56,10000,129,0,42,0.0,0.0,72.4453125,72.4453125,N/A (GPTCache eviction path is CPU-only),5.340576171875e-05
LRU,uniform_cost,500000,0.888,0.888,8880.0,0.0006998889148235,0.0014002434909343,0.0026002526283264,523952.4964336801,56,10000,144,0,42,50.4,50.4,71.41015625,71.41015625,N/A (GPTCache eviction path is CPU-only),5.340576171875e-05
Random,uniform_cost,500000,0.8863,0.8863,8863.0,0.0005001202225685,0.0014994293451309,0.018400140106678,476278.92188349646,56,10000,161,0,42,0.0,0.0,71.42578125,71.42578125,N/A (GPTCache eviction path is CPU-only),5.340576171875e-05
GDSF,uniform_cost,250000,0.4694,0.4694,4694.0,0.0086002983152866,0.0165002420544624,0.0212081614881755,66792.05758227718,56,10000,4818,28,70,43.0,81.7,71.767578125,71.7890625,N/A (GPTCache eviction path is CPU-only),5.340576171875e-05
LFU,uniform_cost,250000,0.4766,0.4766,4766.0,0.0018998980522155,0.1692048972472547,0.2227041777223349,11104.822077997746,56,10000,4746,21,63,70.04444444444444,109.96,72.32942708333333,72.37890625,N/A (GPTCache eviction path is CPU-only),5.340576171875e-05
FIFO,uniform_cost,500000,0.8899,0.8899,8899.0,0.0005001202225685,0.0015003606677055,0.0023995526134967,511291.8864633377,56,10000,125,1,43,0.0,0.0,71.4375,71.4375,N/A (GPTCache eviction path is CPU-only),5.340576171875e-05
LRU,uniform_cost,500000,0.8893,0.8893,8893.0,0.0006998889148235,0.0015003606677055,0.0027003698050975,488009.5976481917,56,10000,131,1,43,0.0,0.0,72.453125,72.453125,N/A (GPTCache eviction path is CPU-only),5.340576171875e-05
LFU,uniform_cost,500000,0.8885,0.8885,8885.0,0.0006998889148235,0.0017001293599605,0.2440009964630008,167346.93144719268,56,10000,139,0,42,0.0,0.0,72.359375,72.359375,N/A (GPTCache eviction path is CPU-only),5.340576171875e-05
LFU,uniform_cost,250000,0.4777,0.4777,4777.0,0.0017001293599605,0.1603051321581005,0.2013007877394557,14960.948933309764,56,10000,4735,23,65,65.2375,100.31,71.29296875,71.29296875,N/A (GPTCache eviction path is CPU-only),5.340576171875e-05
Random,uniform_cost,250000,0.4727,0.4727,4727.0,0.0014994293451309,0.0120000913739204,0.01769979018718,95873.8760739351,56,10000,4785,29,71,0.0,0.0,72.3671875,72.3671875,N/A (GPTCache eviction path is CPU-only),5.340576171875e-05
LFU,uniform_cost,500000,0.8883,0.8883,8883.0,0.0006998889148235,0.0016996636986732,0.2415008610114455,122854.80141844686,56,10000,141,1,43,49.6,94.24,71.326171875,71.328125,N/A (GPTCache eviction path is CPU-only),5.340576171875e-05
GDSF,uniform_cost,250000,0.476,0.476,4760.0,0.0072005204856395,0.0164997763931751,0.023101051338017,74659.29213357356,56,10000,4752,29,71,41.55,78.945,72.625,72.625,N/A (GPTCache eviction path is CPU-only),5.340576171875e-05
GDSF,uniform_cost,500000,0.8882,0.8882,8882.0,0.0045001506805419,0.0090999761596322,0.0193002633750438,105396.51223181358,56,10000,142,0,42,33.25,63.175,71.43359375,71.55859375,N/A (GPTCache eviction path is CPU-only),5.340576171875e-05
Random,uniform_cost,500000,0.8862,0.8862,8862.0,0.0005001202225685,0.0014002434909343,0.0182003714144229,411507.3878546162,56,10000,162,1,43,0.0,0.0,72.41796875,72.41796875,N/A (GPTCache eviction path is CPU-only),5.340576171875e-05
LRU,uniform_cost,500000,0.8885,0.8885,8885.0,0.0006998889148235,0.0015003606677055,0.002799560315907,486862.0268985666,56,10000,139,2,44,0.0,0.0,71.51953125,71.51953125,N/A (GPTCache eviction path is CPU-only),5.340576171875e-05
FIFO,uniform_cost,500000,0.889,0.889,8890.0,0.0005001202225685,0.0014002434909343,0.0024996697902679,558734.1368706898,56,10000,134,2,44,0.0,0.0,71.5234375,71.5234375,N/A (GPTCache eviction path is CPU-only),5.340576171875e-05
Random,uniform_cost,500000,0.8878,0.8878,8878.0,0.0005001202225685,0.0014002434909343,0.01809932757169,504250.8371038551,56,10000,146,2,44,0.0,0.0,72.4609375,72.4609375,N/A (GPTCache eviction path is CPU-only),5.340576171875e-05
LRU,uniform_cost,500000,0.8878,0.8878,8878.0,0.0007003545761108,0.0015003606677055,0.0027995556592941,504291.52372133767,56,10000,146,3,45,0.0,0.0,72.46875,72.46875,N/A (GPTCache eviction path is CPU-only),5.340576171875e-05
LFU,uniform_cost,500000,0.8886,0.8886,8886.0,0.0006998889148235,0.0017001293599605,0.2615005522966385,148439.97029795533,56,10000,138,2,44,0.0,0.0,72.30078125,72.30078125,N/A (GPTCache eviction path is CPU-only),5.340576171875e-05
GDSF,uniform_cost,500000,0.8876,0.8876,8876.0,0.0042002648115158,0.0088000670075416,0.0189999118447303,140707.13767174233,56,10000,148,1,43,0.0,0.0,72.4453125,72.4453125,N/A (GPTCache eviction path is CPU-only),5.340576171875e-05
FIFO,uniform_cost,500000,0.8875,0.8875,8875.0,0.0005001202225685,0.0014998950064182,0.002200249582529,595114.1210335827,56,10000,149,3,45,0.0,0.0,72.46875,72.46875,N/A (GPTCache eviction path is CPU-only),5.340576171875e-05
GDSF,uniform_cost,500000,0.8898,0.8898,8898.0,0.0041997991502285,0.0084000639617443,0.0156001187860965,136325.40308300644,56,10000,126,2,44,0.0,0.0,71.7265625,71.7265625,N/A (GPTCache eviction path is CPU-only),5.340576171875e-05
LFU,uniform_cost,250000,0.4735,0.4735,4735.0,0.0018994323909282,0.1651994185522198,0.2483219094574456,11596.6741660306,56,10000,4777,22,64,62.04444444444443,93.9,71.53428819444444,71.53515625,N/A (GPTCache eviction path is CPU-only),5.340576171875e-05
FIFO,uniform_cost,500000,0.8867,0.8867,8867.0,0.0005997717380523,0.0016000121831893,0.0024004839360713,520139.80883220833,56,10000,157,4,46,0.0,0.0,72.18359375,72.18359375,N/A (GPTCache eviction path is CPU-only),5.340576171875e-05
Random,uniform_cost,500000,0.8869,0.8869,8869.0,0.0005001202225685,0.0014002434909343,0.0191000290215015,478649.8258804666,56,10000,155,4,46,0.0,0.0,71.51953125,71.51953125,N/A (GPTCache eviction path is CPU-only),5.340576171875e-05
GDSF,uniform_cost,500000,0.8872,0.8872,8872.0,0.0050002709031105,0.010599847882986,0.0217999331653118,96050.31512973004,56,10000,152,3,45,40.05,76.09499999999998,71.56640625,71.62890625,N/A (GPTCache eviction path is CPU-only),5.340576171875e-05
LRU,uniform_cost,500000,0.8868,0.8868,8868.0,0.0008000060915946,0.001599546521902,0.0031003728508949,147795.84700624517,56,10000,156,4,46,24.8,47.12,72.625,72.625,N/A (GPTCache eviction path is CPU-only),5.340576171875e-05
LRU,uniform_cost,500000,0.8892,0.8892,8892.0,0.0008000060915946,0.0015003606677055,0.0029001384973526,484768.5680303768,56,10000,132,5,47,0.0,0.0,72.52734375,72.52734375,N/A (GPTCache eviction path is CPU-only),5.340576171875e-05
FIFO,uniform_cost,500000,0.8866,0.8866,8866.0,0.0005001202225685,0.0016000121831893,0.0025001401081681,525886.7805504896,56,10000,158,5,47,0.0,0.0,72.46875,72.46875,N/A (GPTCache eviction path is CPU-only),5.340576171875e-05
LFU,uniform_cost,500000,0.8859,0.8859,8859.0,0.0006002373993396,0.0017993152141571,0.2529011759907008,166456.93047408867,56,10000,165,3,45,0.0,0.0,71.29296875,71.29296875,N/A (GPTCache eviction path is CPU-only),5.340576171875e-05
Random,uniform_cost,500000,0.8866,0.8866,8866.0,0.0005001202225685,0.0016000121831893,0.0192001461982727,451740.55182437575,56,10000,158,5,47,0.0,0.0,72.4453125,72.4453125,N/A (GPTCache eviction path is CPU-only),5.340576171875e-05
LRU,uniform_cost,500000,0.8861,0.8861,8861.0,0.0008000060915946,0.0016000121831893,0.0030002556741237,470776.5449732367,56,10000,163,6,48,0.0,0.0,71.53515625,71.53515625,N/A (GPTCache eviction path is CPU-only),5.340576171875e-05
Random,uniform_cost,500000,0.8882,0.8882,8882.0,0.0005001202225685,0.0014002434909343,0.0190995633602142,430748.5538171613,56,10000,142,3,45,0.0,0.0,72.3671875,72.3671875,N/A (GPTCache eviction path is CPU-only),5.340576171875e-05
GDSF,uniform_cost,500000,0.8873,0.8873,8873.0,0.0046002678573131,0.0094999559223651,0.0185994431376457,113646.04991846687,56,10000,151,4,46,24.8,47.12,71.6640625,71.7265625,N/A (GPTCache eviction path is CPU-only),5.340576171875e-05
LFU,uniform_cost,500000,0.8876,0.8876,8876.0,0.0006998889148235,0.0017001293599605,0.2616997808218002,137611.77536683815,56,10000,148,5,47,30.05,57.095,72.8046875,72.8046875,N/A (GPTCache eviction path is CPU-only),5.340576171875e-05
LFU,uniform_cost,250000,0.4724,0.4724,4724.0,0.0017997808754444,0.1654997700825333,0.2382531855255377,11612.51229235018,56,10000,4788,24,66,71.63333333333334,109.6,71.71484375,71.71484375,N/A (GPTCache eviction path is CPU-only),5.340576171875e-05
FIFO,uniform_cost,500000,0.8857,0.8857,8857.0,0.0004000030457973,0.0015003606677055,0.0024996697902679,594883.9996454215,56,10000,167,6,48,0.0,0.0,72.62890625,72.62890625,N/A (GPTCache eviction path is CPU-only),5.340576171875e-05
Random,uniform_cost,500000,0.8866,0.8866,8866.0,0.0005001202225685,0.0015003606677055,0.0191000290215015,460882.594635745,56,10000,158,6,48,0.0,0.0,71.51953125,71.51953125,N/A (GPTCache eviction path is CPU-only),5.340576171875e-05
GDSF,uniform_cost,500000,0.887,0.887,8870.0,0.004699919372797,0.0089998356997966,0.0171000137925148,122431.08958547442,56,10000,154,5,47,40.05,76.09499999999998,72.46875,72.46875,N/A (GPTCache eviction path is CPU-only),5.340576171875e-05
FIFO,uniform_cost,500000,0.8879,0.8879,8879.0,0.0005001202225685,0.0015003606677055,0.0025001401081681,357527.19820424914,56,10000,145,7,49,0.0,0.0,72.52734375,72.52734375,N/A (GPTCache eviction path is CPU-only),5.340576171875e-05
LRU,uniform_cost,500000,0.8871,0.8871,8871.0,0.0005997717380523,0.0010998919606208,0.002400018274784,632327.0882889923,56,10000,153,8,50,0.0,0.0,71.796875,71.796875,N/A (GPTCache eviction path is CPU-only),5.340576171875e-05
LFU,uniform_cost,500000,0.8889,0.8889,8889.0,0.0007003545761108,0.0018994323909282,0.2573012094944715,114919.2807514818,56,10000,135,4,46,30.05,57.095,72.41796875,72.41796875,N/A (GPTCache eviction path is CPU-only),5.340576171875e-05
LFU,uniform_cost,500000,0.8881,0.8881,8881.0,0.0006998889148235,0.0018998980522155,0.258001103065908,163748.39624476433,56,10000,143,6,48,0.0,0.0,72.18359375,72.18359375,N/A (GPTCache eviction path is CPU-only),5.340576171875e-05
Random,uniform_cost,500000,0.8857,0.8857,8857.0,0.0005001202225685,0.0014998950064182,0.01960014924407,462184.0991748095,56,10000,167,8,50,0.0,0.0,72.8046875,72.8046875,N/A (GPTCache eviction path is CPU-only),5.340576171875e-05
LFU,uniform_cost,500000,0.8886,0.8886,8886.0,0.0006998889148235,0.0018002465367317,0.2565052034333349,174170.81614730103,56,10000,138,7,49,0.0,0.0,72.46875,72.46875,N/A (GPTCache eviction path is CPU-only),5.340576171875e-05
LFU,uniform_cost,250000,0.4811,0.4811,4811.0,0.0017001293599605,0.1601996133103966,0.2472340222448118,11426.797991222258,56,10000,4701,25,67,61.54,85.64,72.61328125,72.61328125,N/A (GPTCache eviction path is CPU-only),5.340576171875e-05
Random,uniform_cost,500000,0.8882,0.8882,8882.0,0.0005001202225685,0.0014002434909343,0.0192001461982727,492724.91526386223,56,10000,142,7,49,0.0,0.0,71.41796875,71.41796875,N/A (GPTCache eviction path is CPU-only),5.340576171875e-05
GDSF,uniform_cost,500000,0.8856,0.8856,8856.0,0.004699919372797,0.0097998417913913,0.022001164034009,125022.81708528312,56,10000,168,6,48,39.55,75.145,72.380859375,72.3828125,N/A (GPTCache eviction path is CPU-only),5.340576171875e-05
FIFO,uniform_cost,500000,0.8893,0.8893,8893.0,0.0005001202225685,0.0016004778444766,0.0024004839360713,523486.207258336,56,10000,131,9,51,0.0,0.0,71.51953125,71.51953125,N/A (GPTCache eviction path is CPU-only),5.340576171875e-05
LRU,uniform_cost,500000,0.8868,0.8868,8868.0,0.0006002373993396,0.0013001263141632,0.0024996697902679,301400.9134110196,56,10000,156,7,49,0.0,0.0,72.625,72.625,N/A (GPTCache eviction path is CPU-only),5.340576171875e-05
LFU,uniform_cost,500000,0.8871,0.8871,8871.0,0.0006998889148235,0.0018994323909282,0.2568997489288449,104455.44246621436,56,10000,153,8,50,37.2,70.68,72.4765625,72.4765625,N/A (GPTCache eviction path is CPU-only),5.340576171875e-05
LFU,uniform_cost,500000,0.8902,0.8902,8902.0,0.0006002373993396,0.0017997808754444,0.2367182867601518,199893.65557931503,56,10000,122,9,51,0.0,0.0,72.46875,72.46875,N/A (GPTCache eviction path is CPU-only),5.340576171875e-05
GDSF,uniform_cost,500000,0.8861,0.8861,8861.0,0.0044000335037708,0.0085998326539993,0.0168001279234886,143594.3972683758,56,10000,163,8,50,0.0,0.0,71.71484375,71.71484375,N/A (GPTCache eviction path is CPU-only),5.340576171875e-05
Random,uniform_cost,500000,0.8898,0.8898,8898.0,0.0005001202225685,0.0015003606677055,0.0189999118447303,479963.90733333887,56,10000,126,9,51,0.0,0.0,72.52734375,72.52734375,N/A (GPTCache eviction path is CPU-only),5.340576171875e-05
FIFO,uniform_cost,500000,0.8885,0.8885,8885.0,0.0005001202225685,0.0014998950064182,0.0025997869670391,513049.41213526507,56,10000,139,8,50,0.0,0.0,72.390625,72.390625,N/A (GPTCache eviction path is CPU-only),5.340576171875e-05
GDSF,uniform_cost,500000,0.8885,0.8885,8885.0,0.004699919372797,0.0090995104983448,0.0183020252734423,121203.45340645,56,10000,139,9,51,40.05,76.09499999999998,71.904296875,72.00390625,N/A (GPTCache eviction path is CPU-only),5.340576171875e-05
FIFO,uniform_cost,500000,0.8894,0.8894,8894.0,0.0005001202225685,0.0016000121831893,0.002400018274784,536846.4586438087,56,10000,130,10,52,0.0,0.0,72.23046875,72.23046875,N/A (GPTCache eviction path is CPU-only),5.340576171875e-05
FIFO,uniform_cost,500000,0.8882,0.8882,8882.0,0.0005997717380523,0.0016000121831893,0.0026999088004231,489497.8151819513,56,10000,142,11,53,0.0,0.0,72.3828125,72.3828125,N/A (GPTCache eviction path is CPU-only),5.340576171875e-05
Random,uniform_cost,500000,0.8892,0.8892,8892.0,0.0004000030457973,0.0013001263141632,0.0174995558336377,553673.062320316,56,10000,132,10,52,0.0,0.0,72.48046875,72.48046875,N/A (GPTCache eviction path is CPU-only),5.340576171875e-05
LRU,uniform_cost,500000,0.8879,0.8879,8879.0,0.0008000060915946,0.0016000121831893,0.0029997900128364,429208.4903462231,56,10000,145,9,51,0.0,0.0,72.6328125,72.6328125,N/A (GPTCache eviction path is CPU-only),5.340576171875e-05
GDSF,uniform_cost,500000,0.8888,0.8888,8888.0,0.0048000365495681,0.0097001902759075,0.0217994675040245,124199.07099081522,56,10000,136,7,49,0.0,0.0,72.4453125,72.4453125,N/A (GPTCache eviction path is CPU-only),5.340576171875e-05
Random,uniform_cost,500000,0.8874,0.8874,8874.0,0.0004000030457973,0.0014994293451309,0.017799437046051,475427.5261726784,56,10000,150,11,53,0.0,0.0,72.625,72.625,N/A (GPTCache eviction path is CPU-only),5.340576171875e-05
GDSF,uniform_cost,500000,0.8888,0.8888,8888.0,0.0025997869670391,0.0050999224185943,0.0092997215688228,262238.6773818633,56,10000,136,10,52,0.0,0.0,72.61328125,72.61328125,N/A (GPTCache eviction path is CPU-only),5.340576171875e-05
LRU,uniform_cost,500000,0.8895,0.8895,8895.0,0.0007003545761108,0.0015003606677055,0.0029997900128364,469805.58870107535,56,10000,129,10,52,0.0,0.0,72.41796875,72.41796875,N/A (GPTCache eviction path is CPU-only),5.340576171875e-05
FIFO,uniform_cost,500000,0.8875,0.8875,8875.0,0.0002998858690261,0.0008996576070785,0.001399777829647,1090548.2079046075,56,10000,149,12,54,0.0,0.0,72.69921875,72.69921875,N/A (GPTCache eviction path is CPU-only),5.340576171875e-05
LFU,uniform_cost,500000,0.8868,0.8868,8868.0,0.0007003545761108,0.0018002465367317,0.2600997732952237,135134.587459815,56,10000,156,10,52,74.8,96.76,72.8046875,72.8046875,N/A (GPTCache eviction path is CPU-only),5.340576171875e-05
LRU,uniform_cost,500000,0.8872,0.8872,8872.0,0.0008000060915946,0.0016996636986732,0.0030999071896076,163358.92173497,56,10000,152,11,53,0.0,0.0,71.41796875,71.41796875,N/A (GPTCache eviction path is CPU-only),5.340576171875e-05
LRU,uniform_cost,500000,0.8881,0.8881,8881.0,0.0008000060915946,0.001599546521902,0.0029001384973526,464530.75665876654,56,10000,143,12,54,0.0,0.0,72.4765625,72.4765625,N/A (GPTCache eviction path is CPU-only),5.340576171875e-05
LFU,uniform_cost,500000,0.8864,0.8864,8864.0,0.0006998889148235,0.002000480890274,0.2610018895938993,123270.66645015257,56,10000,160,11,53,0.0,0.0,71.51953125,71.51953125,N/A (GPTCache eviction path is CPU-only),5.340576171875e-05
Random,uniform_cost,500000,0.8881,0.8881,8881.0,0.0005001202225685,0.0014994293451309,0.0193002633750438,478322.4290580627,56,10000,143,12,54,50.4,50.4,72.390625,72.390625,N/A (GPTCache eviction path is CPU-only),5.340576171875e-05
FIFO,uniform_cost,500000,0.8864,0.8864,8864.0,0.0005001202225685,0.0015003606677055,0.0024996697902679,542944.1632476515,56,10000,160,13,55,0.0,0.0,72.3828125,72.3828125,N/A (GPTCache eviction path is CPU-only),5.340576171875e-05
LFU,uniform_cost,500000,0.889,0.889,8890.0,0.0006998889148235,0.0019003637135028,0.2486017998307944,149408.26834366244,56,10000,134,12,54,0.0,0.0,72.52734375,72.52734375,N/A (GPTCache eviction path is CPU-only),5.340576171875e-05
GDSF,uniform_cost,500000,0.8884,0.8884,8884.0,0.0046002678573131,0.0089998356997966,0.0175996776670217,132523.52653003897,56,10000,140,11,53,0.0,0.0,72.46875,72.46875,N/A (GPTCache eviction path is CPU-only),5.340576171875e-05
FIFO,uniform_cost,500000,0.8877,0.8877,8877.0,0.0005001202225685,0.0016996636986732,0.0026994384825229,518201.8358311536,56,10000,147,14,56,0.0,0.0,72.62109375,72.62109375,N/A (GPTCache eviction path is CPU-only),5.340576171875e-05
GDSF,uniform_cost,500000,0.8872,0.8872,8872.0,0.0045001506805419,0.0096000730991363,0.020800158381462,133295.4774191552,56,10000,152,12,54,39.55,75.145,72.46875,72.68359375,N/A (GPTCache eviction path is CPU-only),5.340576171875e-05
FIFO,uniform_cost,500000,0.8869,0.8869,8869.0,0.0005997717380523,0.001599546521902,0.0028996728360652,392989.0742349479,56,10000,155,15,57,0.0,0.0,72.4765625,72.4765625,N/A (GPTCache eviction path is CPU-only),5.340576171875e-05
LRU,uniform_cost,500000,0.8853,0.8853,8853.0,0.0008000060915946,0.0017997808754444,0.0033001415431499,417088.966812556,56,10000,171,13,55,0.0,0.0,72.23046875,72.23046875,N/A (GPTCache eviction path is CPU-only),5.340576171875e-05
Random,uniform_cost,500000,0.8868,0.8868,8868.0,0.0005001202225685,0.0015995698049664,0.0199000351130962,323634.0216439642,56,10000,156,14,56,0.0,0.0,72.69921875,72.69921875,N/A (GPTCache eviction path is CPU-only),5.340576171875e-05
LRU,uniform_cost,500000,0.8885,0.8885,8885.0,0.0006998889148235,0.0010998919606208,0.0028996728360652,552153.6839370084,56,10000,139,15,57,0.0,0.0,71.578125,71.578125,N/A (GPTCache eviction path is CPU-only),5.340576171875e-05
LFU,uniform_cost,500000,0.8855,0.8855,8855.0,0.0006998889148235,0.0019995495676994,0.2725995192304253,115312.85558312049,56,10000,169,13,55,40.05,76.09499999999998,72.48046875,72.48046875,N/A (GPTCache eviction path is CPU-only),5.340576171875e-05
LFU,uniform_cost,500000,0.8875,0.8875,8875.0,0.0006998889148235,0.0020000152289867,0.1663257554173475,179938.96507619938,56,10000,149,14,56,0.0,0.0,72.41796875,72.41796875,N/A (GPTCache eviction path is CPU-only),5.340576171875e-05
FIFO,uniform_cost,500000,0.8866,0.8866,8866.0,0.0005001202225685,0.0017001293599605,0.0025997916236519,497784.8574385467,56,10000,158,16,58,0.0,0.0,72.46875,72.46875,N/A (GPTCache eviction path is CPU-only),5.340576171875e-05
LRU,uniform_cost,500000,0.8881,0.8881,8881.0,0.0007003545761108,0.0016000121831893,0.0029001384973526,490520.692079144,56,10000,143,16,58,0.0,0.0,72.52734375,72.52734375,N/A (GPTCache eviction path is CPU-only),5.340576171875e-05
LFU,uniform_cost,250000,0.4729,0.4729,4729.0,0.0017001293599605,0.1619051909074186,0.2515039313584567,11436.864793190489,56,10000,4783,29,71,69.12500000000001,99.92,72.546875,72.546875,N/A (GPTCache eviction path is CPU-only),5.340576171875e-05
GDSF,uniform_cost,500000,0.8874,0.8874,8874.0,0.0044996850192546,0.0091996043920516,0.0160997780039906,114537.56624235246,56,10000,150,14,56,30.05,57.095,72.8046875,72.8046875,N/A (GPTCache eviction path is CPU-only),5.340576171875e-05
Random,uniform_cost,500000,0.8883,0.8883,8883.0,0.0005001202225685,0.0016000121831893,0.0195996882393956,171268.948760574,56,10000,141,13,55,0.0,0.0,72.6328125,72.6328125,N/A (GPTCache eviction path is CPU-only),5.340576171875e-05
Random,uniform_cost,500000,0.885,0.885,8850.0,0.0005001202225685,0.001599546521902,0.0194995664060115,459717.2743993349,56,10000,174,16,58,0.0,0.0,72.69140625,72.69140625,N/A (GPTCache eviction path is CPU-only),5.340576171875e-05
FIFO,uniform_cost,500000,0.8882,0.8882,8882.0,0.0004996545612812,0.0014998950064182,0.002400018274784,598268.6177736192,56,10000,142,17,59,0.0,0.0,72.69921875,72.69921875,N/A (GPTCache eviction path is CPU-only),5.340576171875e-05
LFU,uniform_cost,250000,0.4781,0.4781,4781.0,0.0017001293599605,0.1644048606976866,0.3091329103335745,8630.39289694038,56,10000,4731,26,68,54.975,120.2,72.127197265625,72.24609375,N/A (GPTCache eviction path is CPU-only),5.340576171875e-05
GDSF,uniform_cost,500000,0.8883,0.8883,8883.0,0.0042002648115158,0.0082999467849731,0.0159010058268904,156929.70177626994,56,10000,141,15,57,0.0,0.0,72.3828125,72.3828125,N/A (GPTCache eviction path is CPU-only),5.340576171875e-05
Random,uniform_cost,500000,0.887,0.887,8870.0,0.0005001202225685,0.0014002434909343,0.0192997977137565,460651.17674265936,56,10000,154,17,59,0.0,0.0,72.55859375,72.55859375,N/A (GPTCache eviction path is CPU-only),5.340576171875e-05
Random,uniform_cost,500000,0.889,0.889,8890.0,0.0005001202225685,0.0014002434909343,0.0191000290215015,489399.6031856272,56,10000,134,15,57,0.0,0.0,72.390625,72.390625,N/A (GPTCache eviction path is CPU-only),5.340576171875e-05
LFU,uniform_cost,500000,0.8878,0.8878,8878.0,0.0006998889148235,0.0018994323909282,0.2605012385174632,148661.52574697396,56,10000,146,16,58,0.0,0.0,72.62109375,72.62109375,N/A (GPTCache eviction path is CPU-only),5.340576171875e-05
LRU,uniform_cost,500000,0.8865,0.8865,8865.0,0.0008000060915946,0.0016004778444766,0.0030994415283203,175527.59156998844,56,10000,159,14,56,0.0,0.0,72.625,72.625,N/A (GPTCache eviction path is CPU-only),5.340576171875e-05
LRU,uniform_cost,500000,0.8873,0.8873,8873.0,0.0008000060915946,0.0016004778444766,0.0033001415431499,412651.9073550502,56,10000,151,18,60,0.0,0.0,72.46875,72.46875,N/A (GPTCache eviction path is CPU-only),5.340576171875e-05
FIFO,uniform_cost,500000,0.8873,0.8873,8873.0,0.0005997717380523,0.0017001293599605,0.0027995556592941,470807.5806933616,56,10000,151,18,60,0.0,0.0,72.52734375,72.52734375,N/A (GPTCache eviction path is CPU-only),5.340576171875e-05
GDSF,uniform_cost,500000,0.8888,0.8888,8888.0,0.0042999163269996,0.009399838745594,0.0183010241016745,156984.6380425338,56,10000,136,16,58,0.0,0.0,72.4765625,72.4765625,N/A (GPTCache eviction path is CPU-only),5.340576171875e-05
Random,uniform_cost,500000,0.886,0.886,8860.0,0.0004996545612812,0.0014002434909343,0.0185012491419911,477865.27821583976,56,10000,164,18,60,0.0,0.0,72.8046875,72.8046875,N/A (GPTCache eviction path is CPU-only),5.340576171875e-05
LFU,uniform_cost,500000,0.8879,0.8879,8879.0,0.0006998889148235,0.0018002465367317,0.2544006146490574,158798.46729731964,56,10000,145,15,57,0.0,0.0,71.58984375,71.58984375,N/A (GPTCache eviction path is CPU-only),5.340576171875e-05
LFU,uniform_cost,250000,0.4716,0.4716,4716.0,0.0019995495676994,0.1675101928412913,0.2763251261785632,10051.188695084991,56,10000,4796,28,70,56.690909090909095,93.85,71.52734375,71.52734375,N/A (GPTCache eviction path is CPU-only),5.340576171875e-05
LRU,uniform_cost,500000,0.8877,0.8877,8877.0,0.0008000060915946,0.0017997808754444,0.0030999071896076,432213.7549276014,56,10000,147,19,61,0.0,0.0,72.69140625,72.69140625,N/A (GPTCache eviction path is CPU-only),5.340576171875e-05
FIFO,uniform_cost,500000,0.8857,0.8857,8857.0,0.0002998858690261,0.0009001465514302,0.0016004778444766,1008359.3026373432,56,10000,167,19,61,0.0,0.0,72.69921875,72.69921875,N/A (GPTCache eviction path is CPU-only),5.340576171875e-05
Random,uniform_cost,500000,0.889,0.889,8890.0,0.0005997717380523,0.0017997808754444,0.0210995785892009,422891.9939801777,56,10000,134,19,61,0.0,0.0,72.3828125,72.3828125,N/A (GPTCache eviction path is CPU-only),5.340576171875e-05
LFU,uniform_cost,500000,0.8858,0.8858,8858.0,0.0008000060915946,0.0020000152289867,0.2757013542577624,140783.6015270984,56,10000,166,18,60,63.0,119.7,72.583984375,72.62109375,N/A (GPTCache eviction path is CPU-only),5.340576171875e-05
FIFO,uniform_cost,500000,0.8876,0.8876,8876.0,0.0006002373993396,0.0016996869817376,0.0030999071896076,416725.7036779996,56,10000,148,20,62,0.0,0.0,72.62109375,72.62109375,N/A (GPTCache eviction path is CPU-only),5.340576171875e-05
GDSF,uniform_cost,500000,0.8854,0.8854,8854.0,0.0052000395953655,0.0103004276752471,0.0213018199428916,57958.246825549344,56,10000,170,13,55,0.0,0.0,72.4453125,72.4453125,N/A (GPTCache eviction path is CPU-only),5.340576171875e-05
LRU,uniform_cost,500000,0.8861,0.8861,8861.0,0.0006998889148235,0.0017997808754444,0.0029997900128364,452490.7340359527,56,10000,163,17,59,0.0,0.0,72.23046875,72.23046875,N/A (GPTCache eviction path is CPU-only),5.340576171875e-05
LFU,uniform_cost,250000,0.4812,0.4812,4812.0,0.0016498379409313,0.1818998949602246,0.4353211680427198,8463.274211884742,56,10000,4700,27,69,53.06,91.20999999999998,72.614453125,72.6171875,N/A (GPTCache eviction path is CPU-only),5.340576171875e-05
GDSF,uniform_cost,500000,0.8867,0.8867,8867.0,0.0045001506805419,0.0089001841843128,0.0202029244974256,131339.94342486566,56,10000,157,19,61,63.0,119.7,72.55859375,72.55859375,N/A (GPTCache eviction path is CPU-only),5.340576171875e-05
LRU,uniform_cost,500000,0.8875,0.8875,8875.0,0.0009001232683658,0.0018994323909282,0.0036000274121761,303627.43568142835,56,10000,149,21,63,0.0,0.0,72.4765625,72.4765625,N/A (GPTCache eviction path is CPU-only),5.340576171875e-05
LFU,uniform_cost,500000,0.8868,0.8868,8868.0,0.0005997717380523,0.0010998919606208,0.2513027051463724,147092.5676090535,56,10000,156,20,62,0.0,0.0,72.625,72.625,N/A (GPTCache eviction path is CPU-only),5.340576171875e-05
FIFO,uniform_cost,500000,0.8893,0.8893,8893.0,0.0005997717380523,0.0017001293599605,0.0025001354515552,456214.7841993103,56,10000,131,21,63,0.0,0.0,72.8046875,72.8046875,N/A (GPTCache eviction path is CPU-only),5.340576171875e-05
Random,uniform_cost,500000,0.8857,0.8857,8857.0,0.0005997717380523,0.0015003606677055,0.0215000472962856,411736.1214392104,56,10000,167,20,62,0.0,0.0,72.46875,72.46875,N/A (GPTCache eviction path is CPU-only),5.340576171875e-05
GDSF,uniform_cost,500000,0.8863,0.8863,8863.0,0.0029001384973526,0.0064997002482414,0.0111014302819967,224238.87842659064,56,10000,161,17,59,97.7,97.7,72.41796875,72.41796875,N/A (GPTCache eviction path is CPU-only),5.340576171875e-05
GDSF,uniform_cost,500000,0.8864,0.8864,8864.0,0.0047995708882808,0.0096000730991363,0.0183996791020035,138434.93814244735,56,10000,160,20,62,62.0,117.8,72.52734375,72.52734375,N/A (GPTCache eviction path is CPU-only),5.340576171875e-05
LRU,uniform_cost,500000,0.8893,0.8893,8893.0,0.0008996576070785,0.0017997808754444,0.0034999102354049,264707.827142784,56,10000,131,22,64,0.0,0.0,72.69921875,72.69921875,N/A (GPTCache eviction path is CPU-only),5.340576171875e-05
FIFO,uniform_cost,500000,0.8885,0.8885,8885.0,0.0005001202225685,0.0016000121831893,0.0026002526283264,452658.6861120623,56,10000,139,22,64,0.0,0.0,72.3828125,72.3828125,N/A (GPTCache eviction path is CPU-only),5.340576171875e-05
LFU,uniform_cost,500000,0.8873,0.8873,8873.0,0.0006998889148235,0.0018002465367317,0.266808168962598,59374.31339373693,56,10000,151,17,59,31.46666666666667,68.96,71.578125,71.578125,N/A (GPTCache eviction path is CPU-only),5.340576171875e-05
Random,uniform_cost,500000,0.8857,0.8857,8857.0,0.0005997717380523,0.0016004778444766,0.0219997065141797,398549.28218639846,56,10000,167,22,64,0.0,0.0,72.62109375,72.62109375,N/A (GPTCache eviction path is CPU-only),5.340576171875e-05
GDSF,uniform_cost,500000,0.8867,0.8867,8867.0,0.0052996911108493,0.0102999620139598,0.0203000381588935,111932.94717675383,56,10000,157,21,63,40.05,76.09499999999998,72.69140625,72.69140625,N/A (GPTCache eviction path is CPU-only),5.340576171875e-05
LFU,uniform_cost,500000,0.8864,0.8864,8864.0,0.0004996545612812,0.0011003576219081,0.1618006126955151,187960.7396345996,56,10000,160,22,64,0.0,0.0,72.62890625,72.62890625,N/A (GPTCache eviction path is CPU-only),5.340576171875e-05
LRU,uniform_cost,500000,0.8868,0.8868,8868.0,0.0008000060915946,0.0017001293599605,0.0037011364474892,366680.477065605,56,10000,156,23,65,0.0,0.0,72.23046875,72.23046875,N/A (GPTCache eviction path is CPU-only),5.340576171875e-05
FIFO,uniform_cost,500000,0.889,0.889,8890.0,0.0005001202225685,0.0016996636986732,0.0026002526283264,523343.7580467,56,10000,134,24,66,0.0,0.0,72.46875,72.46875,N/A (GPTCache eviction path is CPU-only),5.340576171875e-05
Random,uniform_cost,500000,0.8879,0.8879,8879.0,0.0003003515303134,0.0017997808754444,0.0120000913739204,596801.1459558556,56,10000,145,24,66,0.0,0.0,72.52734375,72.52734375,N/A (GPTCache eviction path is CPU-only),5.340576171875e-05
Random,uniform_cost,500000,0.8882,0.8882,8882.0,0.0005001202225685,0.0017997808754444,0.0189999165013432,408513.4213707544,56,10000,142,23,65,0.0,0.0,72.4765625,72.4765625,N/A (GPTCache eviction path is CPU-only),5.340576171875e-05
LRU,uniform_cost,500000,0.8859,0.8859,8859.0,0.0008000060915946,0.0018002465367317,0.0032996758818626,395383.5071551888,56,10000,165,25,67,0.0,0.0,72.3828125,72.3828125,N/A (GPTCache eviction path is CPU-only),5.340576171875e-05
LRU,uniform_cost,500000,0.8882,0.8882,8882.0,0.0009997747838497,0.0017997808754444,0.0032996758818626,399050.2639177807,56,10000,142,24,66,0.0,0.0,72.8046875,72.8046875,N/A (GPTCache eviction path is CPU-only),5.340576171875e-05
Random,uniform_cost,500000,0.8862,0.8862,8862.0,0.0006002373993396,0.0018994323909282,0.02290029078722,120693.65066025492,56,10000,162,21,63,0.0,0.0,71.52734375,71.52734375,N/A (GPTCache eviction path is CPU-only),5.340576171875e-05
LRU,uniform_cost,500000,0.8887,0.8887,8887.0,0.0009001232683658,0.0018002465367317,0.0036004930734634,90765.1869953338,56,10000,137,20,62,8.4,15.96,72.392578125,72.39453125,N/A (GPTCache eviction path is CPU-only),5.340576171875e-05
LFU,uniform_cost,500000,0.8864,0.8864,8864.0,0.0008000060915946,0.0020996667444705,0.285103190690279,116375.82386378708,56,10000,160,23,65,37.2,70.68,72.55859375,72.55859375,N/A (GPTCache eviction path is CPU-only),5.340576171875e-05
LFU,uniform_cost,500000,0.8877,0.8877,8877.0,0.0007003545761108,0.0020000152289867,0.2619996713474393,152042.46323806496,56,10000,147,19,61,0.0,0.0,72.24609375,72.24609375,N/A (GPTCache eviction path is CPU-only),5.340576171875e-05
Random,uniform_cost,500000,0.8871,0.8871,8871.0,0.0005001202225685,0.0017001293599605,0.019799917936325,420926.7947553553,56,10000,153,25,67,0.0,0.0,72.69140625,72.69140625,N/A (GPTCache eviction path is CPU-only),5.340576171875e-05
LFU,uniform_cost,500000,0.8885,0.8885,8885.0,0.0007003545761108,0.0021001324057579,0.1575016137212515,164170.4551660719,56,10000,139,25,67,0.0,0.0,72.62109375,72.62109375,N/A (GPTCache eviction path is CPU-only),5.340576171875e-05
FIFO,uniform_cost,500000,0.8873,0.8873,8873.0,0.0005997717380523,0.0016004778444766,0.0028000213205814,384949.99304664775,56,10000,151,26,68,0.0,0.0,72.46875,72.46875,N/A (GPTCache eviction path is CPU-only),5.340576171875e-05
GDSF,uniform_cost,500000,0.888,0.888,8880.0,0.0053998082876205,0.0110999681055545,0.0228021712973714,105726.57435502089,56,10000,144,24,66,40.05,76.09499999999998,72.703125,72.70703125,N/A (GPTCache eviction path is CPU-only),5.340576171875e-05
LRU,uniform_cost,500000,0.8847,0.8847,8847.0,0.0009997747838497,0.0019995728507637,0.0037001445889472,317321.2966944799,56,10000,177,26,68,97.7,97.7,72.23046875,72.23046875,N/A (GPTCache eviction path is CPU-only),5.340576171875e-05
FIFO,uniform_cost,500000,0.8855,0.8855,8855.0,0.0006002373993396,0.0017001293599605,0.0029997900128364,458627.2365402453,56,10000,169,23,65,0.0,0.0,72.6171875,72.6171875,N/A (GPTCache eviction path is CPU-only),5.340576171875e-05
LFU,uniform_cost,500000,0.8857,0.8857,8857.0,0.0008000060915946,0.0019003637135028,0.2847037184983493,128930.2787353363,56,10000,167,21,63,0.0,0.0,71.60546875,71.60546875,N/A (GPTCache eviction path is CPU-only),5.340576171875e-05
GDSF,uniform_cost,500000,0.8876,0.8876,8876.0,0.005899928510189,0.0129051972180604,0.0323011260479688,35475.54793929067,56,10000,148,18,60,27.475,54.83499999999999,72.6328125,72.6328125,N/A (GPTCache eviction path is CPU-only),5.340576171875e-05
LRU,uniform_cost,500000,0.8854,0.8854,8854.0,0.0009001232683658,0.0018998980522155,0.0034999102354049,342060.4322727452,56,10000,170,27,69,0.0,0.0,72.8046875,72.8046875,N/A (GPTCache eviction path is CPU-only),5.340576171875e-05
GDSF,uniform_cost,500000,0.8866,0.8866,8866.0,0.0048000365495681,0.0092997448518872,0.018701022490859,139020.57250836142,56,10000,158,25,67,0.0,0.0,72.62890625,72.62890625,N/A (GPTCache eviction path is CPU-only),5.340576171875e-05
FIFO,uniform_cost,500000,0.8865,0.8865,8865.0,0.0005001202225685,0.0018002465367317,0.0028996728360652,467239.5051387925,56,10000,159,25,67,104.2,104.2,71.61328125,71.61328125,N/A (GPTCache eviction path is CPU-only),5.340576171875e-05
LRU,uniform_cost,500000,0.8892,0.8892,8892.0,0.0009001232683658,0.0019003637135028,0.0037001445889472,266805.4050428233,56,10000,132,28,70,0.0,0.0,72.69140625,72.69140625,N/A (GPTCache eviction path is CPU-only),5.340576171875e-05
FIFO,uniform_cost,500000,0.8867,0.8867,8867.0,0.0006998889148235,0.0019003637135028,0.0034994492307305,247037.4034386994,56,10000,157,27,69,0.0,0.0,71.62890625,71.62890625,N/A (GPTCache eviction path is CPU-only),5.340576171875e-05
Random,uniform_cost,500000,0.8866,0.8866,8866.0,0.0006002373993396,0.0017997808754444,0.0225999392569065,392984.4428397991,56,10000,158,27,69,0.0,0.0,72.55859375,72.55859375,N/A (GPTCache eviction path is CPU-only),5.340576171875e-05
FIFO,uniform_cost,500000,0.8882,0.8882,8882.0,0.0005001202225685,0.0017001293599605,0.0022999057546257,511906.9627099815,56,10000,142,28,70,0.0,0.0,72.62109375,72.62109375,N/A (GPTCache eviction path is CPU-only),5.340576171875e-05
LFU,uniform_cost,500000,0.8868,0.8868,8868.0,0.0006998889148235,0.0018998980522155,0.2872058609500529,160120.15418387158,56,10000,156,24,66,0.0,0.0,72.48046875,72.48046875,N/A (GPTCache eviction path is CPU-only),5.340576171875e-05
GDSF,uniform_cost,500000,0.8872,0.8872,8872.0,0.0056000426411628,0.0111996196210384,0.0230009388178587,87353.71504308039,56,10000,152,23,65,16.6,31.540000000000003,72.625,72.625,N/A (GPTCache eviction path is CPU-only),5.340576171875e-05
LRU,uniform_cost,500000,0.8882,0.8882,8882.0,0.0006998889148235,0.0017001293599605,0.0034999102354049,455809.2870082391,56,10000,142,29,71,0.0,0.0,72.6171875,72.6171875,N/A (GPTCache eviction path is CPU-only),5.340576171875e-05
Random,uniform_cost,500000,0.8865,0.8865,8865.0,0.0006002373993396,0.0017997808754444,0.023100059479475,394068.4833664858,56,10000,159,26,68,0.0,0.0,72.3828125,72.3828125,N/A (GPTCache eviction path is CPU-only),5.340576171875e-05
Random,uniform_cost,500000,0.8871,0.8871,8871.0,0.0005001202225685,0.0018002465367317,0.0194995710626244,250341.08699498867,56,10000,153,28,70,104.2,104.2,72.7109375,72.7109375,N/A (GPTCache eviction path is CPU-only),5.340576171875e-05
FIFO,uniform_cost,500000,0.8879,0.8879,8879.0,0.0006998889148235,0.0018998980522155,0.0030002556741237,431490.1537014793,56,10000,145,29,71,0.0,0.0,71.60546875,71.60546875,N/A (GPTCache eviction path is CPU-only),5.340576171875e-05
GDSF,uniform_cost,500000,0.8852,0.8852,8852.0,0.0061001628637313,0.0130999833345413,0.0294049875810743,75014.702661828,56,10000,172,26,68,30.05,57.095,72.6875,72.6875,N/A (GPTCache eviction path is CPU-only),5.340576171875e-05
LFU,uniform_cost,500000,0.8848,0.8848,8848.0,0.0008000060915946,0.0021997839212417,0.3182018641382456,122521.69238120368,56,10000,176,26,68,0.0,0.0,72.52734375,72.52734375,N/A (GPTCache eviction path is CPU-only),5.340576171875e-05
GDSF,uniform_cost,500000,0.8883,0.8883,8883.0,0.0045001506805419,0.0093001872301101,0.01960014924407,146818.94777795198,56,10000,141,28,70,0.0,0.0,72.23046875,72.23046875,N/A (GPTCache eviction path is CPU-only),5.340576171875e-05
LFU,uniform_cost,500000,0.8882,0.8882,8882.0,0.0009001232683658,0.0021001324057579,0.3018998587504029,119031.6064606314,56,10000,142,28,70,40.05,76.09499999999998,72.46875,72.46875,N/A (GPTCache eviction path is CPU-only),5.340576171875e-05
GDSF,uniform_cost,500000,0.8848,0.8848,8848.0,0.0054999254643917,0.0109998509287834,0.0223000533878803,65369.9448195842,56,10000,176,27,69,40.05,76.09499999999998,72.24609375,72.24609375,N/A (GPTCache eviction path is CPU-only),5.340576171875e-05
GDSF,uniform_cost,500000,0.888,0.888,8880.0,0.0056000426411628,0.0117002055048942,0.0247997231781482,56492.29193833045,56,10000,144,22,64,37.766666666666666,75.41,72.47265625,72.4765625,N/A (GPTCache eviction path is CPU-only),5.340576171875e-05
GDSF,uniform_cost,500000,0.8887,0.8887,8887.0,0.0058002769947052,0.0125002115964889,0.0281033292412758,97217.34796054129,56,10000,137,29,71,50.1,95.19,72.62890625,72.62890625,N/A (GPTCache eviction path is CPU-only),5.340576171875e-05
Random,uniform_cost,500000,0.8882,0.8882,8882.0,0.0006002373993396,0.0017997808754444,0.0224998220801353,412366.0302816652,56,10000,142,29,71,0.0,0.0,72.8046875,72.8046875,N/A (GPTCache eviction path is CPU-only),5.340576171875e-05
FIFO,high_variance_cost,50000,0.1216,0.1240098928836895,37.80353568630845,0.0022999010980129,0.0040000304579734,0.0059003941714763,214746.65326917343,56,10000,8660,0,42,0.0,0.0,72.87890625,72.87890625,N/A (GPTCache eviction path is CPU-only),5.340576171875e-05
LRU,high_variance_cost,50000,0.1201,0.1211446467928007,36.93008575156363,0.0018998980522155,0.00409921631217,0.0058012688532471,258568.30524204604,56,10000,8675,0,42,0.0,0.0,71.86328125,71.86328125,N/A (GPTCache eviction path is CPU-only),5.340576171875e-05
Random,high_variance_cost,50000,0.1213,0.1256043105603992,38.2895825986859,0.0034999102354049,0.0101998448371887,0.015299767255783,198984.7805366477,56,10000,8663,0,42,0.0,0.0,72.74609375,72.74609375,N/A (GPTCache eviction path is CPU-only),5.340576171875e-05
LFU,uniform_cost,500000,0.8852,0.8852,8852.0,0.0008000060915946,0.002200249582529,0.2966027054935694,78913.08264632097,56,10000,172,27,69,0.0,0.0,72.39453125,72.39453125,N/A (GPTCache eviction path is CPU-only),5.340576171875e-05
FIFO,high_variance_cost,50000,0.1253,0.1274940098946286,37.1643462040087,0.0018002465367317,0.0037997961044311,0.0055013876408338,269449.5428269062,56,10000,8618,2,44,0.0,0.0,72.87890625,72.87890625,N/A (GPTCache eviction path is CPU-only),5.340576171875e-05
LRU,high_variance_cost,50000,0.1222,0.1160594005495758,35.33127156640504,0.002400018274784,0.0042994506657123,0.0074008200317621,184093.918154144,56,10000,8643,1,43,0.0,0.0,72.66796875,72.66796875,N/A (GPTCache eviction path is CPU-only),5.340576171875e-05
Random,high_variance_cost,50000,0.1254,0.1237610924894374,36.07620539714134,0.0041001476347446,0.0126999802887439,0.0207010377198457,123592.28384389536,56,10000,8610,2,44,40.05,76.09499999999998,72.427734375,72.4375,N/A (GPTCache eviction path is CPU-only),5.340576171875e-05
LRU,high_variance_cost,50000,0.1244,0.1276063609360142,37.19709639362063,0.0023995526134967,0.0040000304579734,0.0058999331668019,147439.78108414015,56,10000,8626,2,44,0.0,0.0,71.84765625,71.84765625,N/A (GPTCache eviction path is CPU-only),5.340576171875e-05
LFU,uniform_cost,500000,0.8874,0.8874,8874.0,0.0008000060915946,0.0021997839212417,0.2999999560415745,81786.94645563791,56,10000,150,29,71,37.8,71.82,72.6328125,72.6328125,N/A (GPTCache eviction path is CPU-only),5.340576171875e-05
Random,high_variance_cost,50000,0.1177,0.1165254508765434,35.47314848966787,0.0058994628489017,0.0143996439874172,0.0223020510748029,100583.38375889586,56,10000,8700,1,43,0.0,0.0,72.5703125,72.5703125,N/A (GPTCache eviction path is CPU-only),5.340576171875e-05
GDSF,high_variance_cost,50000,0.0854,0.1835477964621824,55.87636168644941,0.0160997733473777,0.0339998165145516,0.0507012708112597,42945.91819837192,56,10000,9049,1,43,55.56666666666666,96.83,72.8984375,72.8984375,N/A (GPTCache eviction path is CPU-only),5.340576171875e-05
GDSF,high_variance_cost,50000,0.0891,0.1981254657159613,60.39714202950442,0.0163004733622074,0.0338000245392322,0.050900038331747,44046.77063037587,56,10000,9020,0,42,55.2,117.36,72.80859375,72.80859375,N/A (GPTCache eviction path is CPU-only),5.340576171875e-05
LRU,high_variance_cost,50000,0.1184,0.112870295447073,35.850028856241416,0.002400018274784,0.0042002648115158,0.0066002830862998,119372.90984642397,56,10000,8697,3,45,37.8,71.82,72.43359375,72.43359375,N/A (GPTCache eviction path is CPU-only),5.340576171875e-05
FIFO,high_variance_cost,50000,0.118,0.1158562802460154,36.79844172946351,0.0017005950212478,0.0036000274121761,0.0053993426263332,289001.4727277293,56,10000,8702,3,45,0.0,0.0,72.6796875,72.6796875,N/A (GPTCache eviction path is CPU-only),5.340576171875e-05
FIFO,high_variance_cost,50000,0.121,0.1252165210355676,38.42505786778976,0.0022999010980129,0.0038999132812023,0.005500391125679,228637.8002156952,56,10000,8669,4,46,0.0,0.0,72.74609375,72.74609375,N/A (GPTCache eviction path is CPU-only),5.340576171875e-05
Random,high_variance_cost,50000,0.1177,0.1193796790527439,37.91754882839455,0.005899928510189,0.0146995298564434,0.0215005129575729,119662.17041994265,56,10000,8711,3,45,0.0,0.0,72.9921875,72.9921875,N/A (GPTCache eviction path is CPU-only),5.340576171875e-05
LRU,high_variance_cost,50000,0.1208,0.1233176752872217,37.8423611344931,0.0018998980522155,0.0039003789424896,0.0057998113334178,166840.1803251922,56,10000,8676,4,46,0.0,0.0,72.24609375,72.24609375,N/A (GPTCache eviction path is CPU-only),5.340576171875e-05
GDSF,high_variance_cost,50000,0.0903,0.2049140662328246,59.73219687608794,0.0151996500790119,0.0332999043166637,0.0520995818078517,46956.82222705324,56,10000,9001,2,44,44.833333333333336,72.97,72.65625,72.65625,N/A (GPTCache eviction path is CPU-only),5.340576171875e-05
LRU,high_variance_cost,50000,0.1198,0.1182829729769228,38.17968073882252,0.0019003637135028,0.0036996789276599,0.008499720133841,228645.6412222856,56,10000,8678,5,47,0.0,0.0,72.4921875,72.4921875,N/A (GPTCache eviction path is CPU-only),5.340576171875e-05
FIFO,high_variance_cost,50000,0.1218,0.1209653254446477,39.045497333293056,0.0018002465367317,0.0037001445889472,0.0054999301210045,248193.15142564964,56,10000,8660,5,47,0.0,0.0,72.18359375,72.18359375,N/A (GPTCache eviction path is CPU-only),5.340576171875e-05
GDSF,high_variance_cost,50000,0.0871,0.1834778509825625,58.2765042489893,0.0161994248628616,0.0330996932461857,0.0485000200569629,47471.02847045935,56,10000,9042,3,45,54.4,82.8,72.87890625,72.87890625,N/A (GPTCache eviction path is CPU-only),5.340576171875e-05
LRU,high_variance_cost,50000,0.1227,0.1180294554762427,34.29566533730853,0.0023003667593002,0.0041993334889411,0.0061011593788862,171964.90486272488,56,10000,8645,6,48,0.0,0.0,72.80859375,72.80859375,N/A (GPTCache eviction path is CPU-only),5.340576171875e-05
Random,high_variance_cost,50000,0.1255,0.1246299103323355,38.24504527814788,0.006099697202444,0.014900229871273,0.0223025120794773,94815.48880178384,56,10000,8624,4,46,0.0,0.0,72.87890625,72.87890625,N/A (GPTCache eviction path is CPU-only),5.340576171875e-05
FIFO,high_variance_cost,50000,0.1195,0.1130765914043287,34.42323275660208,0.002400018274784,0.0042002648115158,0.0066012796014547,100191.36570595828,56,10000,8673,1,43,77.05,101.485,72.8125,72.8125,N/A (GPTCache eviction path is CPU-only),5.340576171875e-05
GDSF,high_variance_cost,50000,0.0928,0.202186491493204,62.04474913901304,0.0101998448371887,0.0283000990748405,0.044201104901731,59304.24257524836,56,10000,8988,4,46,0.0,0.0,72.66796875,72.66796875,N/A (GPTCache eviction path is CPU-only),5.340576171875e-05
Random,high_variance_cost,50000,0.1244,0.1233734364288858,39.82279355985812,0.0059003941714763,0.0146999955177307,0.0212998129427433,120199.81991103264,56,10000,8631,5,47,0.0,0.0,72.71875,72.71875,N/A (GPTCache eviction path is CPU-only),5.340576171875e-05
Random,high_variance_cost,50000,0.1265,0.1202850409774212,34.951067882173035,0.0061001628637313,0.0148001126945018,0.0217999378219246,105288.76004290204,56,10000,8612,6,48,40.05,76.09499999999998,72.74609375,72.74609375,N/A (GPTCache eviction path is CPU-only),5.340576171875e-05
FIFO,high_variance_cost,50000,0.1261,0.1271768710046484,38.55411831806609,0.0023995526134967,0.0041993334889411,0.0062999315559864,208347.2234642032,56,10000,8607,7,49,0.0,0.0,72.65625,72.65625,N/A (GPTCache eviction path is CPU-only),5.340576171875e-05
LFU,high_variance_cost,50000,0.1308,0.1218318350039284,35.513829226155806,0.0371499918401241,0.1336997374892234,0.219305381178856,20882.633762757523,56,10000,8559,2,44,66.73333333333333,100.26,72.71484375,72.71484375,N/A (GPTCache eviction path is CPU-only),5.340576171875e-05
LRU,high_variance_cost,50000,0.1281,0.1248890200101468,36.45596335722306,0.002400018274784,0.0041001476347446,0.0058002769947052,207174.02245845247,56,10000,8596,8,50,0.0,0.0,72.80859375,72.80859375,N/A (GPTCache eviction path is CPU-only),5.340576171875e-05
GDSF,high_variance_cost,50000,0.0882,0.1879443083825283,60.66514486513383,0.0160001218318939,0.0340999104082584,0.0502011459320783,44227.65037783367,56,10000,9027,5,47,59.93333333333334,97.74,72.8984375,72.8984375,N/A (GPTCache eviction path is CPU-only),5.340576171875e-05
LFU,high_variance_cost,50000,0.1228,0.0928057601999394,29.47710173004184,0.0438999850302934,0.129305152222514,0.2091025421395898,18982.87118866988,56,10000,8647,3,45,84.91428571428573,130.9,72.81640625,72.81640625,N/A (GPTCache eviction path is CPU-only),5.340576171875e-05
Random,high_variance_cost,50000,0.1211,0.1223882360821933,37.10242670209915,0.005700159817934,0.0134053174406289,0.0211005099117755,111685.67149140652,56,10000,8656,7,49,50.4,95.76,72.66796875,72.66796875,N/A (GPTCache eviction path is CPU-only),5.340576171875e-05
FIFO,high_variance_cost,50000,0.1237,0.1199921148996524,34.86595273281313,0.0023995526134967,0.0040004961192607,0.006900168955326,123691.80437725216,56,10000,8633,6,48,25.2,47.88,72.43359375,72.43359375,N/A (GPTCache eviction path is CPU-only),5.340576171875e-05
FIFO,high_variance_cost,50000,0.128,0.1252497114791471,36.56125167621276,0.0022999010980129,0.003899447619915,0.0054012658074498,218169.60011092343,56,10000,8593,8,50,0.0,0.0,72.8984375,72.8984375,N/A (GPTCache eviction path is CPU-only),5.340576171875e-05
LRU,high_variance_cost,50000,0.1187,0.1248708280381765,38.18955785029602,0.0024996697902679,0.0042002648115158,0.0057998159900307,198997.05351460245,56,10000,8685,9,51,0.0,0.0,72.74609375,72.74609375,N/A (GPTCache eviction path is CPU-only),5.340576171875e-05
FIFO,high_variance_cost,50000,0.1177,0.1221756755189799,37.36529261025321,0.0022999010980129,0.0040004961192607,0.0066012796014547,211909.75313110268,56,10000,8698,9,51,0.0,0.0,72.65625,72.65625,N/A (GPTCache eviction path is CPU-only),5.340576171875e-05
GDSF,high_variance_cost,50000,0.0936,0.2079581437555692,60.4261273055221,0.0161998905241489,0.033699907362461,0.0496009131893515,46531.49580592021,56,10000,8970,6,48,38.8,73.71999999999998,72.9921875,72.9921875,N/A (GPTCache eviction path is CPU-only),5.340576171875e-05
GDSF,high_variance_cost,50000,0.089,0.200787040404728,60.86930155889159,0.0143996439874172,0.0323993619531393,0.0522021576762199,53820.936738394266,56,10000,9014,7,49,39.8,75.61999999999999,72.87890625,72.87890625,N/A (GPTCache eviction path is CPU-only),5.340576171875e-05
LFU,high_variance_cost,50000,0.1166,0.1136203796857031,34.86656256120759,0.0362000428140163,0.1238102326169608,0.2019020263105631,15910.38760494627,56,10000,8716,4,46,47.8,94.71999999999998,72.6484375,72.6484375,N/A (GPTCache eviction path is CPU-only),5.340576171875e-05
LRU,high_variance_cost,50000,0.1266,0.1202159446578732,34.36833650842423,0.0019003637135028,0.0039003789424896,0.005700159817934,257864.2126788482,56,10000,8612,10,52,97.7,97.7,72.81640625,72.81640625,N/A (GPTCache eviction path is CPU-only),5.340576171875e-05
Random,high_variance_cost,50000,0.117,0.1201335056576792,36.74073069067957,0.0059003941714763,0.0146999955177307,0.0211000489071011,115281.08429140606,56,10000,8701,9,51,0.0,0.0,72.80859375,72.80859375,N/A (GPTCache eviction path is CPU-only),5.340576171875e-05
FIFO,high_variance_cost,50000,0.1262,0.121031423185196,34.601472308522865,0.0023995526134967,0.0039003789424896,0.0054999254643917,230965.55338988223,56,10000,8615,10,52,0.0,0.0,72.66796875,72.66796875,N/A (GPTCache eviction path is CPU-only),5.340576171875e-05
GDSF,high_variance_cost,50000,0.0942,0.2063448813611165,60.23348916694378,0.0152001157402992,0.0338000478222966,0.0537050561979414,47880.956516333536,56,10000,8972,8,50,47.36666666666667,74.69,72.76953125,72.76953125,N/A (GPTCache eviction path is CPU-only),5.340576171875e-05
LFU,high_variance_cost,50000,0.1175,0.1193646576791191,36.33747129419707,0.041699968278408,0.1237998018041253,0.2049018163233996,12599.012487220713,56,10000,8705,1,43,57.25,125.1,72.8046875,72.8046875,N/A (GPTCache eviction path is CPU-only),5.340576171875e-05
LRU,high_variance_cost,50000,0.1245,0.1304657802949779,41.32510014465808,0.0023003667593002,0.0040000304579734,0.0054012658074498,216886.80799855955,56,10000,8642,11,53,0.0,0.0,72.65625,72.65625,N/A (GPTCache eviction path is CPU-only),5.340576171875e-05
FIFO,high_variance_cost,50000,0.1245,0.1317500949490475,41.73190744368068,0.001399777829647,0.0029993243515491,0.0042999209836125,252990.34782932923,56,10000,8643,11,53,0.0,0.0,72.9921875,72.9921875,N/A (GPTCache eviction path is CPU-only),5.340576171875e-05
GDSF,high_variance_cost,50000,0.0874,0.1970683466347426,60.26990564977108,0.0156001187860965,0.0340994680300354,0.0531032867729664,46733.73264070172,56,10000,9039,9,51,48.86666666666667,78.74,72.8984375,72.8984375,N/A (GPTCache eviction path is CPU-only),5.340576171875e-05
LFU,high_variance_cost,50000,0.1249,0.1263275290751446,38.29663730769127,0.0446001067757606,0.1355000073090195,0.2275032177567482,18801.86611855189,56,10000,8621,7,49,72.35714285714286,100.62,72.4921875,72.4921875,N/A (GPTCache eviction path is CPU-only),5.340576171875e-05
LRU,high_variance_cost,50000,0.1265,0.1246718640757643,37.79471660641175,0.0024996697902679,0.0044000335037708,0.0078002922236919,116088.60325907708,56,10000,8599,7,49,25.2,47.88,72.24609375,72.24609375,N/A (GPTCache eviction path is CPU-only),5.340576171875e-05
Random,high_variance_cost,50000,0.1281,0.1255817374186506,36.65817233011174,0.0047995708882808,0.0125002115964889,0.0192011427134275,149083.73155943424,56,10000,8589,8,50,0.0,0.0,72.66796875,72.66796875,N/A (GPTCache eviction path is CPU-only),5.340576171875e-05
Random,high_variance_cost,50000,0.1269,0.1228883410745494,35.132343475999306,0.0052000395953655,0.0134003348648548,0.021202159114182,137266.47474227776,56,10000,8615,10,52,0.0,0.0,72.8984375,72.8984375,N/A (GPTCache eviction path is CPU-only),5.340576171875e-05
LFU,high_variance_cost,50000,0.1254,0.1299046778897719,37.74623326594288,0.0279999803751707,0.1162994187325239,0.2044101571664216,21618.251528273537,56,10000,8623,6,48,77.34285714285714,118.25999999999998,72.68359375,72.68359375,N/A (GPTCache eviction path is CPU-only),5.340576171875e-05
FIFO,high_variance_cost,50000,0.125,0.1234527777855699,36.68540399255272,0.0022999010980129,0.0038999132812023,0.0056996988132596,168032.49090029646,56,10000,8627,12,54,0.0,0.0,72.66796875,72.66796875,N/A (GPTCache eviction path is CPU-only),5.340576171875e-05
GDSF,high_variance_cost,50000,0.0851,0.1986866680926719,56.80220114045686,0.0157998874783515,0.0335997901856899,0.0494026765227318,49767.93211518013,56,10000,9063,10,52,61.29999999999999,99.03,72.74609375,72.74609375,N/A (GPTCache eviction path is CPU-only),5.340576171875e-05
LRU,high_variance_cost,50000,0.1255,0.1231106127830486,36.58372575108448,0.0023003667593002,0.00409921631217,0.0058002769947052,143688.0704217283,56,10000,8625,12,54,0.0,0.0,72.80859375,72.80859375,N/A (GPTCache eviction path is CPU-only),5.340576171875e-05
LFU,high_variance_cost,50000,0.1277,0.1184613640076555,36.11210603909155,0.0452999956905841,0.1354999840259552,0.2617232408374553,9978.809002479691,56,10000,8596,0,42,36.900000000000006,73.05000000000001,72.13139204545455,72.265625,N/A (GPTCache eviction path is CPU-only),5.340576171875e-05
LRU,high_variance_cost,50000,0.1184,0.1241369371901373,39.723109316963246,0.0022999010980129,0.0038002617657184,0.0052000395953655,197073.07212223657,56,10000,8699,13,55,0.0,0.0,72.9921875,72.9921875,N/A (GPTCache eviction path is CPU-only),5.340576171875e-05
LFU,high_variance_cost,50000,0.1217,0.1116628851940539,36.04283186149317,0.0427998602390289,0.1277001574635505,0.2196033531799913,11451.671087309329,56,10000,8660,5,47,48.02727272727272,99.7,72.8203125,72.8203125,N/A (GPTCache eviction path is CPU-only),5.340576171875e-05
Random,high_variance_cost,50000,0.1233,0.1306729356575333,41.39071670774268,0.006099697202444,0.0153998844325542,0.0242029502987862,74233.92445384648,56,10000,8655,11,53,0.0,0.0,72.6484375,72.6484375,N/A (GPTCache eviction path is CPU-only),5.340576171875e-05
GDSF,high_variance_cost,50000,0.0895,0.1997718834899746,63.27784245527526,0.0161998905241489,0.0344002619385719,0.051001152023673,46466.13428224357,56,10000,9019,11,53,60.1,98.19,72.81640625,72.81640625,N/A (GPTCache eviction path is CPU-only),5.340576171875e-05
Random,high_variance_cost,50000,0.1239,0.1209488367096996,35.9413292816426,0.0062002800405025,0.0150003470480442,0.0249003060162067,74083.67764566842,56,10000,8638,12,54,20.05,38.095,72.8046875,72.8046875,N/A (GPTCache eviction path is CPU-only),5.340576171875e-05
FIFO,high_variance_cost,50000,0.1181,0.1228694973023677,39.31753580794848,0.0023003667593002,0.0039003789424896,0.005700159817934,188262.58140796813,56,10000,8703,13,55,0.0,0.0,72.8984375,72.8984375,N/A (GPTCache eviction path is CPU-only),5.340576171875e-05
LRU,high_variance_cost,50000,0.1207,0.1197136053301772,37.73355815888964,0.0025001354515552,0.0041001476347446,0.0059995846822857,223881.4309075428,56,10000,8678,14,56,0.0,0.0,72.90234375,72.90234375,N/A (GPTCache eviction path is CPU-only),5.340576171875e-05
LFU,high_variance_cost,50000,0.1264,0.1179332567433497,36.06782305869727,0.0388994812965393,0.1257051248103379,0.209531080909074,20339.895935412744,56,10000,8609,9,51,68.875,97.87,72.71484375,72.71484375,N/A (GPTCache eviction path is CPU-only),5.340576171875e-05
GDSF,high_variance_cost,50000,0.0895,0.1888367334706296,60.42667377255095,0.0128000974655151,0.028800219297409,0.0431998679414391,62321.64314638651,56,10000,9015,13,55,60.1,114.19,72.720703125,72.72265625,N/A (GPTCache eviction path is CPU-only),5.340576171875e-05
GDSF,high_variance_cost,50000,0.0925,0.2082454505996381,61.88251590521822,0.0156001187860965,0.0328999012708663,0.0503017986193299,43694.37711508465,56,10000,8985,12,54,59.93333333333334,97.74,72.65625,72.65625,N/A (GPTCache eviction path is CPU-only),5.340576171875e-05
FIFO,high_variance_cost,50000,0.1199,0.1178072993442335,37.132693223021626,0.002400018274784,0.0042002648115158,0.0078999483957886,90935.79279452574,56,10000,8683,14,56,72.15,100.995,72.6875,72.6875,N/A (GPTCache eviction path is CPU-only),5.340576171875e-05
LFU,high_variance_cost,50000,0.1218,0.1220339872736049,34.88809368857156,0.0256502535194158,0.1189096365123985,0.2105113212019207,18978.511954202782,56,10000,8657,10,52,55.01666666666667,108.07500000000002,72.43359375,72.43359375,N/A (GPTCache eviction path is CPU-only),5.340576171875e-05
Random,high_variance_cost,50000,0.1205,0.1254067744861704,40.12944998289913,0.0060000456869602,0.014900229871273,0.0251000747084617,85837.05740092644,56,10000,8672,13,55,30.05,57.095,72.24609375,72.24609375,N/A (GPTCache eviction path is CPU-only),5.340576171875e-05
LRU,high_variance_cost,50000,0.1155,0.1174725233707589,37.1924465514838,0.002400018274784,0.0043003819882869,0.0085027189925313,121206.09739210692,56,10000,8717,15,57,0.0,0.0,72.26953125,72.26953125,N/A (GPTCache eviction path is CPU-only),5.340576171875e-05
Random,high_variance_cost,50000,0.12,0.1248793523771067,39.36179428202553,0.005700159817934,0.0139996409416198,0.0194995710626244,125828.42302850056,56,10000,8681,14,56,0.0,0.0,72.74609375,72.74609375,N/A (GPTCache eviction path is CPU-only),5.340576171875e-05
FIFO,high_variance_cost,50000,0.1149,0.1175211168326152,37.207831508586814,0.0020000152289867,0.0037001445889472,0.0053998082876205,260245.204353301,56,10000,8723,15,57,0.0,0.0,72.9921875,72.9921875,N/A (GPTCache eviction path is CPU-only),5.340576171875e-05
LFU,high_variance_cost,50000,0.1269,0.1292486083693363,37.72855716460721,0.0443002209067344,0.1341051887720822,0.2387043042108417,12017.471485070691,56,10000,8603,8,50,46.17,90.87999999999997,72.8125,72.8125,N/A (GPTCache eviction path is CPU-only),5.340576171875e-05
Random,high_variance_cost,50000,0.1166,0.1122021964391738,35.52383207818124,0.005899928510189,0.014900229871273,0.0231010559946298,79296.41876921937,56,10000,8713,15,57,99.25,100.645,72.66015625,72.66015625,N/A (GPTCache eviction path is CPU-only),5.340576171875e-05
LFU,high_variance_cost,50000,0.1085,0.133281544010763,42.21699468800442,0.037000048905611,0.1092053717002271,0.1659017521888018,20843.446749380862,56,10000,8810,11,53,64.28,110.16,72.87890625,72.87890625,N/A (GPTCache eviction path is CPU-only),5.340576171875e-05
GDSF,high_variance_cost,50000,0.0852,0.1877647374072901,59.183178216090674,0.0163000077009201,0.033699907362461,0.0486011337488889,39796.95588607557,56,10000,9064,14,56,47.43333333333334,93.99,72.80859375,72.80859375,N/A (GPTCache eviction path is CPU-only),5.340576171875e-05
LRU,high_variance_cost,50000,0.1215,0.1240125604905084,38.425126846484105,0.0022994354367256,0.0039003789424896,0.0061001628637313,165033.1144251345,56,10000,8663,16,58,0.0,0.0,72.8046875,72.8046875,N/A (GPTCache eviction path is CPU-only),5.340576171875e-05
FIFO,high_variance_cost,50000,0.1196,0.1213381132603431,37.59645293106086,0.002400018274784,0.0042002648115158,0.0099029578268528,162488.01669180414,56,10000,8684,16,58,0.0,0.0,72.8984375,72.8984375,N/A (GPTCache eviction path is CPU-only),5.340576171875e-05
Random,high_variance_cost,50000,0.1238,0.1235663649799744,38.28687376129026,0.0052005052566528,0.0130003318190574,0.0196993350982666,93397.54070638314,56,10000,8643,16,58,40.05,76.09499999999998,72.728515625,72.7421875,N/A (GPTCache eviction path is CPU-only),5.340576171875e-05
FIFO,high_variance_cost,50000,0.1219,0.1244738294181525,38.8213756386153,0.0022994354367256,0.0040996819734573,0.0060997018590569,229542.06389013963,56,10000,8666,18,60,0.0,0.0,72.9921875,72.9921875,N/A (GPTCache eviction path is CPU-only),5.340576171875e-05
LRU,high_variance_cost,50000,0.1211,0.1208560553103099,37.33346670515917,0.0022999010980129,0.0039003789424896,0.0054999254643917,205816.7947457481,56,10000,8683,17,59,0.0,0.0,72.65625,72.65625,N/A (GPTCache eviction path is CPU-only),5.340576171875e-05
FIFO,high_variance_cost,50000,0.1202,0.1190481262136131,36.77498198080244,0.0023995526134967,0.0043003819882869,0.0117012020200491,125887.34830781436,56,10000,8690,17,59,20.05,38.095,72.6875,72.6875,N/A (GPTCache eviction path is CPU-only),5.340576171875e-05
Random,high_variance_cost,50000,0.1182,0.1165530452010791,36.00423016643169,0.0056000426411628,0.0144997611641883,0.0236031739041209,113335.25289617712,56,10000,8707,17,59,40.05,76.09499999999998,71.791015625,71.83203125,N/A (GPTCache eviction path is CPU-only),5.340576171875e-05
LFU,high_variance_cost,50000,0.1287,0.1318791779003735,39.18940510098783,0.0414000824093818,0.1262999372556805,0.2059040497988463,19056.3559311626,56,10000,8586,12,54,66.74285714285715,114.2,72.76953125,72.76953125,N/A (GPTCache eviction path is CPU-only),5.340576171875e-05
GDSF,high_variance_cost,50000,0.0835,0.1843145583897138,58.35500221557458,0.0152001157402992,0.0327001325786113,0.0515042711049319,40663.03523714671,56,10000,9074,15,57,54.900000000000006,94.185,72.82421875,72.82421875,N/A (GPTCache eviction path is CPU-only),5.340576171875e-05
LRU,high_variance_cost,50000,0.1221,0.1237615460657718,38.59922597299351,0.0022999010980129,0.0040000304579734,0.0068000517785549,168726.82030381382,56,10000,8662,18,60,0.0,0.0,72.74609375,72.74609375,N/A (GPTCache eviction path is CPU-only),5.340576171875e-05
FIFO,high_variance_cost,50000,0.1176,0.1137181215523407,36.74305876640557,0.0021001324057579,0.0037001445889472,0.0051995739340782,268210.1259679212,56,10000,8703,19,61,0.0,0.0,72.8046875,72.8046875,N/A (GPTCache eviction path is CPU-only),5.340576171875e-05
LFU,high_variance_cost,50000,0.1256,0.1216091330273766,38.91422645452064,0.0421996228396892,0.1234998926520347,0.2019996801391244,18495.135871844785,56,10000,8619,13,55,76.61428571428573,126.93999999999998,72.4921875,72.4921875,N/A (GPTCache eviction path is CPU-only),5.340576171875e-05
Random,high_variance_cost,50000,0.1179,0.1131090687743138,35.27689047205648,0.0060000456869602,0.015299767255783,0.0277023250237107,74283.55355550845,56,10000,8702,18,60,20.05,38.095,72.66015625,72.66015625,N/A (GPTCache eviction path is CPU-only),5.340576171875e-05
LFU,high_variance_cost,50000,0.129,0.114339986112059,36.03980102300396,0.0387001782655715,0.1194998621940612,0.19590197596699,18972.851558979142,56,10000,8586,14,56,68.67142857142858,94.17,72.66796875,72.66796875,N/A (GPTCache eviction path is CPU-only),5.340576171875e-05
GDSF,high_variance_cost,50000,0.087,0.1954375618864179,60.37233046279672,0.0145998783409595,0.0320052262395619,0.0483017880469561,48427.088217257406,56,10000,9048,17,59,55.4,82.94,72.76953125,72.76953125,N/A (GPTCache eviction path is CPU-only),5.340576171875e-05
FIFO,high_variance_cost,50000,0.1181,0.1187177635065593,38.06979580536599,0.0023995526134967,0.0041997991502285,0.0068010482937097,112279.6934341054,56,10000,8694,20,62,30.05,57.095,72.7109375,72.734375,N/A (GPTCache eviction path is CPU-only),5.340576171875e-05
LRU,high_variance_cost,50000,0.1187,0.1172057303177366,37.86992766005146,0.0023003667593002,0.0040000304579734,0.0055995816364884,205604.78488056205,56,10000,8692,19,61,0.0,0.0,72.80859375,72.80859375,N/A (GPTCache eviction path is CPU-only),5.340576171875e-05
Random,high_variance_cost,50000,0.1176,0.1199254910460985,38.45708360005423,0.006099697202444,0.0148997642099857,0.0224011717364192,99570.9490143479,56,10000,8694,20,62,37.8,71.82,72.771484375,72.7734375,N/A (GPTCache eviction path is CPU-only),5.340576171875e-05
Random,high_variance_cost,50000,0.1183,0.1170924700850626,37.833332548135886,0.005899928510189,0.0146999955177307,0.0226023979485035,92687.94124112096,56,10000,8697,19,61,25.2,47.88,72.228515625,72.25,N/A (GPTCache eviction path is CPU-only),5.340576171875e-05
LRU,high_variance_cost,50000,0.1205,0.1224628809216887,39.27076060667155,0.002400018274784,0.0044000335037708,0.0074002891778945,196267.00225548373,56,10000,8671,20,62,0.0,0.0,72.65625,72.65625,N/A (GPTCache eviction path is CPU-only),5.340576171875e-05
GDSF,high_variance_cost,50000,0.0854,0.1918359126191978,59.44010225212548,0.0169002451002597,0.0363998347893357,0.1048014080151916,24574.34167440712,56,10000,9056,16,58,45.56666666666666,75.1,72.73046875,72.73046875,N/A (GPTCache eviction path is CPU-only),5.340576171875e-05
LFU,high_variance_cost,50000,0.1125,0.1234587573781367,38.25353168905252,0.0382002908736467,0.1159999519586563,0.1786121958866718,21783.772945864697,56,10000,8762,16,58,58.25,95.55,72.90234375,72.90234375,N/A (GPTCache eviction path is CPU-only),5.340576171875e-05
GDSF,high_variance_cost,50000,0.0856,0.193857823492199,60.46112200013599,0.0154995359480381,0.0347055494785308,0.0566998543217778,43140.52682322807,56,10000,9058,18,60,44.35,84.265,72.87890625,72.87890625,N/A (GPTCache eviction path is CPU-only),5.340576171875e-05
LFU,high_variance_cost,50000,0.1102,0.1299573934217409,41.14522502894819,0.0388002954423427,0.1149997115135192,0.1997237792238598,17036.744502013855,56,10000,8788,15,57,51.92857142857143,83.72999999999999,72.8203125,72.8203125,N/A (GPTCache eviction path is CPU-only),5.340576171875e-05
GDSF,high_variance_cost,50000,0.0869,0.1866440612128159,60.30590037830199,0.0159000046551227,0.0338000245392322,0.0488009117543697,46761.289780652,56,10000,9041,19,61,63.825,97.695,72.9931640625,72.99609375,N/A (GPTCache eviction path is CPU-only),5.340576171875e-05
FIFO,high_variance_cost,50000,0.1205,0.1199154086928856,36.23274873937544,0.0014998950064182,0.0033001415431499,0.0048014940693974,302602.07469225803,56,10000,8668,22,64,0.0,0.0,72.8125,72.8125,N/A (GPTCache eviction path is CPU-only),5.340576171875e-05
LRU,high_variance_cost,50000,0.1204,0.1228946678443957,38.49940929215786,0.0023995526134967,0.0040004961192607,0.006000050343573,162352.4214135153,56,10000,8674,21,63,0.0,0.0,72.74609375,72.74609375,N/A (GPTCache eviction path is CPU-only),5.340576171875e-05
Random,high_variance_cost,50000,0.1226,0.1247066154481034,39.06704101804702,0.0059003941714763,0.0148001126945018,0.0230019446462393,84968.91421740175,56,10000,8647,21,63,37.2,70.68,72.66015625,72.66015625,N/A (GPTCache eviction path is CPU-only),5.340576171875e-05
FIFO,high_variance_cost,50000,0.1214,0.1254629732407998,39.30398643433799,0.002400018274784,0.0044000335037708,0.0100020784884691,130035.12228468854,56,10000,8663,21,63,0.0,0.0,72.8046875,72.8046875,N/A (GPTCache eviction path is CPU-only),5.340576171875e-05
GDSF,high_variance_cost,50000,0.0874,0.1921966191941941,61.63261361304523,0.0164997763931751,0.034500379115343,0.0535008264705538,45567.84368450839,56,10000,9035,20,62,55.24999999999999,97.695,72.82421875,72.82421875,N/A (GPTCache eviction path is CPU-only),5.340576171875e-05
LRU,high_variance_cost,50000,0.1195,0.1207609679761725,36.488236648640274,0.002400018274784,0.0041997991502285,0.0073016295209527,97140.85345088984,56,10000,8678,22,64,0.0,0.0,72.76953125,72.76953125,N/A (GPTCache eviction path is CPU-only),5.340576171875e-05
Random,high_variance_cost,50000,0.1219,0.1217772101985463,36.79529684634943,0.0061001628637313,0.0146003440022468,0.0228011701256037,107020.776785587,56,10000,8651,22,64,24.8,47.12,72.7734375,72.7734375,N/A (GPTCache eviction path is CPU-only),5.340576171875e-05
LFU,high_variance_cost,50000,0.1158,0.1126049720655308,34.78463668742006,0.0403500162065029,0.1225997926667332,0.2048057038336993,16879.30654272315,56,10000,8727,17,59,62.51428571428572,94.78,72.43359375,72.43359375,N/A (GPTCache eviction path is CPU-only),5.340576171875e-05
LRU,high_variance_cost,50000,0.1203,0.1249508730616293,39.56906462725325,0.0023003667593002,0.0040000304579734,0.005500391125679,238803.6883846903,56,10000,8686,23,65,0.0,0.0,72.65625,72.65625,N/A (GPTCache eviction path is CPU-only),5.340576171875e-05
LRU,high_variance_cost,50000,0.1199,0.1229223690540183,37.74653819438948,0.002400018274784,0.0041997991502285,0.0060000456869602,214354.4627521574,56,10000,8677,24,66,0.0,0.0,72.99609375,72.99609375,N/A (GPTCache eviction path is CPU-only),5.340576171875e-05
GDSF,high_variance_cost,50000,0.0899,0.1996454388063377,62.54324615328021,0.0164001248776912,0.0350000336766243,0.0554007245227694,43127.80060965642,56,10000,9010,21,63,59.89999999999999,97.185,72.66796875,72.66796875,N/A (GPTCache eviction path is CPU-only),5.340576171875e-05
Random,high_variance_cost,50000,0.1225,0.1304656600704137,41.31547070037045,0.0058002769947052,0.0146053032949566,0.0209999270737171,116829.6639037134,56,10000,8654,23,65,30.05,57.095,72.8828125,72.88671875,N/A (GPTCache eviction path is CPU-only),5.340576171875e-05
FIFO,high_variance_cost,50000,0.1194,0.1222248358582052,38.70579140926314,0.0022999010980129,0.0042002648115158,0.0061001628637313,234512.2275060465,56,10000,8696,23,65,97.7,97.7,72.73046875,72.73046875,N/A (GPTCache eviction path is CPU-only),5.340576171875e-05
GDSF,high_variance_cost,50000,0.0917,0.1948213742544644,58.86577862983702,0.0146003440022468,0.0335997901856899,0.0538061745464803,50022.93544013388,56,10000,8992,22,64,74.73333333333333,121.62,72.45703125,72.5,N/A (GPTCache eviction path is CPU-only),5.340576171875e-05
LFU,high_variance_cost,50000,0.112,0.1293769938940066,41.802541448773454,0.0238004140555858,0.1042146468535063,0.1741120452061298,24850.06709806426,56,10000,8766,19,61,56.73333333333333,97.1,72.8984375,72.8984375,N/A (GPTCache eviction path is CPU-only),5.340576171875e-05
FIFO,high_variance_cost,50000,0.1205,0.1235730992453216,37.946361971048674,0.002400018274784,0.0042002648115158,0.0066999346017837,70255.85056083702,56,10000,8672,24,66,16.6,31.540000000000003,72.8125,72.8125,N/A (GPTCache eviction path is CPU-only),5.340576171875e-05
LRU,high_variance_cost,50000,0.1189,0.1183228700193734,38.0136610775781,0.0023003667593002,0.0040000304579734,0.0060000456869602,223150.03038916105,56,10000,8682,25,67,0.0,0.0,72.82421875,72.82421875,N/A (GPTCache eviction path is CPU-only),5.340576171875e-05
GDSF,high_variance_cost,50000,0.086,0.1917012326634883,60.70736665156655,0.0148997642099857,0.033300369977951,0.0518011581152677,35835.358025619906,56,10000,9055,23,65,49.825,113.11499999999997,72.8203125,72.8203125,N/A (GPTCache eviction path is CPU-only),5.340576171875e-05
LRU,high_variance_cost,50000,0.1217,0.1206374826043072,37.64071535695062,0.0022999010980129,0.0040000304579734,0.0054999301210045,186744.1536308327,56,10000,8655,26,68,0.0,0.0,72.99609375,72.99609375,N/A (GPTCache eviction path is CPU-only),5.340576171875e-05
LFU,high_variance_cost,50000,0.1245,0.1159019492420008,36.30878914353307,0.0428999774158,0.1265051309019326,0.2082004956901073,20218.59536366877,56,10000,8629,21,63,67.65714285714286,100.05,72.4921875,72.4921875,N/A (GPTCache eviction path is CPU-only),5.340576171875e-05
FIFO,high_variance_cost,50000,0.1224,0.120905689197661,37.7243998621255,0.0022994354367256,0.0041001476347446,0.0062012765556574,232402.4849063312,56,10000,8648,26,68,0.0,0.0,72.66796875,72.66796875,N/A (GPTCache eviction path is CPU-only),5.340576171875e-05
LFU,high_variance_cost,50000,0.1097,0.130343895897436,40.65215450097651,0.0396999530494213,0.1188996480777859,0.2062209416180853,13031.507976461082,56,10000,8791,18,60,46.37777777777778,87.35999999999999,72.8125,72.8125,N/A (GPTCache eviction path is CPU-only),5.340576171875e-05
FIFO,high_variance_cost,50000,0.1189,0.1194328400215523,38.37026182147654,0.0023995526134967,0.0041001476347446,0.006700400263071,119590.9032190257,56,10000,8683,25,67,25.2,47.88,72.77734375,72.77734375,N/A (GPTCache eviction path is CPU-only),5.340576171875e-05
Random,high_variance_cost,50000,0.122,0.1231152504407868,38.4138163189414,0.0038002617657184,0.0124993035569787,0.020499350503087,99815.04296706614,56,10000,8664,26,68,37.2,70.68,72.73046875,72.73046875,N/A (GPTCache eviction path is CPU-only),5.340576171875e-05
Random,high_variance_cost,50000,0.1185,0.1193381639609324,38.3398451853691,0.0059995800256729,0.0148001126945018,0.0228011701256037,80199.21494771483,56,10000,8689,25,67,28.4,53.96,72.4375,72.44140625,N/A (GPTCache eviction path is CPU-only),5.340576171875e-05
LRU,high_variance_cost,50000,0.1197,0.1112179275288692,34.92794728813721,0.002400018274784,0.0040000304579734,0.0058002769947052,168721.9803885976,56,10000,8696,27,69,0.0,0.0,72.8984375,72.8984375,N/A (GPTCache eviction path is CPU-only),5.340576171875e-05
LFU,high_variance_cost,50000,0.1264,0.1084905146369635,32.78068765552936,0.0436995178461074,0.127399805933237,0.2033102605491878,22143.03872231283,56,10000,8606,22,64,59.93333333333334,97.74,72.80859375,72.80859375,N/A (GPTCache eviction path is CPU-only),5.340576171875e-05
GDSF,high_variance_cost,50000,0.0876,0.1947985309402233,59.8179993188614,0.0158001203089952,0.0346997054293751,0.056901085190475,29687.650293145973,56,10000,9039,24,66,36.72,89.24,72.8046875,72.8046875,N/A (GPTCache eviction path is CPU-only),5.340576171875e-05
Random,high_variance_cost,50000,0.1158,0.1147549754979301,35.23852573753538,0.0040996819734573,0.0126999802887439,0.020499350503087,143128.0636220451,56,10000,8718,24,66,0.0,0.0,72.66015625,72.66015625,N/A (GPTCache eviction path is CPU-only),5.340576171875e-05
LFU,high_variance_cost,50000,0.1171,0.1164231590586587,36.86853394476777,0.0404994934797287,0.124110118485987,0.1998083526268603,22177.34513707893,56,10000,8708,23,65,74.08333333333333,123.05,72.90234375,72.90234375,N/A (GPTCache eviction path is CPU-only),5.340576171875e-05
GDSF,high_variance_cost,50000,0.0922,0.2032352675740568,65.29351915911214,0.0145002268254756,0.0325995730236172,0.0499018002301454,54200.01329683466,56,10000,8984,25,67,56.25,106.875,72.65625,72.65625,N/A (GPTCache eviction path is CPU-only),5.340576171875e-05
LFU,high_variance_cost,50000,0.1207,0.1287494282784238,41.28669796198101,0.0417004339396953,0.1237997785210609,0.2046099305152895,15430.36999490196,56,10000,8672,20,62,58.44444444444444,91.38,72.02300347222223,72.03125,N/A (GPTCache eviction path is CPU-only),5.340576171875e-05
FIFO,high_variance_cost,50000,0.1188,0.1117618113992449,35.098753808070065,0.002200249582529,0.0037997961044311,0.0054999254643917,223608.5960317882,56,10000,8705,27,69,0.0,0.0,72.8125,72.8125,N/A (GPTCache eviction path is CPU-only),5.340576171875e-05
FIFO,high_variance_cost,50000,0.1284,0.1332367686082049,41.78332331958302,0.0022999010980129,0.0041001476347446,0.0060015078634023,162538.19642641218,56,10000,8598,28,70,0.0,0.0,72.66796875,72.66796875,N/A (GPTCache eviction path is CPU-only),5.340576171875e-05
LFU,high_variance_cost,50000,0.1282,0.1169703139946901,35.91880354071296,0.045000109821558,0.1336997374892234,0.2158000180497765,19669.7527148404,56,10000,8587,24,66,67.81428571428572,100.05,72.74609375,72.74609375,N/A (GPTCache eviction path is CPU-only),5.340576171875e-05
GDSF,high_variance_cost,50000,0.0902,0.1979336788040215,61.75829520459718,0.0165998935699462,0.0350000569596886,0.0574998604133725,36907.6552160724,56,10000,9002,26,68,61.85,97.695,72.671875,72.671875,N/A (GPTCache eviction path is CPU-only),5.340576171875e-05
LRU,high_variance_cost,50000,0.1284,0.1365261643427291,42.814884554048575,0.0023995526134967,0.0040000304579734,0.0054999301210045,207411.2178576324,56,10000,8596,28,70,0.0,0.0,72.4921875,72.4921875,N/A (GPTCache eviction path is CPU-only),5.340576171875e-05
Random,high_variance_cost,50000,0.1292,0.1330214690080007,41.7158049243241,0.0049998052418231,0.0136001035571098,0.0201018014922738,139409.73966637967,56,10000,8591,28,70,40.05,76.09499999999998,72.78125,72.78515625,N/A (GPTCache eviction path is CPU-only),5.340576171875e-05
LRU,high_variance_cost,100000,0.243,0.2386991577771309,72.76574408287699,0.0022999010980129,0.0041997991502285,0.0063003972172737,152795.15829119054,56,10000,7330,0,42,24.8,47.12,72.90234375,72.90234375,N/A (GPTCache eviction path is CPU-only),5.340576171875e-05
FIFO,high_variance_cost,50000,0.1202,0.1195904074718715,36.11594602774245,0.0023995526134967,0.0039995647966861,0.0056000426411628,230654.435361752,56,10000,8662,29,71,0.0,0.0,72.8984375,72.8984375,N/A (GPTCache eviction path is CPU-only),5.340576171875e-05
Random,high_variance_cost,50000,0.1199,0.1187400687323734,37.29027283481423,0.005899928510189,0.0145998783409595,0.0228007091209292,90814.4786978968,56,10000,8698,27,69,50.1,95.19,72.8203125,72.8203125,N/A (GPTCache eviction path is CPU-only),5.340576171875e-05
GDSF,high_variance_cost,50000,0.0848,0.1794772891084592,56.36477349185292,0.0152001157402992,0.0326996902003884,0.0477030128240585,43698.32943260117,56,10000,9067,27,69,48.86666666666667,78.74,72.99609375,72.99609375,N/A (GPTCache eviction path is CPU-only),5.340576171875e-05
LRU,high_variance_cost,50000,0.1213,0.1226201206503953,37.03091036266071,0.002400018274784,0.0042999163269996,0.0082999467849731,128432.18938384656,56,10000,8655,29,71,0.0,0.0,72.5,72.5,N/A (GPTCache eviction path is CPU-only),5.340576171875e-05
LFU,high_variance_cost,50000,0.1153,0.1210799377218547,38.899425910639536,0.0430000945925712,0.1269051339477299,0.1937167253345255,18469.6696636198,56,10000,8728,25,67,87.23750000000001,115.67,72.77587890625,72.77734375,N/A (GPTCache eviction path is CPU-only),5.340576171875e-05
GDSF,high_variance_cost,50000,0.0961,0.2086448587979117,65.43145473422288,0.0106003135442733,0.0307001173496246,0.0538011733442545,52391.13121154622,56,10000,8958,28,70,46.8,94.68,72.7734375,72.7734375,N/A (GPTCache eviction path is CPU-only),5.340576171875e-05
FIFO,high_variance_cost,100000,0.244,0.2402304003003681,73.23253249810352,0.0021997839212417,0.003899447619915,0.0054999301210045,215605.52829434228,56,10000,7326,0,42,0.0,0.0,72.65625,72.65625,N/A (GPTCache eviction path is CPU-only),5.340576171875e-05
Random,high_variance_cost,50000,0.1249,0.1216253404469031,36.73048971105249,0.0061998143792152,0.0153002329170703,0.0252998480573296,62908.03728431771,56,10000,8620,29,71,26.73333333333333,40.1,72.8046875,72.8046875,N/A (GPTCache eviction path is CPU-only),5.340576171875e-05
FIFO,high_variance_cost,100000,0.2428,0.2401106404278011,73.09545114628007,0.0022999010980129,0.0041001476347446,0.0066999392583966,146017.8026260531,56,10000,7312,1,43,0.0,0.0,72.671875,72.671875,N/A (GPTCache eviction path is CPU-only),5.340576171875e-05
LRU,high_variance_cost,100000,0.2394,0.2367573807177789,72.07463827902018,0.0022999010980129,0.0041001476347446,0.00580127350986,239766.1793579677,56,10000,7345,1,43,0.0,0.0,72.74609375,72.74609375,N/A (GPTCache eviction path is CPU-only),5.340576171875e-05
LFU,high_variance_cost,50000,0.125,0.1351727890182766,42.17595033983598,0.0424999743700027,0.1261001452803611,0.1921061845496298,19000.548363097947,56,10000,8624,26,68,69.38571428571429,126.0,72.88671875,72.88671875,N/A (GPTCache eviction path is CPU-only),5.340576171875e-05
Random,high_variance_cost,100000,0.2481,0.2525713695921227,76.99458939675795,0.0081998296082019,0.0217999564483761,0.0347001478075981,59822.99573741962,56,10000,7276,0,42,35.53333333333333,63.86,72.81380208333333,72.81640625,N/A (GPTCache eviction path is CPU-only),5.340576171875e-05
GDSF,high_variance_cost,50000,0.0888,0.1976198980125268,59.680619219456304,0.0144001096487045,0.0324002467095851,0.0507999211549758,40924.16590836167,56,10000,9014,29,71,52.325,114.41499999999996,72.66015625,72.66015625,N/A (GPTCache eviction path is CPU-only),5.340576171875e-05
LFU,high_variance_cost,50000,0.1256,0.1054951227564443,33.13070265435576,0.0435998663306236,0.1266002655029297,0.2040021540597081,19963.12411522481,56,10000,8618,27,69,73.78333333333335,113.04999999999998,72.82421875,72.82421875,N/A (GPTCache eviction path is CPU-only),5.340576171875e-05
FIFO,high_variance_cost,100000,0.2493,0.2542968260028478,74.12721027412412,0.0016004778444766,0.003899447619915,0.0057998113334178,138330.95484945673,56,10000,7228,2,44,0.0,0.0,72.8203125,72.8203125,N/A (GPTCache eviction path is CPU-only),5.340576171875e-05
LRU,high_variance_cost,100000,0.2488,0.2533958538159888,73.86457799594662,0.0021997839212417,0.0040996819734573,0.0056996941566467,176311.1818930067,56,10000,7238,2,44,0.0,0.0,72.8984375,72.8984375,N/A (GPTCache eviction path is CPU-only),5.340576171875e-05
Random,high_variance_cost,100000,0.2374,0.2359632458249789,71.8328845268466,0.0070002861320972,0.0220051500946282,0.0351021438837051,80202.36680835312,56,10000,7381,1,43,37.2,70.68,72.78515625,72.78515625,N/A (GPTCache eviction path is CPU-only),5.340576171875e-05
GDSF,high_variance_cost,100000,0.1714,0.3811220084286696,116.18233925888464,0.0164997763931751,0.0362000428140163,0.0574012007564306,39114.58655202006,56,10000,8108,0,42,59.0,116.11499999999998,72.66796875,72.66796875,N/A (GPTCache eviction path is CPU-only),5.340576171875e-05
Random,high_variance_cost,100000,0.2512,0.2550349545354495,74.34237382848512,0.004899688065052,0.0193002633750438,0.0316994357854127,88076.23894640937,56,10000,7226,2,44,0.0,0.0,72.50390625,72.50390625,N/A (GPTCache eviction path is CPU-only),5.340576171875e-05
FIFO,high_variance_cost,100000,0.2356,0.2329391779458041,73.98648349442935,0.0022994354367256,0.0040000304579734,0.0054002739489078,206796.14717403377,56,10000,7415,3,45,0.0,0.0,72.65625,72.65625,N/A (GPTCache eviction path is CPU-only),5.340576171875e-05
GDSF,high_variance_cost,100000,0.1766,0.3783807363983554,115.18819233842297,0.0151996500790119,0.0349995680153369,0.0505000352859497,46669.21783525192,56,10000,8039,1,43,53.1,95.29,72.90234375,72.90234375,N/A (GPTCache eviction path is CPU-only),5.340576171875e-05
LRU,high_variance_cost,100000,0.2381,0.2337829360927481,74.25447919512115,0.002400018274784,0.0042002648115158,0.0061998143792152,123632.16436576676,56,10000,7387,3,45,37.2,70.68,72.783203125,72.7890625,N/A (GPTCache eviction path is CPU-only),5.340576171875e-05
Random,high_variance_cost,100000,0.2455,0.2474876854155099,78.60740178420886,0.0045998021960258,0.0156997935846447,0.0254009617492556,152340.32760591767,56,10000,7308,3,45,0.0,0.0,72.68359375,72.68359375,N/A (GPTCache eviction path is CPU-only),5.340576171875e-05
LRU,high_variance_cost,100000,0.2443,0.2478152568023501,76.04679881216853,0.0023003667593002,0.0041997991502285,0.0057998113334178,203162.01478084683,56,10000,7314,4,46,0.0,0.0,72.88671875,72.88671875,N/A (GPTCache eviction path is CPU-only),5.340576171875e-05
GDSF,high_variance_cost,100000,0.176,0.3936289968341088,114.74236575012443,0.0154003500938415,0.0354996882379055,0.0585010927170515,41442.51447002222,56,10000,8045,2,44,47.73333333333333,80.8,72.77734375,72.77734375,N/A (GPTCache eviction path is CPU-only),5.340576171875e-05
LFU,high_variance_cost,50000,0.1228,0.1189215563776713,35.91395499410196,0.0383998267352581,0.1199203310534355,0.1934013050049543,22888.43330807476,56,10000,8644,29,71,64.225,106.53,72.80859375,72.80859375,N/A (GPTCache eviction path is CPU-only),5.340576171875e-05
LRU,high_variance_cost,100000,0.2425,0.2407095191888575,77.69683465107926,0.0022994354367256,0.0042994506657123,0.0062012765556574,229657.5123255372,56,10000,7329,5,47,0.0,0.0,72.8984375,72.8984375,N/A (GPTCache eviction path is CPU-only),5.340576171875e-05
FIFO,high_variance_cost,100000,0.2466,0.251116160043445,77.05974340610928,0.0022999010980129,0.0041055493056773,0.006001042202115,132179.14474684288,56,10000,7293,4,46,0.0,0.0,72.82421875,72.82421875,N/A (GPTCache eviction path is CPU-only),5.340576171875e-05
GDSF,high_variance_cost,100000,0.1738,0.3700583307714497,117.538470011979,0.0157002359628677,0.0354000367224216,0.0514011597260833,46299.59725813487,56,10000,8075,3,45,56.86666666666667,77.13,72.74609375,72.74609375,N/A (GPTCache eviction path is CPU-only),5.340576171875e-05
LRU,high_variance_cost,100000,0.2515,0.2480299293708618,72.06973392376216,0.0022994354367256,0.0041001476347446,0.005899928510189,198851.4335227975,56,10000,7240,6,48,0.0,0.0,72.90234375,72.90234375,N/A (GPTCache eviction path is CPU-only),5.340576171875e-05
Random,high_variance_cost,100000,0.2416,0.240074718806855,73.67146832107271,0.0080997124314308,0.0211996957659721,0.0336012570187449,100289.0329990091,56,10000,7342,4,46,30.05,57.095,72.82421875,72.82421875,N/A (GPTCache eviction path is CPU-only),5.340576171875e-05
LRU,high_variance_cost,100000,0.2406,0.2412449683451611,73.13426552912671,0.0022999010980129,0.0042002648115158,0.006099697202444,171923.21926617887,56,10000,7327,7,49,0.0,0.0,72.80859375,72.80859375,N/A (GPTCache eviction path is CPU-only),5.340576171875e-05
LFU,high_variance_cost,50000,0.1198,0.1377596338550425,43.20170311754429,0.0414000824093818,0.1266999170184135,0.2374011697247624,13895.767297186672,56,10000,8684,28,70,59.10000000000001,99.68,72.8125,72.8125,N/A (GPTCache eviction path is CPU-only),5.340576171875e-05
Random,high_variance_cost,100000,0.2353,0.2349504911602374,75.83792084493453,0.0060000456869602,0.0186995835974812,0.0281018670648336,122961.75513882416,56,10000,7406,5,47,0.0,0.0,72.50390625,72.50390625,N/A (GPTCache eviction path is CPU-only),5.340576171875e-05
FIFO,high_variance_cost,100000,0.2445,0.244802789320447,74.2128315431518,0.0022999010980129,0.0041001476347446,0.005700159817934,213173.7081746153,56,10000,7291,7,49,0.0,0.0,72.8984375,72.8984375,N/A (GPTCache eviction path is CPU-only),5.340576171875e-05
Random,high_variance_cost,100000,0.2463,0.2387626608181844,69.37695575587878,0.0075001735240221,0.0182053307071327,0.0299001112580299,102394.28547517204,56,10000,7290,6,48,40.05,76.09499999999998,72.88671875,72.88671875,N/A (GPTCache eviction path is CPU-only),5.340576171875e-05
FIFO,high_variance_cost,100000,0.249,0.2476158836052767,71.94942518427385,0.0023003667593002,0.0042002648115158,0.0061001628637313,68079.40506230899,56,10000,7265,6,48,23.46666666666667,47.35999999999999,72.7890625,72.7890625,N/A (GPTCache eviction path is CPU-only),5.340576171875e-05
GDSF,high_variance_cost,100000,0.1753,0.3746415722065009,120.92776549609889,0.0123996287584304,0.0330000184476375,0.05010103341192,52408.81389370359,56,10000,8068,5,47,59.76666666666667,97.29,72.65625,72.65625,N/A (GPTCache eviction path is CPU-only),5.340576171875e-05
GDSF,high_variance_cost,100000,0.1836,0.4024767230859128,123.50759506105204,0.0142999924719333,0.0363998347893357,0.0677011627703905,28562.28047026999,56,10000,7986,4,46,39.32,63.18,72.82265625,72.828125,N/A (GPTCache eviction path is CPU-only),5.340576171875e-05
LRU,high_variance_cost,100000,0.2555,0.2509485592518482,73.25360932362193,0.0023995526134967,0.0044996850192546,0.0070012779906392,161263.7927024706,56,10000,7191,8,50,0.0,0.0,72.82421875,72.82421875,N/A (GPTCache eviction path is CPU-only),5.340576171875e-05
Random,high_variance_cost,100000,0.2428,0.2479288635070633,75.16051199093897,0.006700400263071,0.0192001461982727,0.0298009905964136,108489.87491524842,56,10000,7315,7,49,63.0,119.7,72.74609375,72.74609375,N/A (GPTCache eviction path is CPU-only),5.340576171875e-05
FIFO,high_variance_cost,100000,0.2426,0.2401614271269855,77.51992009261753,0.0020996667444705,0.0040000304579734,0.0063013890758156,121432.61333772376,56,10000,7334,5,47,10.0,19.0,72.78515625,72.78515625,N/A (GPTCache eviction path is CPU-only),5.340576171875e-05
FIFO,high_variance_cost,100000,0.2573,0.2514856861455541,73.41040035580019,0.0022994354367256,0.0041001476347446,0.006001042202115,227796.1404728458,56,10000,7172,8,50,0.0,0.0,72.80859375,72.80859375,N/A (GPTCache eviction path is CPU-only),5.340576171875e-05
LFU,high_variance_cost,100000,0.2453,0.2308939495028457,70.28966886176688,0.0454999972134828,0.2291052136570214,0.3796171024441722,13127.122002057848,56,10000,7297,1,43,80.04,100.8,72.4921875,72.4921875,N/A (GPTCache eviction path is CPU-only),5.340576171875e-05
GDSF,high_variance_cost,100000,0.1843,0.4162666662712517,120.95406371157472,0.0145998783409595,0.0330000184476375,0.0574022065848112,46223.985688058245,56,10000,7967,6,48,75.9,95.94,72.77734375,72.77734375,N/A (GPTCache eviction path is CPU-only),5.340576171875e-05
LRU,high_variance_cost,100000,0.2382,0.2408312653349348,73.65402860031186,0.0023997854441404,0.0043003819882869,0.0062999315559864,173862.24474115935,56,10000,7364,9,51,0.0,0.0,72.9140625,72.9140625,N/A (GPTCache eviction path is CPU-only),5.340576171875e-05
GDSF,high_variance_cost,100000,0.1814,0.4108610469397823,124.5539797517262,0.0136001035571098,0.0333995791152119,0.0555008416995406,49170.08266253324,56,10000,7999,7,49,79.3,95.94,72.90234375,72.90234375,N/A (GPTCache eviction path is CPU-only),5.340576171875e-05
LRU,high_variance_cost,100000,0.2492,0.2378657472781876,68.00304293702645,0.0022999010980129,0.0041001476347446,0.0057011563330888,241345.3540980253,56,10000,7263,10,52,0.0,0.0,72.74609375,72.74609375,N/A (GPTCache eviction path is CPU-only),5.340576171875e-05
LFU,high_variance_cost,100000,0.2463,0.2471784630214838,72.05221626880687,0.0392999500036239,0.2246000804007053,0.3559178020805125,13302.384893261842,56,10000,7289,2,44,74.18,114.39,72.99609375,72.99609375,N/A (GPTCache eviction path is CPU-only),5.340576171875e-05
FIFO,high_variance_cost,100000,0.2412,0.2428192476094035,74.26201819459065,0.0023003667593002,0.0041001476347446,0.0059003941714763,113866.68484588424,56,10000,7326,9,51,20.05,38.095,72.7890625,72.7890625,N/A (GPTCache eviction path is CPU-only),5.340576171875e-05
Random,high_variance_cost,100000,0.2533,0.2470434119690506,72.1136699900067,0.004650093615055,0.0188051257282494,0.031400010921061,83011.9389897379,56,10000,7209,8,50,0.0,0.0,72.50390625,72.50390625,N/A (GPTCache eviction path is CPU-only),5.340576171875e-05
LFU,high_variance_cost,100000,0.2415,0.2472242430525343,75.36455582235494,0.0400999560952186,0.2215051557868718,0.3721311548724777,9925.989832651005,56,10000,7342,0,42,56.84285714285714,107.065,72.59877232142857,72.73828125,N/A (GPTCache eviction path is CPU-only),5.340576171875e-05
Random,high_variance_cost,100000,0.2436,0.2516630560732938,76.96674227030047,0.0068997032940387,0.0199000351130962,0.0320998951792717,75781.22874260799,56,10000,7319,9,51,35.5,67.45,72.828125,72.828125,N/A (GPTCache eviction path is CPU-only),5.340576171875e-05
Random,high_variance_cost,100000,0.2442,0.241922791415118,69.16290453878297,0.0043995678424835,0.0157998874783515,0.0266029639169574,136972.79188738324,56,10000,7319,10,52,0.0,0.0,72.4921875,72.4921875,N/A (GPTCache eviction path is CPU-only),5.340576171875e-05
GDSF,high_variance_cost,100000,0.1726,0.3869705745624305,118.34817928088135,0.0148001126945018,0.0324999215081334,0.047701015137136,57459.83855142074,56,10000,8090,9,51,43.0,81.7,72.82421875,72.82421875,N/A (GPTCache eviction path is CPU-only),5.340576171875e-05
GDSF,high_variance_cost,100000,0.1907,0.4362023024483688,127.33045029180356,0.0156499445438385,0.0340994680300354,0.0530011672526598,40619.3475702302,56,10000,7909,8,50,78.675,121.03,72.8984375,72.8984375,N/A (GPTCache eviction path is CPU-only),5.340576171875e-05
FIFO,high_variance_cost,100000,0.2455,0.2542785320690697,80.54285022963566,0.0020000152289867,0.0038002617657184,0.0052000395953655,241517.3102313191,56,10000,7310,11,53,0.0,0.0,72.90234375,72.90234375,N/A (GPTCache eviction path is CPU-only),5.340576171875e-05
LRU,high_variance_cost,100000,0.2463,0.2563003760084715,81.18327029291767,0.0022999010980129,0.0043003819882869,0.0065998174250125,197165.54744030163,56,10000,7304,11,53,0.0,0.0,72.9296875,72.9296875,N/A (GPTCache eviction path is CPU-only),5.340576171875e-05
FIFO,high_variance_cost,100000,0.2482,0.2390032887994476,68.32825279089592,0.0022999010980129,0.0042002648115158,0.0069998204708099,96527.42595192172,56,10000,7272,10,52,20.05,38.095,72.78515625,72.78515625,N/A (GPTCache eviction path is CPU-only),5.340576171875e-05
GDSF,high_variance_cost,100000,0.1785,0.4182361602296873,119.56884035368878,0.0153994187712669,0.0342000275850296,0.0564009603112936,48215.44972493219,56,10000,8030,10,52,59.833333333333336,114.11,72.77734375,72.77734375,N/A (GPTCache eviction path is CPU-only),5.340576171875e-05
LFU,high_variance_cost,100000,0.2369,0.1996526063956532,64.44437926282954,0.0420999713242054,0.227410066872835,0.3829057700932027,13411.754537889366,56,10000,7382,5,47,75.60000000000001,100.2,72.66953125,72.671875,N/A (GPTCache eviction path is CPU-only),5.340576171875e-05
FIFO,high_variance_cost,100000,0.2508,0.2520924503571153,74.91215305731502,0.001399777829647,0.0029001384973526,0.0042012613266706,380340.9414557586,56,10000,7239,12,54,0.0,0.0,72.74609375,72.74609375,N/A (GPTCache eviction path is CPU-only),5.340576171875e-05
Random,high_variance_cost,100000,0.2516,0.25948747801081,82.1927864213622,0.0065995845943689,0.01960014924407,0.0297003425657749,110655.21178551132,56,10000,7242,11,53,40.05,76.09499999999998,72.99609375,72.99609375,N/A (GPTCache eviction path is CPU-only),5.340576171875e-05
FIFO,high_variance_cost,100000,0.2347,0.2398534558217519,76.75173289530656,0.0018002465367317,0.0038002617657184,0.0053998082876205,241593.7474184569,56,10000,7399,13,55,0.0,0.0,72.90234375,72.90234375,N/A (GPTCache eviction path is CPU-only),5.340576171875e-05
LRU,high_variance_cost,100000,0.2498,0.2506467264695747,74.48253967941086,0.0017001293599605,0.0037997961044311,0.0054994598031044,214492.85447696145,56,10000,7253,12,54,0.0,0.0,72.50390625,72.50390625,N/A (GPTCache eviction path is CPU-only),5.340576171875e-05
LRU,high_variance_cost,100000,0.2336,0.2365222928737379,75.68577982016423,0.0022999010980129,0.0041001476347446,0.005500391125679,232042.24849970173,56,10000,7408,13,55,0.0,0.0,72.8984375,72.8984375,N/A (GPTCache eviction path is CPU-only),5.340576171875e-05
LFU,high_variance_cost,100000,0.2378,0.2427076666197629,74.47943815793728,0.0423998571932315,0.2338151447474954,0.4260996356606483,9991.468281916865,56,10000,7376,4,46,64.1923076923077,110.07999999999996,72.72265625,72.72265625,N/A (GPTCache eviction path is CPU-only),5.340576171875e-05
Random,high_variance_cost,100000,0.2523,0.2539471539971831,75.46329944334877,0.0077001750469207,0.0205052318051456,0.0319001264870166,75976.58401893922,56,10000,7225,12,54,50.1,95.19,72.4921875,72.4921875,N/A (GPTCache eviction path is CPU-only),5.340576171875e-05
LFU,high_variance_cost,100000,0.2547,0.2471861065210248,71.82454541598486,0.0460001174360513,0.2317150123417375,0.3876011539250612,12034.217132464828,56,10000,7199,6,48,73.51818181818182,112.4,72.72975852272727,72.78515625,N/A (GPTCache eviction path is CPU-only),5.340576171875e-05
LRU,high_variance_cost,100000,0.241,0.2394229084702529,75.46576027357729,0.0013001263141632,0.0023995526134967,0.0030999071896076,437221.5512225693,56,10000,7345,14,56,0.0,0.0,72.6953125,72.6953125,N/A (GPTCache eviction path is CPU-only),5.340576171875e-05
LFU,high_variance_cost,100000,0.2391,0.2105563424355696,66.87721443698557,0.0447998754680156,0.2295047743245958,0.4204419441521177,8424.89935314978,56,10000,7365,3,45,57.55,121.65,72.8046875,72.8046875,N/A (GPTCache eviction path is CPU-only),5.340576171875e-05
GDSF,high_variance_cost,100000,0.1787,0.4070200468233756,128.92380023198223,0.0139996409416198,0.0352994771674275,0.0639023678377271,34650.57494728994,56,10000,8040,11,53,43.45,67.095,72.7890625,72.7890625,N/A (GPTCache eviction path is CPU-only),5.340576171875e-05
GDSF,high_variance_cost,100000,0.1915,0.4280154502021301,127.18968327300632,0.0155996531248092,0.0359001569449901,0.0573997432366013,41454.84963516607,56,10000,7901,12,54,59.16666666666666,113.91,72.82421875,72.82421875,N/A (GPTCache eviction path is CPU-only),5.340576171875e-05
FIFO,high_variance_cost,100000,0.2342,0.2289964049969583,72.50152043172449,0.0020000152289867,0.0038999132812023,0.0054999301210045,254204.5453657656,56,10000,7419,15,57,0.0,0.0,72.72265625,72.72265625,N/A (GPTCache eviction path is CPU-only),5.340576171875e-05
LRU,high_variance_cost,100000,0.2313,0.2269542390256801,71.85495946106836,0.0022994354367256,0.0042002648115158,0.0064000487327575,184313.79143960244,56,10000,7442,15,57,0.0,0.0,72.8984375,72.8984375,N/A (GPTCache eviction path is CPU-only),5.340576171875e-05
LFU,high_variance_cost,100000,0.2365,0.2639543566114845,80.01869691381401,0.0411500222980976,0.2071296330541367,0.3487137472257021,12158.008892423526,56,10000,7398,7,49,62.154545454545456,100.5,72.87144886363636,72.875,N/A (GPTCache eviction path is CPU-only),5.340576171875e-05
Random,high_variance_cost,100000,0.2372,0.2451547531231528,78.44811768610195,0.0081497710198163,0.0215997220948338,0.0347993383184075,64361.205496026654,56,10000,7369,13,55,20.05,38.095,72.78515625,72.78515625,N/A (GPTCache eviction path is CPU-only),5.340576171875e-05
FIFO,high_variance_cost,100000,0.2408,0.2379150968241468,74.99050018693903,0.0023003667593002,0.0043003819882869,0.0068015092983842,111323.367738175,56,10000,7348,14,56,30.05,57.095,72.75390625,72.75390625,N/A (GPTCache eviction path is CPU-only),5.340576171875e-05
Random,high_variance_cost,100000,0.2374,0.2259547999461196,71.2206316193698,0.0045998021960258,0.0177052104845642,0.0295001128688454,105373.0786176837,56,10000,7393,14,56,50.1,95.19,72.90234375,72.90234375,N/A (GPTCache eviction path is CPU-only),5.340576171875e-05
GDSF,high_variance_cost,100000,0.1728,0.3763199993284679,118.61552863477716,0.0101998448371887,0.028999987989664,0.0465020071715116,67995.24857300159,56,10000,8095,14,56,50.1,95.19,72.50390625,72.50390625,N/A (GPTCache eviction path is CPU-only),5.340576171875e-05
GDSF,high_variance_cost,100000,0.1832,0.3874611862624136,123.98536170106944,0.0158001203089952,0.0366997206583619,0.0568009633570909,44383.13651261989,56,10000,7981,13,55,50.03333333333333,95.17,72.78125,72.78125,N/A (GPTCache eviction path is CPU-only),5.340576171875e-05
LFU,high_variance_cost,100000,0.247,0.2343555098164982,71.67353208338238,0.0419998541474342,0.2404099563136695,0.3640049742534758,12408.284165477216,56,10000,7273,9,51,71.7,99.7,72.66051136363636,72.6640625,N/A (GPTCache eviction path is CPU-only),5.340576171875e-05
Random,high_variance_cost,100000,0.2312,0.2360768202677446,74.74321882182291,0.0076000578701496,0.020905234850943,0.0322030112147331,71818.8042485044,56,10000,7449,15,57,30.05,57.095,72.83984375,72.83984375,N/A (GPTCache eviction path is CPU-only),5.340576171875e-05
FIFO,high_variance_cost,100000,0.2366,0.2341506387444669,72.55126383452135,0.0020996667444705,0.0038999132812023,0.0053998129442334,134416.19014434336,56,10000,7395,16,58,20.05,38.095,72.7890625,72.7890625,N/A (GPTCache eviction path is CPU-only),5.340576171875e-05
LRU,high_variance_cost,100000,0.2394,0.240908439736612,74.6451594794415,0.0022994354367256,0.0041997991502285,0.005899928510189,87085.7873598926,56,10000,7363,16,58,8.4,15.96,72.84375,72.84375,N/A (GPTCache eviction path is CPU-only),5.340576171875e-05
LRU,high_variance_cost,100000,0.2386,0.2381533779431399,74.27618952476325,0.0012996606528759,0.0028000213205814,0.0043995724990963,391854.1394472703,56,10000,7373,18,60,0.0,0.0,72.78125,72.78125,N/A (GPTCache eviction path is CPU-only),5.340576171875e-05
GDSF,high_variance_cost,100000,0.1659,0.3699642133521914,117.13270334404186,0.0118999741971492,0.0340999104082584,0.0555008370429277,40947.82752473633,56,10000,8159,15,57,48.325,94.575,72.6953125,72.6953125,N/A (GPTCache eviction path is CPU-only),5.340576171875e-05
LFU,high_variance_cost,100000,0.2471,0.2340899940113483,68.33247825370815,0.0428999774158,0.2369045978412031,0.4259628709405674,11859.347662157554,56,10000,7274,8,50,64.97142857142858,96.4,72.8125,72.8125,N/A (GPTCache eviction path is CPU-only),5.340576171875e-05
FIFO,high_variance_cost,100000,0.2447,0.2425030159824889,74.91125082510119,0.0023003667593002,0.0044996850192546,0.006900168955326,101896.7051450693,56,10000,7329,17,59,20.05,38.095,72.78515625,72.78515625,N/A (GPTCache eviction path is CPU-only),5.340576171875e-05
LRU,high_variance_cost,100000,0.2426,0.2396051641979176,74.01607968255483,0.0018002465367317,0.0041997991502285,0.0065001659095287,98827.41281521916,56,10000,7350,17,59,33.25,63.175,72.87890625,72.87890625,N/A (GPTCache eviction path is CPU-only),5.340576171875e-05
LFU,high_variance_cost,100000,0.2442,0.2367035777048648,67.67079221030728,0.0453498214483261,0.232710246928036,0.3923180745914582,11713.18166426976,56,10000,7309,10,52,71.31666666666668,109.53,72.80859375,72.80859375,N/A (GPTCache eviction path is CPU-only),5.340576171875e-05
Random,high_variance_cost,100000,0.2419,0.2403652891129464,74.25088875467063,0.0062999315559864,0.0191000290215015,0.029599298723042,104781.27441367392,56,10000,7363,17,59,30.05,57.095,72.94140625,72.98046875,N/A (GPTCache eviction path is CPU-only),5.340576171875e-05
LFU,high_variance_cost,100000,0.2144,0.2572965975914913,81.49882396983959,0.0379001721739769,0.2062996383756399,0.341406036168337,13091.589286575228,56,10000,7642,11,53,69.74000000000001,100.08,72.74609375,72.74609375,N/A (GPTCache eviction path is CPU-only),5.340576171875e-05
FIFO,high_variance_cost,100000,0.2377,0.2380340902509576,74.23898562150973,0.0021997839212417,0.0040000304579734,0.0056000426411628,198661.02357136767,56,10000,7383,18,60,0.0,0.0,72.6640625,72.6640625,N/A (GPTCache eviction path is CPU-only),5.340576171875e-05
Random,high_variance_cost,100000,0.2403,0.2352891072470253,72.90401678509753,0.0068000517785549,0.0208998098969459,0.0340012554079294,65769.78601840083,56,10000,7348,16,58,33.46666666666666,70.52,72.73046875,72.73046875,N/A (GPTCache eviction path is CPU-only),5.340576171875e-05
GDSF,high_variance_cost,100000,0.1701,0.3764214547426563,116.63368685409634,0.0149998813867568,0.0356999458745121,0.0558998435735702,43761.56945495081,56,10000,8119,16,58,46.46666666666666,78.02,72.8984375,72.8984375,N/A (GPTCache eviction path is CPU-only),5.340576171875e-05
Random,high_variance_cost,100000,0.2363,0.2444210304087596,76.2309690304433,0.006900168955326,0.01999968662858,0.0296012219041586,108505.76679825682,56,10000,7406,18,60,50.4,95.76,72.7890625,72.7890625,N/A (GPTCache eviction path is CPU-only),5.340576171875e-05
LRU,high_variance_cost,100000,0.2376,0.2336615231272785,75.49754567271702,0.0021997839212417,0.0039003789424896,0.0053001567721366,187776.50118903,56,10000,7382,19,61,0.0,0.0,72.78515625,72.78515625,N/A (GPTCache eviction path is CPU-only),5.340576171875e-05
LRU,high_variance_cost,100000,0.2377,0.2350862097486147,75.38622475222687,0.0021001324057579,0.003899447619915,0.0052996957674622,215909.5066951509,56,10000,7372,20,62,0.0,0.0,72.80859375,72.80859375,N/A (GPTCache eviction path is CPU-only),5.340576171875e-05
LFU,high_variance_cost,100000,0.2395,0.2375442370553061,76.01279610845957,0.0401996076107025,0.2174100140109656,0.3541030175983907,12985.198433585792,56,10000,7360,13,55,84.73,113.55999999999996,72.93359375,72.93359375,N/A (GPTCache eviction path is CPU-only),5.340576171875e-05
FIFO,high_variance_cost,100000,0.2397,0.2348214636171404,75.87232992875938,0.002200249582529,0.0039003789424896,0.0053011532872915,185054.61746584027,56,10000,7358,19,61,0.0,0.0,72.6953125,72.6953125,N/A (GPTCache eviction path is CPU-only),5.340576171875e-05
GDSF,high_variance_cost,100000,0.1759,0.3894268601767559,120.29727994326927,0.0125993974506855,0.0326996902003884,0.0525000505149364,45685.52737591676,56,10000,8067,17,59,43.8,96.84,72.50390625,72.50390625,N/A (GPTCache eviction path is CPU-only),5.340576171875e-05
FIFO,high_variance_cost,100000,0.2362,0.2335732196868598,74.90104695738596,0.0021997839212417,0.0039995647966861,0.0060015078634023,175546.07961910355,56,10000,7383,20,62,0.0,0.0,72.98046875,72.98046875,N/A (GPTCache eviction path is CPU-only),5.340576171875e-05
Random,high_variance_cost,100000,0.2426,0.2406835059888047,77.7663936400922,0.0066002830862998,0.0195054570212959,0.0293999910354614,119905.22708023028,56,10000,7329,19,61,63.0,119.7,72.78515625,72.78515625,N/A (GPTCache eviction path is CPU-only),5.340576171875e-05
FIFO,high_variance_cost,100000,0.2379,0.2379614249889671,74.54655647057959,0.0019003637135028,0.0037001445889472,0.0048992317169904,267386.1158997836,56,10000,7380,21,63,0.0,0.0,72.7890625,72.7890625,N/A (GPTCache eviction path is CPU-only),5.340576171875e-05
LRU,high_variance_cost,100000,0.2364,0.2373639368558194,74.35938040681101,0.0021001324057579,0.0037001445889472,0.0049001537263393,254678.4428029073,56,10000,7402,21,63,0.0,0.0,72.8984375,72.8984375,N/A (GPTCache eviction path is CPU-only),5.340576171875e-05
LFU,high_variance_cost,100000,0.2225,0.2458002335281876,77.82170490188811,0.0597999896854162,0.2113999798893928,0.338305667974055,13487.706424418153,56,10000,7546,15,57,71.69000000000001,126.0,72.4921875,72.4921875,N/A (GPTCache eviction path is CPU-only),5.340576171875e-05
Random,high_variance_cost,100000,0.2371,0.2365984153119489,75.87115097818877,0.0043003819882869,0.0179000198841094,0.0275000929832458,119039.39955304704,56,10000,7390,20,62,50.4,95.76,72.6640625,72.6640625,N/A (GPTCache eviction path is CPU-only),5.340576171875e-05
LRU,high_variance_cost,100000,0.2449,0.2403045562161636,72.6086388831525,0.0016000121831893,0.0035003758966922,0.0049998052418231,292015.9919101368,56,10000,7298,22,64,0.0,0.0,72.6953125,72.6953125,N/A (GPTCache eviction path is CPU-only),5.340576171875e-05
Random,high_variance_cost,100000,0.2426,0.2426249006294399,76.00749094850094,0.0044996850192546,0.016100239008665,0.0270014302805066,129821.9102472004,56,10000,7335,21,63,0.0,0.0,72.80859375,72.80859375,N/A (GPTCache eviction path is CPU-only),5.340576171875e-05
GDSF,high_variance_cost,100000,0.1784,0.3777960168879885,122.06833054167332,0.0155996531248092,0.0355998054146766,0.0648996839299798,28860.07885520556,56,10000,8037,19,61,52.78,76.1,72.87890625,72.87890625,N/A (GPTCache eviction path is CPU-only),5.340576171875e-05
FIFO,high_variance_cost,100000,0.2424,0.2426618878585289,73.32091269370135,0.0021001324057579,0.0038999132812023,0.0054999301210045,189439.8639148927,56,10000,7325,22,64,0.0,0.0,72.50390625,72.50390625,N/A (GPTCache eviction path is CPU-only),5.340576171875e-05
LFU,high_variance_cost,100000,0.2382,0.23065483640643,72.7020764278766,0.0624498352408409,0.2231051446869968,0.3980322368443019,11432.322539620924,56,10000,7375,14,56,70.83333333333333,99.755,72.99609375,72.99609375,N/A (GPTCache eviction path is CPU-only),5.340576171875e-05
GDSF,high_variance_cost,100000,0.1673,0.3897895081283293,121.56904777313912,0.0155004672706127,0.0358997145667672,0.0662082713097335,28373.801010490773,56,10000,8146,18,60,76.96000000000001,99.7,72.84375,72.84375,N/A (GPTCache eviction path is CPU-only),5.340576171875e-05
LFU,high_variance_cost,100000,0.2547,0.2542019321708393,75.53900968978242,0.0400003045797348,0.2227051416411995,0.4313021386042238,9524.98971445191,56,10000,7204,12,54,48.4375,79.17499999999998,72.8291015625,72.83203125,N/A (GPTCache eviction path is CPU-only),5.340576171875e-05
FIFO,high_variance_cost,100000,0.2414,0.2458688282333598,77.86099701275653,0.0018998980522155,0.0037001445889472,0.0050994614139199,185136.84311837924,56,10000,7358,23,65,0.0,0.0,72.4921875,72.4921875,N/A (GPTCache eviction path is CPU-only),5.340576171875e-05
LRU,high_variance_cost,100000,0.2395,0.2442131851625128,77.33669297177799,0.0021993182599544,0.0039995647966861,0.0057011563330888,148225.6647497152,56,10000,7381,23,65,20.05,38.095,72.8984375,72.8984375,N/A (GPTCache eviction path is CPU-only),5.340576171875e-05
GDSF,high_variance_cost,100000,0.1777,0.3880368226931375,121.56091650946964,0.013899989426136,0.0327997840940952,0.0503999227657914,48122.19961399047,56,10000,8042,21,63,58.725,95.66,72.93359375,72.93359375,N/A (GPTCache eviction path is CPU-only),5.340576171875e-05
LFU,high_variance_cost,100000,0.2366,0.2367356602185857,73.35222929843097,0.0390000641345977,0.2071104943752287,0.3359081130474807,13698.641392209744,56,10000,7397,16,58,67.33333333333333,97.6,72.82421875,72.82421875,N/A (GPTCache eviction path is CPU-only),5.340576171875e-05
Random,high_variance_cost,100000,0.2508,0.2444111806847284,73.84946601419747,0.0073001720011234,0.0200993614271283,0.0299993017688393,63834.78543539915,56,10000,7241,22,64,19.8,37.62,72.78515625,72.78515625,N/A (GPTCache eviction path is CPU-only),5.340576171875e-05
LFU,high_variance_cost,100000,0.2396,0.235806403616423,73.54420616426441,0.0388994812965393,0.2112002111971378,0.3622042760252953,14462.545762377138,56,10000,7360,18,60,72.76666666666667,115.16,72.8828125,72.8828125,N/A (GPTCache eviction path is CPU-only),5.340576171875e-05
Random,high_variance_cost,100000,0.2351,0.2438369659491125,77.2175530089727,0.0072997063398361,0.0201999209821224,0.0308003090322017,93747.07029443714,56,10000,7421,23,65,40.05,76.09499999999998,72.6953125,72.6953125,N/A (GPTCache eviction path is CPU-only),5.340576171875e-05
LRU,high_variance_cost,100000,0.2368,0.2397911188223075,73.63415377492456,0.0021001324057579,0.0040004961192607,0.0065998174250125,136947.46763551174,56,10000,7403,24,66,25.2,47.88,72.8828125,72.8828125,N/A (GPTCache eviction path is CPU-only),5.340576171875e-05
LRU,high_variance_cost,100000,0.2375,0.2464542814280868,79.17851826778188,0.0021993182599544,0.0038002617657184,0.0052005052566528,258631.1686713193,56,10000,7379,25,67,0.0,0.0,72.4921875,72.4921875,N/A (GPTCache eviction path is CPU-only),5.340576171875e-05
FIFO,high_variance_cost,100000,0.237,0.2448645121212841,78.66777210678666,0.0020000152289867,0.0035995617508888,0.0048000365495681,278442.94969108934,56,10000,7379,25,67,0.0,0.0,72.8984375,72.8984375,N/A (GPTCache eviction path is CPU-only),5.340576171875e-05
GDSF,high_variance_cost,100000,0.1743,0.3785960396353512,121.4062116394378,0.0108997337520122,0.0294049736112355,0.0470001250505447,50254.615056265335,56,10000,8068,20,62,46.73333333333333,78.1,72.73046875,72.73046875,N/A (GPTCache eviction path is CPU-only),5.340576171875e-05
LFU,high_variance_cost,100000,0.239,0.2397359511836143,74.05648089839327,0.0403001904487609,0.2000001259148121,0.3325033141300083,14041.916516901922,56,10000,7368,17,59,65.53333333333333,100.26,72.77039930555556,72.78125,N/A (GPTCache eviction path is CPU-only),5.340576171875e-05
LRU,high_variance_cost,100000,0.2375,0.239224613180381,74.64168993508024,0.0021001324057579,0.0037997961044311,0.0050999224185943,270685.0790895514,56,10000,7376,26,68,0.0,0.0,72.8828125,72.8828125,N/A (GPTCache eviction path is CPU-only),5.340576171875e-05
GDSF,high_variance_cost,100000,0.1709,0.3809150215723826,120.6270171370072,0.0141998752951622,0.033699907362461,0.0506001524627208,57635.29306371398,56,10000,8126,23,65,60.1,98.19,72.80859375,72.80859375,N/A (GPTCache eviction path is CPU-only),5.340576171875e-05
GDSF,high_variance_cost,100000,0.1797,0.3905670262615886,118.01083015664832,0.015299767255783,0.0343001447618007,0.0669031590223313,29778.531100001463,56,10000,8020,22,64,40.39999999999999,80.1,72.79296875,72.79296875,N/A (GPTCache eviction path is CPU-only),5.340576171875e-05
LFU,high_variance_cost,100000,0.2401,0.2372667020645665,76.08545370307272,0.0394501257687807,0.212899874895811,0.3616029582917691,14400.459202389113,56,10000,7355,20,62,86.99,126.0,72.74609375,72.74609375,N/A (GPTCache eviction path is CPU-only),5.340576171875e-05
Random,high_variance_cost,100000,0.2408,0.2457122616387794,75.45239601347247,0.0072997063398361,0.0204998068511486,0.0337013695389032,50075.38841256202,56,10000,7359,24,66,46.96666666666667,94.73,72.890625,72.94921875,N/A (GPTCache eviction path is CPU-only),5.340576171875e-05
FIFO,high_variance_cost,100000,0.2395,0.2412647412501731,75.27824068455706,0.0018994323909282,0.0039003789424896,0.0062012718990445,225915.1828519865,56,10000,7358,26,68,0.0,0.0,72.6953125,72.6953125,N/A (GPTCache eviction path is CPU-only),5.340576171875e-05
Random,high_variance_cost,100000,0.2362,0.233943072625374,72.9937695675003,0.0065998174250125,0.0193002633750438,0.0301995361223816,109980.75319603043,56,10000,7396,26,68,40.05,76.09499999999998,72.4921875,72.4921875,N/A (GPTCache eviction path is CPU-only),5.340576171875e-05
FIFO,high_variance_cost,100000,0.2353,0.239319751102386,73.48940795054332,0.0020000152289867,0.003899447619915,0.0052996911108493,272738.18035168265,56,10000,7404,24,66,0.0,0.0,72.50390625,72.50390625,N/A (GPTCache eviction path is CPU-only),5.340576171875e-05
Random,high_variance_cost,100000,0.2369,0.2396778532933776,77.00145104157937,0.0042002648115158,0.0155054265633224,0.0258014211431145,133781.590816454,56,10000,7382,25,67,0.0,0.0,72.82421875,72.82421875,N/A (GPTCache eviction path is CPU-only),5.340576171875e-05
LFU,high_variance_cost,100000,0.2392,0.2460599262004822,79.50354969836944,0.0388999469578266,0.2147051272913812,0.3645185567438606,11305.552798784242,56,10000,7369,19,61,57.866666666666674,93.675,72.8125,72.8125,N/A (GPTCache eviction path is CPU-only),5.340576171875e-05
LFU,high_variance_cost,100000,0.2469,0.2440810710835566,76.4636677973059,0.0397004187107086,0.212204991839826,0.3346085269004108,14340.885723085788,56,10000,7280,21,63,71.42999999999999,100.08,72.78515625,72.78515625,N/A (GPTCache eviction path is CPU-only),5.340576171875e-05
LRU,high_variance_cost,100000,0.2329,0.2286474973097642,71.80665843217534,0.002200249582529,0.0040000304579734,0.005899928510189,186203.44227105245,56,10000,7445,27,69,0.0,0.0,72.73046875,72.73046875,N/A (GPTCache eviction path is CPU-only),5.340576171875e-05
GDSF,high_variance_cost,100000,0.1718,0.3839517607420366,117.90246082292371,0.0152001157402992,0.0358050456270574,0.0731019722297788,30370.830909493936,56,10000,8109,24,66,39.16666666666666,81.74999999999999,72.83203125,72.83203125,N/A (GPTCache eviction path is CPU-only),5.340576171875e-05
LRU,high_variance_cost,100000,0.2514,0.2503871899179445,78.52193520384614,0.0021997839212417,0.0041001476347446,0.0056992331519722,160514.1586824186,56,10000,7244,28,70,0.0,0.0,72.74609375,72.74609375,N/A (GPTCache eviction path is CPU-only),5.340576171875e-05
Random,high_variance_cost,100000,0.2298,0.2245883518057981,70.53188535064488,0.0073001720011234,0.0190003775060176,0.0284022185951471,115411.07124721746,56,10000,7472,27,69,0.0,0.0,72.80859375,72.80859375,N/A (GPTCache eviction path is CPU-only),5.340576171875e-05
LFU,high_variance_cost,100000,0.2536,0.2308948236239374,69.76546401150591,0.0408000778406858,0.2206000499427318,0.3687018994241953,13342.749755808269,56,10000,7208,22,64,74.03636363636365,109.75,72.98046875,72.98046875,N/A (GPTCache eviction path is CPU-only),5.340576171875e-05
GDSF,high_variance_cost,100000,0.1766,0.3978118952112932,124.1233154903609,0.0126999802887439,0.0324052292853593,0.0493996823206543,47680.851087402894,56,10000,8053,26,68,46.73333333333333,78.1,72.8984375,72.8984375,N/A (GPTCache eviction path is CPU-only),5.340576171875e-05
GDSF,high_variance_cost,100000,0.1803,0.4005251501292282,128.6769608239358,0.014900229871273,0.0343001447618007,0.0538001768290996,36031.6602701887,56,10000,8012,25,67,52.25,97.185,72.78515625,72.78515625,N/A (GPTCache eviction path is CPU-only),5.340576171875e-05
FIFO,high_variance_cost,100000,0.2334,0.2317161200207201,72.77035821220967,0.0020996667444705,0.0037001445889472,0.005899928510189,187592.2712478932,56,10000,7443,27,69,0.0,0.0,72.78125,72.78125,N/A (GPTCache eviction path is CPU-only),5.340576171875e-05
LFU,high_variance_cost,100000,0.2353,0.2402735237291513,76.08909290267492,0.0377004034817218,0.2026094589382408,0.3663198836147789,15212.299811623045,56,10000,7411,23,65,76.19000000000001,114.39,72.665234375,72.66796875,N/A (GPTCache eviction path is CPU-only),5.340576171875e-05
FIFO,high_variance_cost,100000,0.251,0.2520053176597204,79.0293833753477,0.0020994339138269,0.0040004961192607,0.0062012718990445,129501.30347748051,56,10000,7252,28,70,20.05,38.095,73.03125,73.03125,N/A (GPTCache eviction path is CPU-only),5.340576171875e-05
Random,high_variance_cost,100000,0.2482,0.2488121075586398,78.02798615238478,0.0061998143792152,0.0201002694666385,0.030399770475924,115887.88093756282,56,10000,7274,28,70,0.0,0.0,72.4921875,72.4921875,N/A (GPTCache eviction path is CPU-only),5.340576171875e-05
LRU,high_variance_cost,100000,0.2447,0.2380951007685025,71.90400961588568,0.0021001324057579,0.0038002617657184,0.0054002739489078,202156.1987130643,56,10000,7288,29,71,0.0,0.0,72.83984375,72.83984375,N/A (GPTCache eviction path is CPU-only),5.340576171875e-05
FIFO,high_variance_cost,100000,0.2447,0.2403276050984658,72.5782192585497,0.0021001324057579,0.0037001445889472,0.0052000395953655,129274.12546547016,56,10000,7293,29,71,0.0,0.0,72.8125,72.8125,N/A (GPTCache eviction path is CPU-only),5.340576171875e-05
LRU,high_variance_cost,250000,0.5982,0.58660204699718,178.82147062346297,0.0009001232683658,0.0035995617508888,0.0054002739489078,325994.1185507322,56,10000,3406,0,42,0.0,0.0,72.74609375,72.74609375,N/A (GPTCache eviction path is CPU-only),5.340576171875e-05
LFU,high_variance_cost,100000,0.2457,0.2400868904494806,73.72497821239533,0.0392999500036239,0.2123046666383742,0.3262079181149603,14935.457907583388,56,10000,7292,24,66,70.61,92.83499999999998,72.99609375,72.99609375,N/A (GPTCache eviction path is CPU-only),5.340576171875e-05
GDSF,high_variance_cost,100000,0.1819,0.3870978391941316,121.39467461059634,0.0141002237796783,0.032499898225069,0.0493000261485576,58552.054496539335,56,10000,8009,28,70,73.46666666666667,118.2,72.50390625,72.50390625,N/A (GPTCache eviction path is CPU-only),5.340576171875e-05
FIFO,high_variance_cost,250000,0.5936,0.5872356474144665,179.01461921369858,0.0006998889148235,0.0034999102354049,0.0050999224185943,294690.56164469186,56,10000,3461,0,42,0.0,0.0,72.80859375,72.80859375,N/A (GPTCache eviction path is CPU-only),5.340576171875e-05
Random,high_variance_cost,100000,0.244,0.2408225463702463,72.727690045015,0.0069998204708099,0.0194053398445247,0.0315006589516997,97821.2278509246,56,10000,7298,29,71,24.95,47.405,72.73046875,72.73046875,N/A (GPTCache eviction path is CPU-only),5.340576171875e-05
FIFO,high_variance_cost,250000,0.5904,0.5823031297766795,177.26707112638664,0.0006002373993396,0.0036004930734634,0.0052000395953655,236277.5888367864,56,10000,3471,1,43,0.0,0.0,72.66796875,72.66796875,N/A (GPTCache eviction path is CPU-only),5.340576171875e-05
Random,high_variance_cost,250000,0.5878,0.579207045943421,176.56715703818904,0.0006002373993396,0.0272998819127678,0.042099505662918,137232.00321972056,56,10000,3522,0,42,0.0,0.0,72.8984375,72.8984375,N/A (GPTCache eviction path is CPU-only),5.340576171875e-05
LRU,high_variance_cost,250000,0.5907,0.5829109379957338,177.4521025598251,0.0010998919606208,0.0042999163269996,0.0064000487327575,139595.20125572284,56,10000,3470,1,43,0.0,0.0,72.78125,72.78125,N/A (GPTCache eviction path is CPU-only),5.340576171875e-05
GDSF,high_variance_cost,100000,0.1681,0.3607887790612217,113.3055770521411,0.012849923223257,0.0333053525537251,0.0637016678228974,36294.689691713145,56,10000,8140,27,69,27.566666666666663,42.35,72.79557291666667,72.796875,N/A (GPTCache eviction path is CPU-only),5.340576171875e-05
LFU,high_variance_cost,100000,0.2347,0.2392776413627008,76.87287470896116,0.0539999455213546,0.218305131420493,0.3511037677526474,14542.581981799298,56,10000,7407,25,67,81.47777777777777,123.68,72.98046875,73.015625,N/A (GPTCache eviction path is CPU-only),5.340576171875e-05
LRU,high_variance_cost,250000,0.5975,0.5955878011006528,173.61310741800952,0.001000240445137,0.0038002617657184,0.005700159817934,171410.74407372472,56,10000,3386,2,44,0.0,0.0,72.8125,72.8125,N/A (GPTCache eviction path is CPU-only),5.340576171875e-05
FIFO,high_variance_cost,250000,0.5988,0.5965537120656997,173.8946692697147,0.0006002373993396,0.0033993273973464,0.0045011425390839,343947.5553102712,56,10000,3385,2,44,0.0,0.0,72.8203125,72.8203125,N/A (GPTCache eviction path is CPU-only),5.340576171875e-05
Random,high_variance_cost,250000,0.5839,0.588807868811219,179.2472700608085,0.0006998889148235,0.0284994253888726,0.0438011018559336,104487.09376537868,56,10000,3547,1,43,33.25,63.175,72.4921875,72.4921875,N/A (GPTCache eviction path is CPU-only),5.340576171875e-05
FIFO,high_variance_cost,250000,0.5936,0.598688985499773,190.1564740401089,0.0007003545761108,0.0035003758966922,0.0047995708882808,334354.22791999724,56,10000,3455,3,45,0.0,0.0,72.66796875,72.66796875,N/A (GPTCache eviction path is CPU-only),5.340576171875e-05
GDSF,high_variance_cost,250000,0.4365,0.8424802688228936,256.47124684574595,0.0086999498307704,0.0281999818980693,0.0470997765660285,58585.25977092948,56,10000,5210,1,43,46.333333333333336,93.02,72.83984375,72.83984375,N/A (GPTCache eviction path is CPU-only),5.340576171875e-05
Random,high_variance_cost,250000,0.6089,0.6038468300899356,176.02060415389798,0.0006002373993396,0.0273995101451873,0.0433009769767523,68572.76087060245,56,10000,3267,2,44,16.8,31.92,72.50390625,72.50390625,N/A (GPTCache eviction path is CPU-only),5.340576171875e-05
LRU,high_variance_cost,250000,0.5926,0.591611208922758,181.54708939432064,0.0009997747838497,0.0037001445889472,0.0053998129442334,261735.568546514,56,10000,3461,4,46,0.0,0.0,73.015625,73.015625,N/A (GPTCache eviction path is CPU-only),5.340576171875e-05
LRU,high_variance_cost,250000,0.5858,0.5878408428233297,186.71087104556827,0.0010998919606208,0.0041997991502285,0.0065011624246835,97119.24875158755,56,10000,3537,3,45,8.4,15.96,72.73046875,72.73046875,N/A (GPTCache eviction path is CPU-only),5.340576171875e-05
GDSF,high_variance_cost,100000,0.1836,0.4057481691947658,122.53473576415556,0.014099758118391,0.0338996760547161,0.0564009696245193,34224.63407866171,56,10000,7968,29,71,40.05,76.09499999999998,72.83203125,72.83203125,N/A (GPTCache eviction path is CPU-only),5.340576171875e-05
GDSF,high_variance_cost,250000,0.458,0.8562055564691837,249.5828607847188,0.0080997124314308,0.0279000960290431,0.0409029657021165,67551.8663955273,56,10000,4978,2,44,40.05,76.09499999999998,72.810546875,72.8125,N/A (GPTCache eviction path is CPU-only),5.340576171875e-05
LFU,high_variance_cost,100000,0.2452,0.2229349171051129,70.01262481996363,0.0423002056777477,0.2224048366770147,0.3541140165179971,13479.677695796994,56,10000,7300,27,69,68.69,100.8,72.8828125,72.8828125,N/A (GPTCache eviction path is CPU-only),5.340576171875e-05
Random,high_variance_cost,250000,0.5816,0.5847815219171335,185.73916505035305,0.0006998889148235,0.0289003364741802,0.0534011702984571,64080.3413598757,56,10000,3585,3,45,28.65,54.435,72.78125,72.78125,N/A (GPTCache eviction path is CPU-only),5.340576171875e-05
GDSF,high_variance_cost,250000,0.439,0.8449585491703457,257.5796166276168,0.0086997170001268,0.0287997536361217,0.0647004507482052,29562.26270227176,56,10000,5180,0,42,36.025,80.41499999999999,72.78515625,72.78515625,N/A (GPTCache eviction path is CPU-only),5.340576171875e-05
LRU,high_variance_cost,250000,0.5725,0.5738089979333578,185.21553690093265,0.0010998919606208,0.0038999132812023,0.0057993549853563,180744.232902084,56,10000,3671,5,47,0.0,0.0,72.83984375,72.83984375,N/A (GPTCache eviction path is CPU-only),5.340576171875e-05
GDSF,high_variance_cost,250000,0.4356,0.8361681157218126,265.5849438380588,0.0086999498307704,0.0292002223432064,0.0537050561979414,42608.510028879566,56,10000,5219,3,45,39.73333333333333,80.72,72.796875,72.796875,N/A (GPTCache eviction path is CPU-only),5.340576171875e-05
FIFO,high_variance_cost,250000,0.6014,0.6031481246051678,185.08741018462985,0.0006998889148235,0.0036000274121761,0.005500391125679,103487.31526198937,56,10000,3378,4,46,16.8,31.92,72.8125,72.8125,N/A (GPTCache eviction path is CPU-only),5.340576171875e-05
Random,high_variance_cost,250000,0.5904,0.5949988793852031,182.5866601512776,0.0006998889148235,0.0288998708128929,0.0489060208201409,77949.7348187906,56,10000,3478,4,46,31.25,59.375,72.58984375,72.58984375,N/A (GPTCache eviction path is CPU-only),5.340576171875e-05
FIFO,high_variance_cost,250000,0.5799,0.5806049537410225,187.40915290940416,0.0006998889148235,0.0035995617508888,0.0053001567721366,299422.7125185441,56,10000,3603,5,47,0.0,0.0,72.5078125,72.5078125,N/A (GPTCache eviction path is CPU-only),5.340576171875e-05
LFU,high_variance_cost,100000,0.2462,0.2466074373593336,77.33659706577656,0.0437998678535223,0.2258300781249995,0.3883150452747944,12076.533340616535,56,10000,7287,28,70,68.52222222222221,99.74,72.6953125,72.6953125,N/A (GPTCache eviction path is CPU-only),5.340576171875e-05
LFU,high_variance_cost,100000,0.2467,0.2658503808101293,82.94933129890859,0.041299732401967,0.2201103605329989,0.4187308158725507,9531.579123064776,56,10000,7291,26,68,51.61818181818182,99.95,72.8828125,72.8828125,N/A (GPTCache eviction path is CPU-only),5.340576171875e-05
LRU,high_variance_cost,250000,0.6,0.5963267278347588,173.27388156619648,0.001000240445137,0.0038999132812023,0.0056000426411628,181877.3741477117,56,10000,3386,6,48,0.0,0.0,72.8125,72.8125,N/A (GPTCache eviction path is CPU-only),5.340576171875e-05
FIFO,high_variance_cost,250000,0.6023,0.598751517230675,173.97844946664344,0.0006998889148235,0.0033001415431499,0.004699919372797,298552.914197533,56,10000,3349,6,48,0.0,0.0,72.8828125,72.8828125,N/A (GPTCache eviction path is CPU-only),5.340576171875e-05
LFU,high_variance_cost,100000,0.2418,0.2307036856618015,69.67182432021266,0.0475002452731132,0.2112994203343987,0.3485099738463761,12632.39379955226,56,10000,7334,29,71,68.88181818181819,113.4,72.78515625,72.78515625,N/A (GPTCache eviction path is CPU-only),5.340576171875e-05
FIFO,high_variance_cost,250000,0.5885,0.5873280842973796,178.0505863577711,0.0005997717380523,0.0034002587199211,0.0048000365495681,298383.65669336537,56,10000,3491,7,49,0.0,0.0,72.8125,72.8125,N/A (GPTCache eviction path is CPU-only),5.340576171875e-05
GDSF,high_variance_cost,250000,0.4325,0.8230804782730736,265.6760232848927,0.0084997154772281,0.0296998769044876,0.0589997554197907,54225.81792283613,56,10000,5242,5,47,49.86666666666667,94.72,72.83203125,72.83203125,N/A (GPTCache eviction path is CPU-only),5.340576171875e-05
Random,high_variance_cost,250000,0.5701,0.5710152736285157,184.3137714198437,0.0006002373993396,0.0269003212451934,0.044400873593986,122595.74486596225,56,10000,3704,5,47,40.05,76.09499999999998,72.73046875,72.73046875,N/A (GPTCache eviction path is CPU-only),5.340576171875e-05
GDSF,high_variance_cost,250000,0.4368,0.8406697591855052,257.975416320889,0.0086999498307704,0.0282054068520664,0.0485010165721178,50678.920113406384,56,10000,5215,4,46,44.333333333333336,79.78,72.66796875,72.66796875,N/A (GPTCache eviction path is CPU-only),5.340576171875e-05
Random,high_variance_cost,250000,0.5996,0.5922738768599536,172.09624993066055,0.0006998889148235,0.0291001051664352,0.0511008081957698,121541.68323716432,56,10000,3394,6,48,65.25,78.61499999999998,72.787109375,72.7890625,N/A (GPTCache eviction path is CPU-only),5.340576171875e-05
GDSF,high_variance_cost,250000,0.4653,0.8571822567209444,249.07033325674885,0.0081998296082019,0.0276998616755008,0.044400873593986,49141.93271239914,56,10000,4892,6,48,46.73333333333333,78.1,72.83984375,72.83984375,N/A (GPTCache eviction path is CPU-only),5.340576171875e-05
LRU,high_variance_cost,250000,0.5822,0.5843390422363794,177.14444768359922,0.0010998919606208,0.0041997991502285,0.0061001628637313,121798.67389698591,56,10000,3540,7,49,0.0,0.0,72.796875,72.796875,N/A (GPTCache eviction path is CPU-only),5.340576171875e-05
FIFO,high_variance_cost,250000,0.6072,0.6050010049292793,176.6039517724854,0.0008000060915946,0.0038999132812023,0.005700159817934,183388.65532999893,56,10000,3302,8,50,0.0,0.0,72.8125,72.8125,N/A (GPTCache eviction path is CPU-only),5.340576171875e-05
Random,high_variance_cost,250000,0.5955,0.5910039051653131,179.16492445666285,0.0006002373993396,0.0271000899374485,0.048901024274528,81469.04986386921,56,10000,3420,7,49,9.9,18.81,72.5078125,72.5078125,N/A (GPTCache eviction path is CPU-only),5.340576171875e-05
LFU,high_variance_cost,250000,0.5866,0.6032255009208165,183.88901256724407,0.001200009137392,0.3741101594641803,0.7251018192619085,10688.56826044643,56,10000,3526,0,42,65.10909090909091,99.95,72.98046875,72.98046875,N/A (GPTCache eviction path is CPU-only),5.340576171875e-05
Random,high_variance_cost,250000,0.6086,0.6119379021603052,178.62887975451738,0.0006998889148235,0.028800219297409,0.0469996640458703,122251.78028696068,56,10000,3286,8,50,0.0,0.0,72.78515625,72.78515625,N/A (GPTCache eviction path is CPU-only),5.340576171875e-05
FIFO,high_variance_cost,250000,0.5934,0.5966346614764755,182.4702717033441,0.0007003545761108,0.0037997961044311,0.0053998082876205,305080.81378820643,56,10000,3432,9,51,0.0,0.0,72.73046875,72.73046875,N/A (GPTCache eviction path is CPU-only),5.340576171875e-05
LRU,high_variance_cost,250000,0.6115,0.6103652022673808,178.16979784592604,0.0010998919606208,0.0042052241042255,0.0064000487327575,141510.16794706174,56,10000,3256,8,50,0.0,0.0,72.8828125,72.8828125,N/A (GPTCache eviction path is CPU-only),5.340576171875e-05
LFU,high_variance_cost,250000,0.5835,0.5729769131808756,174.4279465946973,0.001200009137392,0.3774598473682991,0.7270217221230274,10162.951751791748,56,10000,3557,1,43,71.59166666666668,100.47,73.048828125,73.07421875,N/A (GPTCache eviction path is CPU-only),5.340576171875e-05
FIFO,high_variance_cost,250000,0.5981,0.5920671354861715,169.26508880230207,0.0006998889148235,0.0036996789276599,0.0053001567721366,188493.5968566735,56,10000,3398,10,52,104.2,104.2,72.8125,72.8125,N/A (GPTCache eviction path is CPU-only),5.340576171875e-05
LRU,high_variance_cost,250000,0.5843,0.5857903903988531,179.15374113996432,0.0008000060915946,0.0034002587199211,0.005199578590691,338890.0009440072,56,10000,3528,9,51,0.0,0.0,72.8671875,72.8671875,N/A (GPTCache eviction path is CPU-only),5.340576171875e-05
LRU,high_variance_cost,250000,0.5962,0.6062651818862643,192.03479486362767,0.0008000060915946,0.0033993273973464,0.0049011502414942,360827.1575691856,56,10000,3425,11,53,0.0,0.0,72.73046875,72.73046875,N/A (GPTCache eviction path is CPU-only),5.340576171875e-05
LRU,high_variance_cost,250000,0.5994,0.5969366328568159,170.6572213079982,0.001000240445137,0.0038002617657184,0.0058002769947052,142892.866450332,56,10000,3382,10,52,0.0,0.0,72.796875,72.796875,N/A (GPTCache eviction path is CPU-only),5.340576171875e-05
LFU,high_variance_cost,250000,0.615,0.6028381161479366,175.72656528734854,0.0010998919606208,0.395200215280056,0.7864229334518319,9976.442626666854,56,10000,3210,2,44,62.55384615384616,83.1,73.02794471153847,73.07421875,N/A (GPTCache eviction path is CPU-only),5.340576171875e-05
GDSF,high_variance_cost,250000,0.454,0.8497299239750133,257.5986322712448,0.0089998356997966,0.0287001021206378,0.0492073688656093,37875.83236501274,56,10000,5032,7,49,43.0,66.1,72.6953125,72.6953125,N/A (GPTCache eviction path is CPU-only),5.340576171875e-05
Random,high_variance_cost,250000,0.5805,0.5870658395594985,179.54381494880215,0.0006002373993396,0.0271000899374485,0.0457009999081492,134232.33247777357,56,10000,3592,9,51,50.4,95.76,72.7890625,72.7890625,N/A (GPTCache eviction path is CPU-only),5.340576171875e-05
Random,high_variance_cost,250000,0.5979,0.5910266739983039,168.96763299774258,0.0006002373993396,0.027999747544527,0.045000109821558,122816.47715201227,56,10000,3394,10,52,0.0,0.0,72.9921875,72.9921875,N/A (GPTCache eviction path is CPU-only),5.340576171875e-05
GDSF,high_variance_cost,250000,0.453,0.8514434281343577,248.5421890114328,0.0082002952694892,0.0284998677670955,0.0638027908280492,54936.96539594098,56,10000,5031,8,50,36.56666666666666,58.41,72.8125,72.8125,N/A (GPTCache eviction path is CPU-only),5.340576171875e-05
GDSF,high_variance_cost,250000,0.4209,0.8359015918521029,255.64587582802548,0.009200070053339,0.0278004445135593,0.0478011323139071,47394.1286554327,56,10000,5381,9,51,51.56666666666666,78.74999999999999,72.83984375,72.83984375,N/A (GPTCache eviction path is CPU-only),5.340576171875e-05
FIFO,high_variance_cost,250000,0.5874,0.5962465297428317,188.86138186440485,0.0006998889148235,0.0034999102354049,0.005099456757307,294026.8471078327,56,10000,3515,11,53,0.0,0.0,72.8828125,72.8828125,N/A (GPTCache eviction path is CPU-only),5.340576171875e-05
LFU,high_variance_cost,250000,0.6047,0.5969671336044811,183.19065618669524,0.0010998919606208,0.3841994795948267,0.7559360517188914,10251.08495051333,56,10000,3328,4,46,69.86923076923077,126.0,72.82421875,72.82421875,N/A (GPTCache eviction path is CPU-only),5.340576171875e-05
FIFO,high_variance_cost,250000,0.6049,0.6036115711326481,179.37007768300683,0.0005997717380523,0.0034002587199211,0.0053998082876205,363364.1738098375,56,10000,3326,12,54,0.0,0.0,72.796875,72.796875,N/A (GPTCache eviction path is CPU-only),5.340576171875e-05
GDSF,high_variance_cost,250000,0.4546,0.8579078205930065,245.26584019500328,0.0085998326539993,0.0276994192972779,0.0446045678108931,49415.41562295989,56,10000,5020,10,52,47.85,61.035,72.78515625,72.78515625,N/A (GPTCache eviction path is CPU-only),5.340576171875e-05
LFU,high_variance_cost,250000,0.5635,0.5558187359400512,176.53996247076526,0.001200009137392,0.374005059711635,0.7192213507369165,8781.725301747674,56,10000,3772,3,45,63.84666666666668,107.93999999999998,72.8984375,72.8984375,N/A (GPTCache eviction path is CPU-only),5.340576171875e-05
Random,high_variance_cost,250000,0.5806,0.587122211525356,185.97124957656368,0.0006998889148235,0.0279000960290431,0.0487042497843504,76854.73542384982,56,10000,3590,11,53,20.05,38.095,72.8125,72.8125,N/A (GPTCache eviction path is CPU-only),5.340576171875e-05
LRU,high_variance_cost,250000,0.5807,0.5898004716824371,188.73277480620288,0.0009997747838497,0.0036000274121761,0.0054002739489078,317294.1176192468,56,10000,3586,13,55,0.0,0.0,72.99609375,72.99609375,N/A (GPTCache eviction path is CPU-only),5.340576171875e-05
LRU,high_variance_cost,250000,0.6084,0.6027602013895486,179.11708343263126,0.0010998919606208,0.0041997991502285,0.0074999406933784,103073.76258441828,56,10000,3290,12,54,16.6,31.540000000000003,72.73046875,72.73046875,N/A (GPTCache eviction path is CPU-only),5.340576171875e-05
FIFO,high_variance_cost,250000,0.5822,0.5887585463048929,188.39936464957145,0.0007003545761108,0.0036004930734634,0.005199578590691,151942.8941119844,56,10000,3567,13,55,0.0,0.0,72.8125,72.8125,N/A (GPTCache eviction path is CPU-only),5.340576171875e-05
LFU,high_variance_cost,250000,0.5745,0.5627277580432599,181.6387059290159,0.001200009137392,0.3802053164690732,0.7141129625961188,9838.455513178813,56,10000,3653,5,47,68.47857142857144,100.41,73.015625,73.015625,N/A (GPTCache eviction path is CPU-only),5.340576171875e-05
Random,high_variance_cost,250000,0.6014,0.6039385271050236,179.467236387327,0.0006002373993396,0.0269003212451934,0.0433029793202877,138374.21348964065,56,10000,3363,12,54,0.0,0.0,72.6953125,72.6953125,N/A (GPTCache eviction path is CPU-only),5.340576171875e-05
Random,high_variance_cost,250000,0.5821,0.5857430390231162,187.43441958075087,0.0005001202225685,0.0225048279389738,0.0369019294157624,179020.579662297,56,10000,3584,13,55,0.0,0.0,72.8828125,72.8828125,N/A (GPTCache eviction path is CPU-only),5.340576171875e-05
FIFO,high_variance_cost,250000,0.5832,0.5778435343136633,182.13546028144395,0.0006998889148235,0.0034002587199211,0.0053993426263332,313257.6943349201,56,10000,3562,14,56,0.0,0.0,72.78515625,72.78515625,N/A (GPTCache eviction path is CPU-only),5.340576171875e-05
LFU,high_variance_cost,250000,0.61,0.6208127417868495,180.3887507872496,0.0010998919606208,0.3820401150733227,0.7747017312794925,10554.472901400244,56,10000,3268,6,48,55.55714285714286,87.05,72.78125,72.78125,N/A (GPTCache eviction path is CPU-only),5.340576171875e-05
Random,high_variance_cost,250000,0.5766,0.5653886549527818,178.20970001861016,0.0006998889148235,0.0290054362267255,0.0514011550694704,84106.48202176086,56,10000,3617,14,56,25.2,47.88,72.8125,72.8125,N/A (GPTCache eviction path is CPU-only),5.340576171875e-05
LRU,high_variance_cost,250000,0.5763,0.5747630366220743,181.9731364062629,0.0008000060915946,0.0036000274121761,0.0052996911108493,355889.6115652824,56,10000,3616,15,57,0.0,0.0,72.73046875,72.73046875,N/A (GPTCache eviction path is CPU-only),5.340576171875e-05
GDSF,high_variance_cost,250000,0.4315,0.8400940557386902,266.10020578453333,0.0091004185378551,0.0299001112580299,0.0524009298533201,35340.759107348,56,10000,5266,11,53,40.05,77.1,72.8671875,72.8671875,N/A (GPTCache eviction path is CPU-only),5.340576171875e-05
LFU,high_variance_cost,250000,0.611,0.6035159015057351,182.95798040695595,0.0010998919606208,0.3656304441392417,0.6951070576906205,11924.940608248711,56,10000,3257,7,49,59.083333333333336,88.55,72.58984375,72.58984375,N/A (GPTCache eviction path is CPU-only),5.340576171875e-05
GDSF,high_variance_cost,250000,0.4469,0.8441015451037461,270.10766263240527,0.0090003013610839,0.031299889087677,0.0601021060720086,42455.59780854931,56,10000,5112,13,55,25.766666666666666,53.56999999999999,72.82421875,72.82421875,N/A (GPTCache eviction path is CPU-only),5.340576171875e-05
GDSF,high_variance_cost,250000,0.4629,0.8546620620005055,253.97260056842168,0.0090003013610839,0.0317048979923128,0.0742018688470125,26004.975255257214,56,10000,4927,12,54,24.575000000000003,48.42999999999999,72.7890625,72.7890625,N/A (GPTCache eviction path is CPU-only),5.340576171875e-05
LFU,high_variance_cost,250000,0.5871,0.6180190008802033,180.40399426887785,0.001200009137392,0.3688996890559792,0.71772899478674,10060.554477035084,56,10000,3511,8,50,65.74285714285715,107.59,72.8828125,72.8828125,N/A (GPTCache eviction path is CPU-only),5.340576171875e-05
GDSF,high_variance_cost,250000,0.4352,0.8352562969192409,263.2715969956353,0.0090999528765678,0.034405244514346,0.0641031423583627,44653.8611351367,56,10000,5219,14,56,53.65,79.24499999999999,72.99609375,72.99609375,N/A (GPTCache eviction path is CPU-only),5.340576171875e-05
LRU,high_variance_cost,250000,0.5811,0.5807432265415352,179.94251595831597,0.001000240445137,0.0038002617657184,0.0053998129442334,305988.1892931588,56,10000,3581,16,58,0.0,0.0,72.78515625,72.78515625,N/A (GPTCache eviction path is CPU-only),5.340576171875e-05
LRU,high_variance_cost,250000,0.5818,0.577349499415985,181.97974118424816,0.0011003576219081,0.0043003819882869,0.0071995938196778,166264.8599333895,56,10000,3572,14,56,0.0,0.0,72.796875,72.796875,N/A (GPTCache eviction path is CPU-only),5.340576171875e-05
FIFO,high_variance_cost,250000,0.5883,0.5929809655274474,183.176879937629,0.0006998889148235,0.0036000274121761,0.0056000426411628,250103.1659248979,56,10000,3519,17,59,0.0,0.0,72.82421875,72.82421875,N/A (GPTCache eviction path is CPU-only),5.340576171875e-05
Random,high_variance_cost,250000,0.5849,0.5768311509096227,182.6279127564673,0.0006998889148235,0.028600450605154,0.0553000718355178,87996.56452239977,56,10000,3535,15,57,0.0,0.0,72.6953125,72.6953125,N/A (GPTCache eviction path is CPU-only),5.340576171875e-05
LFU,high_variance_cost,250000,0.593,0.5746221053865691,175.73811658404472,0.0010998919606208,0.3691098885610698,0.7289390778169045,9906.836114223472,56,10000,3453,9,51,66.57692307692308,89.93999999999997,72.66796875,72.66796875,N/A (GPTCache eviction path is CPU-only),5.340576171875e-05
LFU,high_variance_cost,250000,0.594,0.598439742445741,171.08694280882108,0.0010998919606208,0.3628245322033759,0.7060022512450814,11118.775655779977,56,10000,3439,10,52,66.72727272727273,100.5,72.5078125,72.5078125,N/A (GPTCache eviction path is CPU-only),5.340576171875e-05
FIFO,high_variance_cost,250000,0.5716,0.5684913132093609,179.98747430316135,0.0008000060915946,0.0040000304579734,0.0069011654704809,86299.1474322754,56,10000,3664,15,57,14.2,26.98,72.8125,72.8125,N/A (GPTCache eviction path is CPU-only),5.340576171875e-05
FIFO,high_variance_cost,250000,0.5767,0.5751448943814811,178.20788018813286,0.0007003545761108,0.0037001445889472,0.005501382984221,298420.16592509905,56,10000,3625,16,58,0.0,0.0,72.82421875,72.82421875,N/A (GPTCache eviction path is CPU-only),5.340576171875e-05
LRU,high_variance_cost,250000,0.5846,0.5917300282661215,182.7904547438227,0.0008996576070785,0.0033997930586338,0.0049993442371487,346210.03974199085,56,10000,3551,17,59,0.0,0.0,72.6015625,72.6015625,N/A (GPTCache eviction path is CPU-only),5.340576171875e-05
LRU,high_variance_cost,250000,0.5875,0.5823747158268927,181.63326147536785,0.001000240445137,0.0038999132812023,0.005899928510189,208142.9705260816,56,10000,3522,18,60,0.0,0.0,72.78515625,72.78515625,N/A (GPTCache eviction path is CPU-only),5.340576171875e-05
Random,high_variance_cost,250000,0.6027,0.5940315126013924,183.5014028926984,0.0006002373993396,0.027399999089539,0.043102209456265,122849.06653906209,56,10000,3362,17,59,0.0,0.0,72.8828125,72.8828125,N/A (GPTCache eviction path is CPU-only),5.340576171875e-05
GDSF,high_variance_cost,250000,0.4195,0.8282623788461781,256.635995930194,0.0096005387604236,0.0314054312184452,0.0822149310261014,38613.24395193233,56,10000,5393,16,58,75.25,95.51,72.875,72.875,N/A (GPTCache eviction path is CPU-only),5.340576171875e-05
FIFO,high_variance_cost,250000,0.5811,0.5761613189351803,186.16143945730985,0.0005997717380523,0.0034994445741176,0.0050002709031105,368180.3812659892,56,10000,3585,19,61,0.0,0.0,72.8125,72.8125,N/A (GPTCache eviction path is CPU-only),5.340576171875e-05
LRU,high_variance_cost,250000,0.5822,0.5770570581153168,186.4508585655913,0.0008000060915946,0.0036000274121761,0.0056000426411628,260286.5226769648,56,10000,3586,19,61,0.0,0.0,72.5078125,72.5078125,N/A (GPTCache eviction path is CPU-only),5.340576171875e-05
GDSF,high_variance_cost,250000,0.4381,0.8453466551685658,261.13479481040974,0.0082002952694892,0.027999747544527,0.042700208723545,59264.35161779127,56,10000,5206,17,59,42.6,80.94,72.99609375,72.99609375,N/A (GPTCache eviction path is CPU-only),5.340576171875e-05
Random,high_variance_cost,250000,0.5841,0.577026418480127,179.96521397256063,0.0006998889148235,0.0290000112727284,0.0537025975063443,83630.36024600107,56,10000,3563,18,60,37.8,71.82,72.6953125,72.6953125,N/A (GPTCache eviction path is CPU-only),5.340576171875e-05
LFU,high_variance_cost,250000,0.6028,0.5917653918851569,175.8498501169876,0.0010998919606208,0.3745151450857518,0.7154165534302596,11378.065822782062,56,10000,3337,12,54,74.12500000000001,100.47,73.07421875,73.07421875,N/A (GPTCache eviction path is CPU-only),5.340576171875e-05
FIFO,high_variance_cost,250000,0.5767,0.5791310425894556,185.7127348487417,0.0005997717380523,0.0030999071896076,0.0050999270752072,368548.1019774099,56,10000,3631,20,62,0.0,0.0,72.875,72.875,N/A (GPTCache eviction path is CPU-only),5.340576171875e-05
FIFO,high_variance_cost,250000,0.582,0.5804647697727449,181.03758016979413,0.0005997717380523,0.0033997930586338,0.0050002709031105,375821.1751705248,56,10000,3584,18,60,0.0,0.0,72.796875,72.796875,N/A (GPTCache eviction path is CPU-only),5.340576171875e-05
LRU,high_variance_cost,250000,0.5748,0.5803721067343067,186.11071285287787,0.0011003576219081,0.0041993567720055,0.0066002830862998,215114.8279674805,56,10000,3654,20,62,0.0,0.0,72.8828125,72.8828125,N/A (GPTCache eviction path is CPU-only),5.340576171875e-05
GDSF,high_variance_cost,250000,0.4121,0.8211972438499241,259.9955608659094,0.010000541806221,0.0351998023688793,0.0898079806938769,27475.720403809188,56,10000,5458,15,57,35.166666666666664,60.55,72.96484375,72.96484375,N/A (GPTCache eviction path is CPU-only),5.340576171875e-05
LFU,high_variance_cost,250000,0.5989,0.5880692624549453,188.17879776318253,0.0010998919606208,0.3641997696831822,0.6938093900680544,11999.637608743584,56,10000,3382,13,55,72.19090909090909,110.2,72.83984375,72.83984375,N/A (GPTCache eviction path is CPU-only),5.340576171875e-05
GDSF,high_variance_cost,250000,0.423,0.8337761200972138,260.0412962958199,0.0093001872301101,0.0307001173496246,0.0616020010784268,47325.02400515387,56,10000,5362,18,60,46.76666666666667,94.19,72.66796875,72.66796875,N/A (GPTCache eviction path is CPU-only),5.340576171875e-05
Random,high_variance_cost,250000,0.5737,0.5824061209112119,180.45776156597373,0.0008000060915946,0.0326000154018402,0.0678098201751711,77389.25812845388,56,10000,3658,16,58,35.85,68.115,72.73046875,72.73046875,N/A (GPTCache eviction path is CPU-only),5.340576171875e-05
FIFO,high_variance_cost,250000,0.582,0.5803074464263613,181.79384254118625,0.0006998889148235,0.0038999132812023,0.0054999254643917,308401.153812538,56,10000,3562,21,63,0.0,0.0,73.07421875,73.07421875,N/A (GPTCache eviction path is CPU-only),5.340576171875e-05
Random,high_variance_cost,250000,0.5867,0.5809591466476689,187.71164854610413,0.0006998889148235,0.0292002223432064,0.0473020132631063,96712.07941718672,56,10000,3507,19,61,0.0,0.0,72.6015625,72.6015625,N/A (GPTCache eviction path is CPU-only),5.340576171875e-05
LRU,high_variance_cost,250000,0.5792,0.5771730738547474,180.81193262902087,0.0010998919606208,0.0042999163269996,0.0064010452479124,222430.31836882915,56,10000,3591,21,63,0.0,0.0,72.6953125,72.6953125,N/A (GPTCache eviction path is CPU-only),5.340576171875e-05
Random,high_variance_cost,250000,0.5902,0.5876996724861202,188.46047858028328,0.0008000060915946,0.0328999245539307,0.0752997631207108,65546.77817230676,56,10000,3499,20,62,53.63333333333333,96.73,72.5078125,72.5078125,N/A (GPTCache eviction path is CPU-only),5.340576171875e-05
GDSF,high_variance_cost,250000,0.4283,0.8116806643951259,262.25925951211207,0.0089998356997966,0.0308998860418796,0.0528009422123432,58990.820485959615,56,10000,5292,19,61,63.0,119.7,72.78515625,72.78515625,N/A (GPTCache eviction path is CPU-only),5.340576171875e-05
GDSF,high_variance_cost,250000,0.4352,0.8378669788833981,268.68283107765484,0.009200070053339,0.0293999910354614,0.0499032624065876,51776.53036899385,56,10000,5222,20,62,53.43333333333334,96.19,72.99609375,72.99609375,N/A (GPTCache eviction path is CPU-only),5.340576171875e-05
LFU,high_variance_cost,250000,0.5841,0.5809544003138302,183.1160008208259,0.001200009137392,0.390505278483033,0.7381261512637144,9817.24896691811,56,10000,3544,14,56,67.06153846153846,100.2,72.8984375,72.8984375,N/A (GPTCache eviction path is CPU-only),5.340576171875e-05
Random,high_variance_cost,250000,0.583,0.5768463592721155,180.70958222880347,0.0006998889148235,0.030099437572062,0.0507058063521982,116787.50270775042,56,10000,3566,21,63,0.0,0.0,72.796875,72.796875,N/A (GPTCache eviction path is CPU-only),5.340576171875e-05
FIFO,high_variance_cost,250000,0.5902,0.5909055699423292,178.54363569948862,0.0006998889148235,0.0037997961044311,0.0057998113334178,305338.8507168579,56,10000,3480,22,64,0.0,0.0,72.83984375,72.83984375,N/A (GPTCache eviction path is CPU-only),5.340576171875e-05
GDSF,high_variance_cost,250000,0.428,0.8297484619243615,259.9366287039541,0.0090003013610839,0.0297999940812587,0.0534017151221633,53004.4793729332,56,10000,5294,21,63,55.366666666666674,95.73,72.8828125,72.8828125,N/A (GPTCache eviction path is CPU-only),5.340576171875e-05
LFU,high_variance_cost,250000,0.5749,0.5743489639200896,181.84203871298885,0.001200009137392,0.3816050942987203,0.7556171622127298,10276.100317836195,56,10000,3650,15,57,79.30769230769232,119.3,73.015625,73.015625,N/A (GPTCache eviction path is CPU-only),5.340576171875e-05
Random,high_variance_cost,250000,0.5895,0.5855517968042507,176.92597939464773,0.0006002373993396,0.0251997262239456,0.042400392703712,146255.27977067107,56,10000,3484,22,64,0.0,0.0,72.73046875,72.73046875,N/A (GPTCache eviction path is CPU-only),5.340576171875e-05
LRU,high_variance_cost,250000,0.5909,0.5973149673918233,189.1558975814052,0.0010998919606208,0.0044004991650581,0.0066012796014547,222546.6463136061,56,10000,3491,23,65,0.0,0.0,72.6015625,72.6015625,N/A (GPTCache eviction path is CPU-only),5.340576171875e-05
LRU,high_variance_cost,250000,0.5912,0.5879360586114842,177.64639022368164,0.0010998919606208,0.0041997991502285,0.0068997032940387,235520.2162990268,56,10000,3466,22,64,16.6,16.6,72.96484375,72.96484375,N/A (GPTCache eviction path is CPU-only),5.340576171875e-05
FIFO,high_variance_cost,250000,0.5851,0.5890523546733025,186.53931837200776,0.0005997717380523,0.0034002587199211,0.0050002709031105,332999.2225513784,56,10000,3547,23,65,0.0,0.0,72.6953125,72.6953125,N/A (GPTCache eviction path is CPU-only),5.340576171875e-05
LFU,high_variance_cost,250000,0.5649,0.5764602408622997,178.61543854490435,0.001200009137392,0.3697101259604095,0.7143082004040482,11394.968643099788,56,10000,3767,16,58,74.54444444444444,100.6,72.8125,72.8125,N/A (GPTCache eviction path is CPU-only),5.340576171875e-05
LFU,high_variance_cost,250000,0.565,0.5863396499001732,185.7233727964844,0.0013001263141632,0.4115102114155887,0.85921956691891,6865.299930081686,56,10000,3762,11,53,45.58571428571429,81.04499999999999,73.07421875,73.07421875,N/A (GPTCache eviction path is CPU-only),5.340576171875e-05
LRU,high_variance_cost,250000,0.5846,0.5845682071863387,179.50700372597146,0.001000240445137,0.0040000304579734,0.0061998143792152,233153.49467504307,56,10000,3555,24,66,0.0,0.0,72.8984375,72.8984375,N/A (GPTCache eviction path is CPU-only),5.340576171875e-05
FIFO,high_variance_cost,250000,0.5782,0.5770725930871449,177.20527877498805,0.0008000060915946,0.0042999163269996,0.0071009341627359,146752.3707949146,56,10000,3606,24,66,0.0,0.0,72.796875,72.796875,N/A (GPTCache eviction path is CPU-only),5.340576171875e-05
GDSF,high_variance_cost,250000,0.4563,0.8514619446087747,257.2714135442052,0.0090999528765678,0.0308002345263957,0.052906507626176,48271.93698240471,56,10000,4992,22,64,46.333333333333336,93.02,73.07421875,73.07421875,N/A (GPTCache eviction path is CPU-only),5.340576171875e-05
Random,high_variance_cost,250000,0.5769,0.5788228660610689,183.2998748524609,0.0008000060915946,0.0310000032186508,0.052404934540391,85540.78461313712,56,10000,3642,23,65,0.0,0.0,72.78515625,72.78515625,N/A (GPTCache eviction path is CPU-only),5.340576171875e-05
Random,high_variance_cost,250000,0.5913,0.5983538017411285,183.7402321887752,0.0006998889148235,0.0296998769044876,0.0487007899209857,100160.95874361316,56,10000,3472,24,66,33.25,63.175,72.8828125,72.8828125,N/A (GPTCache eviction path is CPU-only),5.340576171875e-05
FIFO,high_variance_cost,250000,0.5787,0.5818769578663388,186.9399674091874,0.0006002373993396,0.0034999102354049,0.0052014971151948,280503.3335283048,56,10000,3618,25,67,0.0,0.0,72.6015625,72.6015625,N/A (GPTCache eviction path is CPU-only),5.340576171875e-05
Random,high_variance_cost,250000,0.5855,0.5874771622999083,188.73914852495992,0.0006002373993396,0.0267000868916511,0.0467002391815185,118830.75270998708,56,10000,3550,25,67,40.05,76.09499999999998,72.6953125,72.6953125,N/A (GPTCache eviction path is CPU-only),5.340576171875e-05
GDSF,high_variance_cost,250000,0.4306,0.8390104710260602,265.69529878032733,0.0089998356997966,0.0292002223432064,0.0505014974623918,51058.1546824221,56,10000,5280,23,65,53.43333333333334,112.19,73.01953125,73.01953125,N/A (GPTCache eviction path is CPU-only),5.340576171875e-05
LRU,high_variance_cost,250000,0.5779,0.5861413360758551,188.3099868140296,0.0011995434761047,0.0043995678424835,0.006900168955326,117629.06808782724,56,10000,3615,25,67,0.0,0.0,72.73046875,72.73046875,N/A (GPTCache eviction path is CPU-only),5.340576171875e-05
GDSF,high_variance_cost,250000,0.4336,0.8439192133763181,259.1475340561455,0.0094003044068813,0.0299001112580299,0.0488043716177345,51393.43004122862,56,10000,5247,24,66,60.1,114.19,73.015625,73.015625,N/A (GPTCache eviction path is CPU-only),5.340576171875e-05
LRU,high_variance_cost,250000,0.5874,0.5964501129703117,186.1014374825404,0.0009001232683658,0.0039995647966861,0.0063003972172737,146170.62234949294,56,10000,3516,26,68,97.7,97.7,73.07421875,73.07421875,N/A (GPTCache eviction path is CPU-only),5.340576171875e-05
LFU,high_variance_cost,250000,0.5908,0.5834640099148836,181.97299469614595,0.001200009137392,0.3863100195303557,0.7666030153632165,11156.6811927277,56,10000,3471,18,60,64.52727272727273,92.1,72.83842329545455,72.90234375,N/A (GPTCache eviction path is CPU-only),5.340576171875e-05
LRU,high_variance_cost,250000,0.5785,0.5731665392530799,180.0027308111731,0.0009001232683658,0.0029997900128364,0.0042002648115158,321953.3558821836,56,10000,3626,27,69,0.0,0.0,72.8828125,72.8828125,N/A (GPTCache eviction path is CPU-only),5.340576171875e-05
FIFO,high_variance_cost,250000,0.5811,0.5838360508435244,182.1656597146417,0.0006002373993396,0.0036000274121761,0.0053001567721366,290277.443954298,56,10000,3580,26,68,0.0,0.0,72.8984375,72.8984375,N/A (GPTCache eviction path is CPU-only),5.340576171875e-05
FIFO,high_variance_cost,250000,0.5821,0.5830315395013699,183.1008303381608,0.0007003545761108,0.0036004930734634,0.0053001567721366,250602.6994719904,56,10000,3581,27,69,0.0,0.0,72.6015625,72.6015625,N/A (GPTCache eviction path is CPU-only),5.340576171875e-05
GDSF,high_variance_cost,250000,0.4364,0.8396174263172188,269.7444059092319,0.0089998356997966,0.0294996425509452,0.0486021349206567,44744.3309360503,56,10000,5218,25,67,46.73333333333333,78.1,72.8125,72.8125,N/A (GPTCache eviction path is CPU-only),5.340576171875e-05
LFU,high_variance_cost,250000,0.5998,0.5781614883445135,186.8077070982686,0.0010998919606208,0.3776000812649727,0.7313010981306434,11352.3768696578,56,10000,3381,19,61,66.87142857142858,95.82999999999998,72.82421875,72.82421875,N/A (GPTCache eviction path is CPU-only),5.340576171875e-05
Random,high_variance_cost,250000,0.5944,0.5886973917611807,183.6824714532852,0.0005997717380523,0.0254054088145493,0.0414036214351654,126654.26312413265,56,10000,3459,26,68,30.05,57.095,73.07421875,73.07421875,N/A (GPTCache eviction path is CPU-only),5.340576171875e-05
Random,high_variance_cost,250000,0.5803,0.5850245272963986,183.72672738729065,0.0006002373993396,0.0272998586297035,0.0421014335006475,97341.60072231054,56,10000,3604,27,69,20.05,38.095,73.01953125,73.01953125,N/A (GPTCache eviction path is CPU-only),5.340576171875e-05
LFU,high_variance_cost,250000,0.586,0.5864623049100576,181.16321005160884,0.001200009137392,0.3950195154175159,0.7765574334189308,9111.657161667115,56,10000,3526,17,59,55.07500000000001,99.97,72.7890625,72.7890625,N/A (GPTCache eviction path is CPU-only),5.340576171875e-05
FIFO,high_variance_cost,250000,0.5992,0.6058008307144745,189.98038035167485,0.0006998889148235,0.0036000274121761,0.0054002739489078,307219.6653212894,56,10000,3389,28,70,0.0,0.0,73.07421875,73.07421875,N/A (GPTCache eviction path is CPU-only),5.340576171875e-05
LRU,high_variance_cost,250000,0.5944,0.5957438886747062,186.8265027453392,0.0009001232683658,0.0036000274121761,0.0052005052566528,321112.8463880743,56,10000,3441,28,70,0.0,0.0,73.015625,73.015625,N/A (GPTCache eviction path is CPU-only),5.340576171875e-05
LRU,high_variance_cost,250000,0.6016,0.598765335364103,180.8253437081013,0.0009001232683658,0.0035003758966922,0.004899688065052,325170.47246713325,56,10000,3358,29,71,0.0,0.0,72.6015625,72.6015625,N/A (GPTCache eviction path is CPU-only),5.340576171875e-05
GDSF,high_variance_cost,250000,0.4363,0.8459329737889238,263.9438555087254,0.0088997185230255,0.027805403806269,0.0452053407207132,37733.214862143264,56,10000,5220,26,68,40.86666666666667,62.26,72.78515625,72.78515625,N/A (GPTCache eviction path is CPU-only),5.340576171875e-05
LFU,high_variance_cost,250000,0.5713,0.5905342269415347,184.99760244143872,0.001200009137392,0.357004697434604,0.7199017796665431,10824.30901676918,56,10000,3689,21,63,67.80909090909091,110.2,72.875,72.875,N/A (GPTCache eviction path is CPU-only),5.340576171875e-05
LFU,high_variance_cost,250000,0.5949,0.6084067171131317,183.8316522688566,0.0011003576219081,0.3673246828839179,0.6952087115496399,11800.514190591235,56,10000,3434,22,64,71.71818181818182,100.2,72.66796875,72.66796875,N/A (GPTCache eviction path is CPU-only),5.340576171875e-05
Random,high_variance_cost,250000,0.5828,0.5825678383224673,182.69446638860632,0.0006998889148235,0.0287001021206378,0.0529010500758886,93597.29024912,56,10000,3570,28,70,24.95,47.405,72.8828125,72.8828125,N/A (GPTCache eviction path is CPU-only),5.340576171875e-05
GDSF,high_variance_cost,250000,0.4312,0.8248077578844737,259.0305585649178,0.0089001841843128,0.0329995760694146,0.0971166929230097,37739.85093343058,56,10000,5262,27,69,29.166666666666668,58.74999999999999,72.73046875,72.73046875,N/A (GPTCache eviction path is CPU-only),5.340576171875e-05
FIFO,high_variance_cost,250000,0.6053,0.6001834587430233,181.2536127348274,0.0005997717380523,0.0033997930586338,0.0050002709031105,367351.2877535438,56,10000,3324,29,71,0.0,0.0,72.8125,72.8125,N/A (GPTCache eviction path is CPU-only),5.340576171875e-05
LFU,high_variance_cost,500000,0.9,0.8975804974826118,273.6210440867278,0.0008000060915946,0.0020000152289867,0.0025001354515552,212538.0435355456,56,10000,0,0,42,0.0,0.0,73.015625,73.015625,N/A (GPTCache eviction path is CPU-only),5.340576171875e-05
FIFO,high_variance_cost,500000,0.9,0.8975804974826118,273.6210440867278,0.0005997717380523,0.0017001293599605,0.0033011334016919,153883.0850976644,56,10000,0,0,42,97.7,97.7,73.07421875,73.07421875,N/A (GPTCache eviction path is CPU-only),5.340576171875e-05
GDSF,high_variance_cost,250000,0.4432,0.8462323559611324,265.3801987392167,0.009200070053339,0.031099678017199,0.0582027481868863,39782.77015649366,56,10000,5153,28,70,68.83333333333333,95.94,72.8984375,72.8984375,N/A (GPTCache eviction path is CPU-only),5.340576171875e-05
Random,high_variance_cost,250000,0.6044,0.5984869237818556,180.7412642414408,0.0006998889148235,0.0292052049189805,0.0549997203052043,77963.77359808495,56,10000,3334,29,71,30.05,57.095,73.07421875,73.07421875,N/A (GPTCache eviction path is CPU-only),5.340576171875e-05
LRU,high_variance_cost,500000,0.9,0.898644089303119,273.5688639641976,0.0006998889148235,0.0016996636986732,0.0021001324057579,510879.16800880025,56,10000,0,1,43,0.0,0.0,72.875,72.875,N/A (GPTCache eviction path is CPU-only),5.340576171875e-05
GDSF,high_variance_cost,250000,0.4377,0.8386750989743086,253.27737608463275,0.0085998326539993,0.0305003486573696,0.0562998512759804,59783.61917753399,56,10000,5194,29,71,66.8,100.2,73.09765625,73.09765625,N/A (GPTCache eviction path is CPU-only),5.340576171875e-05
Random,high_variance_cost,500000,0.9,0.8975804974826118,273.6210440867278,0.0005997717380523,0.0016004778444766,0.0020000152289867,492254.3780944928,56,10000,0,0,42,0.0,0.0,72.6015625,72.6015625,N/A (GPTCache eviction path is CPU-only),5.340576171875e-05
LFU,high_variance_cost,250000,0.5829,0.5792804319464604,185.7606402518481,0.001200009137392,0.3920097369700668,0.7686320319771773,8709.133912539015,56,10000,3567,20,62,58.21428571428572,108.92,72.8125,72.8125,N/A (GPTCache eviction path is CPU-only),5.340576171875e-05
FIFO,high_variance_cost,500000,0.9,0.898644089303119,273.5688639641976,0.0005997717380523,0.0017001293599605,0.002200249582529,485712.75468562014,56,10000,0,1,43,0.0,0.0,72.66796875,72.66796875,N/A (GPTCache eviction path is CPU-only),5.340576171875e-05
Random,high_variance_cost,500000,0.9,0.8992388195205272,262.12700374210243,0.0006002373993396,0.0015003606677055,0.0021001324057579,258421.3042051537,56,10000,0,2,44,0.0,0.0,73.07421875,73.07421875,N/A (GPTCache eviction path is CPU-only),5.340576171875e-05
FIFO,high_variance_cost,500000,0.9,0.8992388195205272,262.12700374210243,0.0004996545612812,0.0014994293451309,0.0017997808754444,611220.7864124712,56,10000,0,2,44,0.0,0.0,73.07421875,73.07421875,N/A (GPTCache eviction path is CPU-only),5.340576171875e-05
LFU,high_variance_cost,500000,0.9,0.898644089303119,273.5688639641976,0.0009001232683658,0.0021001324057579,0.0026999041438102,286877.36757452856,56,10000,0,1,43,0.0,0.0,72.8828125,72.8828125,N/A (GPTCache eviction path is CPU-only),5.340576171875e-05
LFU,high_variance_cost,500000,0.9,0.8999751247607716,285.85141967403086,0.0004000030457973,0.0010998919606208,0.0013001263141632,832057.4948938984,56,10000,0,3,45,0.0,0.0,72.8125,72.8125,N/A (GPTCache eviction path is CPU-only),5.340576171875e-05
GDSF,high_variance_cost,500000,0.9,0.8992388195205272,262.12700374210243,0.0045001506805419,0.0089998356997966,0.0137007515877485,152303.4375661789,56,10000,0,2,44,0.0,0.0,72.875,72.875,N/A (GPTCache eviction path is CPU-only),5.340576171875e-05
LFU,high_variance_cost,500000,0.9,0.8992388195205272,262.12700374210243,0.0008000060915946,0.0022999010980129,0.003200490027666,221480.9995959681,56,10000,0,2,44,0.0,0.0,72.8984375,72.8984375,N/A (GPTCache eviction path is CPU-only),5.340576171875e-05
Random,high_variance_cost,500000,0.9,0.898644089303119,273.5688639641976,0.0005001202225685,0.0015003606677055,0.0019003637135028,562148.3039928514,56,10000,0,1,43,0.0,0.0,72.73046875,72.73046875,N/A (GPTCache eviction path is CPU-only),5.340576171875e-05
LFU,high_variance_cost,250000,0.5897,0.5690877127634035,180.2169759454517,0.0010998919606208,0.3713251557201144,0.7423069421201947,11033.094872146365,56,10000,3488,23,65,67.91666666666667,112.14,72.51302083333333,72.5703125,N/A (GPTCache eviction path is CPU-only),5.340576171875e-05
FIFO,high_variance_cost,500000,0.9,0.8999751247607716,285.85141967403086,0.0006002373993396,0.0018998980522155,0.002400018274784,325257.19717491337,56,10000,0,3,45,0.0,0.0,72.6015625,72.6015625,N/A (GPTCache eviction path is CPU-only),5.340576171875e-05
Random,high_variance_cost,500000,0.9,0.8999751247607716,285.85141967403086,0.0005997717380523,0.0016004778444766,0.0020000152289867,292435.2834087829,56,10000,0,3,45,0.0,0.0,72.70703125,72.70703125,N/A (GPTCache eviction path is CPU-only),5.340576171875e-05
LFU,high_variance_cost,250000,0.578,0.5904929511012694,181.32635177627327,0.001200009137392,0.37050514947623,0.7495289994403725,10384.633315099536,56,10000,3616,24,66,66.95384615384616,110.87999999999997,72.83984375,72.83984375,N/A (GPTCache eviction path is CPU-only),5.340576171875e-05
LRU,high_variance_cost,500000,0.9,0.8992388195205272,262.12700374210243,0.0008996576070785,0.0018002465367317,0.002400018274784,256080.6345210104,56,10000,0,2,44,0.0,0.0,73.015625,73.015625,N/A (GPTCache eviction path is CPU-only),5.340576171875e-05
GDSF,high_variance_cost,500000,0.9,0.898644089303119,273.5688639641976,0.0059003941714763,0.0119053991511463,0.0331997917965054,71998.07629062765,56,10000,0,1,43,31.25,59.375,72.8125,72.8125,N/A (GPTCache eviction path is CPU-only),5.340576171875e-05
GDSF,high_variance_cost,500000,0.9,0.8975804974826118,273.6210440867278,0.0053998082876205,0.010400079190731,0.0160997733473777,114483.67286463868,56,10000,0,0,42,40.05,76.09499999999998,72.78515625,72.78515625,N/A (GPTCache eviction path is CPU-only),5.340576171875e-05
LFU,high_variance_cost,250000,0.5842,0.5911267007692927,189.911637989102,0.001200009137392,0.3857102477923034,0.8140256814658648,10401.772629000889,56,10000,3554,25,67,65.71428571428572,110.17999999999998,72.96484375,72.96484375,N/A (GPTCache eviction path is CPU-only),5.340576171875e-05
LRU,high_variance_cost,500000,0.9,0.8999751247607716,285.85141967403086,0.0009001232683658,0.0019003637135028,0.002400018274784,390339.8712866512,56,10000,0,3,45,0.0,0.0,73.09765625,73.09765625,N/A (GPTCache eviction path is CPU-only),5.340576171875e-05
LRU,high_variance_cost,500000,0.9,0.8998662109893271,276.14096721878985,0.0004000030457973,0.0018998980522155,0.0025001354515552,594283.0032355532,56,10000,0,4,46,0.0,0.0,73.07421875,73.07421875,N/A (GPTCache eviction path is CPU-only),5.340576171875e-05
FIFO,high_variance_cost,500000,0.9,0.8998662109893271,276.14096721878985,0.0006002373993396,0.0018002465367317,0.002200249582529,450391.6220102682,56,10000,0,4,46,0.0,0.0,72.8828125,72.8828125,N/A (GPTCache eviction path is CPU-only),5.340576171875e-05
Random,high_variance_cost,500000,0.9,0.8998662109893271,276.14096721878985,0.0005001202225685,0.0018998980522155,0.0033011380583048,384062.9230592616,56,10000,0,4,46,0.0,0.0,72.87890625,72.87890625,N/A (GPTCache eviction path is CPU-only),5.340576171875e-05
LRU,high_variance_cost,500000,0.9,0.899421992476946,290.31773262027434,0.0006998889148235,0.0016004778444766,0.0020992057397961,474948.8290990171,56,10000,0,5,47,0.0,0.0,72.76171875,72.76171875,N/A (GPTCache eviction path is CPU-only),5.340576171875e-05
LRU,high_variance_cost,500000,0.9,0.8975804974826118,273.6210440867278,0.0006998889148235,0.0018002465367317,0.0023003667593002,448758.5036465798,56,10000,0,0,42,0.0,0.0,72.7890625,72.7890625,N/A (GPTCache eviction path is CPU-only),5.340576171875e-05
LRU,high_variance_cost,500000,0.9,0.9002472859333495,261.5836827731951,0.0009001232683658,0.0018998980522155,0.002400018274784,407217.5248946436,56,10000,0,6,48,0.0,0.0,73.015625,73.015625,N/A (GPTCache eviction path is CPU-only),5.340576171875e-05
FIFO,high_variance_cost,500000,0.9,0.899421992476946,290.31773262027434,0.0006002373993396,0.0019003637135028,0.0024014757946133,432954.7827452647,56,10000,0,5,47,0.0,0.0,72.58203125,72.58203125,N/A (GPTCache eviction path is CPU-only),5.340576171875e-05
LFU,high_variance_cost,500000,0.9,0.9002472859333495,261.5836827731951,0.0008000060915946,0.0021001324057579,0.0027003698050975,441018.21582365694,56,10000,0,6,48,0.0,0.0,72.78515625,72.78515625,N/A (GPTCache eviction path is CPU-only),5.340576171875e-05
Random,high_variance_cost,500000,0.9,0.899421992476946,290.31773262027434,0.0005997717380523,0.0017997808754444,0.0026994431391358,270513.7352552673,56,10000,0,5,47,0.0,0.0,72.7109375,72.7109375,N/A (GPTCache eviction path is CPU-only),5.340576171875e-05
GDSF,high_variance_cost,500000,0.9,0.8999751247607716,285.85141967403086,0.0062999315559864,0.0133998692035675,0.0470011262223124,74020.9982505439,56,10000,0,3,45,50.1,95.19,73.07421875,73.07421875,N/A (GPTCache eviction path is CPU-only),5.340576171875e-05
LFU,high_variance_cost,500000,0.9,0.899421992476946,290.31773262027434,0.0009001232683658,0.002200249582529,0.0032000243663787,231514.70861606416,56,10000,0,5,47,0.0,0.0,72.6015625,72.6015625,N/A (GPTCache eviction path is CPU-only),5.340576171875e-05
GDSF,high_variance_cost,500000,0.9,0.8998662109893271,276.14096721878985,0.0057998113334178,0.0108000822365283,0.0182009069249034,80990.28440316035,56,10000,0,4,46,40.05,76.09499999999998,72.8984375,72.8984375,N/A (GPTCache eviction path is CPU-only),5.340576171875e-05
LFU,high_variance_cost,250000,0.578,0.600892397248518,188.44108557108905,0.001200009137392,0.3757998347282409,0.7328029908239841,11450.800378276112,56,10000,3615,28,70,69.725,95.82,72.90234375,72.90234375,N/A (GPTCache eviction path is CPU-only),5.340576171875e-05
Random,high_variance_cost,500000,0.9,0.9002472859333495,261.5836827731951,0.0006002373993396,0.0018002465367317,0.002200249582529,449917.4383167399,56,10000,0,6,48,0.0,0.0,72.96484375,72.96484375,N/A (GPTCache eviction path is CPU-only),5.340576171875e-05
FIFO,high_variance_cost,500000,0.9001,0.9009300226096284,273.12012328656834,0.0007003545761108,0.0018998980522155,0.0036000274121761,350171.93173266714,56,10000,0,7,49,0.0,0.0,72.9140625,72.9140625,N/A (GPTCache eviction path is CPU-only),5.340576171875e-05
FIFO,high_variance_cost,500000,0.9,0.9002472859333495,261.5836827731951,0.0006998889148235,0.0019003637135028,0.0042012613266706,260030.6825222294,56,10000,0,6,48,0.0,0.0,72.8125,72.8125,N/A (GPTCache eviction path is CPU-only),5.340576171875e-05
GDSF,high_variance_cost,500000,0.9,0.9002472859333495,261.5836827731951,0.0053001567721366,0.0108997337520122,0.0192997977137565,102890.50289183446,56,10000,0,6,48,0.0,0.0,73.09765625,73.09765625,N/A (GPTCache eviction path is CPU-only),5.340576171875e-05
Random,high_variance_cost,500000,0.9,0.8988040754294645,262.36708748709145,0.0006002373993396,0.0016996636986732,0.0020000152289867,459016.6994432379,56,10000,0,8,50,0.0,0.0,72.7109375,72.7109375,N/A (GPTCache eviction path is CPU-only),5.340576171875e-05
GDSF,high_variance_cost,500000,0.9,0.899421992476946,290.31773262027434,0.0061998143792152,0.0132001005113124,0.0488019036129117,81517.13165316294,56,10000,0,5,47,30.05,57.095,72.83984375,72.83984375,N/A (GPTCache eviction path is CPU-only),5.340576171875e-05
GDSF,high_variance_cost,500000,0.9001,0.9009300226096284,273.12012328656834,0.0042999163269996,0.009599607437849,0.0194019172340631,119003.7012954318,56,10000,0,7,49,0.0,0.0,72.7890625,72.7890625,N/A (GPTCache eviction path is CPU-only),5.340576171875e-05
LFU,high_variance_cost,500000,0.9,0.8998662109893271,276.14096721878985,0.0004000030457973,0.0017993152141571,0.0021997839212417,690088.2577383423,56,10000,0,4,46,0.0,0.0,72.83203125,72.83203125,N/A (GPTCache eviction path is CPU-only),5.340576171875e-05
LRU,high_variance_cost,500000,0.9,0.9009263802551852,275.53256960139873,0.0009001232683658,0.0018002465367317,0.0024996744468808,381788.6762340882,56,10000,0,9,51,0.0,0.0,72.6015625,72.6015625,N/A (GPTCache eviction path is CPU-only),5.340576171875e-05
LRU,high_variance_cost,500000,0.9,0.8988040754294645,262.36708748709145,0.0007003545761108,0.0017001293599605,0.0020996667444705,441951.8338599135,56,10000,0,8,50,0.0,0.0,73.015625,73.015625,N/A (GPTCache eviction path is CPU-only),5.340576171875e-05
LFU,high_variance_cost,250000,0.581,0.5603336142283055,175.97255565167296,0.001200009137392,0.3851250279694792,0.7747197290882473,8560.773099180149,56,10000,3586,27,69,56.15000000000001,106.65,72.70068359375,72.703125,N/A (GPTCache eviction path is CPU-only),5.340576171875e-05
FIFO,high_variance_cost,500000,0.9,0.9009263802551852,275.53256960139873,0.0005001202225685,0.0017993152141571,0.002200249582529,201943.5047952849,56,10000,0,9,51,97.7,97.7,72.8984375,72.8984375,N/A (GPTCache eviction path is CPU-only),5.340576171875e-05
LFU,high_variance_cost,500000,0.9,0.8988040754294645,262.36708748709145,0.0008000060915946,0.0023995526134967,0.0038999179378151,286042.00655087136,56,10000,0,8,50,0.0,0.0,72.78515625,72.78515625,N/A (GPTCache eviction path is CPU-only),5.340576171875e-05
LFU,high_variance_cost,500000,0.9001,0.9009300226096284,273.12012328656834,0.001000240445137,0.0025001354515552,0.0054012704640627,54432.936742539954,56,10000,0,7,49,8.3,15.77,72.87890625,72.87890625,N/A (GPTCache eviction path is CPU-only),5.340576171875e-05
LFU,high_variance_cost,500000,0.9,0.9009263802551852,275.53256960139873,0.0009997747838497,0.0020996667444705,0.0029997900128364,353057.4768632152,56,10000,0,9,51,0.0,0.0,72.90234375,72.90234375,N/A (GPTCache eviction path is CPU-only),5.340576171875e-05
LRU,high_variance_cost,500000,0.9001,0.9009300226096284,273.12012328656834,0.0007003545761108,0.0018998980522155,0.0026002526283264,418261.28618262784,56,10000,0,7,49,0.0,0.0,73.07421875,73.07421875,N/A (GPTCache eviction path is CPU-only),5.340576171875e-05
LFU,high_variance_cost,250000,0.5938,0.6365566314674631,198.6152765822933,0.001200009137392,0.3733051475137471,0.8421030081808567,7909.321214608678,56,10000,3453,26,68,52.3,108.595,72.796875,72.796875,N/A (GPTCache eviction path is CPU-only),5.340576171875e-05
LFU,high_variance_cost,250000,0.5995,0.5722506885274256,172.81799952104066,0.001200009137392,0.3893052460625767,0.8319107023999097,9299.60490712037,56,10000,3382,29,71,58.846153846153854,108.55999999999996,72.82421875,72.82421875,N/A (GPTCache eviction path is CPU-only),5.340576171875e-05
GDSF,high_variance_cost,500000,0.9,0.8988040754294645,262.36708748709145,0.0058002769947052,0.0120000913739204,0.0363031588494778,63049.59548598217,56,10000,0,8,50,40.06666666666666,76.1,73.07421875,73.07421875,N/A (GPTCache eviction path is CPU-only),5.340576171875e-05
Random,high_variance_cost,500000,0.9,0.8994310541826837,257.1368483960312,0.0006002373993396,0.0017001293599605,0.0020000198855996,453498.2898496786,56,10000,0,10,52,0.0,0.0,72.83984375,72.83984375,N/A (GPTCache eviction path is CPU-only),5.340576171875e-05
FIFO,high_variance_cost,500000,0.9,0.8988040754294645,262.36708748709145,0.0006002373993396,0.0018994323909282,0.0026994384825229,347270.4549474887,56,10000,0,8,50,16.6,16.6,72.58203125,72.58203125,N/A (GPTCache eviction path is CPU-only),5.340576171875e-05
LFU,high_variance_cost,500000,0.9,0.8994310541826837,257.1368483960312,0.0008996576070785,0.0021997839212417,0.0029001384973526,399051.8582012174,56,10000,0,10,52,0.0,0.0,72.96875,72.96875,N/A (GPTCache eviction path is CPU-only),5.340576171875e-05
FIFO,high_variance_cost,500000,0.9,0.8998944945386841,267.4139349068939,0.0006002373993396,0.0017001293599605,0.0021001324057579,456360.52905072994,56,10000,0,12,54,0.0,0.0,72.88671875,72.88671875,N/A (GPTCache eviction path is CPU-only),5.340576171875e-05
LRU,high_variance_cost,500000,0.9,0.8994310541826837,257.1368483960312,0.0009001232683658,0.0018002465367317,0.002200249582529,391780.4489066424,56,10000,0,10,52,0.0,0.0,72.8125,72.8125,N/A (GPTCache eviction path is CPU-only),5.340576171875e-05
FIFO,high_variance_cost,500000,0.9,0.8994310541826837,257.1368483960312,0.0006002373993396,0.0017997808754444,0.002200249582529,450763.1395149722,56,10000,0,10,52,0.0,0.0,73.1015625,73.1015625,N/A (GPTCache eviction path is CPU-only),5.340576171875e-05
LFU,high_variance_cost,500000,0.9,0.901582534228333,285.57671162063843,0.0008000060915946,0.0021001324057579,0.0028000213205814,451047.783683439,56,10000,0,11,53,0.0,0.0,73.015625,73.015625,N/A (GPTCache eviction path is CPU-only),5.340576171875e-05
Random,high_variance_cost,500000,0.9,0.8998944945386841,267.4139349068939,0.0002998858690261,0.0008996576070785,0.0010998919606208,960993.286644441,56,10000,0,12,54,0.0,0.0,73.07421875,73.07421875,N/A (GPTCache eviction path is CPU-only),5.340576171875e-05
Random,high_variance_cost,500000,0.9,0.901582534228333,285.57671162063843,0.0006002373993396,0.0017001293599605,0.0021001324057579,449161.6369243754,56,10000,0,11,53,0.0,0.0,72.703125,72.703125,N/A (GPTCache eviction path is CPU-only),5.340576171875e-05
LFU,high_variance_cost,500000,0.9,0.8998944945386841,267.4139349068939,0.0009001232683658,0.0021001324057579,0.0028000213205814,356609.21519768954,56,10000,0,12,54,0.0,0.0,72.90234375,72.90234375,N/A (GPTCache eviction path is CPU-only),5.340576171875e-05
GDSF,high_variance_cost,500000,0.9,0.9009263802551852,275.53256960139873,0.0059003941714763,0.0122003257274627,0.0438080960884692,82117.04312535065,56,10000,0,9,51,0.0,0.0,72.9140625,72.9140625,N/A (GPTCache eviction path is CPU-only),5.340576171875e-05
GDSF,high_variance_cost,500000,0.9,0.8994310541826837,257.1368483960312,0.0049001537263393,0.0094999559223651,0.0139996455982327,138803.6783442288,56,10000,0,10,52,0.0,0.0,72.7890625,72.7890625,N/A (GPTCache eviction path is CPU-only),5.340576171875e-05
Random,high_variance_cost,500000,0.9,0.9009263802551852,275.53256960139873,0.0002998858690261,0.0009001232683658,0.001200009137392,928996.7455233372,56,10000,0,9,51,0.0,0.0,73.05078125,73.05078125,N/A (GPTCache eviction path is CPU-only),5.340576171875e-05
Random,high_variance_cost,500000,0.9001,0.9009300226096284,273.12012328656834,0.0005001202225685,0.0016000121831893,0.0020000152289867,533851.5278362872,56,10000,0,7,49,0.0,0.0,72.76171875,72.76171875,N/A (GPTCache eviction path is CPU-only),5.340576171875e-05
FIFO,high_variance_cost,500000,0.9,0.901582534228333,285.57671162063843,0.0006002373993396,0.0018002465367317,0.0021997839212417,461974.855469071,56,10000,0,11,53,0.0,0.0,72.6015625,72.6015625,N/A (GPTCache eviction path is CPU-only),5.340576171875e-05
GDSF,high_variance_cost,500000,0.9,0.8998944945386841,267.4139349068939,0.0060000456869602,0.0114999711513519,0.0315021211281419,89258.14008535621,56,10000,0,12,54,50.1,95.19,72.796875,72.796875,N/A (GPTCache eviction path is CPU-only),5.340576171875e-05
LRU,high_variance_cost,500000,0.9,0.901220356560582,288.3853553394489,0.0008996576070785,0.0018002465367317,0.002201241441071,397230.5132995361,56,10000,0,13,55,66.5,66.5,72.82421875,72.82421875,N/A (GPTCache eviction path is CPU-only),5.340576171875e-05
LRU,high_variance_cost,500000,0.9,0.8998944945386841,267.4139349068939,0.0008000060915946,0.0018002465367317,0.0023003667593002,318275.7094293606,56,10000,0,12,54,0.0,0.0,72.78515625,72.78515625,N/A (GPTCache eviction path is CPU-only),5.340576171875e-05
GDSF,high_variance_cost,500000,0.9,0.901582534228333,285.57671162063843,0.005899928510189,0.0108997337520122,0.0159000046551227,77972.77037961133,56,10000,0,11,53,50.1,95.19,72.98046875,72.98046875,N/A (GPTCache eviction path is CPU-only),5.340576171875e-05
FIFO,high_variance_cost,500000,0.9,0.901220356560582,288.3853553394489,0.0006002373993396,0.0017001293599605,0.0020014680922031,244955.7493052101,56,10000,0,13,55,0.0,0.0,73.07421875,73.07421875,N/A (GPTCache eviction path is CPU-only),5.340576171875e-05
LRU,high_variance_cost,500000,0.9,0.901582534228333,285.57671162063843,0.001000240445137,0.002000480890274,0.0035009114071727,175416.74643526564,56,10000,0,11,53,0.0,0.0,72.83203125,72.83203125,N/A (GPTCache eviction path is CPU-only),5.340576171875e-05
LFU,high_variance_cost,500000,0.9,0.901220356560582,288.3853553394489,0.0008996576070785,0.002000480890274,0.0025997869670391,418795.54031520383,56,10000,0,13,55,0.0,0.0,72.83984375,72.83984375,N/A (GPTCache eviction path is CPU-only),5.340576171875e-05
LRU,high_variance_cost,500000,0.9,0.899571276684593,283.54358715724123,0.0009001232683658,0.0018998980522155,0.002799560315907,355377.39372492576,56,10000,0,14,56,0.0,0.0,72.88671875,72.88671875,N/A (GPTCache eviction path is CPU-only),5.340576171875e-05
Random,high_variance_cost,500000,0.9,0.901220356560582,288.3853553394489,0.0005001202225685,0.0016996636986732,0.002000480890274,516884.0150614049,56,10000,0,13,55,20.0,20.0,72.58203125,72.58203125,N/A (GPTCache eviction path is CPU-only),5.340576171875e-05
Random,high_variance_cost,500000,0.9,0.899571276684593,283.54358715724123,0.0006002373993396,0.0018002465367317,0.0023995526134967,424282.5348449748,56,10000,0,14,56,0.0,0.0,73.015625,73.015625,N/A (GPTCache eviction path is CPU-only),5.340576171875e-05
LFU,high_variance_cost,500000,0.9,0.899571276684593,283.54358715724123,0.0009001232683658,0.0021001324057579,0.0027003698050975,393142.029117849,56,10000,0,14,56,0.0,0.0,73.1015625,73.1015625,N/A (GPTCache eviction path is CPU-only),5.340576171875e-05
Random,high_variance_cost,500000,0.9,0.8980804117835618,284.33719439884794,0.0006998889148235,0.0018998980522155,0.0027003698050975,307833.4333076906,56,10000,0,15,57,0.0,0.0,72.7890625,72.7890625,N/A (GPTCache eviction path is CPU-only),5.340576171875e-05
LRU,high_variance_cost,500000,0.9,0.8994361449261299,278.6890926402926,0.0006002373993396,0.0017001293599605,0.0021997839212417,562568.9196053421,56,10000,0,16,58,0.0,0.0,72.76171875,72.76171875,N/A (GPTCache eviction path is CPU-only),5.340576171875e-05
LRU,high_variance_cost,500000,0.9,0.8980804117835618,284.33719439884794,0.0006998889148235,0.0010998919606208,0.0018002465367317,538572.5724355531,56,10000,0,15,57,0.0,0.0,72.703125,72.703125,N/A (GPTCache eviction path is CPU-only),5.340576171875e-05
Random,high_variance_cost,500000,0.9,0.8994361449261299,278.6890926402926,0.0003003515303134,0.0014002434909343,0.0018002465367317,451732.3986310564,56,10000,0,16,58,0.0,0.0,72.90234375,72.90234375,N/A (GPTCache eviction path is CPU-only),5.340576171875e-05
FIFO,high_variance_cost,500000,0.9,0.8980804117835618,284.33719439884794,0.0006002373993396,0.0019003637135028,0.0025001354515552,444245.0247074518,56,10000,0,15,57,0.0,0.0,72.90234375,72.90234375,N/A (GPTCache eviction path is CPU-only),5.340576171875e-05
GDSF,high_variance_cost,500000,0.9,0.901220356560582,288.3853553394489,0.0062999315559864,0.0153002329170703,0.0504009192809462,70406.52014650621,56,10000,0,13,55,40.05,76.09499999999998,72.96875,72.96875,N/A (GPTCache eviction path is CPU-only),5.340576171875e-05
LFU,high_variance_cost,500000,0.9,0.8994361449261299,278.6890926402926,0.0006998889148235,0.0018998980522155,0.0024004839360713,484700.4241922764,56,10000,0,16,58,0.0,0.0,72.796875,72.796875,N/A (GPTCache eviction path is CPU-only),5.340576171875e-05
GDSF,high_variance_cost,500000,0.9,0.899571276684593,283.54358715724123,0.0048000365495681,0.0096997246146202,0.0171010103076696,134604.3571426843,56,10000,0,14,56,0.0,0.0,73.07421875,73.07421875,N/A (GPTCache eviction path is CPU-only),5.340576171875e-05
LFU,high_variance_cost,500000,0.9,0.8980804117835618,284.33719439884794,0.0008996576070785,0.0020000152289867,0.0025997869670391,410310.276414238,56,10000,0,15,57,0.0,0.0,72.9140625,72.9140625,N/A (GPTCache eviction path is CPU-only),5.340576171875e-05
LRU,high_variance_cost,500000,0.9,0.8999437966281686,278.0003176643984,0.0009001232683658,0.0018998980522155,0.0025001354515552,389707.06182156655,56,10000,0,17,59,0.0,0.0,72.98046875,72.98046875,N/A (GPTCache eviction path is CPU-only),5.340576171875e-05
FIFO,high_variance_cost,500000,0.9,0.8994361449261299,278.6890926402926,0.0006002373993396,0.0018999213352799,0.002400018274784,447295.2051900886,56,10000,0,16,58,0.0,0.0,72.6015625,72.6015625,N/A (GPTCache eviction path is CPU-only),5.340576171875e-05
FIFO,high_variance_cost,500000,0.9,0.899571276684593,283.54358715724123,0.0006002373993396,0.0017001293599605,0.0021001324057579,450779.3952175836,56,10000,0,14,56,0.0,0.0,72.8125,72.8125,N/A (GPTCache eviction path is CPU-only),5.340576171875e-05
Random,high_variance_cost,500000,0.9,0.8999437966281686,278.0003176643984,0.0006998889148235,0.0017997808754444,0.0020996714010834,458074.709813061,56,10000,0,17,59,0.0,0.0,72.83984375,72.83984375,N/A (GPTCache eviction path is CPU-only),5.340576171875e-05
FIFO,high_variance_cost,500000,0.9,0.8999437966281686,278.0003176643984,0.0006002373993396,0.0017993152141571,0.0020996667444705,444227.2611572482,56,10000,0,17,59,0.0,0.0,73.07421875,73.07421875,N/A (GPTCache eviction path is CPU-only),5.340576171875e-05
GDSF,high_variance_cost,500000,0.9,0.8994361449261299,278.6890926402926,0.0057998113334178,0.0117002055048942,0.02680120524019,78971.60019891801,56,10000,0,16,58,30.05,57.095,72.78515625,72.78515625,N/A (GPTCache eviction path is CPU-only),5.340576171875e-05
GDSF,high_variance_cost,500000,0.9,0.8980804117835618,284.33719439884794,0.0064000487327575,0.0133998692035675,0.0535008264705538,50197.9304391591,56,10000,0,15,57,24.433333333333337,39.41,73.05078125,73.05078125,N/A (GPTCache eviction path is CPU-only),5.340576171875e-05
Random,high_variance_cost,500000,0.9,0.8972966612507566,279.8523264570739,0.0006998889148235,0.0017001293599605,0.0022999057546257,426557.4671235902,56,10000,0,18,60,0.0,0.0,72.7890625,72.7890625,N/A (GPTCache eviction path is CPU-only),5.340576171875e-05
LFU,high_variance_cost,500000,0.9,0.8999437966281686,278.0003176643984,0.0005001202225685,0.0011003576219081,0.0014002434909343,372746.2799421035,56,10000,0,17,59,0.0,0.0,72.83203125,72.83203125,N/A (GPTCache eviction path is CPU-only),5.340576171875e-05
FIFO,high_variance_cost,500000,0.9,0.8979200359246288,290.12375685722486,0.0005001202225685,0.0014002434909343,0.0020000152289867,346544.7775086515,56,10000,0,19,61,0.0,0.0,72.90234375,72.90234375,N/A (GPTCache eviction path is CPU-only),5.340576171875e-05
FIFO,high_variance_cost,500000,0.9,0.8972966612507566,279.8523264570739,0.0005001202225685,0.0016000121831893,0.0066002830862998,484879.0525190217,56,10000,0,18,60,0.0,0.0,73.015625,73.015625,N/A (GPTCache eviction path is CPU-only),5.340576171875e-05
LFU,high_variance_cost,500000,0.9,0.8972966612507566,279.8523264570739,0.0008996576070785,0.0021001324057579,0.0028000213205814,413984.3868768399,56,10000,0,18,60,0.0,0.0,73.1015625,73.1015625,N/A (GPTCache eviction path is CPU-only),5.340576171875e-05
LFU,high_variance_cost,500000,0.9,0.8979200359246288,290.12375685722486,0.0008000060915946,0.0021001324057579,0.0026999088004231,420277.5547805385,56,10000,0,19,61,0.0,0.0,72.90234375,72.90234375,N/A (GPTCache eviction path is CPU-only),5.340576171875e-05
Random,high_variance_cost,500000,0.9,0.8979200359246288,290.12375685722486,0.0006002373993396,0.0016000121831893,0.0018998980522155,196601.54661183056,56,10000,0,19,61,0.0,0.0,72.96875,72.96875,N/A (GPTCache eviction path is CPU-only),5.340576171875e-05
GDSF,high_variance_cost,500000,0.9,0.8972966612507566,279.8523264570739,0.0050999224185943,0.0101001933217048,0.0171996699646115,99766.04848411362,56,10000,0,18,60,41.55,78.945,72.76171875,72.76171875,N/A (GPTCache eviction path is CPU-only),5.340576171875e-05
LRU,high_variance_cost,500000,0.9,0.9016522755202024,289.1371687152879,0.0008996576070785,0.0017997808754444,0.0021997839212417,420487.8530365064,56,10000,0,20,62,0.0,0.0,73.07421875,73.07421875,N/A (GPTCache eviction path is CPU-only),5.340576171875e-05
GDSF,high_variance_cost,500000,0.9,0.8979200359246288,290.12375685722486,0.0050999224185943,0.0096997478976845,0.0184997962787747,108835.83735629045,56,10000,0,19,61,50.1,95.19,72.796875,72.796875,N/A (GPTCache eviction path is CPU-only),5.340576171875e-05
FIFO,high_variance_cost,500000,0.9,0.9016522755202024,289.1371687152879,0.0006002373993396,0.0018002465367317,0.002200249582529,449222.1740933158,56,10000,0,20,62,0.0,0.0,72.9140625,72.9140625,N/A (GPTCache eviction path is CPU-only),5.340576171875e-05
LFU,high_variance_cost,500000,0.9,0.8982245524052564,281.38824316690847,0.0008996576070785,0.002000480890274,0.0026002526283264,196136.11988727355,56,10000,0,21,63,0.0,0.0,72.78515625,72.78515625,N/A (GPTCache eviction path is CPU-only),5.340576171875e-05
LRU,high_variance_cost,500000,0.9,0.8996829234822531,271.8415061664482,0.0009001232683658,0.0017997808754444,0.0021001324057579,394835.5462954041,56,10000,0,22,64,0.0,0.0,72.83203125,72.83203125,N/A (GPTCache eviction path is CPU-only),5.340576171875e-05
LFU,high_variance_cost,500000,0.9,0.9016522755202024,289.1371687152879,0.0009001232683658,0.0021001324057579,0.0027003698050975,383909.5786392693,56,10000,0,20,62,0.0,0.0,72.99609375,72.99609375,N/A (GPTCache eviction path is CPU-only),5.340576171875e-05
GDSF,high_variance_cost,500000,0.9,0.8999437966281686,278.0003176643984,0.0056000426411628,0.0113998539745807,0.0241018366068602,100554.86140826462,56,10000,0,17,59,40.05,76.09499999999998,72.88671875,72.88671875,N/A (GPTCache eviction path is CPU-only),5.340576171875e-05
FIFO,high_variance_cost,500000,0.9,0.8982245524052564,281.38824316690847,0.0005001202225685,0.0018002465367317,0.002200249582529,491028.90740628826,56,10000,0,21,63,0.0,0.0,73.07421875,73.07421875,N/A (GPTCache eviction path is CPU-only),5.340576171875e-05
LRU,high_variance_cost,500000,0.9,0.8979200359246288,290.12375685722486,0.0009001232683658,0.0018002465367317,0.0022999010980129,397080.6607228432,56,10000,0,19,61,0.0,0.0,72.703125,72.703125,N/A (GPTCache eviction path is CPU-only),5.340576171875e-05
Random,high_variance_cost,500000,0.9,0.9016522755202024,289.1371687152879,0.0006002373993396,0.0017001293599605,0.0021001324057579,214354.00059678205,56,10000,0,20,62,0.0,0.0,72.6015625,72.6015625,N/A (GPTCache eviction path is CPU-only),5.340576171875e-05
Random,high_variance_cost,500000,0.9,0.8998710546673352,284.9684443642415,0.0005001202225685,0.0014002434909343,0.0017997855320572,552086.612264319,56,10000,0,23,65,0.0,0.0,72.796875,72.796875,N/A (GPTCache eviction path is CPU-only),5.340576171875e-05
LRU,high_variance_cost,500000,0.9,0.8982245524052564,281.38824316690847,0.0009001232683658,0.0018002465367317,0.002200249582529,305059.4091209239,56,10000,0,21,63,0.0,0.0,72.83984375,72.83984375,N/A (GPTCache eviction path is CPU-only),5.340576171875e-05
LFU,high_variance_cost,500000,0.9,0.8996829234822531,271.8415061664482,0.0009001232683658,0.0021001324057579,0.0026994384825229,396776.5879521821,56,10000,0,22,64,0.0,0.0,73.015625,73.015625,N/A (GPTCache eviction path is CPU-only),5.340576171875e-05
Random,high_variance_cost,500000,0.9,0.8982245524052564,281.38824316690847,0.0004996545612812,0.0009997747838497,0.0016996683552861,494413.1232401147,56,10000,0,21,63,0.0,0.0,73.05078125,73.05078125,N/A (GPTCache eviction path is CPU-only),5.340576171875e-05
FIFO,high_variance_cost,500000,0.9,0.8996829234822531,271.8415061664482,0.0005001202225685,0.0016000121831893,0.0020000152289867,515052.4037133079,56,10000,0,22,64,0.0,0.0,72.90234375,72.90234375,N/A (GPTCache eviction path is CPU-only),5.340576171875e-05
FIFO,high_variance_cost,500000,0.9,0.8998710546673352,284.9684443642415,0.0004996545612812,0.0016996636986732,0.0020000198855996,277863.4532752516,56,10000,0,23,65,0.0,0.0,72.8046875,72.8046875,N/A (GPTCache eviction path is CPU-only),5.340576171875e-05
LRU,high_variance_cost,500000,0.9,0.8972966612507566,279.8523264570739,0.0009997747838497,0.0018002465367317,0.0022999010980129,342018.32066340244,56,10000,0,18,60,20.0,20.0,72.58203125,72.58203125,N/A (GPTCache eviction path is CPU-only),5.340576171875e-05
GDSF,high_variance_cost,500000,0.9,0.8996829234822531,271.8415061664482,0.0054999254643917,0.010200310498476,0.0160001218318939,88546.74446684086,56,10000,0,22,64,30.05,57.095,72.90234375,72.90234375,N/A (GPTCache eviction path is CPU-only),5.340576171875e-05
LRU,high_variance_cost,500000,0.9,0.8998710546673352,284.9684443642415,0.0009001232683658,0.0017997808754444,0.0021997839212417,408682.04622026463,56,10000,0,23,65,0.0,0.0,72.96875,72.96875,N/A (GPTCache eviction path is CPU-only),5.340576171875e-05
GDSF,high_variance_cost,500000,0.9,0.9016522755202024,289.1371687152879,0.0060000456869602,0.0112000852823257,0.0182009069249034,76609.21487125216,56,10000,0,20,62,19.8,37.62,72.8125,72.8125,N/A (GPTCache eviction path is CPU-only),5.340576171875e-05
GDSF,high_variance_cost,500000,0.9,0.8982245524052564,281.38824316690847,0.0056000426411628,0.0121998600661754,0.0318040093407035,83484.78883902311,56,10000,0,21,63,0.0,0.0,72.7890625,72.7890625,N/A (GPTCache eviction path is CPU-only),5.340576171875e-05
Random,high_variance_cost,500000,0.9,0.9000316666233418,276.3783348938587,0.0006002373993396,0.0017001293599605,0.0022999010980129,363126.6670029384,56,10000,0,24,66,0.0,0.0,72.99609375,72.99609375,N/A (GPTCache eviction path is CPU-only),5.340576171875e-05
Random,high_variance_cost,500000,0.9,0.8996829234822531,271.8415061664482,0.0006002373993396,0.0018998980522155,0.0025997869670391,433751.0378544634,56,10000,0,22,64,0.0,0.0,73.1015625,73.1015625,N/A (GPTCache eviction path is CPU-only),5.340576171875e-05
LRU,high_variance_cost,500000,0.9,0.9000316666233418,276.3783348938587,0.0009001232683658,0.0020000152289867,0.0026002526283264,338783.2252642111,56,10000,0,24,66,0.0,0.0,72.78515625,72.78515625,N/A (GPTCache eviction path is CPU-only),5.340576171875e-05
LFU,high_variance_cost,500000,0.9,0.8998710546673352,284.9684443642415,0.0007003545761108,0.0020000152289867,0.0026002526283264,349059.6307455754,56,10000,0,23,65,0.0,0.0,73.07421875,73.07421875,N/A (GPTCache eviction path is CPU-only),5.340576171875e-05
GDSF,high_variance_cost,500000,0.9,0.8998710546673352,284.9684443642415,0.0052000395953655,0.0100000761449337,0.0154008856043219,124783.5003148781,56,10000,0,23,65,0.0,0.0,72.9140625,72.9140625,N/A (GPTCache eviction path is CPU-only),5.340576171875e-05
LFU,high_variance_cost,500000,0.9,0.9000316666233418,276.3783348938587,0.0008996576070785,0.0021997839212417,0.0035003758966922,144326.59353364623,56,10000,0,24,66,0.0,0.0,72.88671875,72.88671875,N/A (GPTCache eviction path is CPU-only),5.340576171875e-05
FIFO,high_variance_cost,500000,0.9,0.9027052856081836,290.0126811869023,0.0006002373993396,0.0017001293599605,0.0022999010980129,403642.4688040264,56,10000,0,25,67,97.7,97.7,72.6015625,72.6015625,N/A (GPTCache eviction path is CPU-only),5.340576171875e-05
LRU,high_variance_cost,500000,0.9,0.9027052856081836,290.0126811869023,0.0008996576070785,0.0018002465367317,0.0022999010980129,280034.3893976752,56,10000,0,25,67,0.0,0.0,72.703125,72.703125,N/A (GPTCache eviction path is CPU-only),5.340576171875e-05
Random,high_variance_cost,500000,0.9,0.9027052856081836,290.0126811869023,0.0006998889148235,0.0017001293599605,0.0023003667593002,343511.5827309118,56,10000,0,25,67,0.0,0.0,72.83984375,72.83984375,N/A (GPTCache eviction path is CPU-only),5.340576171875e-05
LRU,high_variance_cost,500000,0.9,0.9012076300254214,283.0239089738865,0.0009001232683658,0.0017997808754444,0.002200249582529,327453.3618615619,56,10000,0,27,69,0.0,0.0,72.984375,72.984375,N/A (GPTCache eviction path is CPU-only),5.340576171875e-05
LRU,high_variance_cost,500000,0.9,0.9027791581421654,281.68072300775515,0.0009997747838497,0.0019995495676994,0.0030002556741237,134046.28029413606,56,10000,0,26,68,0.0,0.0,73.05078125,73.05078125,N/A (GPTCache eviction path is CPU-only),5.340576171875e-05
GDSF,high_variance_cost,500000,0.9,0.9000316666233418,276.3783348938587,0.0060000456869602,0.0114999711513519,0.0222029397264123,87836.64496162673,56,10000,0,24,66,33.25,63.175,73.07421875,73.07421875,N/A (GPTCache eviction path is CPU-only),5.340576171875e-05
LFU,high_variance_cost,500000,0.9,0.9027052856081836,290.0126811869023,0.0008000060915946,0.0021001324057579,0.0030999071896076,138698.37107582102,56,10000,0,25,67,0.0,0.0,72.796875,72.796875,N/A (GPTCache eviction path is CPU-only),5.340576171875e-05
FIFO,high_variance_cost,500000,0.9,0.9012076300254214,283.0239089738865,0.0006998889148235,0.0018052058294414,0.002400018274784,276576.20699097763,56,10000,0,27,69,0.0,0.0,72.8125,72.8125,N/A (GPTCache eviction path is CPU-only),5.340576171875e-05
Random,high_variance_cost,500000,0.9,0.9012076300254214,283.0239089738865,0.0006998889148235,0.0017001293599605,0.0021001324057579,368499.21011871705,56,10000,0,27,69,0.0,0.0,73.0,73.0,N/A (GPTCache eviction path is CPU-only),5.340576171875e-05
LRU,high_variance_cost,500000,0.9,0.8998061016670348,282.1810350372909,0.0009997747838497,0.0018002465367317,0.0023003667593002,315885.90129075124,56,10000,0,28,70,0.0,0.0,72.78515625,72.78515625,N/A (GPTCache eviction path is CPU-only),5.340576171875e-05
Random,high_variance_cost,500000,0.9,0.9027791581421654,281.68072300775515,0.0005001202225685,0.0017001293599605,0.0025997869670391,435325.8118731108,56,10000,0,26,68,0.0,0.0,72.58203125,72.58203125,N/A (GPTCache eviction path is CPU-only),5.340576171875e-05
GDSF,high_variance_cost,500000,0.9,0.9027052856081836,290.0126811869023,0.0054999254643917,0.010400079190731,0.0155000016093254,108680.88528808422,56,10000,0,25,67,50.1,95.19,73.01953125,73.01953125,N/A (GPTCache eviction path is CPU-only),5.340576171875e-05
LFU,high_variance_cost,500000,0.9,0.9027791581421654,281.68072300775515,0.0008996576070785,0.0021001324057579,0.0029001384973526,160599.22761466226,56,10000,0,26,68,0.0,0.0,73.03515625,73.03515625,N/A (GPTCache eviction path is CPU-only),5.340576171875e-05
FIFO,zipf_variable_cost,50000,0.9761,0.8655254913321333,22.00449437821424,0.0005001202225685,0.0006998889148235,0.0028010178357362,531005.3998035005,56,10000,161,0,42,0.0,0.0,72.859375,72.859375,N/A (GPTCache eviction path is CPU-only),5.340576171875e-05
FIFO,high_variance_cost,500000,0.9,0.8998061016670348,282.1810350372909,0.0005001202225685,0.0016000121831893,0.0019003637135028,564994.085867863,56,10000,0,28,70,104.2,104.2,73.07421875,73.07421875,N/A (GPTCache eviction path is CPU-only),5.340576171875e-05
Random,high_variance_cost,500000,0.9001,0.8995642624402921,271.66572167103845,0.0005001202225685,0.0014994293451309,0.0017997808754444,541137.251620205,56,10000,0,29,71,0.0,0.0,73.05078125,73.05078125,N/A (GPTCache eviction path is CPU-only),5.340576171875e-05
LRU,zipf_variable_cost,50000,0.9821,0.8737551107186955,22.21371827206829,0.0006998889148235,0.0008000060915946,0.0028996728360652,304184.3576064714,56,10000,97,0,42,0.0,0.0,72.84375,72.84375,N/A (GPTCache eviction path is CPU-only),5.340576171875e-05
Random,zipf_variable_cost,50000,0.9773,0.8670170485638475,22.04241465098348,0.0005001202225685,0.0006002373993396,0.0054002739489078,543838.8472301362,56,10000,146,0,42,0.0,0.0,72.83203125,72.83203125,N/A (GPTCache eviction path is CPU-only),5.340576171875e-05
LRU,zipf_variable_cost,50000,0.9841,0.8862866937869678,23.33207127738613,0.0006998889148235,0.0008996576070785,0.002400018274784,527220.3801897969,56,10000,85,1,43,97.7,97.7,73.06640625,73.06640625,N/A (GPTCache eviction path is CPU-only),5.340576171875e-05
FIFO,high_variance_cost,500000,0.9001,0.8995642624402921,271.66572167103845,0.0006002373993396,0.0017001293599605,0.0022999010980129,295815.10361459194,56,10000,0,29,71,0.0,0.0,72.83984375,72.83984375,N/A (GPTCache eviction path is CPU-only),5.340576171875e-05
GDSF,high_variance_cost,500000,0.9,0.9027791581421654,281.68072300775515,0.0061001628637313,0.0117002055048942,0.0218995939940214,76924.20120566915,56,10000,0,26,68,19.8,37.62,72.90234375,72.90234375,N/A (GPTCache eviction path is CPU-only),5.340576171875e-05
LFU,high_variance_cost,500000,0.9,0.8998061016670348,282.1810350372909,0.0009001232683658,0.002200249582529,0.0030012475326657,360078.78298715653,56,10000,0,28,70,16.6,16.6,72.9140625,72.9140625,N/A (GPTCache eviction path is CPU-only),5.340576171875e-05
LFU,zipf_variable_cost,50000,0.983,0.876192468742268,22.27568390042298,0.0006998889148235,0.0009001232683658,0.0032000243663787,404125.3140134055,56,10000,85,0,42,0.0,0.0,73.046875,73.046875,N/A (GPTCache eviction path is CPU-only),5.340576171875e-05
FIFO,zipf_variable_cost,50000,0.9787,0.8794997803858658,23.15340138609921,0.0005001202225685,0.0006002373993396,0.003600032068789,406771.9431409754,56,10000,143,1,43,104.2,104.2,73.08203125,73.08203125,N/A (GPTCache eviction path is CPU-only),5.340576171875e-05
LRU,high_variance_cost,500000,0.9001,0.8995642624402921,271.66572167103845,0.0007003545761108,0.0018002465367317,0.002200249582529,308498.2007917525,56,10000,0,29,71,0.0,0.0,72.703125,72.703125,N/A (GPTCache eviction path is CPU-only),5.340576171875e-05
Random,zipf_variable_cost,50000,0.9798,0.8825250625063193,23.23304389744847,0.0005001202225685,0.0006002373993396,0.0032000243663787,465516.83991539775,56,10000,136,1,43,0.0,0.0,73.12109375,73.12109375,N/A (GPTCache eviction path is CPU-only),5.340576171875e-05
LFU,high_variance_cost,500000,0.9001,0.8995642624402921,271.66572167103845,0.0008996576070785,0.002000480890274,0.0026999041438102,397992.5248743516,56,10000,0,29,71,0.0,0.0,72.984375,72.984375,N/A (GPTCache eviction path is CPU-only),5.340576171875e-05
GDSF,zipf_variable_cost,50000,0.9818,0.8728638535478808,22.19105959407309,0.0038999132812023,0.0048000365495681,0.0168997794389724,176174.20224637396,56,10000,100,0,42,0.0,0.0,72.62890625,72.62890625,N/A (GPTCache eviction path is CPU-only),5.340576171875e-05
FIFO,zipf_variable_cost,50000,0.976,0.8954101157500118,31.21440227315491,0.0004996545612812,0.0006002373993396,0.0028996728360652,598953.0382936533,56,10000,169,2,44,0.0,0.0,72.83203125,72.83203125,N/A (GPTCache eviction path is CPU-only),5.340576171875e-05
LFU,high_variance_cost,500000,0.9,0.9012076300254214,283.0239089738865,0.0006998889148235,0.0018002465367317,0.0022994354367256,435693.7764601026,56,10000,0,27,69,0.0,0.0,72.7890625,72.7890625,N/A (GPTCache eviction path is CPU-only),5.340576171875e-05
FIFO,high_variance_cost,500000,0.9,0.9000316666233418,276.3783348938587,0.0004000030457973,0.0009997747838497,0.0017997808754444,769071.028897021,56,10000,0,24,66,0.0,0.0,72.83203125,72.83203125,N/A (GPTCache eviction path is CPU-only),5.340576171875e-05
GDSF,zipf_variable_cost,50000,0.9836,0.8859995232954593,23.324511328191804,0.0035003758966922,0.0045001506805419,0.0118023157119751,205199.7631799928,56,10000,91,1,43,0.0,0.0,73.09765625,73.09765625,N/A (GPTCache eviction path is CPU-only),5.340576171875e-05
LRU,zipf_variable_cost,50000,0.9824,0.9022761589608936,31.453755649936685,0.0006002373993396,0.0008000060915946,0.0025001354515552,491130.1893931355,56,10000,102,2,44,0.0,0.0,72.84375,72.84375,N/A (GPTCache eviction path is CPU-only),5.340576171875e-05
GDSF,high_variance_cost,500000,0.9,0.8998061016670348,282.1810350372909,0.0044000335037708,0.0102052697911857,0.0353019218891859,120475.10559758474,56,10000,0,28,70,33.25,63.175,72.603515625,72.60546875,N/A (GPTCache eviction path is CPU-only),5.340576171875e-05
LFU,zipf_variable_cost,50000,0.9847,0.8882902411660523,23.384815959873325,0.0007003545761108,0.0009001232683658,0.0024010147899389,283685.5320545163,56,10000,75,1,43,0.0,0.0,72.859375,72.859375,N/A (GPTCache eviction path is CPU-only),5.340576171875e-05
Random,zipf_variable_cost,50000,0.976,0.8950090581481444,31.20042122346696,0.0005001202225685,0.0006002373993396,0.0053998129442334,395864.0122751775,56,10000,169,2,44,0.0,0.0,72.88671875,72.88671875,N/A (GPTCache eviction path is CPU-only),5.340576171875e-05
LFU,zipf_variable_cost,50000,0.9856,0.8772928712292409,18.48107642697973,0.0006002373993396,0.0008000060915946,0.0027003698050975,492829.3298266414,56,10000,57,3,45,0.0,0.0,73.09375,73.09375,N/A (GPTCache eviction path is CPU-only),5.340576171875e-05
LFU,zipf_variable_cost,50000,0.9839,0.9049573505238574,31.547223202453267,0.0006998889148235,0.0008996576070785,0.0023013586178422,318483.50687788724,56,10000,79,2,44,0.0,0.0,73.06640625,73.06640625,N/A (GPTCache eviction path is CPU-only),5.340576171875e-05
FIFO,zipf_variable_cost,50000,0.9785,0.8621410204486029,18.161887110081707,0.0005001202225685,0.0006002373993396,0.0028000213205814,500921.6907998074,56,10000,135,3,45,0.0,0.0,73.046875,73.046875,N/A (GPTCache eviction path is CPU-only),5.340576171875e-05
FIFO,zipf_variable_cost,50000,0.979,0.8591345830131082,15.8412693817195,0.0002998858690261,0.0004000030457973,0.0014012400060892,1097947.9531384576,56,10000,125,5,47,0.0,0.0,72.84375,72.84375,N/A (GPTCache eviction path is CPU-only),5.340576171875e-05
Random,zipf_variable_cost,50000,0.9794,0.8638741800287957,18.198397898795648,0.0005001202225685,0.0006998889148235,0.0036020297557115,452241.0823223395,56,10000,131,3,45,0.0,0.0,72.75,72.75,N/A (GPTCache eviction path is CPU-only),5.340576171875e-05
GDSF,high_variance_cost,500000,0.9,0.9012076300254214,283.0239089738865,0.0054002739489078,0.011600088328123,0.0212011625990271,86761.72273933994,56,10000,0,27,69,41.55,78.945,73.1015625,73.1015625,N/A (GPTCache eviction path is CPU-only),5.340576171875e-05
LFU,zipf_variable_cost,50000,0.9866,0.8989946662495237,20.27226373245164,0.0005997717380523,0.0007003545761108,0.0018002465367317,473059.2726083907,56,10000,47,4,46,0.0,0.0,72.8359375,72.8359375,N/A (GPTCache eviction path is CPU-only),5.340576171875e-05
Random,zipf_variable_cost,50000,0.9829,0.8920122326641754,20.11481036765356,0.0004996545612812,0.0006002373993396,0.0022999010980129,428118.8462182006,56,10000,89,4,46,0.0,0.0,72.83203125,72.83203125,N/A (GPTCache eviction path is CPU-only),5.340576171875e-05
GDSF,zipf_variable_cost,50000,0.9846,0.8739696351972538,18.41106904277975,0.0025997869670391,0.0042999163269996,0.0136006390675902,229166.47681364504,56,10000,71,3,45,0.0,0.0,73.125,73.125,N/A (GPTCache eviction path is CPU-only),5.340576171875e-05
LRU,zipf_variable_cost,50000,0.9844,0.8687740395216389,16.019007806250684,0.0007003545761108,0.0009001232683658,0.0029997900128364,377458.198405281,56,10000,68,5,47,0.0,0.0,73.09765625,73.09765625,N/A (GPTCache eviction path is CPU-only),5.340576171875e-05
LRU,zipf_variable_cost,50000,0.9858,0.8963806438037885,20.213317718184864,0.0006998889148235,0.0008000060915946,0.0025997869670391,356435.0803039828,56,10000,59,4,46,0.0,0.0,73.03125,73.03125,N/A (GPTCache eviction path is CPU-only),5.340576171875e-05
GDSF,high_variance_cost,500000,0.9001,0.8995642624402921,271.66572167103845,0.0045001506805419,0.0090995104983448,0.0151009997352957,143413.9992188736,56,10000,0,29,71,0.0,0.0,73.07421875,73.07421875,N/A (GPTCache eviction path is CPU-only),5.340576171875e-05
LRU,zipf_variable_cost,50000,0.9849,0.874912698672041,18.430935644600662,0.0006998889148235,0.0009001232683658,0.002799560315907,415199.6212809262,56,10000,66,3,45,0.0,0.0,72.96484375,72.96484375,N/A (GPTCache eviction path is CPU-only),5.340576171875e-05
FIFO,high_variance_cost,500000,0.9,0.9027791581421654,281.68072300775515,0.0006998889148235,0.0018002465367317,0.0028000213205814,169384.72641519987,56,10000,0,26,68,0.0,0.0,72.90234375,72.90234375,N/A (GPTCache eviction path is CPU-only),5.340576171875e-05
Random,zipf_variable_cost,50000,0.9813,0.8613683927642304,15.882457785393036,0.0004000030457973,0.0005001202225685,0.0025006663054228,574630.0847189137,56,10000,104,5,47,0.0,0.0,72.859375,72.859375,N/A (GPTCache eviction path is CPU-only),5.340576171875e-05
GDSF,zipf_variable_cost,50000,0.9823,0.9018318062801916,31.438265314187053,0.0042999163269996,0.0054999254643917,0.0204998115077614,146928.96408400688,56,10000,106,2,44,49.6,94.24,72.94921875,72.94921875,N/A (GPTCache eviction path is CPU-only),5.340576171875e-05
Random,high_variance_cost,500000,0.9,0.8998061016670348,282.1810350372909,0.0003003515303134,0.0017001293599605,0.0020000152289867,224163.98051454767,56,10000,0,28,70,0.0,0.0,72.88671875,72.88671875,N/A (GPTCache eviction path is CPU-only),5.340576171875e-05
LFU,zipf_variable_cost,50000,0.9851,0.8714813040838143,16.06892607058896,0.0006998889148235,0.0009001232683658,0.0025011319667101,439836.9082566342,56,10000,58,5,47,0.0,0.0,72.65234375,72.65234375,N/A (GPTCache eviction path is CPU-only),5.340576171875e-05
FIFO,zipf_variable_cost,50000,0.98,0.8865005840682129,19.9905230964019,0.0005997717380523,0.0006998889148235,0.0035003758966922,422143.9860654271,56,10000,121,4,46,0.0,0.0,72.62890625,72.62890625,N/A (GPTCache eviction path is CPU-only),5.340576171875e-05
LRU,zipf_variable_cost,50000,0.983,0.87978305692463,22.727142168290243,0.0005997717380523,0.0007003545761108,0.002400018274784,599459.2872345492,56,10000,96,6,48,0.0,0.0,73.09765625,73.09765625,N/A (GPTCache eviction path is CPU-only),5.340576171875e-05
LFU,zipf_variable_cost,50000,0.9841,0.9033641745027008,27.01352555522758,0.0006998889148235,0.0008000060915946,0.0025001354515552,370533.6760823255,56,10000,73,7,49,0.0,0.0,72.83203125,72.83203125,N/A (GPTCache eviction path is CPU-only),5.340576171875e-05
FIFO,zipf_variable_cost,50000,0.9767,0.8694894910897629,22.4612319165454,0.0005997717380523,0.0006998889148235,0.0029997900128364,507493.1366200123,56,10000,159,6,48,0.0,0.0,73.06640625,73.06640625,N/A (GPTCache eviction path is CPU-only),5.340576171875e-05
Random,zipf_variable_cost,50000,0.9817,0.9142689490227256,24.08562921525773,0.0004000030457973,0.0005997717380523,0.0018002465367317,621743.6087599839,56,10000,102,8,50,0.0,0.0,72.953125,72.953125,N/A (GPTCache eviction path is CPU-only),5.340576171875e-05
LRU,zipf_variable_cost,50000,0.9862,0.9219556085171275,24.28812764931699,0.0006998889148235,0.0008996576070785,0.0021001324057579,425280.36398176826,56,10000,50,8,50,0.0,0.0,73.03125,73.03125,N/A (GPTCache eviction path is CPU-only),5.340576171875e-05
Random,zipf_variable_cost,50000,0.9789,0.8936524607917941,26.723113743558105,0.0004000030457973,0.0005001202225685,0.0031023705378175,713104.0154885711,56,10000,135,7,49,0.0,0.0,73.203125,73.203125,N/A (GPTCache eviction path is CPU-only),5.340576171875e-05
LFU,zipf_variable_cost,50000,0.984,0.8821723251529616,22.788863337248973,0.0008000060915946,0.0009001232683658,0.0033001415431499,387092.775389631,56,10000,78,6,48,0.0,0.0,73.046875,73.046875,N/A (GPTCache eviction path is CPU-only),5.340576171875e-05
GDSF,zipf_variable_cost,50000,0.9856,0.8960372107021092,20.205573326952,0.0037997961044311,0.0050999224185943,0.0163020100444555,159951.88729767516,56,10000,64,4,46,0.0,0.0,72.87890625,72.87890625,N/A (GPTCache eviction path is CPU-only),5.340576171875e-05
FIFO,zipf_variable_cost,50000,0.9811,0.9143480135851856,24.087712103162342,0.0005001202225685,0.0006998889148235,0.0032000243663787,339435.250363894,56,10000,107,8,50,0.0,0.0,73.12109375,73.12109375,N/A (GPTCache eviction path is CPU-only),5.340576171875e-05
GDSF,zipf_variable_cost,50000,0.9838,0.8667935378079181,15.982490057136248,0.0038999132812023,0.004699919372797,0.0151009997352957,174342.68354133758,56,10000,78,5,47,0.0,0.0,72.890625,72.890625,N/A (GPTCache eviction path is CPU-only),5.340576171875e-05
LRU,zipf_variable_cost,50000,0.9838,0.8667454986230707,17.649650541245272,0.0006998889148235,0.0009001232683658,0.0026002526283264,423303.7199819938,56,10000,83,9,51,0.0,0.0,72.94921875,72.94921875,N/A (GPTCache eviction path is CPU-only),5.340576171875e-05
FIFO,zipf_variable_cost,50000,0.9785,0.8566736593664573,17.44455637753837,0.0004000030457973,0.0006002373993396,0.0026002526283264,598684.0859832311,56,10000,139,9,51,0.0,0.0,72.93359375,72.93359375,N/A (GPTCache eviction path is CPU-only),5.340576171875e-05
Random,zipf_variable_cost,50000,0.9778,0.8721194222198233,22.529170049946863,0.0005001202225685,0.0006998889148235,0.0055009266361594,452122.4945275392,56,10000,149,6,48,0.0,0.0,72.84375,72.84375,N/A (GPTCache eviction path is CPU-only),5.340576171875e-05
GDSF,zipf_variable_cost,50000,0.9825,0.8781849506522571,22.685858822167148,0.0040000304579734,0.0053001567721366,0.0178019003942609,173896.71255053752,56,10000,102,6,48,0.0,0.0,72.75,72.75,N/A (GPTCache eviction path is CPU-only),5.340576171875e-05
FIFO,zipf_variable_cost,50000,0.9781,0.8952546175243835,26.771023438297888,0.0004000030457973,0.0006002373993396,0.0024010147899389,620929.023296509,56,10000,144,7,49,0.0,0.0,72.8359375,72.8359375,N/A (GPTCache eviction path is CPU-only),5.340576171875e-05
LRU,zipf_variable_cost,50000,0.9837,0.9024791861524528,26.98706152655536,0.0006998889148235,0.0008996576070785,0.0023003667593002,509993.3205209053,56,10000,80,7,49,0.0,0.0,73.1484375,73.1484375,N/A (GPTCache eviction path is CPU-only),5.340576171875e-05
LFU,zipf_variable_cost,50000,0.9859,0.8738892223792404,17.35493813769348,0.0006998889148235,0.0008996576070785,0.0024004839360713,406768.6300219924,56,10000,50,10,52,0.0,0.0,72.99609375,72.99609375,N/A (GPTCache eviction path is CPU-only),5.340576171875e-05
LFU,zipf_variable_cost,50000,0.985,0.8703270172473909,17.72258146759751,0.0008000060915946,0.001000240445137,0.0026012444868684,356150.72220950923,56,10000,65,9,51,0.0,0.0,72.65234375,72.65234375,N/A (GPTCache eviction path is CPU-only),5.340576171875e-05
Random,zipf_variable_cost,50000,0.9802,0.8605622243133972,17.090271608949525,0.0004996545612812,0.0006002373993396,0.0024010147899389,555142.2821761495,56,10000,128,10,52,0.0,0.0,73.03125,73.03125,N/A (GPTCache eviction path is CPU-only),5.340576171875e-05
LRU,zipf_variable_cost,50000,0.9853,0.8719605022786773,17.31663486403705,0.0006998889148235,0.0009997747838497,0.002400018274784,494765.3765552599,56,10000,65,10,52,0.0,0.0,72.83203125,72.83203125,N/A (GPTCache eviction path is CPU-only),5.340576171875e-05
LFU,zipf_variable_cost,50000,0.9866,0.9230491187172656,24.316935235150225,0.0007003545761108,0.0008000060915946,0.0021001324057579,457992.89159762085,56,10000,44,8,50,0.0,0.0,73.015625,73.015625,N/A (GPTCache eviction path is CPU-only),5.340576171875e-05
Random,zipf_variable_cost,50000,0.9807,0.8593301797310193,17.498651444850175,0.0005001202225685,0.0006002373993396,0.0038017984479666,399142.64213921566,56,10000,123,9,51,0.0,0.0,72.62890625,72.62890625,N/A (GPTCache eviction path is CPU-only),5.340576171875e-05
GDSF,zipf_variable_cost,50000,0.9857,0.9205375391649804,24.25076983173624,0.0044996850192546,0.0056000426411628,0.0163000077009201,137310.2026381535,56,10000,61,8,50,37.8,71.82,72.859375,72.859375,N/A (GPTCache eviction path is CPU-only),5.340576171875e-05
GDSF,zipf_variable_cost,50000,0.9838,0.9034039103525464,27.014713786314843,0.0026002526283264,0.0048000365495681,0.0155009981244802,200117.66989951808,56,10000,79,7,49,0.0,0.0,73.09765625,73.09765625,N/A (GPTCache eviction path is CPU-only),5.340576171875e-05
LRU,zipf_variable_cost,50000,0.9861,0.8826659785190953,17.059523228842355,0.0006002373993396,0.0008000060915946,0.0021001370623707,548230.5925211587,56,10000,57,12,54,0.0,0.0,72.9453125,72.9453125,N/A (GPTCache eviction path is CPU-only),5.340576171875e-05
FIFO,zipf_variable_cost,50000,0.9807,0.8718317720902222,16.850127601575142,0.0003003515303134,0.0005001202225685,0.0020000152289867,488479.2176157024,56,10000,118,12,54,0.0,0.0,72.84375,72.84375,N/A (GPTCache eviction path is CPU-only),5.340576171875e-05
Random,zipf_variable_cost,50000,0.9829,0.8763595435636444,16.93763706099186,0.0005001202225685,0.0006002373993396,0.0029021361842751,459157.898216352,56,10000,92,12,54,0.0,0.0,72.8359375,72.8359375,N/A (GPTCache eviction path is CPU-only),5.340576171875e-05
FIFO,zipf_variable_cost,50000,0.9796,0.8607310295981738,17.093623984971096,0.0005001202225685,0.0006002373993396,0.0024996744468808,539758.6206203187,56,10000,131,10,52,0.0,0.0,73.06640625,73.06640625,N/A (GPTCache eviction path is CPU-only),5.340576171875e-05
Random,zipf_variable_cost,50000,0.9776,0.8678046510663122,21.30734067756981,0.0005001202225685,0.0006002373993396,0.0052005751058459,305068.71776688285,56,10000,155,11,53,0.0,0.0,72.89453125,72.89453125,N/A (GPTCache eviction path is CPU-only),5.340576171875e-05
LRU,zipf_variable_cost,50000,0.983,0.8762247265331045,21.51408008174487,0.0007003545761108,0.0009001232683658,0.0024004839360713,468138.5012526043,56,10000,93,11,53,0.0,0.0,73.046875,73.046875,N/A (GPTCache eviction path is CPU-only),5.340576171875e-05
LFU,zipf_variable_cost,50000,0.9864,0.8839972938868873,17.08525391972031,0.0007003545761108,0.0009001232683658,0.0032000243663787,340149.9341640531,56,10000,52,12,54,0.0,0.0,72.75,72.75,N/A (GPTCache eviction path is CPU-only),5.340576171875e-05
GDSF,zipf_variable_cost,50000,0.985,0.8706415313227992,17.290440858254076,0.0038002617657184,0.0049998052418231,0.018701022490859,148403.4023979809,56,10000,65,10,52,0.0,0.0,73.203125,73.203125,N/A (GPTCache eviction path is CPU-only),5.340576171875e-05
LFU,zipf_variable_cost,50000,0.9837,0.8779807411863262,21.55719577881451,0.0007003545761108,0.0008996576070785,0.0025001354515552,426668.4892520346,56,10000,83,11,53,0.0,0.0,73.12109375,73.12109375,N/A (GPTCache eviction path is CPU-only),5.340576171875e-05
LRU,zipf_variable_cost,50000,0.9839,0.9027735563747548,25.613878194383595,0.0004000030457973,0.0007003545761108,0.0018002465367317,520521.5639122209,56,10000,84,13,55,0.0,0.0,72.99609375,72.99609375,N/A (GPTCache eviction path is CPU-only),5.340576171875e-05
GDSF,zipf_variable_cost,50000,0.9839,0.8670583048269344,17.656020254378017,0.0041001476347446,0.0053998082876205,0.0215000472962856,111575.38910297354,56,10000,81,9,51,40.05,76.09499999999998,73.09765625,73.09765625,N/A (GPTCache eviction path is CPU-only),5.340576171875e-05
FIFO,zipf_variable_cost,50000,0.9783,0.8696548389737306,21.352768624991445,0.0004996545612812,0.0006002373993396,0.0028000213205814,590971.143739449,56,10000,145,11,53,0.0,0.0,72.87890625,72.87890625,N/A (GPTCache eviction path is CPU-only),5.340576171875e-05
Random,zipf_variable_cost,50000,0.9776,0.8933070473789808,25.345290344604862,0.0004000030457973,0.0006002373993396,0.0043013785034418,554437.4446381283,56,10000,146,13,55,0.0,0.0,72.83203125,72.83203125,N/A (GPTCache eviction path is CPU-only),5.340576171875e-05
FIFO,zipf_variable_cost,50000,0.979,0.8967524406357623,25.44304451849243,0.0005001202225685,0.0006002373993396,0.0033001415431499,482825.8814539782,56,10000,136,13,55,97.7,97.7,72.65234375,72.65234375,N/A (GPTCache eviction path is CPU-only),5.340576171875e-05
LRU,zipf_variable_cost,50000,0.9847,0.8948715701188171,19.1619104612027,0.0006002373993396,0.0008000060915946,0.0024000229313969,566951.2774070558,56,10000,73,14,56,0.0,0.0,72.62890625,72.62890625,N/A (GPTCache eviction path is CPU-only),5.340576171875e-05
FIFO,zipf_variable_cost,50000,0.9802,0.8868651510173994,18.99046878056482,0.0005001202225685,0.0006002373993396,0.0026012538000941,538204.4480712084,56,10000,119,14,56,0.0,0.0,72.859375,72.859375,N/A (GPTCache eviction path is CPU-only),5.340576171875e-05
GDSF,zipf_variable_cost,50000,0.9831,0.8761711477067987,21.512764552606143,0.0045001506805419,0.0053001567721366,0.0161007745191455,152723.05126125133,56,10000,95,11,53,104.2,104.2,72.94921875,72.94921875,N/A (GPTCache eviction path is CPU-only),5.340576171875e-05
GDSF,zipf_variable_cost,50000,0.9855,0.8800183396943361,17.008351599786995,0.0032996758818626,0.0048000365495681,0.0150003470480442,174074.40271415794,56,10000,66,12,54,0.0,0.0,73.1484375,73.1484375,N/A (GPTCache eviction path is CPU-only),5.340576171875e-05
LFU,zipf_variable_cost,50000,0.9847,0.9047881315442152,25.67103658436924,0.0006998889148235,0.0008000060915946,0.002400018274784,421974.759448976,56,10000,68,13,55,0.0,0.0,73.03125,73.03125,N/A (GPTCache eviction path is CPU-only),5.340576171875e-05
LFU,zipf_variable_cost,50000,0.9858,0.8976487890741616,19.22137912992619,0.0008000060915946,0.001000240445137,0.0032000243663787,412010.9439381697,56,10000,58,14,56,0.0,0.0,73.09765625,73.09765625,N/A (GPTCache eviction path is CPU-only),5.340576171875e-05
LRU,zipf_variable_cost,50000,0.9849,0.9239087716412188,26.126850301946245,0.0006998889148235,0.0009001232683658,0.0022999010980129,454466.9623810653,56,10000,65,15,57,0.0,0.0,72.8359375,72.8359375,N/A (GPTCache eviction path is CPU-only),5.340576171875e-05
Random,zipf_variable_cost,50000,0.982,0.8905286103993549,19.06891454082734,0.0004000030457973,0.0006002373993396,0.0021997839212417,566434.2333459352,56,10000,98,14,56,0.0,0.0,72.953125,72.953125,N/A (GPTCache eviction path is CPU-only),5.340576171875e-05
LFU,zipf_variable_cost,50000,0.9856,0.9255565607993836,26.17344747905504,0.0007003545761108,0.0008000060915946,0.0022999010980129,439751.8032162555,56,10000,56,15,57,0.0,0.0,72.89453125,72.89453125,N/A (GPTCache eviction path is CPU-only),5.340576171875e-05
FIFO,zipf_variable_cost,50000,0.9803,0.9174454080528774,25.944075402407545,0.0005001202225685,0.0006002373993396,0.0025997916236519,566354.0433595518,56,10000,118,15,57,0.0,0.0,73.06640625,73.06640625,N/A (GPTCache eviction path is CPU-only),5.340576171875e-05
Random,zipf_variable_cost,50000,0.9782,0.8441195961802596,16.46362654321886,0.0004000030457973,0.0005997717380523,0.002200249582529,595259.3511382513,56,10000,137,16,58,0.0,0.0,73.09765625,73.09765625,N/A (GPTCache eviction path is CPU-only),5.340576171875e-05
LRU,zipf_variable_cost,50000,0.9827,0.8533375496707093,16.643412611977674,0.0006998889148235,0.0008000060915946,0.0027003698050975,460731.8322293457,56,10000,90,16,58,0.0,0.0,73.203125,73.203125,N/A (GPTCache eviction path is CPU-only),5.340576171875e-05
LFU,zipf_variable_cost,50000,0.9838,0.857043284749325,16.71568890869974,0.0004000030457973,0.0006998889148235,0.001399777829647,742131.547974133,56,10000,77,16,58,0.0,0.0,72.99609375,72.99609375,N/A (GPTCache eviction path is CPU-only),5.340576171875e-05
Random,zipf_variable_cost,50000,0.9828,0.9226825983187376,26.09217583210244,0.0005001202225685,0.0006002373993396,0.0022012460976839,524257.3841879156,56,10000,89,15,57,0.0,0.0,73.046875,73.046875,N/A (GPTCache eviction path is CPU-only),5.340576171875e-05
GDSF,zipf_variable_cost,50000,0.9839,0.9021614716617072,25.59651186461691,0.0041001476347446,0.0054999254643917,0.0209008110687136,145398.71271158144,56,10000,82,13,55,0.0,0.0,73.015625,73.015625,N/A (GPTCache eviction path is CPU-only),5.340576171875e-05
FIFO,zipf_variable_cost,50000,0.9779,0.8711428780263502,19.18219833028736,0.0005001202225685,0.0006002373993396,0.0028996728360652,518247.4939616769,56,10000,144,17,59,0.0,0.0,72.65234375,72.65234375,N/A (GPTCache eviction path is CPU-only),5.340576171875e-05
LRU,zipf_variable_cost,50000,0.9841,0.8837938700927639,19.4607678336536,0.0006998889148235,0.0008996576070785,0.002400018274784,459816.6239481815,56,10000,79,17,59,0.0,0.0,72.83203125,72.83203125,N/A (GPTCache eviction path is CPU-only),5.340576171875e-05
Random,zipf_variable_cost,50000,0.9805,0.8788556203451864,19.352029659409283,0.0005001202225685,0.0006002373993396,0.0022999010980129,535770.7335871155,56,10000,115,17,59,0.0,0.0,72.859375,72.859375,N/A (GPTCache eviction path is CPU-only),5.340576171875e-05
GDSF,zipf_variable_cost,50000,0.9847,0.9237416997714476,26.122125742698447,0.0041001476347446,0.0048000365495681,0.0148015702143311,162926.9505176955,56,10000,73,15,57,0.0,0.0,72.75,72.75,N/A (GPTCache eviction path is CPU-only),5.340576171875e-05
GDSF,zipf_variable_cost,50000,0.9855,0.8969521372474684,19.20646170448608,0.0038999132812023,0.0052996911108493,0.0162028893828392,136256.67544618945,56,10000,66,14,56,37.2,70.68,72.84375,72.84375,N/A (GPTCache eviction path is CPU-only),5.340576171875e-05
FIFO,zipf_variable_cost,50000,0.9771,0.8432648569493878,16.446955792353002,0.0005001202225685,0.0006002373993396,0.0029001384973526,471609.1331718599,56,10000,149,16,58,0.0,0.0,73.12109375,73.12109375,N/A (GPTCache eviction path is CPU-only),5.340576171875e-05
LFU,zipf_variable_cost,50000,0.9848,0.8860403372278364,19.510234091387417,0.0007003545761108,0.0009001232683658,0.0026999088004231,291154.7210951764,56,10000,63,17,59,0.0,0.0,72.62890625,72.62890625,N/A (GPTCache eviction path is CPU-only),5.340576171875e-05
LRU,zipf_variable_cost,50000,0.9844,0.856193757194173,15.626908531824853,0.0005001202225685,0.0008000060915946,0.0018998980522155,675616.3250281968,56,10000,69,18,60,0.0,0.0,73.1484375,73.1484375,N/A (GPTCache eviction path is CPU-only),5.340576171875e-05
Random,zipf_variable_cost,50000,0.9782,0.841435883885293,15.357553687335107,0.0005001202225685,0.0006998889148235,0.0062994705513119,410677.61672526825,56,10000,135,18,60,0.0,0.0,72.8359375,72.8359375,N/A (GPTCache eviction path is CPU-only),5.340576171875e-05
GDSF,zipf_variable_cost,50000,0.9829,0.8545017637302154,16.66611932981577,0.002400018274784,0.0049001537263393,0.0155039969831705,141552.2330695599,56,10000,88,16,58,0.0,0.0,72.87890625,72.87890625,N/A (GPTCache eviction path is CPU-only),5.340576171875e-05
LFU,zipf_variable_cost,50000,0.9849,0.8635160499731304,16.874785121565974,0.0005997717380523,0.0008000060915946,0.0026012538000941,452625.9137949204,56,10000,68,19,61,0.0,0.0,73.09765625,73.09765625,N/A (GPTCache eviction path is CPU-only),5.340576171875e-05
LRU,zipf_variable_cost,50000,0.9845,0.8622612130796449,16.850263165152032,0.0006998889148235,0.0009001232683658,0.0028005614876747,355294.05625660555,56,10000,79,19,61,0.0,0.0,72.89453125,72.89453125,N/A (GPTCache eviction path is CPU-only),5.340576171875e-05
LFU,zipf_variable_cost,50000,0.9848,0.8574000434319001,15.648925189318286,0.0006998889148235,0.0008000060915946,0.0021993229165673,474802.245956644,56,10000,62,18,60,0.0,0.0,73.1015625,73.1015625,N/A (GPTCache eviction path is CPU-only),5.340576171875e-05
FIFO,zipf_variable_cost,50000,0.978,0.841642469033092,15.361324197434676,0.0005001202225685,0.0006998889148235,0.0035003758966922,344655.26026412845,56,10000,144,18,60,0.0,0.0,73.03125,73.03125,N/A (GPTCache eviction path is CPU-only),5.340576171875e-05
GDSF,zipf_variable_cost,50000,0.9837,0.8824036034690745,19.43015474964606,0.0041997991502285,0.0051003880798816,0.0167996622622013,151740.92348130626,56,10000,79,17,59,0.0,0.0,72.94921875,72.94921875,N/A (GPTCache eviction path is CPU-only),5.340576171875e-05
FIFO,zipf_variable_cost,50000,0.979,0.8172900671347143,12.684135399735048,0.0005001202225685,0.0006002373993396,0.0028000213205814,539563.4957126549,56,10000,128,20,62,0.0,0.0,73.015625,73.015625,N/A (GPTCache eviction path is CPU-only),5.340576171875e-05
GDSF,zipf_variable_cost,50000,0.9835,0.8526678185767359,15.562554500041106,0.0037001445889472,0.0048000365495681,0.0159010058268904,165342.27443407854,56,10000,78,18,60,0.0,0.0,72.953125,72.953125,N/A (GPTCache eviction path is CPU-only),5.340576171875e-05
LFU,zipf_variable_cost,50000,0.9853,0.8341348196721662,12.945561704240536,0.0006998889148235,0.0008000060915946,0.0022999010980129,464185.748340672,56,10000,59,20,62,0.0,0.0,72.65625,72.65625,N/A (GPTCache eviction path is CPU-only),5.340576171875e-05
LRU,zipf_variable_cost,50000,0.9832,0.9062221219875726,29.59931973275385,0.0006998889148235,0.0009001232683658,0.0028005568310618,457427.2464146217,56,10000,94,21,63,0.0,0.0,72.75,72.75,N/A (GPTCache eviction path is CPU-only),5.340576171875e-05
FIFO,zipf_variable_cost,50000,0.9786,0.8504649735147976,16.619741673506905,0.0005001202225685,0.0006002373993396,0.0028010178357362,576050.1415028658,56,10000,144,19,61,50.4,50.4,73.06640625,73.06640625,N/A (GPTCache eviction path is CPU-only),5.340576171875e-05
Random,zipf_variable_cost,50000,0.9808,0.8674678649585384,17.907229942956302,0.0002998858690261,0.0005997717380523,0.002001472748816,720710.3348299724,56,10000,109,22,64,0.0,0.0,72.89453125,72.89453125,N/A (GPTCache eviction path is CPU-only),5.340576171875e-05
LRU,zipf_variable_cost,50000,0.9844,0.8737609272488649,18.03713828657386,0.0005001202225685,0.0008000060915946,0.0015003606677055,649021.9347813065,56,10000,71,22,64,0.0,0.0,72.8359375,72.8359375,N/A (GPTCache eviction path is CPU-only),5.340576171875e-05
FIFO,zipf_variable_cost,50000,0.9779,0.8995064508040563,29.37997031084285,0.0005001202225685,0.0007003545761108,0.0029001384973526,440111.7947805479,56,10000,157,21,63,0.0,0.0,72.84375,72.84375,N/A (GPTCache eviction path is CPU-only),5.340576171875e-05
Random,zipf_variable_cost,50000,0.9803,0.8541066625674337,16.690907368973374,0.0005001202225685,0.0006002373993396,0.0029997946694493,417690.0113560033,56,10000,125,19,61,0.0,0.0,73.203125,73.203125,N/A (GPTCache eviction path is CPU-only),5.340576171875e-05
GDSF,zipf_variable_cost,50000,0.9838,0.8600049036277196,16.806170484801527,0.0041001476347446,0.0050999224185943,0.0183010241016745,161090.25816742642,56,10000,87,19,61,0.0,0.0,72.99609375,72.99609375,N/A (GPTCache eviction path is CPU-only),5.340576171875e-05
LFU,zipf_variable_cost,50000,0.9855,0.877551690935621,18.115391418177065,0.0007003545761108,0.0009001232683658,0.0024000229313969,412539.5552084712,56,10000,57,22,64,0.0,0.0,73.09765625,73.09765625,N/A (GPTCache eviction path is CPU-only),5.340576171875e-05
Random,zipf_variable_cost,50000,0.9794,0.8196426696381094,12.720647196335532,0.0005001202225685,0.0006002373993396,0.0032996805384755,327239.054162674,56,10000,124,20,62,0.0,0.0,72.83203125,72.83203125,N/A (GPTCache eviction path is CPU-only),5.340576171875e-05
LRU,zipf_variable_cost,50000,0.9849,0.8323762098807691,12.918268524491536,0.0006002373993396,0.0008000060915946,0.0022999010980129,516025.1597281239,56,10000,65,20,62,0.0,0.0,73.046875,73.046875,N/A (GPTCache eviction path is CPU-only),5.340576171875e-05
LFU,zipf_variable_cost,50000,0.9838,0.9073941941749168,29.63760233321276,0.0007003545761108,0.0009001232683658,0.0027003698050975,401393.6358577805,56,10000,83,21,63,0.0,0.0,73.12109375,73.12109375,N/A (GPTCache eviction path is CPU-only),5.340576171875e-05
Random,zipf_variable_cost,50000,0.9774,0.8989500998107428,29.361798594952045,0.0005001202225685,0.0006998889148235,0.0061993487179279,190500.1392812788,56,10000,161,21,63,0.0,0.0,72.62890625,72.62890625,N/A (GPTCache eviction path is CPU-only),5.340576171875e-05
GDSF,zipf_variable_cost,50000,0.9826,0.9047898562159252,29.55253860538048,0.0042002648115158,0.0050999224185943,0.0167996669188141,162431.0071785446,56,10000,106,21,63,0.0,0.0,73.1484375,73.1484375,N/A (GPTCache eviction path is CPU-only),5.340576171875e-05
GDSF,zipf_variable_cost,50000,0.9842,0.8290561757771827,12.86674243382306,0.0044996850192546,0.0054999254643917,0.0159080047160388,151612.32145456987,56,10000,73,20,62,0.0,0.0,72.859375,72.859375,N/A (GPTCache eviction path is CPU-only),5.340576171875e-05
FIFO,zipf_variable_cost,50000,0.9791,0.8943127126627087,22.924574382863305,0.0005001202225685,0.0006002373993396,0.0030994461849331,503577.9156222573,56,10000,133,24,66,0.0,0.0,73.06640625,73.06640625,N/A (GPTCache eviction path is CPU-only),5.340576171875e-05
FIFO,zipf_variable_cost,50000,0.9788,0.8628007766379959,17.8108867502041,0.0005001202225685,0.0006998889148235,0.0032000243663787,484198.18694976857,56,10000,129,22,64,0.0,0.0,72.8828125,72.8828125,N/A (GPTCache eviction path is CPU-only),5.340576171875e-05
Random,zipf_variable_cost,50000,0.9768,0.8231135519736383,15.823174110345784,0.0004000030457973,0.0006002373993396,0.0053011486306786,579229.9708033504,56,10000,162,23,65,0.0,0.0,72.95703125,72.95703125,N/A (GPTCache eviction path is CPU-only),5.340576171875e-05
LRU,zipf_variable_cost,50000,0.9821,0.832735469044992,16.0081416263468,0.0007003545761108,0.0009001232683658,0.0029001384973526,446452.4860649112,56,10000,100,23,65,0.0,0.0,73.03125,73.03125,N/A (GPTCache eviction path is CPU-only),5.340576171875e-05
LRU,zipf_variable_cost,50000,0.9853,0.9040168664653776,23.17332808223729,0.0006998889148235,0.0008000060915946,0.0018999027088284,519477.8205471673,56,10000,66,24,66,0.0,0.0,72.75390625,72.75390625,N/A (GPTCache eviction path is CPU-only),5.340576171875e-05
LFU,zipf_variable_cost,50000,0.9829,0.8350065625728005,16.051800132788866,0.0007003545761108,0.0009001232683658,0.0030999071896076,365172.7478354061,56,10000,88,23,65,0.0,0.0,73.015625,73.015625,N/A (GPTCache eviction path is CPU-only),5.340576171875e-05
LFU,zipf_variable_cost,50000,0.9862,0.9068605947330012,23.2462234568336,0.0008000060915946,0.0009001232683658,0.0024996744468808,401593.5217637576,56,10000,54,24,66,0.0,0.0,72.8359375,72.8359375,N/A (GPTCache eviction path is CPU-only),5.340576171875e-05
LRU,zipf_variable_cost,50000,0.9851,0.8833051431998632,18.655296365771363,0.0006998889148235,0.0008000060915946,0.0021001370623707,541626.7195738906,56,10000,66,25,67,0.0,0.0,73.203125,73.203125,N/A (GPTCache eviction path is CPU-only),5.340576171875e-05
FIFO,zipf_variable_cost,50000,0.9795,0.873707351525284,18.452592181917545,0.0004000030457973,0.0005997717380523,0.002200249582529,442172.6613073079,56,10000,127,25,67,0.0,0.0,72.99609375,72.99609375,N/A (GPTCache eviction path is CPU-only),5.340576171875e-05
Random,zipf_variable_cost,50000,0.9799,0.8718583868769836,18.41354227515608,0.0005001202225685,0.0006002373993396,0.0028996774926781,455265.6002636257,56,10000,125,25,67,0.0,0.0,72.83203125,72.83203125,N/A (GPTCache eviction path is CPU-only),5.340576171875e-05
FIFO,zipf_variable_cost,50000,0.9765,0.8219891992796281,15.80156004701746,0.0005001202225685,0.0006002373993396,0.0033001415431499,348338.59521914896,56,10000,162,23,65,0.0,0.0,72.94921875,72.94921875,N/A (GPTCache eviction path is CPU-only),5.340576171875e-05
Random,zipf_variable_cost,50000,0.9817,0.9001505990445978,23.07422121076297,0.0005001202225685,0.0006002373993396,0.0026012491434812,494620.9927131581,56,10000,106,24,66,0.0,0.0,72.89453125,72.89453125,N/A (GPTCache eviction path is CPU-only),5.340576171875e-05
FIFO,zipf_variable_cost,50000,0.9747,0.9076057395430688,35.11407263876739,0.0004996545612812,0.0006002373993396,0.0029001384973526,572413.1156236652,56,10000,181,26,68,0.0,0.0,72.640625,72.640625,N/A (GPTCache eviction path is CPU-only),5.340576171875e-05
LFU,zipf_variable_cost,50000,0.9829,0.9174172302634456,35.49366631346512,0.0007003545761108,0.0009001232683658,0.0035995664075016,345492.35674189107,56,10000,85,26,68,0.0,0.0,73.1484375,73.1484375,N/A (GPTCache eviction path is CPU-only),5.340576171875e-05
LRU,zipf_variable_cost,50000,0.9815,0.9147403057416738,35.39009962364525,0.0006998889148235,0.0008996576070785,0.0026994431391358,470512.9528546375,56,10000,109,26,68,0.0,0.0,73.12109375,73.12109375,N/A (GPTCache eviction path is CPU-only),5.340576171875e-05
Random,zipf_variable_cost,50000,0.9759,0.9102965072918456,35.21817490483743,0.0002998858690261,0.0004000030457973,0.0023103645071389,985299.335758664,56,10000,166,26,68,0.0,0.0,72.859375,72.859375,N/A (GPTCache eviction path is CPU-only),5.340576171875e-05
LFU,zipf_variable_cost,50000,0.9856,0.8839583839829842,18.669092731049147,0.0007003545761108,0.0009001232683658,0.0026002526283264,398431.7769118317,56,10000,55,25,67,0.0,0.0,73.1015625,73.1015625,N/A (GPTCache eviction path is CPU-only),5.340576171875e-05
FIFO,zipf_variable_cost,50000,0.9784,0.87559058523521,20.250217441598,0.0004000030457973,0.0005997717380523,0.0024010194465518,637657.4930982515,56,10000,138,28,70,0.0,0.0,73.203125,73.203125,N/A (GPTCache eviction path is CPU-only),5.340576171875e-05
LRU,zipf_variable_cost,50000,0.9841,0.8844276063869002,20.45459560974568,0.0005997717380523,0.0008000060915946,0.0021001324057579,613964.0088269685,56,10000,75,28,70,0.0,0.0,72.8359375,72.8359375,N/A (GPTCache eviction path is CPU-only),5.340576171875e-05
GDSF,zipf_variable_cost,50000,0.9839,0.8718387393609413,17.997458360788645,0.0041997991502285,0.0054999254643917,0.021199700422585,101151.81580667538,56,10000,75,22,64,24.95,47.405,73.1015625,73.1015625,N/A (GPTCache eviction path is CPU-only),5.340576171875e-05
GDSF,zipf_variable_cost,50000,0.9851,0.903808017535191,23.16797450426948,0.0040000304579734,0.0049998052418231,0.0170028954744339,149986.20102474984,56,10000,71,24,66,0.0,0.0,72.84375,72.84375,N/A (GPTCache eviction path is CPU-only),5.340576171875e-05
FIFO,zipf_variable_cost,50000,0.978,0.9064109547010512,27.711545716208267,0.0002998858690261,0.0004000030457973,0.0015013525262475,1034939.55955143,56,10000,143,27,69,0.0,0.0,72.95703125,72.95703125,N/A (GPTCache eviction path is CPU-only),5.340576171875e-05
GDSF,zipf_variable_cost,50000,0.9816,0.8305473746848328,15.96607865952084,0.0041001476347446,0.0050999224185943,0.0178013648837805,143247.38893708566,56,10000,106,23,65,0.0,0.0,72.65625,72.65625,N/A (GPTCache eviction path is CPU-only),5.340576171875e-05
Random,zipf_variable_cost,50000,0.9784,0.906225112528959,27.705863995548096,0.0004996545612812,0.0006002373993396,0.0050008064135909,382401.8670541607,56,10000,139,27,69,0.0,0.0,72.75390625,72.75390625,N/A (GPTCache eviction path is CPU-only),5.340576171875e-05
LFU,zipf_variable_cost,50000,0.9841,0.9144229218282448,27.95649420471723,0.0006998889148235,0.0008996576070785,0.0026999041438102,306235.570971978,56,10000,73,27,69,0.0,0.0,73.03125,73.03125,N/A (GPTCache eviction path is CPU-only),5.340576171875e-05
LFU,zipf_variable_cost,50000,0.9851,0.8875361063836631,20.52648742986472,0.0006998889148235,0.0008000060915946,0.002200249582529,458738.7367834708,56,10000,63,28,70,0.0,0.0,72.99609375,72.99609375,N/A (GPTCache eviction path is CPU-only),5.340576171875e-05
Random,zipf_variable_cost,50000,0.9798,0.8779736217941747,20.305331109223086,0.0005001202225685,0.0006002373993396,0.0028000213205814,493330.1707891043,56,10000,121,28,70,0.0,0.0,72.83203125,72.83203125,N/A (GPTCache eviction path is CPU-only),5.340576171875e-05
GDSF,zipf_variable_cost,50000,0.9847,0.8819983440030412,18.62769692689688,0.0042002648115158,0.0054999254643917,0.0198013801127672,133837.45480318362,56,10000,68,25,67,0.0,0.0,73.046875,73.046875,N/A (GPTCache eviction path is CPU-only),5.340576171875e-05
GDSF,zipf_variable_cost,50000,0.9818,0.9155430264460328,35.42115583218762,0.0038999132812023,0.0048000365495681,0.0136011000722646,193626.58723278684,56,10000,104,26,68,0.0,0.0,73.06640625,73.06640625,N/A (GPTCache eviction path is CPU-only),5.340576171875e-05
LRU,zipf_variable_cost,50000,0.9837,0.9138773355489394,27.93981408954133,0.0005997717380523,0.0008000060915946,0.0021005980670452,369422.18747457786,56,10000,80,27,69,0.0,0.0,72.8828125,72.8828125,N/A (GPTCache eviction path is CPU-only),5.340576171875e-05
LRU,zipf_variable_cost,100000,0.9845,0.8819062743490962,22.42094756349563,0.0004000030457973,0.0006998889148235,0.0012014666572213,845437.1784017128,56,10000,19,0,42,0.0,0.0,73.1015625,73.1015625,N/A (GPTCache eviction path is CPU-only),5.340576171875e-05
LFU,zipf_variable_cost,50000,0.9847,0.8847062150875279,22.88769937055492,0.0006998889148235,0.0009001232683658,0.0025997869670391,398376.216934986,56,10000,68,29,71,0.0,0.0,73.1875,73.1875,N/A (GPTCache eviction path is CPU-only),5.340576171875e-05
Random,zipf_variable_cost,50000,0.9763,0.8691935661211599,22.486381012066783,0.0005001202225685,0.0006002373993396,0.0065001659095287,449345.30006346334,56,10000,169,29,71,0.0,0.0,73.12109375,73.12109375,N/A (GPTCache eviction path is CPU-only),5.340576171875e-05
FIFO,zipf_variable_cost,50000,0.9781,0.874069956531643,22.61253515886177,0.0004000030457973,0.0006002373993396,0.0030994415283203,578268.6593368481,56,10000,143,29,71,0.0,0.0,72.68359375,72.68359375,N/A (GPTCache eviction path is CPU-only),5.340576171875e-05
LRU,zipf_variable_cost,50000,0.9839,0.8828526545337453,22.83974702660547,0.0006002373993396,0.0008000060915946,0.0027013616636395,500207.58435072296,56,10000,81,29,71,0.0,0.0,72.89453125,72.89453125,N/A (GPTCache eviction path is CPU-only),5.340576171875e-05
LFU,zipf_variable_cost,100000,0.9865,0.8941980424988409,23.540342656545583,0.0007003545761108,0.0009997747838497,0.0036010285839438,416574.6667522777,56,10000,13,1,43,0.0,0.0,72.75390625,72.75390625,N/A (GPTCache eviction path is CPU-only),5.340576171875e-05
LFU,zipf_variable_cost,100000,0.9845,0.8819062743490962,22.42094756349563,0.0006998889148235,0.001000240445137,0.0038002617657184,349601.4558638761,56,10000,19,0,42,0.0,0.0,72.8359375,72.8359375,N/A (GPTCache eviction path is CPU-only),5.340576171875e-05
GDSF,zipf_variable_cost,50000,0.9827,0.911329489764032,27.861919239991995,0.0040000304579734,0.0050999457016587,0.0174019020050764,140962.40648074134,56,10000,90,27,69,0.0,0.0,73.015625,73.015625,N/A (GPTCache eviction path is CPU-only),5.340576171875e-05
FIFO,zipf_variable_cost,100000,0.9815,0.8773523989348584,22.30517312709231,0.0005001202225685,0.0006998889148235,0.0030002556741237,302829.3313797555,56,10000,59,0,42,0.0,0.0,73.203125,73.203125,N/A (GPTCache eviction path is CPU-only),5.340576171875e-05
Random,zipf_variable_cost,100000,0.9861,0.8943289989482053,23.54379016989789,0.0003003515303134,0.0005001202225685,0.0012014666572213,513787.4809026909,56,10000,21,1,43,0.0,0.0,73.03125,73.03125,N/A (GPTCache eviction path is CPU-only),5.340576171875e-05
FIFO,zipf_variable_cost,100000,0.9817,0.9045221422742704,31.5320516457149,0.0005001202225685,0.0006002373993396,0.0021993229165673,543377.8481471156,56,10000,77,2,44,0.0,0.0,73.046875,73.046875,N/A (GPTCache eviction path is CPU-only),5.340576171875e-05
GDSF,zipf_variable_cost,50000,0.9843,0.8856984558996673,20.48398717631005,0.0041997991502285,0.0056000426411628,0.0190013740211725,146747.84703210488,56,10000,73,28,70,0.0,0.0,72.94921875,72.94921875,N/A (GPTCache eviction path is CPU-only),5.340576171875e-05
LFU,zipf_variable_cost,100000,0.9847,0.9077601611433004,31.64493045037449,0.0006998889148235,0.0008996576070785,0.0021997885778546,451393.9114390562,56,10000,36,2,44,0.0,0.0,73.06640625,73.06640625,N/A (GPTCache eviction path is CPU-only),5.340576171875e-05
FIFO,zipf_variable_cost,100000,0.9848,0.8927824511022058,23.503076296125773,0.0005001202225685,0.0006002373993396,0.0019003637135028,556052.9165475902,56,10000,45,1,43,33.2,33.2,72.65625,72.65625,N/A (GPTCache eviction path is CPU-only),5.340576171875e-05
LRU,zipf_variable_cost,100000,0.9865,0.8941980424988409,23.540342656545583,0.0006998889148235,0.0008000060915946,0.0021001324057579,486835.9570458474,56,10000,13,1,43,0.0,0.0,72.95703125,72.95703125,N/A (GPTCache eviction path is CPU-only),5.340576171875e-05
LRU,zipf_variable_cost,100000,0.9863,0.8802695868002867,18.543784001353146,0.0006998889148235,0.0008000060915946,0.0020996714010834,481967.1970291293,56,10000,7,3,45,0.0,0.0,73.1875,73.1875,N/A (GPTCache eviction path is CPU-only),5.340576171875e-05
FIFO,zipf_variable_cost,100000,0.9842,0.8769036859416597,18.47287783870901,0.0005001202225685,0.0006002373993396,0.0020996667444705,482320.5429935271,56,10000,34,3,45,0.0,0.0,73.12109375,73.12109375,N/A (GPTCache eviction path is CPU-only),5.340576171875e-05
GDSF,zipf_variable_cost,50000,0.9836,0.8815474136195188,22.80597992839648,0.0048000365495681,0.0060000456869602,0.0194009160622954,137799.6967626405,56,10000,84,29,71,63.0,119.7,72.859375,72.859375,N/A (GPTCache eviction path is CPU-only),5.340576171875e-05
LFU,zipf_variable_cost,100000,0.9876,0.9032152444687062,20.36743746147903,0.0004000030457973,0.0007003545761108,0.0013001263141632,782466.5128198869,56,10000,0,4,46,0.0,0.0,73.203125,73.203125,N/A (GPTCache eviction path is CPU-only),5.340576171875e-05
FIFO,zipf_variable_cost,100000,0.9876,0.9032152444687062,20.36743746147903,0.0004000030457973,0.0006002373993396,0.0018002465367317,616074.6026553921,56,10000,0,4,46,0.0,0.0,73.015625,73.015625,N/A (GPTCache eviction path is CPU-only),5.340576171875e-05
Random,zipf_variable_cost,100000,0.9833,0.8797069781416728,22.365034246652943,0.0005001202225685,0.0006998889148235,0.0021001324057579,213142.35844336508,56,10000,41,0,42,0.0,0.0,73.1015625,73.1015625,N/A (GPTCache eviction path is CPU-only),5.340576171875e-05
LRU,zipf_variable_cost,100000,0.9876,0.9032152444687062,20.36743746147903,0.0006998889148235,0.0009001232683658,0.002000480890274,507469.95506865793,56,10000,0,4,46,0.0,0.0,72.75390625,72.75390625,N/A (GPTCache eviction path is CPU-only),5.340576171875e-05
GDSF,zipf_variable_cost,100000,0.9863,0.8939087056269032,23.53272567598325,0.0040000304579734,0.0053001567721366,0.0157998921349644,149184.0385826554,56,10000,29,1,43,0.0,0.0,72.83203125,72.83203125,N/A (GPTCache eviction path is CPU-only),5.340576171875e-05
Random,zipf_variable_cost,100000,0.9876,0.9032152444687062,20.36743746147903,0.0005001202225685,0.0006002373993396,0.0020000152289867,548937.7999530173,56,10000,0,4,46,0.0,0.0,73.04296875,73.04296875,N/A (GPTCache eviction path is CPU-only),5.340576171875e-05
GDSF,zipf_variable_cost,100000,0.9838,0.8794996499690068,22.359763285074614,0.0040000304579734,0.0053998082876205,0.0136011000722646,189344.81038778136,56,10000,46,0,42,0.0,0.0,72.84375,72.84375,N/A (GPTCache eviction path is CPU-only),5.340576171875e-05
LFU,zipf_variable_cost,100000,0.9863,0.8802695868002867,18.543784001353146,0.0006998889148235,0.0008000060915946,0.002400018274784,201399.32358947705,56,10000,7,3,45,0.0,0.0,72.68359375,72.68359375,N/A (GPTCache eviction path is CPU-only),5.340576171875e-05
FIFO,zipf_variable_cost,100000,0.9866,0.8807627044332562,16.240062428130805,0.0005001202225685,0.0006002373993396,0.0020000152289867,564432.830312747,56,10000,0,5,47,0.0,0.0,73.06640625,73.06640625,N/A (GPTCache eviction path is CPU-only),5.340576171875e-05
GDSF,zipf_variable_cost,100000,0.9842,0.90649675799331,31.60088764421976,0.0040000304579734,0.0050999224185943,0.0130004063248634,181341.74763197545,56,10000,50,2,44,0.0,0.0,73.1015625,73.1015625,N/A (GPTCache eviction path is CPU-only),5.340576171875e-05
LRU,zipf_variable_cost,100000,0.9855,0.8888518126697338,22.961412309646388,0.0006002373993396,0.0008000060915946,0.0017993198707699,582126.3928411815,56,10000,21,6,48,0.0,0.0,73.12109375,73.12109375,N/A (GPTCache eviction path is CPU-only),5.340576171875e-05
Random,zipf_variable_cost,100000,0.9855,0.8788585936152227,18.51405997902685,0.0005001202225685,0.0006002373993396,0.002000480890274,511893.8574581549,56,10000,20,3,45,0.0,0.0,72.90625,72.90625,N/A (GPTCache eviction path is CPU-only),5.340576171875e-05
Random,zipf_variable_cost,100000,0.9843,0.8865089334929925,22.9008894935796,0.0002998858690261,0.0004000030457973,0.001000240445137,1076565.277926153,56,10000,40,6,48,0.0,0.0,73.015625,73.015625,N/A (GPTCache eviction path is CPU-only),5.340576171875e-05
LRU,zipf_variable_cost,100000,0.9866,0.8807627044332562,16.240062428130805,0.0006998889148235,0.0009001232683658,0.0021997839212417,370334.7082124843,56,10000,0,5,47,0.0,0.0,72.94921875,72.94921875,N/A (GPTCache eviction path is CPU-only),5.340576171875e-05
LRU,zipf_variable_cost,100000,0.9847,0.9077601611433004,31.64493045037449,0.0006998889148235,0.001000240445137,0.0030999071896076,175404.13219670154,56,10000,38,2,44,0.0,0.0,72.99609375,72.99609375,N/A (GPTCache eviction path is CPU-only),5.340576171875e-05
FIFO,zipf_variable_cost,100000,0.9828,0.8844516777265893,22.84774509177329,0.0004996545612812,0.0006002373993396,0.0020000152289867,598892.0365549192,56,10000,55,6,48,0.0,0.0,72.859375,72.859375,N/A (GPTCache eviction path is CPU-only),5.340576171875e-05
Random,zipf_variable_cost,100000,0.9836,0.9067489000223068,31.6096774295758,0.0004996545612812,0.0006002373993396,0.0021001324057579,558069.9670443857,56,10000,43,2,44,0.0,0.0,72.88671875,72.88671875,N/A (GPTCache eviction path is CPU-only),5.340576171875e-05
GDSF,zipf_variable_cost,100000,0.9876,0.9032152444687062,20.36743746147903,0.0042999163269996,0.0053998082876205,0.0147009966894984,156716.4762003913,56,10000,0,4,46,0.0,0.0,73.046875,73.046875,N/A (GPTCache eviction path is CPU-only),5.340576171875e-05
GDSF,zipf_variable_cost,100000,0.9861,0.879529103723903,18.52818496393209,0.0039003789424896,0.004899688065052,0.011802320368588,184122.04986752413,56,10000,18,3,45,0.0,0.0,72.8359375,72.8359375,N/A (GPTCache eviction path is CPU-only),5.340576171875e-05
FIFO,zipf_variable_cost,100000,0.9873,0.9253751686156362,24.37821301938234,0.0003003515303134,0.0005001202225685,0.0015995511785149,781225.6062493286,56,10000,0,8,50,0.0,0.0,73.125,73.125,N/A (GPTCache eviction path is CPU-only),5.340576171875e-05
LFU,zipf_variable_cost,100000,0.9866,0.8807627044332562,16.240062428130805,0.0007003545761108,0.0009001232683658,0.0024004839360713,415304.8090729176,56,10000,0,5,47,0.0,0.0,72.65625,72.65625,N/A (GPTCache eviction path is CPU-only),5.340576171875e-05
Random,zipf_variable_cost,100000,0.9866,0.8807627044332562,16.240062428130805,0.0005001202225685,0.0006998889148235,0.002200249582529,453366.7041917116,56,10000,0,5,47,0.0,0.0,72.95703125,72.95703125,N/A (GPTCache eviction path is CPU-only),5.340576171875e-05
LRU,zipf_variable_cost,100000,0.986,0.910038426492499,27.21310738698186,0.0006998889148235,0.0009001232683658,0.0023995526134967,351096.4729062061,56,10000,11,7,49,0.0,0.0,72.75390625,72.75390625,N/A (GPTCache eviction path is CPU-only),5.340576171875e-05
LFU,zipf_variable_cost,100000,0.986,0.910038426492499,27.21310738698186,0.0008000060915946,0.001000240445137,0.0025001354515552,328103.3662882507,56,10000,10,7,49,0.0,0.0,73.11328125,73.11328125,N/A (GPTCache eviction path is CPU-only),5.340576171875e-05
FIFO,zipf_variable_cost,100000,0.9838,0.9073047976221822,27.13136299703252,0.0005001202225685,0.0006998889148235,0.0028996774926781,218498.9984326457,56,10000,39,7,49,0.0,0.0,72.83203125,72.83203125,N/A (GPTCache eviction path is CPU-only),5.340576171875e-05
LFU,zipf_variable_cost,100000,0.9855,0.8888518126697338,22.961412309646388,0.0008000060915946,0.0009001232683658,0.0026999041438102,395047.6791687317,56,10000,20,6,48,0.0,0.0,73.203125,73.203125,N/A (GPTCache eviction path is CPU-only),5.340576171875e-05
LFU,zipf_variable_cost,100000,0.9873,0.9253751686156362,24.37821301938234,0.0008000060915946,0.001000240445137,0.0026999041438102,330218.2707877483,56,10000,0,8,50,0.0,0.0,73.12109375,73.12109375,N/A (GPTCache eviction path is CPU-only),5.340576171875e-05
GDSF,zipf_variable_cost,100000,0.9855,0.8891369121300183,22.968777188879955,0.0034999102354049,0.004899688065052,0.0151009997352957,193046.092224722,56,10000,33,6,48,0.0,0.0,73.10546875,73.10546875,N/A (GPTCache eviction path is CPU-only),5.340576171875e-05
GDSF,zipf_variable_cost,100000,0.9866,0.8807627044332562,16.240062428130805,0.0041997991502285,0.0053998082876205,0.0129007501527667,144597.26782139545,56,10000,0,5,47,0.0,0.0,73.1875,73.1875,N/A (GPTCache eviction path is CPU-only),5.340576171875e-05
LRU,zipf_variable_cost,100000,0.9873,0.9253751686156362,24.37821301938234,0.0006998889148235,0.0008996576070785,0.0021993182599544,322281.2336452284,56,10000,0,8,50,0.0,0.0,73.06640625,73.06640625,N/A (GPTCache eviction path is CPU-only),5.340576171875e-05
Random,zipf_variable_cost,100000,0.9873,0.9253751686156362,24.37821301938234,0.0005001202225685,0.0006002373993396,0.0018002465367317,505868.0666720108,56,10000,0,8,50,0.0,0.0,72.90625,72.90625,N/A (GPTCache eviction path is CPU-only),5.340576171875e-05
Random,zipf_variable_cost,100000,0.9858,0.9100346135150044,27.2129933665592,0.0005001202225685,0.0006998889148235,0.0023003667593002,232647.9515465432,56,10000,22,7,49,0.0,0.0,72.84375,72.84375,N/A (GPTCache eviction path is CPU-only),5.340576171875e-05
GDSF,zipf_variable_cost,100000,0.9858,0.9095617099595856,27.19885201289473,0.0040996819734573,0.0053001567721366,0.0151009950786829,177746.80965636615,56,10000,26,7,49,0.0,0.0,72.7578125,72.7578125,N/A (GPTCache eviction path is CPU-only),5.340576171875e-05
GDSF,zipf_variable_cost,100000,0.9873,0.9253751686156362,24.37821301938234,0.0040000304579734,0.0052000395953655,0.0157032394781709,172324.65978800767,56,10000,0,8,50,0.0,0.0,73.015625,73.015625,N/A (GPTCache eviction path is CPU-only),5.340576171875e-05
FIFO,zipf_variable_cost,100000,0.9865,0.879740559252201,17.471142327941482,0.0002998858690261,0.0003003515303134,0.001000240445137,620790.2721784975,56,10000,11,10,52,0.0,0.0,73.19140625,73.19140625,N/A (GPTCache eviction path is CPU-only),5.340576171875e-05
LRU,zipf_variable_cost,100000,0.9854,0.8845321530859025,21.71805359985964,0.0006998889148235,0.0008996576070785,0.0021011289209127,435015.2460078058,56,10000,22,11,53,0.0,0.0,73.11328125,73.11328125,N/A (GPTCache eviction path is CPU-only),5.340576171875e-05
FIFO,zipf_variable_cost,100000,0.9845,0.8719130840723756,17.754878751218264,0.0005001202225685,0.0006002373993396,0.0020996667444705,508553.8817473329,56,10000,38,9,51,0.0,0.0,72.86328125,72.86328125,N/A (GPTCache eviction path is CPU-only),5.340576171875e-05
LRU,zipf_variable_cost,100000,0.9859,0.8742627907287145,17.802726131360075,0.0006998889148235,0.0008000060915946,0.0018994370475411,530774.2925132622,56,10000,12,9,51,0.0,0.0,72.94921875,72.94921875,N/A (GPTCache eviction path is CPU-only),5.340576171875e-05
Random,zipf_variable_cost,100000,0.9858,0.874037834730532,17.798145323312745,0.0004000030457973,0.0005997717380523,0.0016004778444766,626052.5519072942,56,10000,9,9,51,0.0,0.0,72.890625,72.890625,N/A (GPTCache eviction path is CPU-only),5.340576171875e-05
Random,zipf_variable_cost,100000,0.9846,0.8829901431205924,21.68019239271043,0.0005001202225685,0.0006002373993396,0.0019003637135028,528985.770753286,56,10000,35,11,53,0.0,0.0,73.12109375,73.12109375,N/A (GPTCache eviction path is CPU-only),5.340576171875e-05
LRU,zipf_variable_cost,100000,0.9872,0.8805978202273717,17.488167038638153,0.0006998889148235,0.001000240445137,0.0025001354515552,265420.2520766311,56,10000,2,10,52,0.0,0.0,72.8359375,72.8359375,N/A (GPTCache eviction path is CPU-only),5.340576171875e-05
FIFO,zipf_variable_cost,100000,0.9871,0.8876398138691096,17.155653885007858,0.0005001202225685,0.0006002373993396,0.0020000152289867,540187.2294389717,56,10000,0,12,54,0.0,0.0,73.06640625,73.06640625,N/A (GPTCache eviction path is CPU-only),5.340576171875e-05
LRU,zipf_variable_cost,100000,0.9871,0.8876398138691096,17.155653885007858,0.0006998889148235,0.0008000060915946,0.0018002465367317,509964.71468497737,56,10000,0,12,54,0.0,0.0,73.1875,73.1875,N/A (GPTCache eviction path is CPU-only),5.340576171875e-05
Random,zipf_variable_cost,100000,0.9871,0.8804840208317994,17.485907047989812,0.0005001202225685,0.0006998889148235,0.0021001324057579,428930.507016298,56,10000,5,10,52,0.0,0.0,72.95703125,72.95703125,N/A (GPTCache eviction path is CPU-only),5.340576171875e-05
LFU,zipf_variable_cost,100000,0.9859,0.8742627907287145,17.802726131360075,0.0008000060915946,0.0009997747838497,0.0026012491434812,310924.0020809118,56,10000,10,9,51,0.0,0.0,72.99609375,72.99609375,N/A (GPTCache eviction path is CPU-only),5.340576171875e-05
LFU,zipf_variable_cost,100000,0.9872,0.8805978202273717,17.488167038638153,0.0006998889148235,0.0008000060915946,0.0020996667444705,474558.8967432637,56,10000,2,10,52,0.0,0.0,72.65625,72.65625,N/A (GPTCache eviction path is CPU-only),5.340576171875e-05
LFU,zipf_variable_cost,100000,0.9854,0.8845321530859025,21.71805359985964,0.0004000030457973,0.0005001202225685,0.0012996653094887,791464.8546756266,56,10000,21,11,53,0.0,0.0,73.203125,73.203125,N/A (GPTCache eviction path is CPU-only),5.340576171875e-05
FIFO,zipf_variable_cost,100000,0.983,0.8807220085713849,21.62450253729983,0.0005001202225685,0.0006002373993396,0.0022994354367256,520304.8983269241,56,10000,54,11,53,0.0,0.0,72.83203125,72.83203125,N/A (GPTCache eviction path is CPU-only),5.340576171875e-05
LFU,zipf_variable_cost,100000,0.9871,0.8876398138691096,17.155653885007858,0.0007003545761108,0.0009001232683658,0.002400018274784,390132.76296306594,56,10000,0,12,54,0.0,0.0,72.90625,72.90625,N/A (GPTCache eviction path is CPU-only),5.340576171875e-05
Random,zipf_variable_cost,100000,0.9857,0.9082095553858214,25.768110687738165,0.0003003515303134,0.0005001202225685,0.0016996636986732,674049.7616670585,56,10000,14,13,55,0.0,0.0,72.86328125,72.86328125,N/A (GPTCache eviction path is CPU-only),5.340576171875e-05
GDSF,zipf_variable_cost,100000,0.9859,0.8742627907287145,17.802726131360075,0.0041997991502285,0.0051003880798816,0.0136997597292065,163944.6392870596,56,10000,18,9,51,0.0,0.0,73.046875,73.046875,N/A (GPTCache eviction path is CPU-only),5.340576171875e-05
Random,zipf_variable_cost,100000,0.9871,0.8876398138691096,17.155653885007858,0.0005001202225685,0.0006002373993396,0.0019003637135028,471204.6867965818,56,10000,0,12,54,0.0,0.0,72.84375,72.84375,N/A (GPTCache eviction path is CPU-only),5.340576171875e-05
FIFO,zipf_variable_cost,100000,0.984,0.9062651578465812,25.71294340754938,0.0004996545612812,0.0005997717380523,0.0019003637135028,536414.4903205485,56,10000,33,13,55,0.0,0.0,73.19140625,73.19140625,N/A (GPTCache eviction path is CPU-only),5.340576171875e-05
LFU,zipf_variable_cost,100000,0.9858,0.908319331715034,25.771225308791497,0.0006998889148235,0.0008000060915946,0.0020992057397961,496808.0155418925,56,10000,8,13,55,0.0,0.0,73.11328125,73.11328125,N/A (GPTCache eviction path is CPU-only),5.340576171875e-05
LFU,zipf_variable_cost,100000,0.9873,0.9052538334872544,19.38422616291195,0.0006998889148235,0.0008000060915946,0.0021001324057579,543717.608014218,56,10000,0,14,56,0.0,0.0,72.8359375,72.8359375,N/A (GPTCache eviction path is CPU-only),5.340576171875e-05
FIFO,zipf_variable_cost,100000,0.9873,0.9052538334872544,19.38422616291195,0.0005001202225685,0.0006998889148235,0.0021997839212417,488791.9990183571,56,10000,0,14,56,0.0,0.0,73.12109375,73.12109375,N/A (GPTCache eviction path is CPU-only),5.340576171875e-05
GDSF,zipf_variable_cost,100000,0.9853,0.883929905730157,21.70326652817793,0.0038999132812023,0.0049055786803364,0.0170008977875113,128152.717238129,56,10000,34,11,53,24.8,47.12,73.125,73.125,N/A (GPTCache eviction path is CPU-only),5.340576171875e-05
GDSF,zipf_variable_cost,100000,0.9872,0.8805978202273717,17.488167038638153,0.0040000304579734,0.0049998052418231,0.012400634586811,179973.938904756,56,10000,3,10,52,0.0,0.0,72.75390625,72.75390625,N/A (GPTCache eviction path is CPU-only),5.340576171875e-05
FIFO,zipf_variable_cost,100000,0.9867,0.9308291957108892,26.32255023384869,0.0004000030457973,0.0005997717380523,0.0017001293599605,665641.5702230702,56,10000,0,15,57,0.0,0.0,72.99609375,72.99609375,N/A (GPTCache eviction path is CPU-only),5.340576171875e-05
LRU,zipf_variable_cost,100000,0.9867,0.9308291957108892,26.32255023384869,0.0006002373993396,0.0008000060915946,0.0018002465367317,499325.9102362126,56,10000,0,15,57,0.0,0.0,72.95703125,72.95703125,N/A (GPTCache eviction path is CPU-only),5.340576171875e-05
LRU,zipf_variable_cost,100000,0.9873,0.9052538334872544,19.38422616291195,0.0006002373993396,0.0008000060915946,0.0014998950064182,578295.4123495811,56,10000,0,14,56,0.0,0.0,72.890625,72.890625,N/A (GPTCache eviction path is CPU-only),5.340576171875e-05
LRU,zipf_variable_cost,100000,0.9858,0.908319331715034,25.771225308791497,0.0006998889148235,0.0008996576070785,0.0019013555720448,530670.0851223539,56,10000,8,13,55,0.0,0.0,73.015625,73.015625,N/A (GPTCache eviction path is CPU-only),5.340576171875e-05
LFU,zipf_variable_cost,100000,0.9867,0.9308291957108892,26.32255023384869,0.0006998889148235,0.0009001232683658,0.0020000198855996,517172.7210372702,56,10000,0,15,57,0.0,0.0,72.65625,72.65625,N/A (GPTCache eviction path is CPU-only),5.340576171875e-05
Random,zipf_variable_cost,100000,0.9873,0.9052538334872544,19.38422616291195,0.0005001202225685,0.0006002373993396,0.0018998980522155,494978.4367542278,56,10000,0,14,56,0.0,0.0,73.06640625,73.06640625,N/A (GPTCache eviction path is CPU-only),5.340576171875e-05
Random,zipf_variable_cost,100000,0.9867,0.9308291957108892,26.32255023384869,0.0005001202225685,0.0006002373993396,0.0018002465367317,571735.6674560894,56,10000,0,15,57,0.0,0.0,73.203125,73.203125,N/A (GPTCache eviction path is CPU-only),5.340576171875e-05
LRU,zipf_variable_cost,100000,0.9853,0.863694192912086,16.84540757494139,0.0006998889148235,0.0009001232683658,0.0020996714010834,508778.9855786653,56,10000,15,16,58,0.0,0.0,72.90625,72.90625,N/A (GPTCache eviction path is CPU-only),5.340576171875e-05
FIFO,zipf_variable_cost,100000,0.9851,0.8907857703027279,19.61472652391686,0.0003003515303134,0.0005997717380523,0.0018002465367317,754830.9276568397,56,10000,15,17,59,0.0,0.0,72.8359375,72.8359375,N/A (GPTCache eviction path is CPU-only),5.340576171875e-05
FIFO,zipf_variable_cost,100000,0.9827,0.8591822257836184,16.757406606696474,0.0005001202225685,0.0006002373993396,0.0021997885778546,514199.6317033556,56,10000,48,16,58,0.0,0.0,72.86328125,72.86328125,N/A (GPTCache eviction path is CPU-only),5.340576171875e-05
LFU,zipf_variable_cost,100000,0.9853,0.863694192912086,16.84540757494139,0.0008000060915946,0.001000240445137,0.002400018274784,427974.100464332,56,10000,15,16,58,0.0,0.0,73.046875,73.046875,N/A (GPTCache eviction path is CPU-only),5.340576171875e-05
Random,zipf_variable_cost,100000,0.986,0.8919901187485999,19.641245768153617,0.0005001202225685,0.0006002373993396,0.0018002465367317,542829.2226798228,56,10000,9,17,59,0.0,0.0,73.125,73.125,N/A (GPTCache eviction path is CPU-only),5.340576171875e-05
Random,zipf_variable_cost,100000,0.9843,0.8598710381561518,16.770841136247803,0.0002998858690261,0.0004996545612812,0.0010998919606208,959812.6395705584,56,10000,25,16,58,0.0,0.0,72.84375,72.84375,N/A (GPTCache eviction path is CPU-only),5.340576171875e-05
LRU,zipf_variable_cost,100000,0.9862,0.8922498947692746,19.646965926437325,0.0006998889148235,0.0009001232683658,0.0020000152289867,388412.86386174674,56,10000,3,17,59,0.0,0.0,73.11328125,73.11328125,N/A (GPTCache eviction path is CPU-only),5.340576171875e-05
FIFO,zipf_variable_cost,100000,0.9846,0.8623599673777771,15.739451751998478,0.0004996545612812,0.0006002373993396,0.0018998980522155,594240.6252604579,56,10000,24,18,60,0.0,0.0,72.95703125,72.95703125,N/A (GPTCache eviction path is CPU-only),5.340576171875e-05
LRU,zipf_variable_cost,100000,0.9862,0.8654256214004161,15.79540485209932,0.0006002373993396,0.0008996576070785,0.002200249582529,506049.8330564825,56,10000,7,18,60,0.0,0.0,72.99609375,72.99609375,N/A (GPTCache eviction path is CPU-only),5.340576171875e-05
GDSF,zipf_variable_cost,100000,0.9873,0.9052538334872544,19.38422616291195,0.0044000335037708,0.0052996911108493,0.0121002085506916,156552.83188004178,56,10000,0,14,56,0.0,0.0,73.1875,73.1875,N/A (GPTCache eviction path is CPU-only),5.340576171875e-05
LFU,zipf_variable_cost,100000,0.9862,0.8922498947692746,19.646965926437325,0.0007003545761108,0.001000240445137,0.0028000259771943,267663.8046717144,56,10000,3,17,59,0.0,0.0,73.12109375,73.12109375,N/A (GPTCache eviction path is CPU-only),5.340576171875e-05
GDSF,zipf_variable_cost,100000,0.9871,0.8876398138691096,17.155653885007858,0.0042999163269996,0.0073998235166072,0.0389149459078911,75362.72083511473,56,10000,0,12,54,20.05,38.095,72.7578125,72.7578125,N/A (GPTCache eviction path is CPU-only),5.340576171875e-05
GDSF,zipf_variable_cost,100000,0.9857,0.9079148515927508,25.75974922543588,0.0042002648115158,0.005899928510189,0.0252021895721555,123030.89052756906,56,10000,21,13,55,0.0,0.0,72.94921875,72.94921875,N/A (GPTCache eviction path is CPU-only),5.340576171875e-05
LFU,zipf_variable_cost,100000,0.9862,0.8654256214004161,15.79540485209932,0.0006998889148235,0.0009001232683658,0.0014998950064182,532719.6409261192,56,10000,6,18,60,0.0,0.0,72.890625,72.890625,N/A (GPTCache eviction path is CPU-only),5.340576171875e-05
Random,zipf_variable_cost,100000,0.9855,0.868510648128097,16.97238929538099,0.0004996545612812,0.0006002373993396,0.0019995495676994,548329.7844614744,56,10000,16,19,61,0.0,0.0,72.8359375,72.8359375,N/A (GPTCache eviction path is CPU-only),5.340576171875e-05
LFU,zipf_variable_cost,100000,0.9857,0.8676102603551321,16.9547939649927,0.0006998889148235,0.0008996576070785,0.0022999057546257,471491.2791013604,56,10000,12,19,61,0.0,0.0,72.90625,72.90625,N/A (GPTCache eviction path is CPU-only),5.340576171875e-05
LRU,zipf_variable_cost,100000,0.9856,0.8672794087784178,16.94832848092398,0.0006998889148235,0.0009001232683658,0.0021997839212417,503339.6572182784,56,10000,13,19,61,0.0,0.0,73.06640625,73.06640625,N/A (GPTCache eviction path is CPU-only),5.340576171875e-05
GDSF,zipf_variable_cost,100000,0.985,0.8624821218456696,16.82176745869291,0.0027003698050975,0.0049998052418231,0.0129012111574411,201886.42684701728,56,10000,28,16,58,0.0,0.0,73.19140625,73.19140625,N/A (GPTCache eviction path is CPU-only),5.340576171875e-05
Random,zipf_variable_cost,100000,0.9857,0.8628068934452411,15.74760886914406,0.0005001202225685,0.0006002373993396,0.0024014757946133,326860.4051151646,56,10000,17,18,60,0.0,0.0,73.015625,73.015625,N/A (GPTCache eviction path is CPU-only),5.340576171875e-05
Random,zipf_variable_cost,100000,0.9861,0.8392947552958375,13.02564260175348,0.00039953738451,0.0005997717380523,0.0018002465367317,545500.1793369309,56,10000,14,20,62,0.0,0.0,73.11328125,73.11328125,N/A (GPTCache eviction path is CPU-only),5.340576171875e-05
LRU,zipf_variable_cost,100000,0.9862,0.8397306921484617,13.032408231591374,0.0006998889148235,0.0009001232683658,0.0021001324057579,416699.6580824719,56,10000,4,20,62,0.0,0.0,73.046875,73.046875,N/A (GPTCache eviction path is CPU-only),5.340576171875e-05
FIFO,zipf_variable_cost,100000,0.985,0.8376378070591216,12.99992718365408,0.0005001202225685,0.0006002373993396,0.0021001324057579,552043.9361939804,56,10000,23,20,62,0.0,0.0,73.125,73.125,N/A (GPTCache eviction path is CPU-only),5.340576171875e-05
FIFO,zipf_variable_cost,100000,0.9841,0.9113269938070628,29.76605670541616,0.0005001202225685,0.0006998889148235,0.0023003667593002,539741.1474740375,56,10000,49,21,63,0.0,0.0,73.1875,73.1875,N/A (GPTCache eviction path is CPU-only),5.340576171875e-05
GDSF,zipf_variable_cost,100000,0.9867,0.9308291957108892,26.32255023384869,0.0041997991502285,0.005700159817934,0.0181994447484612,147784.48809719874,56,10000,0,15,57,0.0,0.0,72.83203125,72.83203125,N/A (GPTCache eviction path is CPU-only),5.340576171875e-05
GDSF,zipf_variable_cost,100000,0.9862,0.8922498947692746,19.646965926437325,0.0044000335037708,0.005499948747456,0.0136011000722646,161501.31623634917,56,10000,6,17,59,50.4,50.4,72.75390625,72.75390625,N/A (GPTCache eviction path is CPU-only),5.340576171875e-05
GDSF,zipf_variable_cost,100000,0.986,0.8643658502108025,15.776062329094914,0.0043003819882869,0.006099697202444,0.0160021195188165,152748.24588553552,56,10000,14,18,60,0.0,0.0,72.6640625,72.6640625,N/A (GPTCache eviction path is CPU-only),5.340576171875e-05
LFU,zipf_variable_cost,100000,0.9867,0.8829523539571594,18.22687787027259,0.0008000060915946,0.001200009137392,0.0026002526283264,450332.7996263604,56,10000,6,22,64,0.0,0.0,72.90625,72.90625,N/A (GPTCache eviction path is CPU-only),5.340576171875e-05
FIFO,zipf_variable_cost,100000,0.9841,0.8658496668496122,16.9203885395313,0.0005001202225685,0.0007003545761108,0.0021011242642998,210007.26596445832,56,10000,40,19,61,0.0,0.0,73.203125,73.203125,N/A (GPTCache eviction path is CPU-only),5.340576171875e-05
Random,zipf_variable_cost,100000,0.9866,0.8828076272821365,18.22389026237009,0.0004996545612812,0.0007995637133717,0.0018994370475411,574824.9662717711,56,10000,5,22,64,0.0,0.0,73.06640625,73.06640625,N/A (GPTCache eviction path is CPU-only),5.340576171875e-05
FIFO,zipf_variable_cost,100000,0.9828,0.8421364321782617,16.18886162069751,0.0005001202225685,0.0007003545761108,0.0020996667444705,548967.9421242529,56,10000,53,23,65,0.0,0.0,73.11328125,73.11328125,N/A (GPTCache eviction path is CPU-only),5.340576171875e-05
FIFO,zipf_variable_cost,100000,0.9858,0.8818733078206509,18.204603007922,0.0005001202225685,0.0008000060915946,0.0021001324057579,520042.4299734833,56,10000,18,22,64,0.0,0.0,72.8359375,72.8359375,N/A (GPTCache eviction path is CPU-only),5.340576171875e-05
LRU,zipf_variable_cost,100000,0.9851,0.8468911475135372,16.280264184067775,0.0005001202225685,0.0010998919606208,0.0020000152289867,607766.0292117078,56,10000,21,23,65,0.0,0.0,73.015625,73.015625,N/A (GPTCache eviction path is CPU-only),5.340576171875e-05
LFU,zipf_variable_cost,100000,0.9858,0.9129592551098452,29.8193701514425,0.0006998889148235,0.0009997747838497,0.0024014757946133,444818.0883157568,56,10000,19,21,63,0.0,0.0,73.12109375,73.12109375,N/A (GPTCache eviction path is CPU-only),5.340576171875e-05
GDSF,zipf_variable_cost,100000,0.9859,0.8695506636539805,16.992713223955242,0.0046002678573131,0.0065001659095287,0.013000862672925,152194.26057501434,56,10000,19,19,61,0.0,0.0,72.86328125,72.86328125,N/A (GPTCache eviction path is CPU-only),5.340576171875e-05
Random,zipf_variable_cost,100000,0.9848,0.8469376253378454,16.281157653388668,0.0005001202225685,0.0007003545761108,0.0020000152289867,327963.47502145485,56,10000,27,23,65,0.0,0.0,73.125,73.125,N/A (GPTCache eviction path is CPU-only),5.340576171875e-05
LRU,zipf_variable_cost,100000,0.9867,0.8829523539571594,18.22687787027259,0.0006998889148235,0.0009001232683658,0.0021997839212417,514633.60671949096,56,10000,6,22,64,0.0,0.0,72.89453125,72.89453125,N/A (GPTCache eviction path is CPU-only),5.340576171875e-05
LFU,zipf_variable_cost,100000,0.9851,0.8468911475135372,16.280264184067775,0.0008000060915946,0.0009997747838497,0.0028000213205814,420585.1197320456,56,10000,20,23,65,0.0,0.0,73.046875,73.046875,N/A (GPTCache eviction path is CPU-only),5.340576171875e-05
LFU,zipf_variable_cost,100000,0.9862,0.8397306921484617,13.032408231591374,0.0006998889148235,0.0009001232683658,0.0026012491434812,443874.31582893286,56,10000,4,20,62,0.0,0.0,72.84375,72.84375,N/A (GPTCache eviction path is CPU-only),5.340576171875e-05
LRU,zipf_variable_cost,100000,0.9858,0.9129592551098452,29.8193701514425,0.0007003545761108,0.001000240445137,0.0025997869670391,247453.7019528538,56,10000,19,21,63,0.0,0.0,73.0,73.0,N/A (GPTCache eviction path is CPU-only),5.340576171875e-05
FIFO,zipf_variable_cost,100000,0.9868,0.9094464975271288,23.31250980176805,0.0005001202225685,0.0006002373993396,0.002400018274784,436283.04252112936,56,10000,2,24,66,0.0,0.0,72.75390625,72.75390625,N/A (GPTCache eviction path is CPU-only),5.340576171875e-05
Random,zipf_variable_cost,100000,0.9854,0.9127841905834836,29.81365213732221,0.0005001202225685,0.0006998889148235,0.0020000152289867,409958.7123094024,56,10000,28,21,63,0.0,0.0,72.7578125,72.7578125,N/A (GPTCache eviction path is CPU-only),5.340576171875e-05
LFU,zipf_variable_cost,100000,0.9869,0.9095456260150296,23.31505083508019,0.0007003545761108,0.0009001232683658,0.0023013586178422,459544.0346899647,56,10000,1,24,66,0.0,0.0,72.66796875,72.66796875,N/A (GPTCache eviction path is CPU-only),5.340576171875e-05
Random,zipf_variable_cost,100000,0.9865,0.8890895131375764,18.77746154991869,0.0005001202225685,0.0006002373993396,0.0017997808754444,565505.3012016085,56,10000,3,25,67,0.0,0.0,73.015625,73.015625,N/A (GPTCache eviction path is CPU-only),5.340576171875e-05
LRU,zipf_variable_cost,100000,0.9869,0.9095456260150296,23.31505083508019,0.0006998889148235,0.0008000060915946,0.0021001324057579,460731.8223445758,56,10000,1,24,66,50.4,50.4,72.83203125,72.83203125,N/A (GPTCache eviction path is CPU-only),5.340576171875e-05
Random,zipf_variable_cost,100000,0.9869,0.9095456260150296,23.31505083508019,0.0005001202225685,0.0006002373993396,0.0019003637135028,547129.7591224741,56,10000,1,24,66,0.0,0.0,72.9296875,72.9296875,N/A (GPTCache eviction path is CPU-only),5.340576171875e-05
LRU,zipf_variable_cost,100000,0.9849,0.9244498551528064,35.765749323132454,0.0007003545761108,0.0009001232683658,0.0025001354515552,320812.0396424219,56,10000,23,26,68,0.0,0.0,72.86328125,72.86328125,N/A (GPTCache eviction path is CPU-only),5.340576171875e-05
FIFO,zipf_variable_cost,100000,0.9862,0.8888201992963146,18.77177367459857,0.0005001202225685,0.0006002373993396,0.0020000152289867,535051.2028590763,56,10000,6,25,67,0.0,0.0,73.06640625,73.06640625,N/A (GPTCache eviction path is CPU-only),5.340576171875e-05
LRU,zipf_variable_cost,100000,0.9865,0.8890895131375764,18.77746154991869,0.0006998889148235,0.0008996576070785,0.0020000152289867,504156.7714826944,56,10000,2,25,67,0.0,0.0,73.11328125,73.11328125,N/A (GPTCache eviction path is CPU-only),5.340576171875e-05
GDSF,zipf_variable_cost,100000,0.9848,0.8455814335654658,16.255086817244703,0.0044000335037708,0.0053001567721366,0.0132001005113124,163717.83615686427,56,10000,38,23,65,0.0,0.0,73.1875,73.1875,N/A (GPTCache eviction path is CPU-only),5.340576171875e-05
GDSF,zipf_variable_cost,100000,0.9857,0.9126767443375424,29.810142693323293,0.0041001476347446,0.0052000395953655,0.0121998647227883,154698.42229603685,56,10000,28,21,63,0.0,0.0,72.94921875,72.94921875,N/A (GPTCache eviction path is CPU-only),5.340576171875e-05
GDSF,zipf_variable_cost,100000,0.9866,0.8826213718732777,18.220045372467787,0.0042999163269996,0.0054999254643917,0.0153012294322252,144342.009134946,56,10000,8,22,64,0.0,0.0,73.25,73.25,N/A (GPTCache eviction path is CPU-only),5.340576171875e-05
LFU,zipf_variable_cost,100000,0.9848,0.9242585151996492,35.758346631940526,0.0007003545761108,0.0009001232683658,0.0025997869670391,411895.54333876114,56,10000,21,26,68,0.0,0.0,72.89453125,72.89453125,N/A (GPTCache eviction path is CPU-only),5.340576171875e-05
FIFO,zipf_variable_cost,100000,0.9822,0.9212440810900164,35.64172213996263,0.0004000030457973,0.0006002373993396,0.0020000152289867,645061.4002501746,56,10000,60,26,68,0.0,0.0,73.125,73.125,N/A (GPTCache eviction path is CPU-only),5.340576171875e-05
GDSF,zipf_variable_cost,100000,0.9862,0.8397306921484617,13.032408231591374,0.0043003819882869,0.0085998559370636,0.0573080871254207,85689.58262036198,56,10000,15,20,62,49.6,94.24,72.95703125,72.95703125,N/A (GPTCache eviction path is CPU-only),5.340576171875e-05
Random,zipf_variable_cost,100000,0.9835,0.9229155151803052,35.7063877271226,0.0005001202225685,0.0006998889148235,0.0023003667593002,421771.859889994,56,10000,43,26,68,0.0,0.0,73.046875,73.046875,N/A (GPTCache eviction path is CPU-only),5.340576171875e-05
LFU,zipf_variable_cost,100000,0.986,0.9203242627624848,28.13691488281909,0.0006998889148235,0.0009001232683658,0.0022999010980129,477081.03008077113,56,10000,8,27,69,0.0,0.0,72.7578125,72.7578125,N/A (GPTCache eviction path is CPU-only),5.340576171875e-05
FIFO,zipf_variable_cost,100000,0.9845,0.9188007464031694,28.0903366800496,0.0005001202225685,0.0006002373993396,0.002200249582529,483914.6771368798,56,10000,27,27,69,0.0,0.0,72.75390625,72.75390625,N/A (GPTCache eviction path is CPU-only),5.340576171875e-05
Random,zipf_variable_cost,100000,0.9857,0.9197550653665876,28.119512909049742,0.0005001202225685,0.0006002373993396,0.002001472748816,444493.8268599844,56,10000,11,27,69,0.0,0.0,72.66796875,72.66796875,N/A (GPTCache eviction path is CPU-only),5.340576171875e-05
GDSF,zipf_variable_cost,100000,0.9869,0.9095456260150296,23.31505083508019,0.0040996819734573,0.0052000395953655,0.0144997658208012,164563.5449974834,56,10000,1,24,66,0.0,0.0,73.203125,73.203125,N/A (GPTCache eviction path is CPU-only),5.340576171875e-05
LRU,zipf_variable_cost,100000,0.986,0.9203242627624848,28.13691488281909,0.0006998889148235,0.0008000060915946,0.002200249582529,511993.4449081441,56,10000,8,27,69,0.0,0.0,73.00390625,73.00390625,N/A (GPTCache eviction path is CPU-only),5.340576171875e-05
GDSF,zipf_variable_cost,100000,0.9865,0.8890895131375764,18.77746154991869,0.0043003819882869,0.0052000395953655,0.0132011016830802,159805.9316871359,56,10000,5,25,67,0.0,0.0,73.12109375,73.12109375,N/A (GPTCache eviction path is CPU-only),5.340576171875e-05
LFU,zipf_variable_cost,100000,0.9864,0.8951169107099417,20.70181244886102,0.0008000060915946,0.001000240445137,0.0028996774926781,409804.156394212,56,10000,4,28,70,0.0,0.0,72.86328125,72.86328125,N/A (GPTCache eviction path is CPU-only),5.340576171875e-05
LRU,zipf_variable_cost,100000,0.9863,0.8913773927573412,23.060285372947973,0.0006998889148235,0.0009001232683658,0.0018012383952737,497705.5767390087,56,10000,13,29,71,0.0,0.0,73.11328125,73.11328125,N/A (GPTCache eviction path is CPU-only),5.340576171875e-05
FIFO,zipf_variable_cost,100000,0.9846,0.8921259686533561,20.632639449490764,0.0005001202225685,0.0008000060915946,0.002200249582529,488794.3910058052,56,10000,26,28,70,0.0,0.0,72.984375,72.984375,N/A (GPTCache eviction path is CPU-only),5.340576171875e-05
LRU,zipf_variable_cost,100000,0.9864,0.8951169107099417,20.70181244886102,0.0007003545761108,0.001000240445137,0.0027003698050975,378865.3732795324,56,10000,4,28,70,0.0,0.0,72.83203125,72.83203125,N/A (GPTCache eviction path is CPU-only),5.340576171875e-05
LFU,zipf_variable_cost,100000,0.9865,0.8890895131375764,18.77746154991869,0.0008000060915946,0.0010998919606208,0.0030002556741237,236145.3510059885,56,10000,2,25,67,0.0,0.0,72.8359375,72.8359375,N/A (GPTCache eviction path is CPU-only),5.340576171875e-05
Random,zipf_variable_cost,100000,0.9861,0.8944513052268549,20.68641866095362,0.0005001202225685,0.0008000060915946,0.0019995495676994,543676.2296942344,56,10000,10,28,70,0.0,0.0,73.06640625,73.06640625,N/A (GPTCache eviction path is CPU-only),5.340576171875e-05
FIFO,zipf_variable_cost,100000,0.9832,0.8866436187562361,22.93782076901759,0.0005001202225685,0.0008996576070785,0.002400018274784,491864.5551136541,56,10000,48,29,71,0.0,0.0,72.94921875,72.94921875,N/A (GPTCache eviction path is CPU-only),5.340576171875e-05
FIFO,zipf_variable_cost,250000,0.9847,0.8830392900160798,22.449752534723224,0.0005997717380523,0.0007003545761108,0.002200249582529,457144.9474508148,56,10000,0,0,42,0.0,0.0,73.046875,73.046875,N/A (GPTCache eviction path is CPU-only),5.340576171875e-05
Random,zipf_variable_cost,250000,0.9847,0.8830392900160798,22.449752534723224,0.0002998858690261,0.0004000030457973,0.001200009137392,890598.8531819504,56,10000,0,0,42,0.0,0.0,72.75390625,72.75390625,N/A (GPTCache eviction path is CPU-only),5.340576171875e-05
GDSF,zipf_variable_cost,100000,0.9844,0.9233604721598944,35.72360252758242,0.0045998021960258,0.0064997002482414,0.0240011792629957,103837.30769564962,56,10000,37,26,68,33.25,63.175,72.84375,72.84375,N/A (GPTCache eviction path is CPU-only),5.340576171875e-05
LRU,zipf_variable_cost,250000,0.9847,0.8830392900160798,22.449752534723224,0.0006998889148235,0.0009001232683658,0.0022999010980129,485154.2895014388,56,10000,0,0,42,0.0,0.0,72.95703125,72.95703125,N/A (GPTCache eviction path is CPU-only),5.340576171875e-05
LFU,zipf_variable_cost,250000,0.9847,0.8830392900160798,22.449752534723224,0.0006998889148235,0.0009001232683658,0.0022999057546257,253868.9626604677,56,10000,0,0,42,0.0,0.0,72.76171875,72.76171875,N/A (GPTCache eviction path is CPU-only),5.340576171875e-05
LFU,zipf_variable_cost,250000,0.9866,0.8949421696191007,23.55993228497061,0.0008000060915946,0.0009001232683658,0.0022999010980129,413443.5277661546,56,10000,0,1,43,0.0,0.0,73.12109375,73.12109375,N/A (GPTCache eviction path is CPU-only),5.340576171875e-05
LFU,zipf_variable_cost,100000,0.9863,0.8913773927573412,23.060285372947973,0.0007003545761108,0.0009001232683658,0.0026994431391358,443007.1359452064,56,10000,13,29,71,0.0,0.0,73.25,73.25,N/A (GPTCache eviction path is CPU-only),5.340576171875e-05
GDSF,zipf_variable_cost,100000,0.986,0.9203242627624848,28.13691488281909,0.0045998021960258,0.005899928510189,0.0159020023420453,129898.80857175829,56,10000,12,27,69,0.0,0.0,73.015625,73.015625,N/A (GPTCache eviction path is CPU-only),5.340576171875e-05
FIFO,zipf_variable_cost,250000,0.9866,0.8949421696191007,23.55993228497061,0.0004996545612812,0.0006002373993396,0.0019995542243123,572157.6630745017,56,10000,0,1,43,0.0,0.0,73.00390625,73.00390625,N/A (GPTCache eviction path is CPU-only),5.340576171875e-05
Random,zipf_variable_cost,250000,0.9866,0.8949421696191007,23.55993228497061,0.0005001202225685,0.0006002373993396,0.0018999027088284,496901.8076372596,56,10000,0,1,43,0.0,0.0,72.86328125,72.86328125,N/A (GPTCache eviction path is CPU-only),5.340576171875e-05
GDSF,zipf_variable_cost,100000,0.9862,0.8945775561601449,20.689338528862702,0.0044000335037708,0.005899928510189,0.0155000016093254,117667.40840893702,56,10000,12,28,70,40.05,76.09499999999998,73.189453125,73.19140625,N/A (GPTCache eviction path is CPU-only),5.340576171875e-05
LRU,zipf_variable_cost,250000,0.9866,0.8949421696191007,23.55993228497061,0.0006998889148235,0.0009001232683658,0.002201241441071,450239.5256873407,56,10000,0,1,43,0.0,0.0,73.203125,73.203125,N/A (GPTCache eviction path is CPU-only),5.340576171875e-05
Random,zipf_variable_cost,250000,0.9849,0.9084066484379574,31.66746729033749,0.0005001202225685,0.0006002373993396,0.0020000152289867,453124.2979948691,56,10000,0,2,44,0.0,0.0,73.06640625,73.06640625,N/A (GPTCache eviction path is CPU-only),5.340576171875e-05
Random,zipf_variable_cost,100000,0.9854,0.8897616529709599,23.01848554622461,0.0005001202225685,0.0006002373993396,0.0021997839212417,199167.47897784004,56,10000,25,29,71,0.0,0.0,72.89453125,72.89453125,N/A (GPTCache eviction path is CPU-only),5.340576171875e-05
GDSF,zipf_variable_cost,250000,0.9847,0.8830392900160798,22.449752534723224,0.0042999163269996,0.0054999254643917,0.013100984506309,160700.6557040771,56,10000,0,0,42,0.0,0.0,72.671875,72.671875,N/A (GPTCache eviction path is CPU-only),5.340576171875e-05
GDSF,zipf_variable_cost,100000,0.9857,0.8891915653141772,23.003737153277,0.0038999132812023,0.0051003880798816,0.0123044429346919,188065.0190953785,56,10000,35,29,71,0.0,0.0,73.125,73.125,N/A (GPTCache eviction path is CPU-only),5.340576171875e-05
FIFO,zipf_variable_cost,250000,0.9863,0.8802695868002867,18.543784001353146,0.0005001202225685,0.0006002373993396,0.0020000152289867,398517.5161705165,56,10000,0,3,45,0.0,0.0,72.75390625,72.75390625,N/A (GPTCache eviction path is CPU-only),5.340576171875e-05
LFU,zipf_variable_cost,250000,0.9849,0.9084066484379574,31.66746729033749,0.0006998889148235,0.0009001232683658,0.002400018274784,402362.6706075213,56,10000,0,2,44,0.0,0.0,72.8359375,72.8359375,N/A (GPTCache eviction path is CPU-only),5.340576171875e-05
LRU,zipf_variable_cost,250000,0.9863,0.8802695868002867,18.543784001353146,0.0005001202225685,0.0008996576070785,0.0017001293599605,514649.5043629909,56,10000,0,3,45,0.0,0.0,73.046875,73.046875,N/A (GPTCache eviction path is CPU-only),5.340576171875e-05
FIFO,zipf_variable_cost,250000,0.9849,0.9084066484379574,31.66746729033749,0.0005001202225685,0.0006998889148235,0.0021001324057579,469723.94458077056,56,10000,0,2,44,0.0,0.0,72.83203125,72.83203125,N/A (GPTCache eviction path is CPU-only),5.340576171875e-05
GDSF,zipf_variable_cost,250000,0.9866,0.8949421696191007,23.55993228497061,0.0044996850192546,0.0053001567721366,0.0125012127682566,150310.61675242952,56,10000,0,1,43,0.0,0.0,73.11328125,73.11328125,N/A (GPTCache eviction path is CPU-only),5.340576171875e-05
LRU,zipf_variable_cost,250000,0.9849,0.9084066484379574,31.66746729033749,0.0007003545761108,0.0009001232683658,0.0024000229313969,428726.3768969365,56,10000,0,2,44,0.0,0.0,72.984375,72.984375,N/A (GPTCache eviction path is CPU-only),5.340576171875e-05
Random,zipf_variable_cost,250000,0.9863,0.8802695868002867,18.543784001353146,0.0005001202225685,0.0006002373993396,0.0018998980522155,553005.5826048948,56,10000,0,3,45,0.0,0.0,72.95703125,72.95703125,N/A (GPTCache eviction path is CPU-only),5.340576171875e-05
LFU,zipf_variable_cost,250000,0.9863,0.8802695868002867,18.543784001353146,0.0006998889148235,0.0009001232683658,0.002400018274784,520838.7656199462,56,10000,0,3,45,0.0,0.0,72.84375,72.84375,N/A (GPTCache eviction path is CPU-only),5.340576171875e-05
FIFO,zipf_variable_cost,250000,0.9876,0.9032152444687062,20.36743746147903,0.0005001202225685,0.0006002373993396,0.0020000198855996,384461.5977586586,56,10000,0,4,46,0.0,0.0,73.25,73.25,N/A (GPTCache eviction path is CPU-only),5.340576171875e-05
Random,zipf_variable_cost,250000,0.9866,0.8807627044332562,16.240062428130805,0.0005001202225685,0.0006002373993396,0.0017993152141571,563440.5867383048,56,10000,0,5,47,0.0,0.0,72.90234375,72.90234375,N/A (GPTCache eviction path is CPU-only),5.340576171875e-05
FIFO,zipf_variable_cost,250000,0.9866,0.8807627044332562,16.240062428130805,0.0005001202225685,0.0006998889148235,0.0020000152289867,384058.4996638233,56,10000,0,5,47,0.0,0.0,73.19140625,73.19140625,N/A (GPTCache eviction path is CPU-only),5.340576171875e-05
Random,zipf_variable_cost,250000,0.9876,0.9032152444687062,20.36743746147903,0.0002998858690261,0.0005001202225685,0.0010998919606208,878696.0027476901,56,10000,0,4,46,0.0,0.0,73.00390625,73.00390625,N/A (GPTCache eviction path is CPU-only),5.340576171875e-05
LFU,zipf_variable_cost,250000,0.9876,0.9032152444687062,20.36743746147903,0.0007003545761108,0.0009997747838497,0.0027013616636395,355438.0252133352,56,10000,0,4,46,0.0,0.0,73.015625,73.015625,N/A (GPTCache eviction path is CPU-only),5.340576171875e-05
LFU,zipf_variable_cost,250000,0.9866,0.8807627044332562,16.240062428130805,0.0007003545761108,0.0009001232683658,0.0021001324057579,497057.4203484011,56,10000,0,5,47,0.0,0.0,73.06640625,73.06640625,N/A (GPTCache eviction path is CPU-only),5.340576171875e-05
LRU,zipf_variable_cost,250000,0.9876,0.9032152444687062,20.36743746147903,0.0006998889148235,0.0009001232683658,0.0018002465367317,506303.4846511309,56,10000,0,4,46,0.0,0.0,73.12109375,73.12109375,N/A (GPTCache eviction path is CPU-only),5.340576171875e-05
Random,zipf_variable_cost,250000,0.9858,0.8908296923128366,23.01250621454346,0.0005001202225685,0.0007003545761108,0.0020000152289867,512925.7308220267,56,10000,0,6,48,0.0,0.0,73.046875,73.046875,N/A (GPTCache eviction path is CPU-only),5.340576171875e-05
FIFO,zipf_variable_cost,250000,0.9858,0.8908296923128366,23.01250621454346,0.0005001202225685,0.0008000060915946,0.0020000198855996,527813.1111987188,56,10000,0,6,48,0.0,0.0,72.75390625,72.75390625,N/A (GPTCache eviction path is CPU-only),5.340576171875e-05
LRU,zipf_variable_cost,250000,0.9858,0.8908296923128366,23.01250621454346,0.0005001202225685,0.0008000060915946,0.0013001263141632,684772.0329510666,56,10000,0,6,48,97.7,97.7,73.125,73.125,N/A (GPTCache eviction path is CPU-only),5.340576171875e-05
LRU,zipf_variable_cost,250000,0.9866,0.8807627044332562,16.240062428130805,0.0006998889148235,0.001000240445137,0.0022999010980129,488892.3713518591,56,10000,0,5,47,0.0,0.0,73.20703125,73.20703125,N/A (GPTCache eviction path is CPU-only),5.340576171875e-05
LRU,zipf_variable_cost,250000,0.9862,0.9105277674597672,27.227740272696856,0.0006998889148235,0.0009997747838497,0.0021011289209127,441041.5568846485,56,10000,0,7,49,0.0,0.0,73.11328125,73.11328125,N/A (GPTCache eviction path is CPU-only),5.340576171875e-05
GDSF,zipf_variable_cost,250000,0.9863,0.8802695868002867,18.543784001353146,0.0042002648115158,0.0055995769798755,0.0144001143053174,143369.58667618732,56,10000,0,3,45,0.0,0.0,72.76171875,72.76171875,N/A (GPTCache eviction path is CPU-only),5.340576171875e-05
FIFO,zipf_variable_cost,250000,0.9862,0.9105277674597672,27.227740272696856,0.0005001202225685,0.0006002373993396,0.0018012383952737,581865.588811275,56,10000,0,7,49,0.0,0.0,72.984375,72.984375,N/A (GPTCache eviction path is CPU-only),5.340576171875e-05
Random,zipf_variable_cost,250000,0.9862,0.9105277674597672,27.227740272696856,0.0005001202225685,0.0006002373993396,0.0019003637135028,557609.4241202304,56,10000,0,7,49,0.0,0.0,72.84375,72.84375,N/A (GPTCache eviction path is CPU-only),5.340576171875e-05
LRU,zipf_variable_cost,250000,0.9873,0.9253751686156362,24.37821301938234,0.0006998889148235,0.0008000060915946,0.0019013555720448,496046.5076419925,56,10000,0,8,50,0.0,0.0,73.015625,73.015625,N/A (GPTCache eviction path is CPU-only),5.340576171875e-05
GDSF,zipf_variable_cost,250000,0.9849,0.9084066484379574,31.66746729033749,0.0041001476347446,0.0052000395953655,0.0137998769059777,115123.8157354756,56,10000,0,2,44,37.8,71.82,72.94921875,72.94921875,N/A (GPTCache eviction path is CPU-only),5.340576171875e-05
LFU,zipf_variable_cost,250000,0.9862,0.9105277674597672,27.227740272696856,0.0006998889148235,0.0008000060915946,0.0021001324057579,387109.2569623234,56,10000,0,7,49,0.0,0.0,72.95703125,72.95703125,N/A (GPTCache eviction path is CPU-only),5.340576171875e-05
GDSF,zipf_variable_cost,250000,0.9858,0.8908296923128366,23.01250621454346,0.0034002587199211,0.0056996941566467,0.0146995345130562,173949.04295099853,56,10000,0,6,48,0.0,0.0,72.83203125,72.83203125,N/A (GPTCache eviction path is CPU-only),5.340576171875e-05
LFU,zipf_variable_cost,250000,0.9858,0.8908296923128366,23.01250621454346,0.0007003545761108,0.0009001232683658,0.0026012491434812,450787.53297123953,56,10000,0,6,48,0.0,0.0,72.8359375,72.8359375,N/A (GPTCache eviction path is CPU-only),5.340576171875e-05
GDSF,zipf_variable_cost,250000,0.9876,0.9032152444687062,20.36743746147903,0.0041001476347446,0.0052000395953655,0.0121998600661754,153374.46847664297,56,10000,0,4,46,0.0,0.0,72.86328125,72.86328125,N/A (GPTCache eviction path is CPU-only),5.340576171875e-05
GDSF,zipf_variable_cost,250000,0.9866,0.8807627044332562,16.240062428130805,0.0045998021960258,0.0053001567721366,0.0118999741971492,115438.5162846256,56,10000,0,5,47,30.05,57.095,72.671875,72.671875,N/A (GPTCache eviction path is CPU-only),5.340576171875e-05
Random,zipf_variable_cost,250000,0.9873,0.9253751686156362,24.37821301938234,0.0005001202225685,0.0006998889148235,0.0020000152289867,377840.4201399292,56,10000,0,8,50,0.0,0.0,73.015625,73.015625,N/A (GPTCache eviction path is CPU-only),5.340576171875e-05
GDSF,zipf_variable_cost,250000,0.9862,0.9105277674597672,27.227740272696856,0.0026999041438102,0.004699919372797,0.011600088328123,195034.42372438047,56,10000,0,7,49,0.0,0.0,73.25,73.25,N/A (GPTCache eviction path is CPU-only),5.340576171875e-05
LFU,zipf_variable_cost,250000,0.9859,0.8742627907287145,17.802726131360075,0.0005001202225685,0.0008000060915946,0.0017001293599605,651763.0112766938,56,10000,0,9,51,0.0,0.0,72.75390625,72.75390625,N/A (GPTCache eviction path is CPU-only),5.340576171875e-05
LFU,zipf_variable_cost,250000,0.9873,0.9253751686156362,24.37821301938234,0.0007003545761108,0.0009001232683658,0.0025997869670391,453282.4448588525,56,10000,0,8,50,97.7,97.7,73.19140625,73.19140625,N/A (GPTCache eviction path is CPU-only),5.340576171875e-05
LRU,zipf_variable_cost,250000,0.9872,0.8805978202273717,17.488167038638153,0.0007003545761108,0.0009997747838497,0.0023995526134967,379387.13961966446,56,10000,0,10,52,0.0,0.0,73.11328125,73.11328125,N/A (GPTCache eviction path is CPU-only),5.340576171875e-05
LRU,zipf_variable_cost,250000,0.9859,0.8742627907287145,17.802726131360075,0.0006998889148235,0.0008996576070785,0.0021001324057579,265159.8534676598,56,10000,0,9,51,0.0,0.0,73.12109375,73.12109375,N/A (GPTCache eviction path is CPU-only),5.340576171875e-05
FIFO,zipf_variable_cost,250000,0.9873,0.9253751686156362,24.37821301938234,0.0005001202225685,0.0006002373993396,0.0021001324057579,497906.3078566898,56,10000,0,8,50,0.0,0.0,73.00390625,73.00390625,N/A (GPTCache eviction path is CPU-only),5.340576171875e-05
FIFO,zipf_variable_cost,250000,0.9872,0.8805978202273717,17.488167038638153,0.0005001202225685,0.0006002373993396,0.0018998980522155,582645.3357793681,56,10000,0,10,52,0.0,0.0,72.76171875,72.76171875,N/A (GPTCache eviction path is CPU-only),5.340576171875e-05
FIFO,zipf_variable_cost,250000,0.9859,0.8742627907287145,17.802726131360075,0.0005001202225685,0.0006998889148235,0.0021997839212417,348581.4458106254,56,10000,0,9,51,0.0,0.0,73.046875,73.046875,N/A (GPTCache eviction path is CPU-only),5.340576171875e-05
Random,zipf_variable_cost,250000,0.9872,0.8805978202273717,17.488167038638153,0.0004996545612812,0.0006002373993396,0.0017993198707699,562882.4118548264,56,10000,0,10,52,0.0,0.0,72.84375,72.84375,N/A (GPTCache eviction path is CPU-only),5.340576171875e-05
Random,zipf_variable_cost,250000,0.9859,0.8742627907287145,17.802726131360075,0.0004996545612812,0.0006002373993396,0.0018002465367317,570808.8365655137,56,10000,0,9,51,0.0,0.0,73.125,73.125,N/A (GPTCache eviction path is CPU-only),5.340576171875e-05
FIFO,zipf_variable_cost,250000,0.9855,0.8849027471992607,21.727152853956422,0.0005001202225685,0.0006002373993396,0.0020000152289867,543457.5908279553,56,10000,0,11,53,0.0,0.0,72.95703125,72.95703125,N/A (GPTCache eviction path is CPU-only),5.340576171875e-05
LRU,zipf_variable_cost,250000,0.9855,0.8849027471992607,21.727152853956422,0.0007003545761108,0.0009997747838497,0.0020996714010834,302359.6152272475,56,10000,0,11,53,0.0,0.0,72.94921875,72.94921875,N/A (GPTCache eviction path is CPU-only),5.340576171875e-05
LFU,zipf_variable_cost,250000,0.9855,0.8849027471992607,21.727152853956422,0.0007003545761108,0.0009001232683658,0.0022999010980129,426659.38495771727,56,10000,0,11,53,0.0,0.0,72.83203125,72.83203125,N/A (GPTCache eviction path is CPU-only),5.340576171875e-05
LFU,zipf_variable_cost,250000,0.9872,0.8805978202273717,17.488167038638153,0.0006998889148235,0.0008000060915946,0.0021011242642998,412691.0741553183,56,10000,0,10,52,0.0,0.0,72.984375,72.984375,N/A (GPTCache eviction path is CPU-only),5.340576171875e-05
LFU,zipf_variable_cost,250000,0.9858,0.908319331715034,25.771225308791497,0.0008000060915946,0.0010998919606208,0.0021997839212417,478272.1049807581,56,10000,0,13,55,0.0,0.0,73.00390625,73.00390625,N/A (GPTCache eviction path is CPU-only),5.340576171875e-05
LFU,zipf_variable_cost,250000,0.9871,0.8876398138691096,17.155653885007858,0.0006002373993396,0.0009001232683658,0.0020000152289867,571222.9309755553,56,10000,0,12,54,0.0,0.0,73.25,73.25,N/A (GPTCache eviction path is CPU-only),5.340576171875e-05
LRU,zipf_variable_cost,250000,0.9858,0.908319331715034,25.771225308791497,0.0006998889148235,0.0011003576219081,0.0019003637135028,484284.9516015803,56,10000,0,13,55,0.0,0.0,73.11328125,73.11328125,N/A (GPTCache eviction path is CPU-only),5.340576171875e-05
Random,zipf_variable_cost,250000,0.9871,0.8876398138691096,17.155653885007858,0.0005001202225685,0.0008996576070785,0.0018998980522155,405166.6810873772,56,10000,0,12,54,0.0,0.0,72.75390625,72.75390625,N/A (GPTCache eviction path is CPU-only),5.340576171875e-05
LRU,zipf_variable_cost,250000,0.9871,0.8876398138691096,17.155653885007858,0.0006998889148235,0.0009997747838497,0.0021001324057579,396713.62480137614,56,10000,0,12,54,0.0,0.0,72.671875,72.671875,N/A (GPTCache eviction path is CPU-only),5.340576171875e-05
Random,zipf_variable_cost,250000,0.9858,0.908319331715034,25.771225308791497,0.0005001202225685,0.0008000060915946,0.0018998980522155,544025.2383019687,56,10000,0,13,55,0.0,0.0,72.76171875,72.76171875,N/A (GPTCache eviction path is CPU-only),5.340576171875e-05
FIFO,zipf_variable_cost,250000,0.9858,0.908319331715034,25.771225308791497,0.0005001202225685,0.0008000060915946,0.0021001324057579,440237.72895380616,56,10000,0,13,55,0.0,0.0,73.12109375,73.12109375,N/A (GPTCache eviction path is CPU-only),5.340576171875e-05
Random,zipf_variable_cost,250000,0.9855,0.8849027471992607,21.727152853956422,0.0005001202225685,0.0007003545761108,0.0021001324057579,345503.1013945979,56,10000,0,11,53,0.0,0.0,72.8359375,72.8359375,N/A (GPTCache eviction path is CPU-only),5.340576171875e-05
GDSF,zipf_variable_cost,250000,0.9872,0.8805978202273717,17.488167038638153,0.0029001384973526,0.0054999254643917,0.0138008734211325,189368.47465217308,56,10000,0,10,52,0.0,0.0,73.07421875,73.07421875,N/A (GPTCache eviction path is CPU-only),5.340576171875e-05
GDSF,zipf_variable_cost,250000,0.9859,0.8742627907287145,17.802726131360075,0.0040000304579734,0.0054999254643917,0.0112997414544224,136662.61709498108,56,10000,0,9,51,0.0,0.0,73.20703125,73.20703125,N/A (GPTCache eviction path is CPU-only),5.340576171875e-05
GDSF,zipf_variable_cost,250000,0.9873,0.9253751686156362,24.37821301938234,0.0041997991502285,0.005700159817934,0.0146048748865724,130982.80314140567,56,10000,0,8,50,0.0,0.0,73.06640625,73.06640625,N/A (GPTCache eviction path is CPU-only),5.340576171875e-05
FIFO,zipf_variable_cost,250000,0.9871,0.8876398138691096,17.155653885007858,0.0005001202225685,0.0007003545761108,0.0021001324057579,488899.52807119687,56,10000,0,12,54,0.0,0.0,73.015625,73.015625,N/A (GPTCache eviction path is CPU-only),5.340576171875e-05
LRU,zipf_variable_cost,250000,0.9873,0.9052538334872544,19.38422616291195,0.0007003545761108,0.001000240445137,0.0020996667444705,458692.448931389,56,10000,0,14,56,0.0,0.0,73.046875,73.046875,N/A (GPTCache eviction path is CPU-only),5.340576171875e-05
Random,zipf_variable_cost,250000,0.9873,0.9052538334872544,19.38422616291195,0.0005001202225685,0.0006002373993396,0.0020000152289867,505714.58250111545,56,10000,0,14,56,0.0,0.0,72.94921875,72.94921875,N/A (GPTCache eviction path is CPU-only),5.340576171875e-05
LRU,zipf_variable_cost,250000,0.9867,0.9308291957108892,26.32255023384869,0.0006998889148235,0.0009001232683658,0.002201241441071,402969.0739756462,56,10000,0,15,57,0.0,0.0,72.984375,72.984375,N/A (GPTCache eviction path is CPU-only),5.340576171875e-05
GDSF,zipf_variable_cost,250000,0.9871,0.8876398138691096,17.155653885007858,0.0044000335037708,0.0058002769947052,0.0148997688665986,150103.04507471848,56,10000,0,12,54,0.0,0.0,73.19140625,73.19140625,N/A (GPTCache eviction path is CPU-only),5.340576171875e-05
Random,zipf_variable_cost,250000,0.9867,0.9308291957108892,26.32255023384869,0.0004996545612812,0.0006002373993396,0.0017001293599605,587917.1250379069,56,10000,0,15,57,0.0,0.0,72.75390625,72.75390625,N/A (GPTCache eviction path is CPU-only),5.340576171875e-05
LFU,zipf_variable_cost,250000,0.9873,0.9052538334872544,19.38422616291195,0.0006998889148235,0.0008996576070785,0.0024996697902679,529891.1722320798,56,10000,0,14,56,0.0,0.0,72.95703125,72.95703125,N/A (GPTCache eviction path is CPU-only),5.340576171875e-05
GDSF,zipf_variable_cost,250000,0.9858,0.908319331715034,25.771225308791497,0.0025001354515552,0.0046002678573131,0.0082012917846441,253130.59188594937,56,10000,0,13,55,0.0,0.0,72.84375,72.84375,N/A (GPTCache eviction path is CPU-only),5.340576171875e-05
FIFO,zipf_variable_cost,250000,0.9853,0.863694192912086,16.84540757494139,0.0005001202225685,0.0006002373993396,0.002001472748816,408283.2466581168,56,10000,0,16,58,0.0,0.0,72.76171875,72.76171875,N/A (GPTCache eviction path is CPU-only),5.340576171875e-05
LRU,zipf_variable_cost,250000,0.9853,0.863694192912086,16.84540757494139,0.0006998889148235,0.0008996576070785,0.0021997839212417,412508.9192887067,56,10000,0,16,58,0.0,0.0,72.671875,72.671875,N/A (GPTCache eviction path is CPU-only),5.340576171875e-05
LRU,zipf_variable_cost,250000,0.9862,0.8922498947692746,19.646965926437325,0.0006998889148235,0.0008000060915946,0.0018998980522155,524279.385741538,56,10000,0,17,59,0.0,0.0,73.20703125,73.20703125,N/A (GPTCache eviction path is CPU-only),5.340576171875e-05
LFU,zipf_variable_cost,250000,0.9867,0.9308291957108892,26.32255023384869,0.0006998889148235,0.0009001232683658,0.0023013586178422,486674.842866284,56,10000,0,15,57,0.0,0.0,73.25,73.25,N/A (GPTCache eviction path is CPU-only),5.340576171875e-05
FIFO,zipf_variable_cost,250000,0.9873,0.9052538334872544,19.38422616291195,0.0005001202225685,0.0006998889148235,0.002400018274784,365255.4417862415,56,10000,0,14,56,0.0,0.0,73.125,73.125,N/A (GPTCache eviction path is CPU-only),5.340576171875e-05
FIFO,zipf_variable_cost,250000,0.9862,0.8922498947692746,19.646965926437325,0.0005001202225685,0.0006002373993396,0.0020000152289867,516558.27792326646,56,10000,0,17,59,0.0,0.0,73.06640625,73.06640625,N/A (GPTCache eviction path is CPU-only),5.340576171875e-05
Random,zipf_variable_cost,250000,0.9853,0.863694192912086,16.84540757494139,0.0002998858690261,0.0004000030457973,0.001000240445137,1039187.7907691356,56,10000,0,16,58,0.0,0.0,72.8359375,72.8359375,N/A (GPTCache eviction path is CPU-only),5.340576171875e-05
LFU,zipf_variable_cost,250000,0.9853,0.863694192912086,16.84540757494139,0.0006998889148235,0.0008000060915946,0.0021001324057579,504754.7906060223,56,10000,0,16,58,0.0,0.0,73.12109375,73.12109375,N/A (GPTCache eviction path is CPU-only),5.340576171875e-05
LFU,zipf_variable_cost,250000,0.9862,0.8922498947692746,19.646965926437325,0.0007003545761108,0.0009001232683658,0.0023995526134967,367300.0178135451,56,10000,0,17,59,0.0,0.0,73.015625,73.015625,N/A (GPTCache eviction path is CPU-only),5.340576171875e-05
GDSF,zipf_variable_cost,250000,0.9855,0.8849027471992607,21.727152853956422,0.0044000335037708,0.005700159817934,0.0137012172490358,155552.6870705346,56,10000,0,11,53,0.0,0.0,72.86328125,72.86328125,N/A (GPTCache eviction path is CPU-only),5.340576171875e-05
GDSF,zipf_variable_cost,250000,0.9873,0.9052538334872544,19.38422616291195,0.0041001476347446,0.0053001567721366,0.0133998738601803,136547.66556683122,56,10000,0,14,56,0.0,0.0,72.8359375,72.8359375,N/A (GPTCache eviction path is CPU-only),5.340576171875e-05
GDSF,zipf_variable_cost,250000,0.9867,0.9308291957108892,26.32255023384869,0.0045001506805419,0.0054002739489078,0.0129002146422863,160689.2923502455,56,10000,0,15,57,0.0,0.0,73.11328125,73.11328125,N/A (GPTCache eviction path is CPU-only),5.340576171875e-05
Random,zipf_variable_cost,250000,0.9862,0.8922498947692746,19.646965926437325,0.0005001202225685,0.0006998889148235,0.0020000152289867,506078.001365278,56,10000,0,17,59,0.0,0.0,73.046875,73.046875,N/A (GPTCache eviction path is CPU-only),5.340576171875e-05
LRU,zipf_variable_cost,250000,0.9862,0.8654256214004161,15.79540485209932,0.0006998889148235,0.0009001232683658,0.0021001324057579,453537.35707419016,56,10000,0,18,60,0.0,0.0,72.984375,72.984375,N/A (GPTCache eviction path is CPU-only),5.340576171875e-05
FIFO,zipf_variable_cost,250000,0.9867,0.9308291957108892,26.32255023384869,0.0005001202225685,0.0006002373993396,0.0020000152289867,441255.6363259858,56,10000,0,15,57,0.0,0.0,73.00390625,73.00390625,N/A (GPTCache eviction path is CPU-only),5.340576171875e-05
FIFO,zipf_variable_cost,250000,0.9862,0.8654256214004161,15.79540485209932,0.0005001202225685,0.0006052199751137,0.0019995495676994,529209.7279912751,56,10000,0,18,60,0.0,0.0,73.19140625,73.19140625,N/A (GPTCache eviction path is CPU-only),5.340576171875e-05
Random,zipf_variable_cost,250000,0.9862,0.8654256214004161,15.79540485209932,0.0005001202225685,0.0007003545761108,0.0022999010980129,283909.4321089906,56,10000,0,18,60,0.0,0.0,72.95703125,72.95703125,N/A (GPTCache eviction path is CPU-only),5.340576171875e-05
Random,zipf_variable_cost,250000,0.9859,0.8695506636539805,16.992713223955242,0.0002998858690261,0.0006998889148235,0.001200009137392,740137.6545891366,56,10000,0,19,61,0.0,0.0,73.25,73.25,N/A (GPTCache eviction path is CPU-only),5.340576171875e-05
LFU,zipf_variable_cost,250000,0.9862,0.8654256214004161,15.79540485209932,0.0007003545761108,0.0010998919606208,0.0030999071896076,286214.7514353563,56,10000,0,18,60,0.0,0.0,72.75390625,72.75390625,N/A (GPTCache eviction path is CPU-only),5.340576171875e-05
FIFO,zipf_variable_cost,250000,0.9859,0.8695506636539805,16.992713223955242,0.0005001202225685,0.0008000060915946,0.0021997839212417,469834.28648978,56,10000,0,19,61,0.0,0.0,72.671875,72.671875,N/A (GPTCache eviction path is CPU-only),5.340576171875e-05
GDSF,zipf_variable_cost,250000,0.9862,0.8654256214004161,15.79540485209932,0.0044000335037708,0.0057998113334178,0.014001103118062,162197.0556436965,56,10000,0,18,60,0.0,0.0,72.84375,72.84375,N/A (GPTCache eviction path is CPU-only),5.340576171875e-05
GDSF,zipf_variable_cost,250000,0.9853,0.863694192912086,16.84540757494139,0.0041997991502285,0.0053001567721366,0.0134999863803386,156053.22709085757,56,10000,0,16,58,0.0,0.0,73.0859375,73.0859375,N/A (GPTCache eviction path is CPU-only),5.340576171875e-05
LRU,zipf_variable_cost,250000,0.9859,0.8695506636539805,16.992713223955242,0.0006998889148235,0.0009997747838497,0.0020996667444705,476821.6926635089,56,10000,0,19,61,0.0,0.0,72.76171875,72.76171875,N/A (GPTCache eviction path is CPU-only),5.340576171875e-05
Random,zipf_variable_cost,250000,0.9862,0.8397306921484617,13.032408231591374,0.0005001202225685,0.0008000060915946,0.0018998980522155,541694.2114279758,56,10000,0,20,62,0.0,0.0,73.015625,73.015625,N/A (GPTCache eviction path is CPU-only),5.340576171875e-05
LRU,zipf_variable_cost,250000,0.9862,0.8397306921484617,13.032408231591374,0.0006998889148235,0.0009997747838497,0.0021997839212417,470965.01037775737,56,10000,0,20,62,0.0,0.0,73.06640625,73.06640625,N/A (GPTCache eviction path is CPU-only),5.340576171875e-05
LFU,zipf_variable_cost,250000,0.9862,0.8397306921484617,13.032408231591374,0.0008000060915946,0.0011003576219081,0.002400018274784,458332.9487362378,56,10000,0,20,62,0.0,0.0,73.12109375,73.12109375,N/A (GPTCache eviction path is CPU-only),5.340576171875e-05
FIFO,zipf_variable_cost,250000,0.9859,0.9134315130277252,29.834795192134504,0.0002998858690261,0.0005997717380523,0.0012014666572213,813941.1954372402,56,10000,0,21,63,0.0,0.0,73.11328125,73.11328125,N/A (GPTCache eviction path is CPU-only),5.340576171875e-05
GDSF,zipf_variable_cost,250000,0.9862,0.8922498947692746,19.646965926437325,0.0042000319808721,0.0056000426411628,0.0144011061638593,126471.17636928234,56,10000,0,17,59,86.65,96.595,72.94921875,72.94921875,N/A (GPTCache eviction path is CPU-only),5.340576171875e-05
LFU,zipf_variable_cost,250000,0.9859,0.9134315130277252,29.834795192134504,0.0008000060915946,0.0009997747838497,0.0022999010980129,387443.7269559436,56,10000,0,21,63,0.0,0.0,73.046875,73.046875,N/A (GPTCache eviction path is CPU-only),5.340576171875e-05
LRU,zipf_variable_cost,250000,0.9859,0.9134315130277252,29.834795192134504,0.0006998889148235,0.0009997747838497,0.0025993259623646,402699.6983320304,56,10000,0,21,63,0.0,0.0,72.8359375,72.8359375,N/A (GPTCache eviction path is CPU-only),5.340576171875e-05
LFU,zipf_variable_cost,250000,0.9859,0.8695506636539805,16.992713223955242,0.0007003545761108,0.0009997747838497,0.0026002526283264,203896.04665199856,56,10000,0,19,61,0.0,0.0,73.20703125,73.20703125,N/A (GPTCache eviction path is CPU-only),5.340576171875e-05
Random,zipf_variable_cost,250000,0.9859,0.9134315130277252,29.834795192134504,0.0004996545612812,0.0006002373993396,0.0019003637135028,451259.4664607857,56,10000,0,21,63,0.0,0.0,72.984375,72.984375,N/A (GPTCache eviction path is CPU-only),5.340576171875e-05
FIFO,zipf_variable_cost,250000,0.9862,0.8397306921484617,13.032408231591374,0.0005001202225685,0.0006002373993396,0.0021001324057579,492754.0505494473,56,10000,0,20,62,0.0,0.0,72.8359375,72.8359375,N/A (GPTCache eviction path is CPU-only),5.340576171875e-05
LFU,zipf_variable_cost,250000,0.9867,0.8829523539571594,18.22687787027259,0.0006998889148235,0.0009001232683658,0.0022999057546257,444055.64453508187,56,10000,0,22,64,0.0,0.0,73.25,73.25,N/A (GPTCache eviction path is CPU-only),5.340576171875e-05
FIFO,zipf_variable_cost,250000,0.9867,0.8829523539571594,18.22687787027259,0.0005001202225685,0.0006002373993396,0.0019013555720448,551986.0423965008,56,10000,0,22,64,0.0,0.0,72.95703125,72.95703125,N/A (GPTCache eviction path is CPU-only),5.340576171875e-05
LRU,zipf_variable_cost,250000,0.9855,0.8488873281382322,16.318637885368783,0.0004000030457973,0.0008000060915946,0.001399777829647,539787.7495676449,56,10000,0,23,65,0.0,0.0,72.84375,72.84375,N/A (GPTCache eviction path is CPU-only),5.340576171875e-05
LRU,zipf_variable_cost,250000,0.9867,0.8829523539571594,18.22687787027259,0.0006998889148235,0.0008000060915946,0.0020000152289867,505435.9664947183,56,10000,0,22,64,0.0,0.0,73.19140625,73.19140625,N/A (GPTCache eviction path is CPU-only),5.340576171875e-05
Random,zipf_variable_cost,250000,0.9867,0.8829523539571594,18.22687787027259,0.0005001202225685,0.0006002373993396,0.0018998980522155,508626.3081861677,56,10000,0,22,64,0.0,0.0,72.75390625,72.75390625,N/A (GPTCache eviction path is CPU-only),5.340576171875e-05
Random,zipf_variable_cost,250000,0.9855,0.8488873281382322,16.318637885368783,0.0005001202225685,0.0006002373993396,0.0017001293599605,530096.2160962628,56,10000,0,23,65,0.0,0.0,73.015625,73.015625,N/A (GPTCache eviction path is CPU-only),5.340576171875e-05
FIFO,zipf_variable_cost,250000,0.9869,0.9095456260150296,23.31505083508019,0.0005001202225685,0.0006002373993396,0.0017993198707699,538482.6714079246,56,10000,0,24,66,0.0,0.0,73.11328125,73.11328125,N/A (GPTCache eviction path is CPU-only),5.340576171875e-05
FIFO,zipf_variable_cost,250000,0.9855,0.8488873281382322,16.318637885368783,0.0005001202225685,0.0006002373993396,0.0020000152289867,442119.8799837661,56,10000,0,23,65,0.0,0.0,73.0859375,73.0859375,N/A (GPTCache eviction path is CPU-only),5.340576171875e-05
LFU,zipf_variable_cost,250000,0.9869,0.9095456260150296,23.31505083508019,0.0008000060915946,0.0009001232683658,0.0024996744468808,442381.9624781843,56,10000,0,24,66,97.7,97.7,72.94921875,72.94921875,N/A (GPTCache eviction path is CPU-only),5.340576171875e-05
GDSF,zipf_variable_cost,250000,0.9859,0.8695506636539805,16.992713223955242,0.0041997991502285,0.005899928510189,0.0182013679295778,103243.284872209,56,10000,0,19,61,30.05,57.095,73.125,73.125,N/A (GPTCache eviction path is CPU-only),5.340576171875e-05
LRU,zipf_variable_cost,250000,0.9869,0.9095456260150296,23.31505083508019,0.0006998889148235,0.0008996576070785,0.0021001324057579,477901.8181237149,56,10000,0,24,66,0.0,0.0,73.12109375,73.12109375,N/A (GPTCache eviction path is CPU-only),5.340576171875e-05
Random,zipf_variable_cost,250000,0.9869,0.9095456260150296,23.31505083508019,0.0004996545612812,0.0006002373993396,0.0017001293599605,652302.9668574716,56,10000,0,24,66,0.0,0.0,73.046875,73.046875,N/A (GPTCache eviction path is CPU-only),5.340576171875e-05
LRU,zipf_variable_cost,250000,0.9865,0.8890895131375764,18.77746154991869,0.0006998889148235,0.0009001232683658,0.0022999010980129,441547.887255918,56,10000,0,25,67,0.0,0.0,73.20703125,73.20703125,N/A (GPTCache eviction path is CPU-only),5.340576171875e-05
Random,zipf_variable_cost,250000,0.9865,0.8890895131375764,18.77746154991869,0.0004996545612812,0.0006002373993396,0.0018002465367317,561167.2220761913,56,10000,0,25,67,0.0,0.0,73.25,73.25,N/A (GPTCache eviction path is CPU-only),5.340576171875e-05
FIFO,zipf_variable_cost,250000,0.9865,0.8890895131375764,18.77746154991869,0.0005001202225685,0.0007003545761108,0.0021997839212417,501275.7472706933,56,10000,0,25,67,0.0,0.0,72.984375,72.984375,N/A (GPTCache eviction path is CPU-only),5.340576171875e-05
GDSF,zipf_variable_cost,250000,0.9862,0.8397306921484617,13.032408231591374,0.0040000304579734,0.004699919372797,0.0108997384086251,171586.0377136758,56,10000,0,20,62,0.0,0.0,72.86328125,72.86328125,N/A (GPTCache eviction path is CPU-only),5.340576171875e-05
LRU,zipf_variable_cost,250000,0.985,0.9246615704453996,35.77394030941532,0.0006998889148235,0.0008996576070785,0.0019003637135028,480870.952936292,56,10000,0,26,68,0.0,0.0,72.84375,72.84375,N/A (GPTCache eviction path is CPU-only),5.340576171875e-05
GDSF,zipf_variable_cost,250000,0.9859,0.9134315130277252,29.834795192134504,0.0041001476347446,0.0052000395953655,0.0156021164730191,157205.76257831184,56,10000,0,21,63,0.0,0.0,73.046875,73.046875,N/A (GPTCache eviction path is CPU-only),5.340576171875e-05
GDSF,zipf_variable_cost,250000,0.9867,0.8829523539571594,18.22687787027259,0.0044996850192546,0.0051003880798816,0.0113011989742517,164162.63910280945,56,10000,0,22,64,0.0,0.0,72.671875,72.671875,N/A (GPTCache eviction path is CPU-only),5.340576171875e-05
Random,zipf_variable_cost,250000,0.985,0.9246615704453996,35.77394030941532,0.0005001202225685,0.0006002373993396,0.0018998980522155,412650.21048011153,56,10000,0,26,68,0.0,0.0,73.015625,73.015625,N/A (GPTCache eviction path is CPU-only),5.340576171875e-05
LFU,zipf_variable_cost,250000,0.9855,0.8488873281382322,16.318637885368783,0.0008000060915946,0.0009997747838497,0.002201241441071,497903.8258572109,56,10000,0,23,65,0.0,0.0,72.76171875,72.76171875,N/A (GPTCache eviction path is CPU-only),5.340576171875e-05
FIFO,zipf_variable_cost,250000,0.985,0.9246615704453996,35.77394030941532,0.0005001202225685,0.0006998889148235,0.0021011289209127,353142.2595790835,56,10000,0,26,68,0.0,0.0,73.19140625,73.19140625,N/A (GPTCache eviction path is CPU-only),5.340576171875e-05
LFU,zipf_variable_cost,250000,0.985,0.9246615704453996,35.77394030941532,0.0008000060915946,0.001000240445137,0.0025001354515552,404190.6443730663,56,10000,0,26,68,0.0,0.0,72.75390625,72.75390625,N/A (GPTCache eviction path is CPU-only),5.340576171875e-05
LFU,zipf_variable_cost,250000,0.9865,0.8890895131375764,18.77746154991869,0.0007003545761108,0.001000240445137,0.002400018274784,439149.2835503508,56,10000,0,25,67,0.0,0.0,72.8359375,72.8359375,N/A (GPTCache eviction path is CPU-only),5.340576171875e-05
LRU,zipf_variable_cost,250000,0.986,0.9203242627624848,28.13691488281909,0.0006998889148235,0.0010998919606208,0.0021997839212417,486620.3752527669,56,10000,0,27,69,0.0,0.0,73.0859375,73.0859375,N/A (GPTCache eviction path is CPU-only),5.340576171875e-05
LFU,zipf_variable_cost,250000,0.986,0.9203242627624848,28.13691488281909,0.0008000060915946,0.0010998919606208,0.0028996728360652,350607.7777821678,56,10000,0,27,69,0.0,0.0,73.125,73.125,N/A (GPTCache eviction path is CPU-only),5.340576171875e-05
GDSF,zipf_variable_cost,250000,0.9855,0.8488873281382322,16.318637885368783,0.004699919372797,0.0060000456869602,0.0130013283342123,148460.24489192973,56,10000,0,23,65,0.0,0.0,73.06640625,73.06640625,N/A (GPTCache eviction path is CPU-only),5.340576171875e-05
FIFO,zipf_variable_cost,250000,0.986,0.9203242627624848,28.13691488281909,0.0005001202225685,0.0006002373993396,0.0020992057397961,530805.2806270862,56,10000,0,27,69,0.0,0.0,72.94921875,72.94921875,N/A (GPTCache eviction path is CPU-only),5.340576171875e-05
GDSF,zipf_variable_cost,250000,0.9869,0.9095456260150296,23.31505083508019,0.0041997991502285,0.005899928510189,0.0172031298279762,124557.66527589652,56,10000,0,24,66,12.6,23.94,72.8359375,72.8359375,N/A (GPTCache eviction path is CPU-only),5.340576171875e-05
GDSF,zipf_variable_cost,250000,0.9865,0.8890895131375764,18.77746154991869,0.0042002648115158,0.0058002769947052,0.0207000412046909,130376.22670392826,56,10000,0,25,67,37.8,71.82,72.95703125,72.95703125,N/A (GPTCache eviction path is CPU-only),5.340576171875e-05
FIFO,zipf_variable_cost,250000,0.9864,0.8951169107099417,20.70181244886102,0.0005001202225685,0.0006002373993396,0.0020000152289867,528315.0479171252,56,10000,0,28,70,0.0,0.0,73.25,73.25,N/A (GPTCache eviction path is CPU-only),5.340576171875e-05
Random,zipf_variable_cost,250000,0.986,0.9203242627624848,28.13691488281909,0.0005001202225685,0.0006002373993396,0.0018002465367317,425573.57112313,56,10000,0,27,69,0.0,0.0,73.12109375,73.12109375,N/A (GPTCache eviction path is CPU-only),5.340576171875e-05
FIFO,zipf_variable_cost,250000,0.9864,0.8916675838294837,23.06779273065153,0.0005001202225685,0.0006002373993396,0.0020000152289867,517689.4563778163,56,10000,0,29,71,0.0,0.0,72.671875,72.671875,N/A (GPTCache eviction path is CPU-only),5.340576171875e-05
LFU,zipf_variable_cost,250000,0.9864,0.8951169107099417,20.70181244886102,0.0006998889148235,0.0008996576070785,0.0021011242642998,400446.9017723402,56,10000,0,28,70,0.0,0.0,72.984375,72.984375,N/A (GPTCache eviction path is CPU-only),5.340576171875e-05
LRU,zipf_variable_cost,500000,0.9847,0.8830392900160798,22.449752534723224,0.0006998889148235,0.0008000060915946,0.0019995495676994,483687.6310457163,56,10000,0,0,42,0.0,0.0,72.75390625,72.75390625,N/A (GPTCache eviction path is CPU-only),5.340576171875e-05
GDSF,zipf_variable_cost,250000,0.985,0.9246615704453996,35.77394030941532,0.0042999163269996,0.0056000426411628,0.0160031206905842,116944.01840405188,56,10000,0,26,68,0.0,0.0,73.11328125,73.11328125,N/A (GPTCache eviction path is CPU-only),5.340576171875e-05
Random,zipf_variable_cost,250000,0.9864,0.8916675838294837,23.06779273065153,0.0005001202225685,0.0006002373993396,0.0022012460976839,423257.1322129157,56,10000,0,29,71,0.0,0.0,72.76171875,72.76171875,N/A (GPTCache eviction path is CPU-only),5.340576171875e-05
LRU,zipf_variable_cost,250000,0.9864,0.8951169107099417,20.70181244886102,0.0006998889148235,0.0008996576070785,0.0019003637135028,375671.50774331787,56,10000,0,28,70,0.0,0.0,73.20703125,73.20703125,N/A (GPTCache eviction path is CPU-only),5.340576171875e-05
FIFO,zipf_variable_cost,500000,0.9847,0.8830392900160798,22.449752534723224,0.0004996545612812,0.0006002373993396,0.0019003637135028,599401.7960810352,56,10000,0,0,42,0.0,0.0,72.8359375,72.8359375,N/A (GPTCache eviction path is CPU-only),5.340576171875e-05
Random,zipf_variable_cost,500000,0.9847,0.8830392900160798,22.449752534723224,0.0005001202225685,0.0006998889148235,0.0020996667444705,366095.19263487577,56,10000,0,0,42,0.0,0.0,73.125,73.125,N/A (GPTCache eviction path is CPU-only),5.340576171875e-05
LRU,zipf_variable_cost,500000,0.9866,0.8949421696191007,23.55993228497061,0.0005001202225685,0.0008000060915946,0.001301122829318,615267.2497754222,56,10000,0,1,43,0.0,0.0,72.94921875,72.94921875,N/A (GPTCache eviction path is CPU-only),5.340576171875e-05
LRU,zipf_variable_cost,250000,0.9864,0.8916675838294837,23.06779273065153,0.0008000060915946,0.001000240445137,0.0025001354515552,155299.0364111361,56,10000,0,29,71,0.0,0.0,73.046875,73.046875,N/A (GPTCache eviction path is CPU-only),5.340576171875e-05
Random,zipf_variable_cost,250000,0.9864,0.8951169107099417,20.70181244886102,0.0004996545612812,0.0006002373993396,0.0018002465367317,576920.8589924029,56,10000,0,28,70,0.0,0.0,72.86328125,72.86328125,N/A (GPTCache eviction path is CPU-only),5.340576171875e-05
GDSF,zipf_variable_cost,250000,0.9864,0.8951169107099417,20.70181244886102,0.0043003819882869,0.0052000395953655,0.0136001035571098,150528.50578792996,56,10000,0,28,70,0.0,0.0,72.84375,72.84375,N/A (GPTCache eviction path is CPU-only),5.340576171875e-05
FIFO,zipf_variable_cost,500000,0.9866,0.8949421696191007,23.55993228497061,0.0005001202225685,0.0006998889148235,0.002400018274784,338557.2734251453,56,10000,0,1,43,0.0,0.0,72.8359375,72.8359375,N/A (GPTCache eviction path is CPU-only),5.340576171875e-05
GDSF,zipf_variable_cost,250000,0.986,0.9203242627624848,28.13691488281909,0.0044000335037708,0.0053998082876205,0.0136001035571098,140419.26405595438,56,10000,0,27,69,0.0,0.0,73.046875,73.046875,N/A (GPTCache eviction path is CPU-only),5.340576171875e-05
LRU,zipf_variable_cost,500000,0.9849,0.9084066484379574,31.66746729033749,0.0004000030457973,0.0008000060915946,0.0018002465367317,397115.3557605576,56,10000,0,2,44,0.0,0.0,72.671875,72.671875,N/A (GPTCache eviction path is CPU-only),5.340576171875e-05
GDSF,zipf_variable_cost,250000,0.9864,0.8916675838294837,23.06779273065153,0.0041997991502285,0.0052996911108493,0.0122008612379431,164392.56984326054,56,10000,0,29,71,104.2,104.2,73.19140625,73.19140625,N/A (GPTCache eviction path is CPU-only),5.340576171875e-05
FIFO,zipf_variable_cost,500000,0.9849,0.9084066484379574,31.66746729033749,0.0005001202225685,0.0006002373993396,0.0019003637135028,561864.0286546296,56,10000,0,2,44,0.0,0.0,72.984375,72.984375,N/A (GPTCache eviction path is CPU-only),5.340576171875e-05
FIFO,zipf_variable_cost,500000,0.9863,0.8802695868002867,18.543784001353146,0.0005001202225685,0.0006002373993396,0.0017997808754444,577447.2185695103,56,10000,0,3,45,0.0,0.0,72.8359375,72.8359375,N/A (GPTCache eviction path is CPU-only),5.340576171875e-05
GDSF,zipf_variable_cost,500000,0.9847,0.8830392900160798,22.449752534723224,0.0041001476347446,0.0056000426411628,0.0171000137925148,160404.2190208674,56,10000,0,0,42,0.0,0.0,73.06640625,73.06640625,N/A (GPTCache eviction path is CPU-only),5.340576171875e-05
LFU,zipf_variable_cost,250000,0.9864,0.8916675838294837,23.06779273065153,0.0006998889148235,0.0008996576070785,0.0020996667444705,507228.0004270432,56,10000,0,29,71,0.0,0.0,73.015625,73.015625,N/A (GPTCache eviction path is CPU-only),5.340576171875e-05
LFU,zipf_variable_cost,500000,0.9866,0.8949421696191007,23.55993228497061,0.0007003545761108,0.0009997747838497,0.002400018274784,454805.9339421489,56,10000,0,1,43,0.0,0.0,72.95703125,72.95703125,N/A (GPTCache eviction path is CPU-only),5.340576171875e-05
Random,zipf_variable_cost,500000,0.9863,0.8802695868002867,18.543784001353146,0.0005001202225685,0.0007003545761108,0.0020000152289867,528281.5557706472,56,10000,0,3,45,0.0,0.0,72.94921875,72.94921875,N/A (GPTCache eviction path is CPU-only),5.340576171875e-05
LRU,zipf_variable_cost,500000,0.9863,0.8802695868002867,18.543784001353146,0.0005001202225685,0.0008000060915946,0.0014002434909343,581662.501868241,56,10000,0,3,45,0.0,0.0,73.20703125,73.20703125,N/A (GPTCache eviction path is CPU-only),5.340576171875e-05
Random,zipf_variable_cost,500000,0.9866,0.8949421696191007,23.55993228497061,0.0005001202225685,0.0006998889148235,0.002200249582529,183261.28184455697,56,10000,0,1,43,0.0,0.0,73.25,73.25,N/A (GPTCache eviction path is CPU-only),5.340576171875e-05
LFU,zipf_variable_cost,500000,0.9863,0.8802695868002867,18.543784001353146,0.0008000060915946,0.0010998919606208,0.0022999010980129,472940.70315707446,56,10000,0,3,45,0.0,0.0,73.125,73.125,N/A (GPTCache eviction path is CPU-only),5.340576171875e-05
LFU,zipf_variable_cost,500000,0.9849,0.9084066484379574,31.66746729033749,0.0007003545761108,0.001000240445137,0.002400018274784,327689.43027138506,56,10000,0,2,44,0.0,0.0,72.75390625,72.75390625,N/A (GPTCache eviction path is CPU-only),5.340576171875e-05
Random,zipf_variable_cost,500000,0.9849,0.9084066484379574,31.66746729033749,0.0005001202225685,0.0006998889148235,0.0017997808754444,559653.452646364,56,10000,0,2,44,34.0,34.0,73.11328125,73.11328125,N/A (GPTCache eviction path is CPU-only),5.340576171875e-05
LFU,zipf_variable_cost,500000,0.9847,0.8830392900160798,22.449752534723224,0.0008000060915946,0.001000240445137,0.0026002526283264,236385.3831639203,56,10000,0,0,42,0.0,0.0,73.0859375,73.0859375,N/A (GPTCache eviction path is CPU-only),5.340576171875e-05
GDSF,zipf_variable_cost,500000,0.9866,0.8949421696191007,23.55993228497061,0.0044000335037708,0.0057998113334178,0.0142013328149914,146332.32611180248,56,10000,0,1,43,0.0,0.0,73.12109375,73.12109375,N/A (GPTCache eviction path is CPU-only),5.340576171875e-05
LRU,zipf_variable_cost,500000,0.9876,0.9032152444687062,20.36743746147903,0.0006998889148235,0.0009997747838497,0.0023003667593002,454299.7226899529,56,10000,0,4,46,0.0,0.0,72.86328125,72.86328125,N/A (GPTCache eviction path is CPU-only),5.340576171875e-05
LFU,zipf_variable_cost,500000,0.9876,0.9032152444687062,20.36743746147903,0.0008000060915946,0.001000240445137,0.002400018274784,450342.94227442384,56,10000,0,4,46,0.0,0.0,72.8359375,72.8359375,N/A (GPTCache eviction path is CPU-only),5.340576171875e-05
Random,zipf_variable_cost,500000,0.9876,0.9032152444687062,20.36743746147903,0.0005001202225685,0.0006002373993396,0.0018998980522155,543895.0445528781,56,10000,0,4,46,0.0,0.0,73.046875,73.046875,N/A (GPTCache eviction path is CPU-only),5.340576171875e-05
FIFO,zipf_variable_cost,500000,0.9876,0.9032152444687062,20.36743746147903,0.0005001202225685,0.0007003545761108,0.0019995542243123,551368.2298462273,56,10000,0,4,46,0.0,0.0,72.84375,72.84375,N/A (GPTCache eviction path is CPU-only),5.340576171875e-05
Random,zipf_variable_cost,500000,0.9858,0.8908296923128366,23.01250621454346,0.0004996545612812,0.0006002373993396,0.0018002465367317,561236.5183950819,56,10000,0,6,48,0.0,0.0,73.25,73.25,N/A (GPTCache eviction path is CPU-only),5.340576171875e-05
FIFO,zipf_variable_cost,500000,0.9866,0.8807627044332562,16.240062428130805,0.0005001202225685,0.0006002373993396,0.002200249582529,458715.5916897319,56,10000,0,5,47,0.0,0.0,72.984375,72.984375,N/A (GPTCache eviction path is CPU-only),5.340576171875e-05
LFU,zipf_variable_cost,500000,0.9858,0.8908296923128366,23.01250621454346,0.0006998889148235,0.0009001232683658,0.0021001324057579,509497.0252146126,56,10000,0,6,48,0.0,0.0,73.20703125,73.20703125,N/A (GPTCache eviction path is CPU-only),5.340576171875e-05
Random,zipf_variable_cost,500000,0.9866,0.8807627044332562,16.240062428130805,0.0005001202225685,0.0006002373993396,0.0017001293599605,556322.0447067167,56,10000,0,5,47,0.0,0.0,73.06640625,73.06640625,N/A (GPTCache eviction path is CPU-only),5.340576171875e-05
FIFO,zipf_variable_cost,500000,0.9858,0.8908296923128366,23.01250621454346,0.0005001202225685,0.0006002373993396,0.0020996667444705,472907.1569488296,56,10000,0,6,48,0.0,0.0,72.94921875,72.94921875,N/A (GPTCache eviction path is CPU-only),5.340576171875e-05
GDSF,zipf_variable_cost,500000,0.9863,0.8802695868002867,18.543784001353146,0.0045001506805419,0.005700159817934,0.0145012233406305,145148.62511167658,56,10000,0,3,45,62.0,117.8,73.046875,73.046875,N/A (GPTCache eviction path is CPU-only),5.340576171875e-05
LRU,zipf_variable_cost,500000,0.9862,0.9105277674597672,27.227740272696856,0.0006998889148235,0.0009001232683658,0.0021997839212417,398281.016799241,56,10000,0,7,49,0.0,0.0,72.75390625,72.75390625,N/A (GPTCache eviction path is CPU-only),5.340576171875e-05
LFU,zipf_variable_cost,500000,0.9866,0.8807627044332562,16.240062428130805,0.0004000030457973,0.0009001232683658,0.0014998950064182,705079.3938575905,56,10000,0,5,47,0.0,0.0,72.8359375,72.8359375,N/A (GPTCache eviction path is CPU-only),5.340576171875e-05
LRU,zipf_variable_cost,500000,0.9866,0.8807627044332562,16.240062428130805,0.0006998889148235,0.0009001232683658,0.002001472748816,461343.98787189927,56,10000,0,5,47,0.0,0.0,73.19140625,73.19140625,N/A (GPTCache eviction path is CPU-only),5.340576171875e-05
GDSF,zipf_variable_cost,500000,0.9849,0.9084066484379574,31.66746729033749,0.0042999163269996,0.0062999315559864,0.0275020906701684,113606.15481199764,56,10000,0,2,44,37.2,70.68,72.76171875,72.76171875,N/A (GPTCache eviction path is CPU-only),5.340576171875e-05
FIFO,zipf_variable_cost,500000,0.9873,0.9253751686156362,24.37821301938234,0.0005001202225685,0.0006002373993396,0.0020000152289867,526881.4892328525,56,10000,0,8,50,0.0,0.0,73.046875,73.046875,N/A (GPTCache eviction path is CPU-only),5.340576171875e-05
LRU,zipf_variable_cost,500000,0.9873,0.9253751686156362,24.37821301938234,0.0006998889148235,0.0008996808901429,0.0020996714010834,474093.1765871116,56,10000,0,8,50,0.0,0.0,72.8359375,72.8359375,N/A (GPTCache eviction path is CPU-only),5.340576171875e-05
LFU,zipf_variable_cost,500000,0.9862,0.9105277674597672,27.227740272696856,0.0008000060915946,0.0009001232683658,0.0022999010980129,450466.68347163167,56,10000,0,7,49,0.0,0.0,73.0859375,73.0859375,N/A (GPTCache eviction path is CPU-only),5.340576171875e-05
GDSF,zipf_variable_cost,500000,0.9876,0.9032152444687062,20.36743746147903,0.0044000335037708,0.0053001567721366,0.0129007501527667,160867.39701745156,56,10000,0,4,46,50.4,95.76,72.671875,72.671875,N/A (GPTCache eviction path is CPU-only),5.340576171875e-05
LRU,zipf_variable_cost,500000,0.9858,0.8908296923128366,23.01250621454346,0.0006998889148235,0.0009001232683658,0.0021997839212417,207228.5464856878,56,10000,0,6,48,0.0,0.0,72.95703125,72.95703125,N/A (GPTCache eviction path is CPU-only),5.340576171875e-05
LFU,zipf_variable_cost,500000,0.9859,0.8742627907287145,17.802726131360075,0.0006998889148235,0.0009001232683658,0.002400018274784,473036.8897791424,56,10000,0,9,51,0.0,0.0,72.94921875,72.94921875,N/A (GPTCache eviction path is CPU-only),5.340576171875e-05
FIFO,zipf_variable_cost,500000,0.9862,0.9105277674597672,27.227740272696856,0.0005001202225685,0.0006002373993396,0.0019995495676994,551325.664760687,56,10000,0,7,49,33.2,33.2,73.11328125,73.11328125,N/A (GPTCache eviction path is CPU-only),5.340576171875e-05
LFU,zipf_variable_cost,500000,0.9873,0.9253751686156362,24.37821301938234,0.0006998889148235,0.0008000060915946,0.0021001324057579,316615.00699035235,56,10000,0,8,50,0.0,0.0,72.84375,72.84375,N/A (GPTCache eviction path is CPU-only),5.340576171875e-05
Random,zipf_variable_cost,500000,0.9862,0.9105277674597672,27.227740272696856,0.0005001202225685,0.0006002373993396,0.0019003637135028,530312.6809111589,56,10000,0,7,49,0.0,0.0,73.12109375,73.12109375,N/A (GPTCache eviction path is CPU-only),5.340576171875e-05
Random,zipf_variable_cost,500000,0.9859,0.8742627907287145,17.802726131360075,0.0002998858690261,0.0004000030457973,0.001000240445137,977603.1119654296,56,10000,0,9,51,0.0,0.0,73.046875,73.046875,N/A (GPTCache eviction path is CPU-only),5.340576171875e-05
GDSF,zipf_variable_cost,500000,0.9862,0.9105277674597672,27.227740272696856,0.0044996850192546,0.0054999254643917,0.015099998563528,157305.17446474338,56,10000,0,7,49,0.0,0.0,72.86328125,72.86328125,N/A (GPTCache eviction path is CPU-only),5.340576171875e-05
GDSF,zipf_variable_cost,500000,0.9858,0.8908296923128366,23.01250621454346,0.0041001476347446,0.0056000426411628,0.0160997780039906,121535.922409835,56,10000,0,6,48,40.05,76.09499999999998,73.125,73.125,N/A (GPTCache eviction path is CPU-only),5.340576171875e-05
LFU,zipf_variable_cost,500000,0.9872,0.8805978202273717,17.488167038638153,0.0005001202225685,0.0009001232683658,0.002000480890274,618739.1328700471,56,10000,0,10,52,0.0,0.0,72.76171875,72.76171875,N/A (GPTCache eviction path is CPU-only),5.340576171875e-05
LRU,zipf_variable_cost,500000,0.9872,0.8805978202273717,17.488167038638153,0.0005997717380523,0.0008996808901429,0.002200249582529,437240.65511874255,56,10000,0,10,52,0.0,0.0,72.87890625,72.87890625,N/A (GPTCache eviction path is CPU-only),5.340576171875e-05
LRU,zipf_variable_cost,500000,0.9859,0.8742627907287145,17.802726131360075,0.0006998889148235,0.0009997747838497,0.002200249582529,233150.2317970656,56,10000,0,9,51,0.0,0.0,73.20703125,73.20703125,N/A (GPTCache eviction path is CPU-only),5.340576171875e-05
GDSF,zipf_variable_cost,500000,0.9873,0.9253751686156362,24.37821301938234,0.0044000335037708,0.0054002739489078,0.0126999802887439,171005.94249179654,56,10000,0,8,50,0.0,0.0,72.984375,72.984375,N/A (GPTCache eviction path is CPU-only),5.340576171875e-05
FIFO,zipf_variable_cost,500000,0.9855,0.8849027471992607,21.727152853956422,0.0005001202225685,0.0007003545761108,0.002200249582529,423827.5863749929,56,10000,0,11,53,0.0,0.0,72.671875,72.671875,N/A (GPTCache eviction path is CPU-only),5.340576171875e-05
FIFO,zipf_variable_cost,500000,0.9859,0.8742627907287145,17.802726131360075,0.0005001202225685,0.0008000060915946,0.002200249582529,500523.0413545192,56,10000,0,9,51,0.0,0.0,73.06640625,73.06640625,N/A (GPTCache eviction path is CPU-only),5.340576171875e-05
Random,zipf_variable_cost,500000,0.9855,0.8849027471992607,21.727152853956422,0.0004996545612812,0.0008000060915946,0.0020000152289867,534076.7692145809,56,10000,0,11,53,97.7,97.7,72.94921875,72.94921875,N/A (GPTCache eviction path is CPU-only),5.340576171875e-05
Random,zipf_variable_cost,500000,0.9873,0.9253751686156362,24.37821301938234,0.0005001202225685,0.0007003545761108,0.0021001324057579,251107.38298745343,56,10000,0,8,50,0.0,0.0,73.25,73.25,N/A (GPTCache eviction path is CPU-only),5.340576171875e-05
LRU,zipf_variable_cost,500000,0.9871,0.8876398138691096,17.155653885007858,0.0006998889148235,0.0010998919606208,0.0022999010980129,468946.374400028,56,10000,0,12,54,0.0,0.0,72.84375,72.84375,N/A (GPTCache eviction path is CPU-only),5.340576171875e-05
LFU,zipf_variable_cost,500000,0.9855,0.8849027471992607,21.727152853956422,0.0006998889148235,0.001000240445137,0.0025001401081681,510076.5524443565,56,10000,0,11,53,97.7,97.7,72.95703125,72.95703125,N/A (GPTCache eviction path is CPU-only),5.340576171875e-05
LFU,zipf_variable_cost,500000,0.9871,0.8876398138691096,17.155653885007858,0.0007003545761108,0.0009001232683658,0.002400018274784,479168.16398096166,56,10000,0,12,54,0.0,0.0,73.046875,73.046875,N/A (GPTCache eviction path is CPU-only),5.340576171875e-05
GDSF,zipf_variable_cost,500000,0.9866,0.8807627044332562,16.240062428130805,0.0040996819734573,0.0054999254643917,0.013202098198235,154560.69905410794,56,10000,0,5,47,0.0,0.0,73.015625,73.015625,N/A (GPTCache eviction path is CPU-only),5.340576171875e-05
FIFO,zipf_variable_cost,500000,0.9872,0.8805978202273717,17.488167038638153,0.0003003515303134,0.0006002373993396,0.0016000121831893,703314.027175344,56,10000,0,10,52,0.0,0.0,73.19140625,73.19140625,N/A (GPTCache eviction path is CPU-only),5.340576171875e-05
Random,zipf_variable_cost,500000,0.9871,0.8876398138691096,17.155653885007858,0.0005001202225685,0.0006002373993396,0.0018998980522155,565214.4526817675,56,10000,0,12,54,0.0,0.0,72.86328125,72.86328125,N/A (GPTCache eviction path is CPU-only),5.340576171875e-05
Random,zipf_variable_cost,500000,0.9872,0.8805978202273717,17.488167038638153,0.0005001202225685,0.0006002373993396,0.002001472748816,512986.2467041428,56,10000,0,10,52,33.2,33.2,73.046875,73.046875,N/A (GPTCache eviction path is CPU-only),5.340576171875e-05
GDSF,zipf_variable_cost,500000,0.9859,0.8742627907287145,17.802726131360075,0.0042002648115158,0.0056000426411628,0.0150003470480442,153935.19914585276,56,10000,0,9,51,0.0,0.0,72.76953125,72.76953125,N/A (GPTCache eviction path is CPU-only),5.340576171875e-05
FIFO,zipf_variable_cost,500000,0.9858,0.908319331715034,25.771225308791497,0.0004996545612812,0.0006002373993396,0.0018994370475411,605059.499003539,56,10000,0,13,55,0.0,0.0,72.91015625,72.91015625,N/A (GPTCache eviction path is CPU-only),5.340576171875e-05
LRU,zipf_variable_cost,500000,0.9855,0.8849027471992607,21.727152853956422,0.0006998889148235,0.001000240445137,0.0030994461849331,216449.27951524343,56,10000,0,11,53,0.0,0.0,73.0859375,73.0859375,N/A (GPTCache eviction path is CPU-only),5.340576171875e-05
FIFO,zipf_variable_cost,500000,0.9873,0.9052538334872544,19.38422616291195,0.0005001202225685,0.0006002373993396,0.0021001324057579,520887.5933963418,56,10000,0,14,56,0.0,0.0,72.94921875,72.94921875,N/A (GPTCache eviction path is CPU-only),5.340576171875e-05
Random,zipf_variable_cost,500000,0.9873,0.9052538334872544,19.38422616291195,0.0002998858690261,0.0005001202225685,0.001000240445137,909868.4246094018,56,10000,0,14,56,0.0,0.0,72.84375,72.84375,N/A (GPTCache eviction path is CPU-only),5.340576171875e-05
GDSF,zipf_variable_cost,500000,0.9872,0.8805978202273717,17.488167038638153,0.004699919372797,0.0061001628637313,0.0136006390675902,119468.46093732104,56,10000,0,10,52,40.05,76.09499999999998,72.8359375,72.8359375,N/A (GPTCache eviction path is CPU-only),5.340576171875e-05
Random,zipf_variable_cost,500000,0.9858,0.908319331715034,25.771225308791497,0.0005001202225685,0.0006002373993396,0.0018998980522155,548128.4144863518,56,10000,0,13,55,0.0,0.0,72.984375,72.984375,N/A (GPTCache eviction path is CPU-only),5.340576171875e-05
LFU,zipf_variable_cost,500000,0.9873,0.9052538334872544,19.38422616291195,0.0004996545612812,0.0008000060915946,0.0016000168398022,652179.5895479916,56,10000,0,14,56,0.0,0.0,73.25,73.25,N/A (GPTCache eviction path is CPU-only),5.340576171875e-05
LRU,zipf_variable_cost,500000,0.9858,0.908319331715034,25.771225308791497,0.0006998889148235,0.0008000060915946,0.0019003637135028,521498.7962817618,56,10000,0,13,55,0.0,0.0,72.76171875,72.76171875,N/A (GPTCache eviction path is CPU-only),5.340576171875e-05
FIFO,zipf_variable_cost,500000,0.9871,0.8876398138691096,17.155653885007858,0.0005001202225685,0.0006998889148235,0.0019995495676994,558082.4251008701,56,10000,0,12,54,0.0,0.0,73.12109375,73.12109375,N/A (GPTCache eviction path is CPU-only),5.340576171875e-05
LRU,zipf_variable_cost,500000,0.9873,0.9052538334872544,19.38422616291195,0.0006998889148235,0.0008996576070785,0.0020000152289867,503043.4178147408,56,10000,0,14,56,0.0,0.0,73.06640625,73.06640625,N/A (GPTCache eviction path is CPU-only),5.340576171875e-05
LFU,zipf_variable_cost,500000,0.9858,0.908319331715034,25.771225308791497,0.0008000060915946,0.0009001232683658,0.002400018274784,439328.70390212577,56,10000,0,13,55,0.0,0.0,73.20703125,73.20703125,N/A (GPTCache eviction path is CPU-only),5.340576171875e-05
Random,zipf_variable_cost,500000,0.9867,0.9308291957108892,26.32255023384869,0.0005001202225685,0.0006002373993396,0.0018002465367317,544398.4040018544,56,10000,0,15,57,0.0,0.0,72.86328125,72.86328125,N/A (GPTCache eviction path is CPU-only),5.340576171875e-05
LRU,zipf_variable_cost,500000,0.9867,0.9308291957108892,26.32255023384869,0.0007003545761108,0.0009001232683658,0.0021001324057579,465714.1248623883,56,10000,0,15,57,0.0,0.0,73.046875,73.046875,N/A (GPTCache eviction path is CPU-only),5.340576171875e-05
LRU,zipf_variable_cost,500000,0.9853,0.863694192912086,16.84540757494139,0.0006998889148235,0.0008000060915946,0.0021001324057579,497054.9468048787,56,10000,0,16,58,0.0,0.0,72.76953125,72.76953125,N/A (GPTCache eviction path is CPU-only),5.340576171875e-05
LFU,zipf_variable_cost,500000,0.9867,0.9308291957108892,26.32255023384869,0.0008000060915946,0.0009001232683658,0.0024996697902679,424000.1025110731,56,10000,0,15,57,0.0,0.0,73.19140625,73.19140625,N/A (GPTCache eviction path is CPU-only),5.340576171875e-05
GDSF,zipf_variable_cost,500000,0.9855,0.8849027471992607,21.727152853956422,0.0042999163269996,0.0052000395953655,0.0115009676665067,162960.93570870848,56,10000,0,11,53,0.0,0.0,73.11328125,73.11328125,N/A (GPTCache eviction path is CPU-only),5.340576171875e-05
FIFO,zipf_variable_cost,500000,0.9867,0.9308291957108892,26.32255023384869,0.0005001202225685,0.0006002373993396,0.0019995495676994,538227.6088780086,56,10000,0,15,57,0.0,0.0,73.015625,73.015625,N/A (GPTCache eviction path is CPU-only),5.340576171875e-05
LRU,zipf_variable_cost,500000,0.9862,0.8922498947692746,19.646965926437325,0.0006998889148235,0.0009997747838497,0.002200249582529,395674.49002006446,56,10000,0,17,59,0.0,0.0,72.8359375,72.8359375,N/A (GPTCache eviction path is CPU-only),5.340576171875e-05
FIFO,zipf_variable_cost,500000,0.9853,0.863694192912086,16.84540757494139,0.0004996545612812,0.0006002373993396,0.0018002465367317,594092.3581490989,56,10000,0,16,58,0.0,0.0,72.91015625,72.91015625,N/A (GPTCache eviction path is CPU-only),5.340576171875e-05
GDSF,zipf_variable_cost,500000,0.9858,0.908319331715034,25.771225308791497,0.0044000335037708,0.0053998082876205,0.0135996425524353,131520.4547282539,56,10000,0,13,55,0.0,0.0,72.671875,72.671875,N/A (GPTCache eviction path is CPU-only),5.340576171875e-05
LFU,zipf_variable_cost,500000,0.9862,0.8922498947692746,19.646965926437325,0.0006998889148235,0.0009001232683658,0.0021001324057579,540616.5194936598,56,10000,0,17,59,0.0,0.0,73.25,73.25,N/A (GPTCache eviction path is CPU-only),5.340576171875e-05
LFU,zipf_variable_cost,500000,0.9853,0.863694192912086,16.84540757494139,0.0006998889148235,0.0009001232683658,0.0022999010980129,448531.0601404215,56,10000,0,16,58,0.0,0.0,73.0859375,73.0859375,N/A (GPTCache eviction path is CPU-only),5.340576171875e-05
GDSF,zipf_variable_cost,500000,0.9873,0.9052538334872544,19.38422616291195,0.0038002617657184,0.0050999224185943,0.0144001096487045,183160.2464779978,56,10000,0,14,56,0.0,0.0,72.95703125,72.95703125,N/A (GPTCache eviction path is CPU-only),5.340576171875e-05
Random,zipf_variable_cost,500000,0.9853,0.863694192912086,16.84540757494139,0.0005001202225685,0.0006998889148235,0.0018012383952737,391510.4800815544,56,10000,0,16,58,0.0,0.0,72.94921875,72.94921875,N/A (GPTCache eviction path is CPU-only),5.340576171875e-05
Random,zipf_variable_cost,500000,0.9862,0.8654256214004161,15.79540485209932,0.0005001202225685,0.0007003545761108,0.0018994370475411,521819.9039639953,56,10000,0,18,60,0.0,0.0,73.046875,73.046875,N/A (GPTCache eviction path is CPU-only),5.340576171875e-05
FIFO,zipf_variable_cost,500000,0.9862,0.8654256214004161,15.79540485209932,0.0005001202225685,0.0008000060915946,0.0020996667444705,388728.4311097922,56,10000,0,18,60,0.0,0.0,73.20703125,73.20703125,N/A (GPTCache eviction path is CPU-only),5.340576171875e-05
GDSF,zipf_variable_cost,500000,0.9871,0.8876398138691096,17.155653885007858,0.0043003819882869,0.0062999315559864,0.0192021438851953,120757.4871477348,56,10000,0,12,54,37.8,71.82,73.125,73.125,N/A (GPTCache eviction path is CPU-only),5.340576171875e-05
FIFO,zipf_variable_cost,500000,0.9862,0.8922498947692746,19.646965926437325,0.0005001202225685,0.0008000060915946,0.0020000152289867,388846.3298747143,56,10000,0,17,59,0.0,0.0,72.984375,72.984375,N/A (GPTCache eviction path is CPU-only),5.340576171875e-05
LFU,zipf_variable_cost,500000,0.9862,0.8654256214004161,15.79540485209932,0.0008000060915946,0.0012996606528759,0.0023995526134967,430200.03782984574,56,10000,0,18,60,0.0,0.0,72.86328125,72.86328125,N/A (GPTCache eviction path is CPU-only),5.340576171875e-05
Random,zipf_variable_cost,500000,0.9862,0.8922498947692746,19.646965926437325,0.0002998858690261,0.0004000030457973,0.0010998919606208,988064.1621315442,56,10000,0,17,59,0.0,0.0,72.76171875,72.76171875,N/A (GPTCache eviction path is CPU-only),5.340576171875e-05
LRU,zipf_variable_cost,500000,0.9862,0.8654256214004161,15.79540485209932,0.0006998889148235,0.0009001232683658,0.0022999010980129,448623.6181086135,56,10000,0,18,60,0.0,0.0,73.06640625,73.06640625,N/A (GPTCache eviction path is CPU-only),5.340576171875e-05
GDSF,zipf_variable_cost,500000,0.9853,0.863694192912086,16.84540757494139,0.0045001506805419,0.0056000426411628,0.0117007410153746,176172.028558216,56,10000,0,16,58,0.0,0.0,72.84375,72.84375,N/A (GPTCache eviction path is CPU-only),5.340576171875e-05
LRU,zipf_variable_cost,500000,0.9859,0.8695506636539805,16.992713223955242,0.0007003545761108,0.0009001232683658,0.0021001324057579,468300.7170758047,56,10000,0,19,61,0.0,0.0,73.2421875,73.2421875,N/A (GPTCache eviction path is CPU-only),5.340576171875e-05
Random,zipf_variable_cost,500000,0.9859,0.8695506636539805,16.992713223955242,0.0002998858690261,0.0006002373993396,0.0014994340017437,740504.8871453338,56,10000,0,19,61,0.0,0.0,72.8359375,72.8359375,N/A (GPTCache eviction path is CPU-only),5.340576171875e-05
FIFO,zipf_variable_cost,500000,0.9862,0.8397306921484617,13.032408231591374,0.0005001202225685,0.0006002373993396,0.0020000152289867,565329.4703376674,56,10000,0,20,62,0.0,0.0,73.25,73.25,N/A (GPTCache eviction path is CPU-only),5.340576171875e-05
FIFO,zipf_variable_cost,500000,0.9859,0.8695506636539805,16.992713223955242,0.0005001202225685,0.0006998889148235,0.0021001324057579,282015.05552941706,56,10000,0,19,61,0.0,0.0,73.11328125,73.11328125,N/A (GPTCache eviction path is CPU-only),5.340576171875e-05
LFU,zipf_variable_cost,500000,0.9859,0.9134315130277252,29.834795192134504,0.0006998889148235,0.0008996576070785,0.0024996697902679,521504.22926758416,56,10000,0,21,63,0.0,0.0,73.125,73.125,N/A (GPTCache eviction path is CPU-only),5.340576171875e-05
FIFO,zipf_variable_cost,500000,0.9859,0.9134315130277252,29.834795192134504,0.0004996545612812,0.0006002373993396,0.0018002465367317,582482.4318163522,56,10000,0,21,63,0.0,0.0,73.20703125,73.20703125,N/A (GPTCache eviction path is CPU-only),5.340576171875e-05
GDSF,zipf_variable_cost,500000,0.9867,0.9308291957108892,26.32255023384869,0.0042002648115158,0.0055995769798755,0.016100239008665,152762.71376565858,56,10000,0,15,57,0.0,0.0,73.046875,73.046875,N/A (GPTCache eviction path is CPU-only),5.340576171875e-05
LFU,zipf_variable_cost,500000,0.9859,0.8695506636539805,16.992713223955242,0.0007003545761108,0.0009001232683658,0.002200249582529,458015.9638174231,56,10000,0,19,61,0.0,0.0,73.015625,73.015625,N/A (GPTCache eviction path is CPU-only),5.340576171875e-05
Random,zipf_variable_cost,500000,0.9862,0.8397306921484617,13.032408231591374,0.0005001202225685,0.0006002373993396,0.0020000152289867,453936.76683501527,56,10000,0,20,62,0.0,0.0,72.95703125,72.95703125,N/A (GPTCache eviction path is CPU-only),5.340576171875e-05
GDSF,zipf_variable_cost,500000,0.9862,0.8922498947692746,19.646965926437325,0.0044000335037708,0.0054999254643917,0.0124992849305272,161743.20356850326,56,10000,0,17,59,0.0,0.0,73.12109375,73.12109375,N/A (GPTCache eviction path is CPU-only),5.340576171875e-05
LRU,zipf_variable_cost,500000,0.9862,0.8397306921484617,13.032408231591374,0.0007003545761108,0.0009997747838497,0.0021001324057579,228860.18596185333,56,10000,0,20,62,0.0,0.0,72.671875,72.671875,N/A (GPTCache eviction path is CPU-only),5.340576171875e-05
LFU,zipf_variable_cost,500000,0.9862,0.8397306921484617,13.032408231591374,0.0007003545761108,0.0009001232683658,0.0023003667593002,449000.3061170448,56,10000,0,20,62,0.0,0.0,73.15234375,73.15234375,N/A (GPTCache eviction path is CPU-only),5.340576171875e-05
GDSF,zipf_variable_cost,500000,0.9859,0.8695506636539805,16.992713223955242,0.0041001476347446,0.0049001537263393,0.0121998647227883,179684.18701096924,56,10000,0,19,61,0.0,0.0,72.93359375,72.93359375,N/A (GPTCache eviction path is CPU-only),5.340576171875e-05
LRU,zipf_variable_cost,500000,0.9859,0.9134315130277252,29.834795192134504,0.0007003545761108,0.0009997747838497,0.0024996697902679,213135.5446884327,56,10000,0,21,63,0.0,0.0,73.046875,73.046875,N/A (GPTCache eviction path is CPU-only),5.340576171875e-05
GDSF,zipf_variable_cost,500000,0.9862,0.8654256214004161,15.79540485209932,0.0042002648115158,0.0054999254643917,0.0121002085506916,151750.36371252945,56,10000,0,18,60,0.0,0.0,72.76953125,72.76953125,N/A (GPTCache eviction path is CPU-only),5.340576171875e-05
LRU,zipf_variable_cost,500000,0.9855,0.8488873281382322,16.318637885368783,0.0004996545612812,0.0008000060915946,0.0014998950064182,522810.2187133254,56,10000,0,23,65,0.0,0.0,73.25,73.25,N/A (GPTCache eviction path is CPU-only),5.340576171875e-05
LFU,zipf_variable_cost,500000,0.9867,0.8829523539571594,18.22687787027259,0.0008000060915946,0.0009997747838497,0.0025997869670391,319191.04082265263,56,10000,0,22,64,0.0,0.0,72.84375,72.84375,N/A (GPTCache eviction path is CPU-only),5.340576171875e-05
FIFO,zipf_variable_cost,500000,0.9867,0.8829523539571594,18.22687787027259,0.0005001202225685,0.0006002373993396,0.0020000152289867,369721.305487176,56,10000,0,22,64,0.0,0.0,73.06640625,73.06640625,N/A (GPTCache eviction path is CPU-only),5.340576171875e-05
LRU,zipf_variable_cost,500000,0.9867,0.8829523539571594,18.22687787027259,0.0006998889148235,0.0008996576070785,0.0018998980522155,526981.4464309159,56,10000,0,22,64,0.0,0.0,72.76171875,72.76171875,N/A (GPTCache eviction path is CPU-only),5.340576171875e-05
Random,zipf_variable_cost,500000,0.9867,0.8829523539571594,18.22687787027259,0.0005001202225685,0.0006998889148235,0.0022999010980129,450779.3952175836,56,10000,0,22,64,0.0,0.0,73.2421875,73.2421875,N/A (GPTCache eviction path is CPU-only),5.340576171875e-05
Random,zipf_variable_cost,500000,0.9855,0.8488873281382322,16.318637885368783,0.0005001202225685,0.0006002373993396,0.0018994370475411,564946.2105289991,56,10000,0,23,65,0.0,0.0,73.20703125,73.20703125,N/A (GPTCache eviction path is CPU-only),5.340576171875e-05
Random,zipf_variable_cost,500000,0.9859,0.9134315130277252,29.834795192134504,0.0005001202225685,0.0006998889148235,0.002000480890274,428195.83639337,56,10000,0,21,63,0.0,0.0,72.984375,72.984375,N/A (GPTCache eviction path is CPU-only),5.340576171875e-05
FIFO,zipf_variable_cost,500000,0.9855,0.8488873281382322,16.318637885368783,0.0005997717380523,0.0008000060915946,0.0020000198855996,493610.2098170819,56,10000,0,23,65,0.0,0.0,73.11328125,73.11328125,N/A (GPTCache eviction path is CPU-only),5.340576171875e-05
LRU,zipf_variable_cost,500000,0.9869,0.9095456260150296,23.31505083508019,0.0006998889148235,0.0009001232683658,0.0019995542243123,513866.6931350907,56,10000,0,24,66,0.0,0.0,73.015625,73.015625,N/A (GPTCache eviction path is CPU-only),5.340576171875e-05
GDSF,zipf_variable_cost,500000,0.9862,0.8397306921484617,13.032408231591374,0.0041997991502285,0.0060000456869602,0.0175000168383121,146832.52904277234,56,10000,0,20,62,48.8,48.8,72.94921875,72.94921875,N/A (GPTCache eviction path is CPU-only),5.340576171875e-05
LFU,zipf_variable_cost,500000,0.9855,0.8488873281382322,16.318637885368783,0.0006998889148235,0.001000240445137,0.0023003667593002,332398.1867436365,56,10000,0,23,65,0.0,0.0,73.125,73.125,N/A (GPTCache eviction path is CPU-only),5.340576171875e-05
GDSF,zipf_variable_cost,500000,0.9859,0.9134315130277252,29.834795192134504,0.0042002648115158,0.0060000456869602,0.020302040502429,95346.88127744391,56,10000,0,21,63,37.8,71.82,72.86328125,72.86328125,N/A (GPTCache eviction path is CPU-only),5.340576171875e-05
LRU,zipf_variable_cost,500000,0.9865,0.8890895131375764,18.77746154991869,0.0006998889148235,0.0009001232683658,0.0021001324057579,480563.5994346694,56,10000,0,25,67,0.0,0.0,72.98828125,72.98828125,N/A (GPTCache eviction path is CPU-only),5.340576171875e-05
FIFO,zipf_variable_cost,500000,0.9869,0.9095456260150296,23.31505083508019,0.0005001202225685,0.0006998889148235,0.0018002465367317,572504.8901887271,56,10000,0,24,66,0.0,0.0,72.95703125,72.95703125,N/A (GPTCache eviction path is CPU-only),5.340576171875e-05
Random,zipf_variable_cost,500000,0.9869,0.9095456260150296,23.31505083508019,0.0005001202225685,0.0006002373993396,0.0017993152141571,570434.3871676441,56,10000,0,24,66,0.0,0.0,72.671875,72.671875,N/A (GPTCache eviction path is CPU-only),5.340576171875e-05
LFU,zipf_variable_cost,500000,0.9869,0.9095456260150296,23.31505083508019,0.0007003545761108,0.0009001232683658,0.0021001324057579,496098.1893329322,56,10000,0,24,66,0.0,0.0,73.12109375,73.12109375,N/A (GPTCache eviction path is CPU-only),5.340576171875e-05
LFU,zipf_variable_cost,500000,0.9865,0.8890895131375764,18.77746154991869,0.0007003545761108,0.001000240445137,0.0024996697902679,346176.48154990235,56,10000,0,25,67,0.0,0.0,72.76953125,72.76953125,N/A (GPTCache eviction path is CPU-only),5.340576171875e-05
FIFO,zipf_variable_cost,500000,0.9865,0.8890895131375764,18.77746154991869,0.0004996545612812,0.0006002373993396,0.0018012430518865,617600.3752047911,56,10000,0,25,67,0.0,0.0,73.046875,73.046875,N/A (GPTCache eviction path is CPU-only),5.340576171875e-05
GDSF,zipf_variable_cost,500000,0.9867,0.8829523539571594,18.22687787027259,0.0043995678424835,0.0059003941714763,0.0234024086967111,121790.07053278234,56,10000,0,22,64,50.1,95.19,72.8359375,72.8359375,N/A (GPTCache eviction path is CPU-only),5.340576171875e-05
Random,zipf_variable_cost,500000,0.9865,0.8890895131375764,18.77746154991869,0.0005001202225685,0.0006998889148235,0.0019995542243123,226332.41781217125,56,10000,0,25,67,0.0,0.0,73.25,73.25,N/A (GPTCache eviction path is CPU-only),5.340576171875e-05
FIFO,zipf_variable_cost,500000,0.986,0.9203242627624848,28.13691488281909,0.0005001202225685,0.0006002373993396,0.0021001324057579,547798.1148969061,56,10000,0,27,69,0.0,0.0,73.015625,73.015625,N/A (GPTCache eviction path is CPU-only),5.340576171875e-05
LRU,zipf_variable_cost,500000,0.985,0.9246615704453996,35.77394030941532,0.0006998889148235,0.0009001232683658,0.0021011289209127,409245.67396396166,56,10000,0,26,68,0.0,0.0,73.06640625,73.06640625,N/A (GPTCache eviction path is CPU-only),5.340576171875e-05
Random,zipf_variable_cost,500000,0.986,0.9203242627624848,28.13691488281909,0.0005001202225685,0.0006002373993396,0.0018998980522155,521023.28539332666,56,10000,0,27,69,0.0,0.0,73.125,73.125,N/A (GPTCache eviction path is CPU-only),5.340576171875e-05
GDSF,zipf_variable_cost,500000,0.9855,0.8488873281382322,16.318637885368783,0.0044000335037708,0.005700159817934,0.0171015504747629,136122.20526624218,56,10000,0,23,65,104.2,104.2,73.046875,73.046875,N/A (GPTCache eviction path is CPU-only),5.340576171875e-05
LRU,zipf_variable_cost,500000,0.986,0.9203242627624848,28.13691488281909,0.0007003545761108,0.0009001232683658,0.0021997839212417,478381.9175916438,56,10000,0,27,69,0.0,0.0,73.11328125,73.11328125,N/A (GPTCache eviction path is CPU-only),5.340576171875e-05
LFU,zipf_variable_cost,500000,0.985,0.9246615704453996,35.77394030941532,0.0008000060915946,0.0009997747838497,0.0026999041438102,242371.36367812805,56,10000,0,26,68,0.0,0.0,73.20703125,73.20703125,N/A (GPTCache eviction path is CPU-only),5.340576171875e-05
GDSF,zipf_variable_cost,500000,0.9865,0.8890895131375764,18.77746154991869,0.0041001476347446,0.0053001567721366,0.0125002115964889,173514.1120404868,56,10000,0,25,67,0.0,0.0,72.84375,72.84375,N/A (GPTCache eviction path is CPU-only),5.340576171875e-05
FIFO,zipf_variable_cost,500000,0.985,0.9246615704453996,35.77394030941532,0.0005001202225685,0.0006002373993396,0.0020000198855996,477065.10069937946,56,10000,0,26,68,0.0,0.0,72.76171875,72.76171875,N/A (GPTCache eviction path is CPU-only),5.340576171875e-05
LRU,zipf_variable_cost,500000,0.9864,0.8951169107099417,20.70181244886102,0.0006998889148235,0.0009001232683658,0.0018998980522155,489086.0439288017,56,10000,0,28,70,0.0,0.0,72.98828125,72.98828125,N/A (GPTCache eviction path is CPU-only),5.340576171875e-05
LFU,zipf_variable_cost,500000,0.986,0.9203242627624848,28.13691488281909,0.0006998889148235,0.0008996576070785,0.0021997839212417,461033.4557405264,56,10000,0,27,69,97.7,97.7,72.94921875,72.94921875,N/A (GPTCache eviction path is CPU-only),5.340576171875e-05
GDSF,zipf_variable_cost,500000,0.9869,0.9095456260150296,23.31505083508019,0.0042999163269996,0.0050999224185943,0.0128997536376118,174055.6167166119,56,10000,0,24,66,0.0,0.0,73.16015625,73.16015625,N/A (GPTCache eviction path is CPU-only),5.340576171875e-05
FIFO,zipf_variable_cost,500000,0.9864,0.8916675838294837,23.06779273065153,0.0005001202225685,0.0006002373993396,0.0020996667444705,549731.4533082707,56,10000,0,29,71,0.0,0.0,72.8359375,72.8359375,N/A (GPTCache eviction path is CPU-only),5.340576171875e-05
LFU,zipf_variable_cost,500000,0.9864,0.8951169107099417,20.70181244886102,0.0006998889148235,0.0008000060915946,0.0021997839212417,349149.82110955246,56,10000,0,28,70,0.0,0.0,72.671875,72.671875,N/A (GPTCache eviction path is CPU-only),5.340576171875e-05
Random,zipf_variable_cost,500000,0.985,0.9246615704453996,35.77394030941532,0.0005001202225685,0.0006002373993396,0.0020000152289867,494838.8315511549,56,10000,0,26,68,0.0,0.0,72.984375,72.984375,N/A (GPTCache eviction path is CPU-only),5.340576171875e-05
GDSF,zipf_variable_cost,500000,0.985,0.9246615704453996,35.77394030941532,0.0044000335037708,0.0053001567721366,0.0128000974655151,153259.054378368,56,10000,0,26,68,0.0,0.0,73.2421875,73.2421875,N/A (GPTCache eviction path is CPU-only),5.340576171875e-05
Random,zipf_variable_cost,500000,0.9864,0.8916675838294837,23.06779273065153,0.0004000030457973,0.0006002373993396,0.0016000121831893,576036.8683570172,56,10000,0,29,71,0.0,0.0,73.015625,73.015625,N/A (GPTCache eviction path is CPU-only),5.340576171875e-05
FIFO,zipf_variable_cost,500000,0.9864,0.8951169107099417,20.70181244886102,0.0005001202225685,0.0006002373993396,0.0017997808754444,590632.5779458729,56,10000,0,28,70,0.0,0.0,72.95703125,72.95703125,N/A (GPTCache eviction path is CPU-only),5.340576171875e-05
Random,zipf_variable_cost,500000,0.9864,0.8951169107099417,20.70181244886102,0.0005001202225685,0.0006002373993396,0.0017993198707699,579270.2347916802,56,10000,0,28,70,0.0,0.0,73.12109375,73.12109375,N/A (GPTCache eviction path is CPU-only),5.340576171875e-05
GDSF,zipf_variable_cost,500000,0.986,0.9203242627624848,28.13691488281909,0.0041997991502285,0.0049998052418231,0.0120015442371368,147469.56931107084,56,10000,0,27,69,0.0,0.0,72.86328125,72.86328125,N/A (GPTCache eviction path is CPU-only),5.340576171875e-05
LRU,zipf_variable_cost,500000,0.9864,0.8916675838294837,23.06779273065153,0.0006998889148235,0.0008996576070785,0.0019003637135028,500132.5385772806,56,10000,0,29,71,0.0,0.0,73.046875,73.046875,N/A (GPTCache eviction path is CPU-only),5.340576171875e-05
GDSF,zipf_variable_cost,500000,0.9864,0.8916675838294837,23.06779273065153,0.0046002678573131,0.0054999254643917,0.0122003257274627,160559.25978619503,56,10000,0,29,71,0.0,0.0,73.06640625,73.06640625,N/A (GPTCache eviction path is CPU-only),5.340576171875e-05
GDSF,zipf_variable_cost,500000,0.9864,0.8951169107099417,20.70181244886102,0.0041997991502285,0.0056000426411628,0.0166028924286366,76066.45173317534,56,10000,0,28,70,0.0,0.0,72.80859375,72.80859375,N/A (GPTCache eviction path is CPU-only),5.340576171875e-05
LFU,zipf_variable_cost,500000,0.9864,0.8916675838294837,23.06779273065153,0.0006998889148235,0.0008000060915946,0.0021001324057579,496359.20306317095,56,10000,0,29,71,0.0,0.0,73.25,73.25,N/A (GPTCache eviction path is CPU-only),5.340576171875e-05
FIFO,bursty,50000,0.3821,0.4032671721676775,159.12600000000452,0.0017001293599605,0.0039053382351993,0.0054999254643917,248498.4473154922,56,10000,6157,1,43,0.0,0.0,73.00390625,73.00390625,N/A (GPTCache eviction path is CPU-only),5.340576171875e-05
FIFO,bursty,50000,0.3646,0.3570542189176813,136.38400000000064,0.0016004778444766,0.0035995617508888,0.0048000365495681,286259.8171202403,56,10000,6330,0,42,0.0,0.0,73.0625,73.0625,N/A (GPTCache eviction path is CPU-only),5.340576171875e-05
Random,bursty,50000,0.3797,0.4019696293893146,158.6140000000047,0.0016000121831893,0.0070999376475811,0.0098999589681625,234406.1343859346,56,10000,6180,1,43,0.0,0.0,73.17578125,73.17578125,N/A (GPTCache eviction path is CPU-only),5.340576171875e-05
LRU,bursty,50000,0.3648,0.3572112993166655,136.44400000000067,0.0018998980522155,0.0040992395952343,0.0075995968654751,93779.86285807914,56,10000,6328,0,42,8.3,15.77,73.142578125,73.14453125,N/A (GPTCache eviction path is CPU-only),5.340576171875e-05
LRU,bursty,50000,0.3822,0.402831278890571,158.95400000000453,0.0017997808754444,0.0038002617657184,0.005700159817934,106472.12078055332,56,10000,6156,1,43,20.05,38.095,72.779296875,72.78125,N/A (GPTCache eviction path is CPU-only),5.340576171875e-05
Random,bursty,50000,0.3778,0.392792528944641,166.306000000005,0.0016996636986732,0.0078999437391757,0.0112010864540934,210524.09979135948,56,10000,6197,3,45,0.0,0.0,73.08203125,73.08203125,N/A (GPTCache eviction path is CPU-only),5.340576171875e-05
FIFO,bursty,50000,0.3991,0.4043529488066036,149.63000000000306,0.0017001293599605,0.0037997961044311,0.0052000395953655,197099.48375512043,56,10000,5982,2,44,0.0,0.0,73.0,73.0,N/A (GPTCache eviction path is CPU-only),5.340576171875e-05
Random,bursty,50000,0.3595,0.3520119381102871,134.45800000000008,0.0017997808754444,0.0077001750469207,0.0112010771408677,156577.34469341303,56,10000,6378,0,42,0.0,0.0,73.22265625,73.22265625,N/A (GPTCache eviction path is CPU-only),5.340576171875e-05
FIFO,bursty,50000,0.3787,0.3942049249634784,166.90400000000471,0.0017001293599605,0.0037001445889472,0.0052000395953655,190000.2843611473,56,10000,6189,3,45,0.0,0.0,72.87890625,72.87890625,N/A (GPTCache eviction path is CPU-only),5.340576171875e-05
Random,bursty,50000,0.3972,0.4021964718090252,148.83200000000306,0.0016004778444766,0.0076997093856334,0.0104997307062149,153443.8951400951,56,10000,6001,2,44,0.0,0.0,73.03125,73.03125,N/A (GPTCache eviction path is CPU-only),5.340576171875e-05
LFU,bursty,50000,0.2064,0.1954917925491338,74.67200000000027,0.0145002268254756,0.032300129532814,0.0493010226637125,55970.984566619125,56,10000,7902,0,42,91.2,123.17,73.12890625,73.12890625,N/A (GPTCache eviction path is CPU-only),5.340576171875e-05
GDSF,bursty,50000,0.3617,0.429154122051443,163.9240000000064,0.0084000639617443,0.025300309062004,0.0369995879009366,55575.9642804722,56,10000,6339,0,42,16.6,31.540000000000003,72.859375,72.859375,N/A (GPTCache eviction path is CPU-only),5.340576171875e-05
LFU,bursty,50000,0.2084,0.218524589389531,92.52200000000092,0.0151004642248153,0.0340999336913228,0.0508019234985113,62233.98854934578,56,10000,7876,3,45,69.03333333333333,119.91,73.0625,73.0625,N/A (GPTCache eviction path is CPU-only),5.340576171875e-05
LRU,bursty,50000,0.3784,0.394190753765965,166.8980000000047,0.0017001293599605,0.0037997961044311,0.0054002739489078,210539.61267534003,56,10000,6192,3,45,0.0,0.0,73.13671875,73.13671875,N/A (GPTCache eviction path is CPU-only),5.340576171875e-05
LFU,bursty,50000,0.2122,0.2168259252853454,80.23600000000062,0.0132997520267963,0.0325003638863563,0.0586012098938227,48108.37855605757,56,10000,7845,2,44,63.5,118.25,73.2578125,73.2578125,N/A (GPTCache eviction path is CPU-only),5.340576171875e-05
LFU,bursty,50000,0.2089,0.1964662233395327,77.52400000000087,0.0157002359628677,0.035999808460474,0.0553030706942082,43448.69688525807,56,10000,7876,1,43,53.9,95.53,72.96484375,72.96484375,N/A (GPTCache eviction path is CPU-only),5.340576171875e-05
LRU,bursty,50000,0.3992,0.4043583535108583,149.6320000000031,0.0016996636986732,0.0037001445889472,0.0051003880798816,162228.10573965672,56,10000,5981,2,44,0.0,0.0,72.6875,72.6875,N/A (GPTCache eviction path is CPU-only),5.340576171875e-05
GDSF,bursty,50000,0.3725,0.4664514232422012,184.0580000000056,0.0110003165900707,0.0291001051664352,0.0435032090172172,51491.23771311705,56,10000,6232,1,43,18.75,35.625,72.8515625,72.8515625,N/A (GPTCache eviction path is CPU-only),5.340576171875e-05
FIFO,bursty,50000,0.4161,0.4072234098245913,149.3500000000048,0.0016000121831893,0.0036996789276599,0.0054002739489078,251238.60675426704,56,10000,5815,4,46,104.2,104.2,73.0078125,73.0078125,N/A (GPTCache eviction path is CPU-only),5.340576171875e-05
GDSF,bursty,50000,0.3978,0.4977624524385644,184.1960000000068,0.0100000761449337,0.0309003517031669,0.0528074754402043,57052.19314909764,56,10000,5967,2,44,54.7,83.61,72.97265625,72.97265625,N/A (GPTCache eviction path is CPU-only),5.340576171875e-05
FIFO,bursty,50000,0.3535,0.3774079589761077,156.61600000000368,0.0017001293599605,0.0037001445889472,0.0052000395953655,206615.83932837323,56,10000,6445,5,47,0.0,0.0,73.08203125,73.08203125,N/A (GPTCache eviction path is CPU-only),5.340576171875e-05
GDSF,bursty,50000,0.4123,0.4835420120408022,177.34000000000762,0.0068997032940387,0.0245003029704093,0.040100491605699,82734.19985215912,56,10000,5826,4,46,40.05,76.09499999999998,73.14453125,73.14453125,N/A (GPTCache eviction path is CPU-only),5.340576171875e-05
LRU,bursty,50000,0.3533,0.3771091479548006,156.49200000000369,0.0018998980522155,0.0041001476347446,0.0077001750469207,124260.34000295008,56,10000,6446,5,47,20.05,38.095,72.78125,72.78125,N/A (GPTCache eviction path is CPU-only),5.340576171875e-05
GDSF,bursty,50000,0.3802,0.461248860399503,195.29000000000792,0.009599607437849,0.0295997597277164,0.0456013437360525,42862.05357855775,56,10000,6149,3,45,53.63333333333333,96.73,72.8671875,72.8671875,N/A (GPTCache eviction path is CPU-only),5.340576171875e-05
FIFO,bursty,50000,0.4392,0.4237742425323064,166.32800000000682,0.0016000121831893,0.0036004930734634,0.0053011532872915,140667.55151324262,56,10000,5588,6,48,0.0,0.0,73.12890625,73.12890625,N/A (GPTCache eviction path is CPU-only),5.340576171875e-05
LRU,bursty,50000,0.4394,0.424079981248,166.44800000000686,0.0014998950064182,0.0035995617508888,0.0047003850340843,177714.59165170847,56,10000,5587,6,48,0.0,0.0,73.03125,73.03125,N/A (GPTCache eviction path is CPU-only),5.340576171875e-05
LRU,bursty,50000,0.4163,0.4080359479975256,149.64800000000483,0.0014002434909343,0.0033001415431499,0.0045001506805419,338679.96196851344,56,10000,5813,4,46,0.0,0.0,73.265625,73.265625,N/A (GPTCache eviction path is CPU-only),5.340576171875e-05
Random,bursty,50000,0.4359,0.4218124191066055,165.55800000000653,0.0015003606677055,0.0065001659095287,0.009200070053339,126942.86112601796,56,10000,5620,6,48,0.0,0.0,73.0625,73.0625,N/A (GPTCache eviction path is CPU-only),5.340576171875e-05
LFU,bursty,50000,0.2155,0.2292611901230013,84.08200000000015,0.0125993974506855,0.0285052927210926,0.045603346079588,43994.85611708216,56,10000,7816,4,46,35.96666666666666,77.27,73.06640625,73.06640625,N/A (GPTCache eviction path is CPU-only),5.340576171875e-05
LFU,bursty,50000,0.1854,0.2280843803767691,94.65000000000082,0.0132997520267963,0.0288994517177343,0.0477000139653682,56722.43040415151,56,10000,8118,5,47,46.73333333333333,78.1,73.00390625,73.00390625,N/A (GPTCache eviction path is CPU-only),5.340576171875e-05
FIFO,bursty,50000,0.3972,0.3908782306675495,159.13200000000484,0.0017001293599605,0.0038002617657184,0.0056000426411628,245064.40221706973,56,10000,6007,7,49,0.0,0.0,72.96484375,72.96484375,N/A (GPTCache eviction path is CPU-only),5.340576171875e-05
Random,bursty,50000,0.4131,0.4062745397434465,149.00200000000473,0.001599546521902,0.0066999578848481,0.0097001902759075,113691.52954966736,56,10000,5846,4,46,20.05,38.095,73.17578125,73.17578125,N/A (GPTCache eviction path is CPU-only),5.340576171875e-05
LRU,bursty,50000,0.3976,0.3916102123729195,159.43000000000487,0.0017001293599605,0.0038999132812023,0.0053993472829461,237186.58845034667,56,10000,6003,7,49,0.0,0.0,73.2578125,73.2578125,N/A (GPTCache eviction path is CPU-only),5.340576171875e-05
GDSF,bursty,50000,0.3555,0.4549012236792976,188.77400000000736,0.0098999589681625,0.027399999089539,0.0412038480862976,49052.574078950565,56,10000,6403,5,47,40.06666666666666,76.1,72.8828125,72.8828125,N/A (GPTCache eviction path is CPU-only),5.340576171875e-05
Random,bursty,50000,0.3963,0.3895469082369773,158.5900000000048,0.001399777829647,0.0066999346017837,0.0105998525395989,220064.61084687104,56,10000,6012,7,49,0.0,0.0,72.8515625,72.8515625,N/A (GPTCache eviction path is CPU-only),5.340576171875e-05
FIFO,bursty,50000,0.4209,0.4153637788113787,168.0620000000046,0.0014002434909343,0.0033997930586338,0.0048000365495681,249109.43401024025,56,10000,5770,8,50,0.0,0.0,73.0859375,73.0859375,N/A (GPTCache eviction path is CPU-only),5.340576171875e-05
GDSF,bursty,50000,0.4149,0.4784454205435753,187.786000000008,0.0096999574452638,0.0287001021206378,0.0423998618498444,60261.80137098817,56,10000,5813,6,48,75.39999999999999,123.42,73.140625,73.140625,N/A (GPTCache eviction path is CPU-only),5.340576171875e-05
LRU,bursty,50000,0.4053,0.4077233186984251,158.98600000000647,0.0014998950064182,0.0034999102354049,0.0051003880798816,176832.1583985523,56,10000,5921,9,51,0.0,0.0,73.1328125,73.1328125,N/A (GPTCache eviction path is CPU-only),5.340576171875e-05
Random,bursty,50000,0.4042,0.4093338393992581,159.61400000000654,0.001200009137392,0.006099697202444,0.0090999528765678,249441.25001694413,56,10000,5935,9,51,0.0,0.0,73.0625,73.0625,N/A (GPTCache eviction path is CPU-only),5.340576171875e-05
FIFO,bursty,50000,0.4053,0.4074155758893489,158.8660000000065,0.0016996636986732,0.0036000274121761,0.0049001537263393,290473.90742632264,56,10000,5921,9,51,0.0,0.0,73.03515625,73.03515625,N/A (GPTCache eviction path is CPU-only),5.340576171875e-05
LFU,bursty,50000,0.2294,0.1960243775669123,76.93800000000033,0.0118003226816654,0.0281999818980693,0.053305053152144,50292.88063666143,56,10000,7678,6,48,46.6,94.14,72.859375,72.859375,N/A (GPTCache eviction path is CPU-only),5.340576171875e-05
LRU,bursty,50000,0.4004,0.409277845042346,163.6080000000052,0.0017997808754444,0.0038999132812023,0.0059003941714763,193765.02862253832,56,10000,5973,10,52,0.0,0.0,73.00390625,73.00390625,N/A (GPTCache eviction path is CPU-only),5.340576171875e-05
FIFO,bursty,50000,0.4008,0.40943794590589,163.67200000000523,0.0017001293599605,0.0036996789276599,0.0049998052418231,246568.99337140573,56,10000,5969,10,52,0.0,0.0,72.97265625,72.97265625,N/A (GPTCache eviction path is CPU-only),5.340576171875e-05
LRU,bursty,50000,0.4208,0.4149238533515577,167.88400000000456,0.0010994262993335,0.0029001384973526,0.0039003789424896,417557.4590660299,56,10000,5771,8,50,0.0,0.0,72.97265625,72.97265625,N/A (GPTCache eviction path is CPU-only),5.340576171875e-05
Random,bursty,50000,0.3939,0.4001721084282795,159.96800000000496,0.0014998950064182,0.0069998204708099,0.0108997384086251,223900.9824432872,56,10000,6041,10,52,104.2,104.2,73.26171875,73.26171875,N/A (GPTCache eviction path is CPU-only),5.340576171875e-05
Random,bursty,50000,0.3485,0.3713883627565493,154.1180000000035,0.0017997808754444,0.0077001750469207,0.0109998509287834,48007.49683625392,56,10000,6495,5,47,15.933333333333332,31.66,73.22526041666667,73.2265625,N/A (GPTCache eviction path is CPU-only),5.340576171875e-05
GDSF,bursty,50000,0.3952,0.4773809035328544,186.14800000000744,0.0100000761449337,0.0293995486572384,0.0497010303661227,61058.97026138522,56,10000,6003,9,51,66.8,100.2,73.06770833333333,73.0703125,N/A (GPTCache eviction path is CPU-only),5.340576171875e-05
LRU,bursty,50000,0.4256,0.4324699110413109,165.2900000000054,0.0016000121831893,0.0037001445889472,0.0050999224185943,216689.4187748185,56,10000,5721,11,53,0.0,0.0,72.8515625,72.8515625,N/A (GPTCache eviction path is CPU-only),5.340576171875e-05
LFU,bursty,50000,0.214,0.1921820423763204,78.24000000000122,0.0136499293148517,0.0307997688651084,0.0520019279792905,66916.0404108531,56,10000,7828,7,49,9.1,9.1,72.69140625,72.69140625,N/A (GPTCache eviction path is CPU-only),5.340576171875e-05
FIFO,bursty,50000,0.425,0.4324385138670565,165.27800000000536,0.001599546521902,0.0036000274121761,0.004899688065052,243629.69279882664,56,10000,5727,11,53,0.0,0.0,73.0859375,73.0859375,N/A (GPTCache eviction path is CPU-only),5.340576171875e-05
GDSF,bursty,50000,0.4053,0.4902588630837121,195.9800000000087,0.0077998265624046,0.0268998555839061,0.0394010636955499,77490.54609943178,56,10000,5901,10,52,40.05,76.09499999999998,72.8828125,72.8828125,N/A (GPTCache eviction path is CPU-only),5.340576171875e-05
Random,bursty,50000,0.4217,0.4275667189952616,163.41600000000517,0.0016000121831893,0.0069998204708099,0.010400079190731,191602.8138624313,56,10000,5759,11,53,0.0,0.0,73.1328125,73.1328125,N/A (GPTCache eviction path is CPU-only),5.340576171875e-05
LFU,bursty,50000,0.2075,0.1889027943046874,73.66000000000062,0.0084997154772281,0.0281003303825855,0.0428999774158,60260.92982062782,56,10000,7897,9,51,19.8,37.62,73.26953125,73.26953125,N/A (GPTCache eviction path is CPU-only),5.340576171875e-05
LRU,bursty,50000,0.3871,0.4137267718740973,177.22400000000658,0.0017001293599605,0.0037997961044311,0.0052996957674622,204840.797187886,56,10000,6104,12,54,0.0,0.0,73.03515625,73.03515625,N/A (GPTCache eviction path is CPU-only),5.340576171875e-05
LFU,bursty,50000,0.2234,0.2344060701203349,89.59000000000088,0.0134003348648548,0.0303001143038272,0.045401114039123,67739.66293862365,56,10000,7736,11,53,40.05,76.09499999999998,73.140625,73.140625,N/A (GPTCache eviction path is CPU-only),5.340576171875e-05
LFU,bursty,50000,0.23,0.2456266960609133,99.38400000000068,0.015099998563528,0.0348002649843692,0.0753022218123078,23902.82448699184,56,10000,7666,8,50,49.84,95.38,73.14453125,73.14453125,N/A (GPTCache eviction path is CPU-only),5.340576171875e-05
LRU,bursty,50000,0.374,0.3808152190419934,150.454000000003,0.0017001293599605,0.0036000274121761,0.0049998052418231,273156.12652072485,56,10000,6238,13,55,0.0,0.0,73.26171875,73.26171875,N/A (GPTCache eviction path is CPU-only),5.340576171875e-05
Random,bursty,50000,0.4185,0.4113154759844866,166.42400000000427,0.0015003606677055,0.0066999346017837,0.0094013009220361,112086.76449103304,56,10000,5791,8,50,24.8,47.12,72.78125,72.78125,N/A (GPTCache eviction path is CPU-only),5.340576171875e-05
FIFO,bursty,50000,0.393,0.3937957213604875,156.6480000000048,0.0016000121831893,0.0036000274121761,0.004999809898436,291478.0570526052,56,10000,6049,14,56,0.0,0.0,72.8828125,72.8828125,N/A (GPTCache eviction path is CPU-only),5.340576171875e-05
GDSF,bursty,50000,0.4114,0.4924594798993272,199.25600000000705,0.0090003013610839,0.0280002132058143,0.0397014152258634,68978.31383031473,56,10000,5839,8,50,0.0,0.0,72.8671875,72.8671875,N/A (GPTCache eviction path is CPU-only),5.340576171875e-05
Random,bursty,50000,0.3851,0.4100709683443562,175.65800000000652,0.0017001293599605,0.0071004033088684,0.0104997307062149,203727.81267455444,56,10000,6125,12,54,0.0,0.0,72.97265625,72.97265625,N/A (GPTCache eviction path is CPU-only),5.340576171875e-05
Random,bursty,50000,0.3705,0.3747000637838706,148.03800000000257,0.0017001293599605,0.0074999406933784,0.0109998509287834,179052.95349449533,56,10000,6273,13,55,0.0,0.0,72.85546875,72.85546875,N/A (GPTCache eviction path is CPU-only),5.340576171875e-05
LFU,bursty,50000,0.2172,0.2511532355962032,107.58400000000069,0.0128003302961587,0.030105304904282,0.0466001220047473,61675.209612227125,56,10000,7796,12,54,60.1,98.19,73.00390625,73.00390625,N/A (GPTCache eviction path is CPU-only),5.340576171875e-05
GDSF,bursty,50000,0.3928,0.492524978989607,210.97800000000976,0.0077998265624046,0.0234053703024982,0.0334010226652026,84579.5423817667,56,10000,6021,12,54,50.4,95.76,72.9765625,72.9765625,N/A (GPTCache eviction path is CPU-only),5.340576171875e-05
GDSF,bursty,50000,0.3973,0.4665523661676768,189.9400000000068,0.0102999620139598,0.0313003547489643,0.0571038527414203,28937.973461696754,56,10000,5980,7,49,26.0,47.94,73.0078125,73.0078125,N/A (GPTCache eviction path is CPU-only),5.340576171875e-05
FIFO,bursty,50000,0.3739,0.3810987030605817,150.56600000000296,0.0017001293599605,0.0036004930734634,0.0052996911108493,114373.68371398054,56,10000,6239,13,55,0.0,0.0,73.2265625,73.2265625,N/A (GPTCache eviction path is CPU-only),5.340576171875e-05
LFU,bursty,50000,0.2234,0.2435884607302351,97.37400000000046,0.0127996318042278,0.0324999215081334,0.0514998100697994,35229.825315891474,56,10000,7737,10,52,23.566666666666663,37.07,73.17578125,73.17578125,N/A (GPTCache eviction path is CPU-only),5.340576171875e-05
LRU,bursty,50000,0.3934,0.3933683601900207,156.47800000000478,0.0017001293599605,0.0036000274121761,0.0048005022108554,247581.74467843343,56,10000,6044,14,56,0.0,0.0,73.0859375,73.0859375,N/A (GPTCache eviction path is CPU-only),5.340576171875e-05
LFU,bursty,50000,0.1904,0.1877929756709787,74.19400000000088,0.0130999833345413,0.027799536474049,0.049999919719994,65470.34883248559,56,10000,8070,13,55,67.0,100.74,73.14453125,73.14453125,N/A (GPTCache eviction path is CPU-only),5.340576171875e-05
FIFO,bursty,50000,0.3863,0.4131431506209457,176.97400000000655,0.0014998950064182,0.0033001415431499,0.0045001506805419,318322.3119847744,56,10000,6112,12,54,0.0,0.0,72.859375,72.859375,N/A (GPTCache eviction path is CPU-only),5.340576171875e-05
LRU,bursty,50000,0.388,0.3794691070311763,146.8720000000042,0.0017001293599605,0.0036996789276599,0.0049998052418231,274756.9787044767,56,10000,6098,15,57,0.0,0.0,73.140625,73.140625,N/A (GPTCache eviction path is CPU-only),5.340576171875e-05
LFU,bursty,50000,0.214,0.215304557681167,85.64600000000041,0.0126003287732601,0.027999747544527,0.0475007807835936,70179.62457271844,56,10000,7831,14,56,50.4,95.76,73.1328125,73.1328125,N/A (GPTCache eviction path is CPU-only),5.340576171875e-05
GDSF,bursty,50000,0.391,0.4663415369918489,185.50600000000705,0.0089001841843128,0.0269999727606773,0.0389009481295943,71194.69695556692,56,10000,6050,14,56,63.0,119.7,73.03515625,73.03515625,N/A (GPTCache eviction path is CPU-only),5.340576171875e-05
GDSF,bursty,50000,0.369,0.4586720798614639,181.214000000006,0.0106999650597572,0.027600210160017,0.0380012858659029,62676.35569464309,56,10000,6270,13,55,40.05,76.09499999999998,72.69140625,72.69140625,N/A (GPTCache eviction path is CPU-only),5.340576171875e-05
FIFO,bursty,50000,0.3874,0.3788335236638246,146.62600000000415,0.0017997808754444,0.0038999132812023,0.0062012765556574,123738.94565606298,56,10000,6104,15,57,0.0,0.0,73.14453125,73.14453125,N/A (GPTCache eviction path is CPU-only),5.340576171875e-05
Random,bursty,50000,0.3967,0.3796569834235659,148.04800000000245,0.0015003606677055,0.0065001659095287,0.0095996120944619,200578.86970186263,56,10000,6014,16,58,0.0,0.0,73.00390625,73.00390625,N/A (GPTCache eviction path is CPU-only),5.340576171875e-05
LRU,bursty,50000,0.4012,0.3842524208107315,149.84000000000265,0.0016996636986732,0.0036000274121761,0.0049001537263393,250730.2520781172,56,10000,5968,16,58,0.0,0.0,72.8671875,72.8671875,N/A (GPTCache eviction path is CPU-only),5.340576171875e-05
LFU,bursty,50000,0.2133,0.1897293861711338,73.43400000000044,0.0140001066029071,0.0297999940812587,0.0442001037299633,68760.51609247511,56,10000,7836,15,57,40.05,76.09499999999998,73.26171875,73.26171875,N/A (GPTCache eviction path is CPU-only),5.340576171875e-05
Random,bursty,50000,0.3559,0.3567580803133841,139.8720000000016,0.0016004778444766,0.0071053626015781,0.0099009554833173,177213.8436135131,56,10000,6418,17,59,0.0,0.0,73.0859375,73.0859375,N/A (GPTCache eviction path is CPU-only),5.340576171875e-05
GDSF,bursty,50000,0.3812,0.4494556202621608,173.96000000000666,0.0102994963526725,0.0283000990748405,0.0392999500036239,64505.51669346848,56,10000,6136,15,57,40.05,76.09499999999998,72.8828125,72.8828125,N/A (GPTCache eviction path is CPU-only),5.340576171875e-05
FIFO,bursty,50000,0.4007,0.3843806417199715,149.89000000000263,0.0016004778444766,0.0036004930734634,0.005500391125679,276221.7287480426,56,10000,5973,16,58,0.0,0.0,72.97265625,72.97265625,N/A (GPTCache eviction path is CPU-only),5.340576171875e-05
GDSF,bursty,50000,0.413,0.5026896912610915,192.1280000000082,0.0082002952694892,0.0265999697148799,0.0384058291092516,52138.89387520175,56,10000,5827,11,53,50.03333333333333,95.17,73.06510416666667,73.06640625,N/A (GPTCache eviction path is CPU-only),5.340576171875e-05
Random,bursty,50000,0.3858,0.3752680559933151,145.24600000000396,0.0016004778444766,0.0069998204708099,0.0101001933217048,104295.29760660308,56,10000,6118,15,57,20.05,38.095,72.78125,72.78125,N/A (GPTCache eviction path is CPU-only),5.340576171875e-05
FIFO,bursty,50000,0.4143,0.4223160506858672,182.43800000000897,0.0016000121831893,0.0038002617657184,0.0059013860300183,215315.8469398778,56,10000,5832,18,60,97.7,97.7,73.140625,73.140625,N/A (GPTCache eviction path is CPU-only),5.340576171875e-05
LRU,bursty,50000,0.3577,0.3579007508977784,140.32000000000164,0.0018002465367317,0.0039995647966861,0.0065001659095287,103088.00084072445,56,10000,6397,17,59,16.6,31.540000000000003,73.0078125,73.0078125,N/A (GPTCache eviction path is CPU-only),5.340576171875e-05
FIFO,bursty,50000,0.3436,0.3597911070725738,144.1280000000031,0.0017001293599605,0.0036004930734634,0.004699919372797,284355.0711011601,56,10000,6540,19,61,0.0,0.0,73.00390625,73.00390625,N/A (GPTCache eviction path is CPU-only),5.340576171875e-05
FIFO,bursty,50000,0.3578,0.3579109533137104,140.3240000000016,0.0017001293599605,0.0038002617657184,0.0058012688532471,97953.5541806649,56,10000,6396,17,59,10.0,19.0,73.2265625,73.2265625,N/A (GPTCache eviction path is CPU-only),5.340576171875e-05
GDSF,bursty,50000,0.3645,0.4485033055827289,175.84200000000587,0.010200310498476,0.0279000960290431,0.0404023053124547,60718.03932943329,56,10000,6310,17,59,46.73333333333333,78.1,73.14453125,73.14453125,N/A (GPTCache eviction path is CPU-only),5.340576171875e-05
Random,bursty,50000,0.408,0.4151029875414719,179.32200000000873,0.0016000121831893,0.0071996124461293,0.0102013070136308,174296.4958800418,56,10000,5894,18,60,0.0,0.0,73.03515625,73.03515625,N/A (GPTCache eviction path is CPU-only),5.340576171875e-05
Random,bursty,50000,0.3384,0.3548783288565516,142.16000000000304,0.0017001293599605,0.006900168955326,0.0103996181860566,211578.41656325108,56,10000,6594,19,61,0.0,0.0,73.26171875,73.26171875,N/A (GPTCache eviction path is CPU-only),5.340576171875e-05
LFU,bursty,50000,0.2341,0.2274892706842916,98.2739999999998,0.0074002891778945,0.0275000929832458,0.041501191444695,93713.1588511799,56,10000,7626,18,60,40.05,76.09499999999998,73.1328125,73.1328125,N/A (GPTCache eviction path is CPU-only),5.340576171875e-05
LFU,bursty,50000,0.2122,0.2043841293287168,79.70000000000046,0.0134999863803386,0.0299001345410943,0.0491012539714575,66611.86723815979,56,10000,7849,16,58,0.0,0.0,72.85546875,72.85546875,N/A (GPTCache eviction path is CPU-only),5.340576171875e-05
LRU,bursty,50000,0.4148,0.4224734602795191,182.506000000009,0.0017001293599605,0.0038002617657184,0.0054999254643917,148395.91419230288,56,10000,5826,18,60,0.0,0.0,72.86328125,72.86328125,N/A (GPTCache eviction path is CPU-only),5.340576171875e-05
LRU,bursty,50000,0.4179,0.4141672174980179,166.67000000000436,0.0016000121831893,0.0037001445889472,0.004899688065052,213379.7640636767,56,10000,5793,20,62,0.0,0.0,72.8828125,72.8828125,N/A (GPTCache eviction path is CPU-only),5.340576171875e-05
LRU,bursty,50000,0.3439,0.3603902263672107,144.36800000000315,0.0018002465367317,0.0038999132812023,0.0059009250253439,118332.97234384468,56,10000,6537,19,61,30.05,57.095,73.14453125,73.14453125,N/A (GPTCache eviction path is CPU-only),5.340576171875e-05
Random,bursty,50000,0.3908,0.3917644988561513,155.84000000000478,0.0015003606677055,0.0066994689404964,0.0097011867910623,113298.2708346911,56,10000,6069,14,56,14.3,14.3,73.26953125,73.26953125,N/A (GPTCache eviction path is CPU-only),5.340576171875e-05
Random,bursty,50000,0.4103,0.407139768700487,163.8420000000041,0.0013001263141632,0.0068997032940387,0.0098999589681625,261059.11645130493,56,10000,5870,20,62,0.0,0.0,72.78125,72.78125,N/A (GPTCache eviction path is CPU-only),5.340576171875e-05
FIFO,bursty,50000,0.3749,0.3653708343709442,143.78000000000097,0.0017997808754444,0.0039003789424896,0.0061001628637313,199865.2900479739,56,10000,6229,21,63,0.0,0.0,73.00390625,73.00390625,N/A (GPTCache eviction path is CPU-only),5.340576171875e-05
GDSF,bursty,50000,0.4037,0.4802011139043331,207.44400000000945,0.0094999559223651,0.0281999818980693,0.040502417832613,62190.40844637145,56,10000,5920,18,60,0.0,0.0,72.69140625,72.69140625,N/A (GPTCache eviction path is CPU-only),5.340576171875e-05
GDSF,bursty,50000,0.3418,0.4281955525377389,171.53000000000551,0.0110003165900707,0.0295997597277164,0.0430030934512615,51717.245201088364,56,10000,6541,19,61,66.8,100.2,73.0859375,73.0859375,N/A (GPTCache eviction path is CPU-only),5.340576171875e-05
Random,bursty,50000,0.3718,0.3670022718147206,144.42200000000108,0.0017997808754444,0.0074002891778945,0.0116010848432779,190284.8194231605,56,10000,6261,21,63,0.0,0.0,73.03515625,73.03515625,N/A (GPTCache eviction path is CPU-only),5.340576171875e-05
LFU,bursty,50000,0.1807,0.1990923342686069,79.754000000001,0.0114999711513519,0.0267000868916511,0.0477000139653682,67444.39035766198,56,10000,8169,19,61,10.0,19.0,72.87109375,72.87109375,N/A (GPTCache eviction path is CPU-only),5.340576171875e-05
LFU,bursty,50000,0.2084,0.1972739144629255,77.34400000000073,0.0123996287584304,0.0308002345263957,0.0587038649246097,36805.00198644836,56,10000,7888,17,59,27.25,51.775,73.17578125,73.17578125,N/A (GPTCache eviction path is CPU-only),5.340576171875e-05
GDSF,bursty,50000,0.4099,0.4744273424414877,190.92000000000783,0.0081998296082019,0.0272998586297035,0.039802067913115,69529.86004835786,56,10000,5859,20,62,25.2,47.88,73.140625,73.140625,N/A (GPTCache eviction path is CPU-only),5.340576171875e-05
FIFO,bursty,50000,0.4172,0.4135509490037508,166.4220000000044,0.0008996576070785,0.0025997869670391,0.0040000304579734,461122.7504365991,56,10000,5800,20,62,0.0,0.0,72.97265625,72.97265625,N/A (GPTCache eviction path is CPU-only),5.340576171875e-05
GDSF,bursty,50000,0.3843,0.43863347283765,171.04600000000585,0.009200070053339,0.0271997414529323,0.0416023144498467,53921.55276091111,56,10000,6119,16,58,40.06666666666666,76.1,72.98828125,73.0,N/A (GPTCache eviction path is CPU-only),5.340576171875e-05
FIFO,bursty,50000,0.467,0.4884411354117996,209.9320000000124,0.0014998950064182,0.0033051008358597,0.0045001506805419,318091.44744753034,56,10000,5309,22,64,97.7,97.7,73.1328125,73.1328125,N/A (GPTCache eviction path is CPU-only),5.340576171875e-05
LFU,bursty,50000,0.1977,0.176810209444024,69.57800000000107,0.014099758118391,0.0297999940812587,0.0450993049889802,63346.38693778647,56,10000,7992,21,63,41.55,78.945,73.14453125,73.14453125,N/A (GPTCache eviction path is CPU-only),5.340576171875e-05
GDSF,bursty,50000,0.3636,0.4346586433148852,171.04600000000573,0.0098999589681625,0.0265999697148799,0.0364999333396554,60202.19501986157,56,10000,6321,21,63,60.1,114.19,73.26171875,73.26171875,N/A (GPTCache eviction path is CPU-only),5.340576171875e-05
LRU,bursty,50000,0.4136,0.4216066481994195,175.03000000000728,0.0016004778444766,0.0036996789276599,0.0051003880798816,225471.0083757632,56,10000,5841,23,65,0.0,0.0,73.14453125,73.14453125,N/A (GPTCache eviction path is CPU-only),5.340576171875e-05
LFU,bursty,50000,0.2536,0.2449418769351337,98.57000000000043,0.0142999924719333,0.0340002588927745,0.0603003427386283,40050.35129339785,56,10000,7431,20,62,39.6,80.03999999999999,73.06640625,73.06640625,N/A (GPTCache eviction path is CPU-only),5.340576171875e-05
LRU,bursty,50000,0.3721,0.3605847034574724,136.80800000000113,0.0017001293599605,0.0037001445889472,0.0050994614139199,205812.98184444453,56,10000,6257,24,66,0.0,0.0,73.0859375,73.0859375,N/A (GPTCache eviction path is CPU-only),5.340576171875e-05
LRU,bursty,50000,0.3755,0.3661484353955478,144.08600000000098,0.0018002465367317,0.0037001445889472,0.0053998082876205,184254.0204040037,56,10000,6223,21,63,0.0,0.0,73.0078125,73.0078125,N/A (GPTCache eviction path is CPU-only),5.340576171875e-05
FIFO,bursty,50000,0.3724,0.3604476471115001,136.75600000000117,0.001399777829647,0.0034002587199211,0.0049998052418231,190213.8770490121,56,10000,6254,24,66,0.0,0.0,73.03515625,73.03515625,N/A (GPTCache eviction path is CPU-only),5.340576171875e-05
FIFO,bursty,50000,0.4202,0.4374709504996269,180.7140000000093,0.0015003606677055,0.0037997961044311,0.0054999254643917,254268.5319450912,56,10000,5773,25,67,0.0,0.0,73.03515625,73.03515625,N/A (GPTCache eviction path is CPU-only),5.340576171875e-05
Random,bursty,50000,0.4114,0.4169577261230603,173.10000000000656,0.0016004778444766,0.0073001720011234,0.0114995101466774,173744.43632300443,56,10000,5865,23,65,0.0,0.0,73.00390625,73.00390625,N/A (GPTCache eviction path is CPU-only),5.340576171875e-05
LFU,bursty,50000,0.2296,0.24449976733362,105.08600000000038,0.0142999924719333,0.0322000123560428,0.0493014883249998,56902.792327,56,10000,7669,22,64,39.55,75.145,72.85546875,72.85546875,N/A (GPTCache eviction path is CPU-only),5.340576171875e-05
GDSF,bursty,50000,0.4504,0.5459981386691216,234.67000000001184,0.0085001811385154,0.0281003303825855,0.0416008522734046,52648.78670835894,56,10000,5447,22,64,58.96666666666666,111.77,72.8828125,72.8828125,N/A (GPTCache eviction path is CPU-only),5.340576171875e-05
Random,bursty,50000,0.3673,0.3578752049255569,135.7800000000011,0.0017001293599605,0.0078999437391757,0.0114999758079648,107222.50812057534,56,10000,6306,24,66,0.0,0.0,73.17578125,73.17578125,N/A (GPTCache eviction path is CPU-only),5.340576171875e-05
LRU,bursty,50000,0.4203,0.4369093268262209,180.4820000000093,0.0015003606677055,0.0036000274121761,0.004999809898436,200878.64454982345,56,10000,5772,25,67,0.0,0.0,72.97265625,72.97265625,N/A (GPTCache eviction path is CPU-only),5.340576171875e-05
LRU,bursty,50000,0.4678,0.4887482550023069,210.06400000001244,0.001599546521902,0.0036000274121761,0.0050002709031105,141504.56109079122,56,10000,5301,22,64,0.0,0.0,73.2265625,73.2265625,N/A (GPTCache eviction path is CPU-only),5.340576171875e-05
GDSF,bursty,50000,0.4085,0.5055473925087025,209.87800000000976,0.0086002983152866,0.0271997414529323,0.0378000549972057,73468.7459128957,56,10000,5870,23,65,50.4,95.76,72.69140625,72.69140625,N/A (GPTCache eviction path is CPU-only),5.340576171875e-05
Random,bursty,50000,0.4164,0.4324792780230607,178.65200000000925,0.0014002434909343,0.0070999376475811,0.0099996104836463,189500.5340293664,56,10000,5808,25,67,0.0,0.0,73.14453125,73.14453125,N/A (GPTCache eviction path is CPU-only),5.340576171875e-05
LFU,bursty,50000,0.2192,0.2305528122365181,95.71400000000052,0.010599847882986,0.0297999940812587,0.0466016633436084,57706.03508229578,56,10000,7775,23,65,58.2,110.58,72.78125,72.78125,N/A (GPTCache eviction path is CPU-only),5.340576171875e-05
LFU,bursty,50000,0.2074,0.1791168299921286,67.95800000000118,0.0074999406933784,0.0252998434007167,0.0392022961750627,77063.62908989663,56,10000,7899,24,66,30.05,57.095,72.87109375,72.87109375,N/A (GPTCache eviction path is CPU-only),5.340576171875e-05
FIFO,bursty,50000,0.4138,0.4209032879681774,174.7380000000071,0.0014998950064182,0.0034999102354049,0.0045001506805419,332700.0928980097,56,10000,5839,23,65,0.0,0.0,73.26953125,73.26953125,N/A (GPTCache eviction path is CPU-only),5.340576171875e-05
GDSF,bursty,50000,0.3684,0.4464979467904749,169.40400000000594,0.0101998448371887,0.0273999758064746,0.0377024011686444,64905.77302545222,56,10000,6273,24,66,75.3,97.71,73.140625,73.140625,N/A (GPTCache eviction path is CPU-only),5.340576171875e-05
LRU,bursty,50000,0.4257,0.4210537007505788,165.81600000000455,0.001599546521902,0.0034002587199211,0.0049001537263393,152561.81823529353,56,10000,5716,26,68,0.0,0.0,73.14453125,73.14453125,N/A (GPTCache eviction path is CPU-only),5.340576171875e-05
LFU,bursty,50000,0.2279,0.2613874041366216,107.97600000000035,0.0079004094004631,0.0281999818980693,0.0472995452582836,74187.6637864925,56,10000,7690,25,67,30.05,57.095,73.1328125,73.1328125,N/A (GPTCache eviction path is CPU-only),5.340576171875e-05
FIFO,bursty,50000,0.4192,0.4248319148204442,173.00600000000625,0.0014998950064182,0.0034002587199211,0.0046994537115097,288425.48744446423,56,10000,5787,27,69,0.0,0.0,73.00390625,73.00390625,N/A (GPTCache eviction path is CPU-only),5.340576171875e-05
Random,bursty,50000,0.4227,0.4184941037855293,164.8080000000044,0.0014002434909343,0.0060000456869602,0.008299951441586,99046.38146521704,56,10000,5744,26,68,16.6,31.540000000000003,73.0078125,73.0078125,N/A (GPTCache eviction path is CPU-only),5.340576171875e-05
LRU,bursty,50000,0.415,0.3991530699926137,155.15000000000478,0.0016000121831893,0.0034002587199211,0.004699919372797,270905.7985686326,56,10000,5827,28,70,0.0,0.0,72.97265625,72.97265625,N/A (GPTCache eviction path is CPU-only),5.340576171875e-05
GDSF,bursty,50000,0.415,0.5135031760786742,212.12200000001013,0.0081497710198163,0.0267000868916511,0.0388002954423427,71404.70184605884,56,10000,5799,25,67,30.05,57.095,73.26171875,73.26171875,N/A (GPTCache eviction path is CPU-only),5.340576171875e-05
LFU,bursty,50000,0.2389,0.2616273754989432,103.03200000000076,0.0135996378958225,0.0304002314805984,0.0486001372337341,64981.10031109436,56,10000,7575,26,68,58.20000000000001,97.62,73.0859375,73.0859375,N/A (GPTCache eviction path is CPU-only),5.340576171875e-05
Random,bursty,50000,0.4156,0.4222142551947738,171.94000000000588,0.0014002434909343,0.006299465894699,0.0093001872301101,249147.29463539965,56,10000,5821,27,69,0.0,0.0,72.8828125,72.8828125,N/A (GPTCache eviction path is CPU-only),5.340576171875e-05
Random,bursty,50000,0.4628,0.4861098185202223,208.9300000000124,0.001399777829647,0.0064000487327575,0.0094003044068813,98732.5702526436,56,10000,5345,22,64,8.4,15.96,72.94140625,72.94140625,N/A (GPTCache eviction path is CPU-only),5.340576171875e-05
GDSF,bursty,50000,0.4187,0.4989639726569717,196.4980000000082,0.0081998296082019,0.0263000838458538,0.0411011930555105,72898.73063758055,56,10000,5767,26,68,40.05,76.09499999999998,73.03515625,73.03515625,N/A (GPTCache eviction path is CPU-only),5.340576171875e-05
Random,bursty,50000,0.4129,0.3981651564967894,154.76600000000482,0.0014994293451309,0.0065001659095287,0.0098003074526786,235730.6355166302,56,10000,5849,28,70,0.0,0.0,73.14453125,73.14453125,N/A (GPTCache eviction path is CPU-only),5.340576171875e-05
FIFO,bursty,50000,0.4146,0.3988289108767963,155.02400000000475,0.0015003606677055,0.003499467857182,0.0053001567721366,114791.84794740456,56,10000,5830,28,70,10.0,19.0,73.2265625,73.2265625,N/A (GPTCache eviction path is CPU-only),5.340576171875e-05
LRU,bursty,50000,0.4288,0.421745603189394,167.1420000000059,0.0010998919606208,0.0032000243663787,0.0046999240294098,288054.9391147824,56,10000,5685,29,71,0.0,0.0,72.87109375,72.87109375,N/A (GPTCache eviction path is CPU-only),5.340576171875e-05
LFU,bursty,50000,0.2395,0.2191881615032536,85.19800000000035,0.0132003333419561,0.0322000123560428,0.047799670137465,64211.93013044139,56,10000,7570,28,70,50.1,95.19,72.69140625,72.69140625,N/A (GPTCache eviction path is CPU-only),5.340576171875e-05
LRU,bursty,100000,0.3962,0.3859046521977862,147.40400000000344,0.0015003606677055,0.0033001415431499,0.0044000335037708,204527.0011126544,56,10000,5987,0,42,0.0,0.0,73.00390625,73.00390625,N/A (GPTCache eviction path is CPU-only),5.340576171875e-05
FIFO,bursty,50000,0.4258,0.421206057712784,165.87600000000452,0.0015003606677055,0.0033997930586338,0.004800041206181,296285.76210176165,56,10000,5714,26,68,0.0,0.0,73.06640625,73.06640625,N/A (GPTCache eviction path is CPU-only),5.340576171875e-05
Random,bursty,100000,0.394,0.3827211561117059,146.18800000000323,0.0015003606677055,0.0076000811532139,0.0117002055048942,158309.00661333447,56,10000,6017,0,42,50.4,95.76,73.263671875,73.265625,N/A (GPTCache eviction path is CPU-only),5.340576171875e-05
LFU,bursty,50000,0.2409,0.2150387323054983,85.22200000000079,0.011600088328123,0.0303001143038272,0.0504114571958782,63516.3812479037,56,10000,7559,29,71,60.1,114.19,73.140625,73.140625,N/A (GPTCache eviction path is CPU-only),5.340576171875e-05
LFU,bursty,50000,0.2476,0.2452447487193843,99.87199999999986,0.0129002146422863,0.0317995669320225,0.0485000247135758,64739.54299720718,56,10000,7490,27,69,50.15,95.285,72.85546875,72.85546875,N/A (GPTCache eviction path is CPU-only),5.340576171875e-05
FIFO,bursty,100000,0.3965,0.3868366625650927,147.76000000000354,0.0014994293451309,0.0033001415431499,0.0047003850340843,319409.218590594,56,10000,5985,0,42,0.0,0.0,73.0078125,73.0078125,N/A (GPTCache eviction path is CPU-only),5.340576171875e-05
FIFO,bursty,50000,0.4289,0.4216042996643758,167.08600000000592,0.0014994293451309,0.0033997930586338,0.0052000395953655,305940.4467961238,56,10000,5684,29,71,0.0,0.0,73.26953125,73.26953125,N/A (GPTCache eviction path is CPU-only),5.340576171875e-05
GDSF,bursty,50000,0.4256,0.4960763039034784,196.60000000000773,0.0076000578701496,0.026599527336657,0.0418066233396531,70560.82456256154,56,10000,5697,29,71,20.05,38.095,73.1328125,73.1328125,N/A (GPTCache eviction path is CPU-only),5.340576171875e-05
LRU,bursty,100000,0.4119,0.4323250344659467,170.59200000000436,0.0015003606677055,0.0031003728508949,0.0042994506657123,315411.6440437564,56,10000,5833,1,43,0.0,0.0,72.8828125,72.8828125,N/A (GPTCache eviction path is CPU-only),5.340576171875e-05
LRU,bursty,100000,0.4303,0.4347598149428893,160.88200000000458,0.0014998950064182,0.0034002587199211,0.0057011563330888,264698.0192302264,56,10000,5647,2,44,0.0,0.0,72.87109375,72.87109375,N/A (GPTCache eviction path is CPU-only),5.340576171875e-05
Random,bursty,100000,0.407,0.428376652339599,169.03400000000445,0.0014002434909343,0.0073993811383843,0.0114999711513519,227238.6412458533,56,10000,5884,1,43,0.0,0.0,73.14453125,73.14453125,N/A (GPTCache eviction path is CPU-only),5.340576171875e-05
GDSF,bursty,100000,0.4146,0.5148886038170254,196.6720000000093,0.0080997124314308,0.0284998677670955,0.0452999956905841,66198.81747820535,56,10000,5780,0,42,98.95,100.075,73.0859375,73.0859375,N/A (GPTCache eviction path is CPU-only),5.340576171875e-05
FIFO,bursty,100000,0.4299,0.4337869681770645,160.5220000000046,0.0014994293451309,0.0033001415431499,0.0050999224185943,314455.52252311603,56,10000,5652,2,44,0.0,0.0,72.69921875,72.69921875,N/A (GPTCache eviction path is CPU-only),5.340576171875e-05
LFU,bursty,100000,0.273,0.2779851820823341,106.182,0.0131996348500251,0.0473000109195709,0.0713998498395085,48186.222402423984,56,10000,7205,0,42,58.6,97.74,72.97265625,72.97265625,N/A (GPTCache eviction path is CPU-only),5.340576171875e-05
LRU,bursty,50000,0.4195,0.4251364080602031,173.13000000000625,0.0015003606677055,0.0034002587199211,0.0050002709031105,114358.38093478388,56,10000,5785,27,69,20.05,38.095,73.0390625,73.0390625,N/A (GPTCache eviction path is CPU-only),5.340576171875e-05
LRU,bursty,100000,0.4126,0.4270112472070646,180.79400000000712,0.0015003606677055,0.0033001415431499,0.0053001567721366,304356.5608124204,56,10000,5827,3,45,0.0,0.0,73.140625,73.140625,N/A (GPTCache eviction path is CPU-only),5.340576171875e-05
Random,bursty,100000,0.4272,0.4355597111725679,161.17800000000472,0.0014994293451309,0.0082994811236858,0.0119014363735914,114414.64282449456,56,10000,5680,2,44,16.6,31.540000000000003,73.068359375,73.0703125,N/A (GPTCache eviction path is CPU-only),5.340576171875e-05
FIFO,bursty,100000,0.4126,0.4277056358852227,181.0880000000072,0.0014998950064182,0.0033997930586338,0.0048005022108554,277996.3157149297,56,10000,5827,3,45,0.0,0.0,72.85546875,72.85546875,N/A (GPTCache eviction path is CPU-only),5.340576171875e-05
LFU,bursty,100000,0.2688,0.2425188549184744,95.69600000000048,0.0199005007743835,0.0467998906970024,0.0729998620226979,46783.49443440359,56,10000,7250,1,43,53.4,80.1,73.03515625,73.03515625,N/A (GPTCache eviction path is CPU-only),5.340576171875e-05
LRU,bursty,100000,0.4438,0.4358094843381624,159.83400000000717,0.001599546521902,0.0034002587199211,0.0053001567721366,290878.62932774314,56,10000,5512,4,46,0.0,0.0,72.8828125,72.8828125,N/A (GPTCache eviction path is CPU-only),5.340576171875e-05
FIFO,bursty,100000,0.412,0.4317421539209787,170.36200000000431,0.0015003606677055,0.0031053321436046,0.0041997991502285,330561.0298349802,56,10000,5832,1,43,0.0,0.0,72.94140625,72.94140625,N/A (GPTCache eviction path is CPU-only),5.340576171875e-05
Random,bursty,100000,0.4048,0.4152727719334416,175.82400000000624,0.0013001263141632,0.0073998235166072,0.0106999650597572,125908.11209365333,56,10000,5904,3,45,30.05,57.095,73.271484375,73.2734375,N/A (GPTCache eviction path is CPU-only),5.340576171875e-05
FIFO,bursty,100000,0.444,0.4364638774975726,160.0740000000072,0.001200009137392,0.003200490027666,0.0046994583681225,336354.91958957404,56,10000,5511,4,46,0.0,0.0,72.87109375,72.87109375,N/A (GPTCache eviction path is CPU-only),5.340576171875e-05
GDSF,bursty,100000,0.4496,0.583221636112036,215.8200000000112,0.0081001780927181,0.0286996597424149,0.0412003882229328,70183.66359794555,56,10000,5418,2,44,39.55,75.145,73.265625,73.265625,N/A (GPTCache eviction path is CPU-only),5.340576171875e-05
Random,bursty,100000,0.4435,0.4335463746618687,159.004000000007,0.0014002434909343,0.0072005204856395,0.0105001963675022,235607.3373653525,56,10000,5515,4,46,0.0,0.0,73.0859375,73.0859375,N/A (GPTCache eviction path is CPU-only),5.340576171875e-05
LFU,bursty,100000,0.2776,0.2708189207886218,100.2159999999993,0.0186997931450605,0.0443051801994442,0.0713011948391795,53977.43528462163,56,10000,7166,2,44,59.96666666666666,98.63,73.00390625,73.00390625,N/A (GPTCache eviction path is CPU-only),5.340576171875e-05
GDSF,bursty,50000,0.4063,0.4734421067255028,184.02600000000825,0.009399838745594,0.0260001979768276,0.0375011656433344,27426.47510125172,56,10000,5894,28,70,29.380000000000003,40.0,72.78125,72.78125,N/A (GPTCache eviction path is CPU-only),5.340576171875e-05
LRU,bursty,100000,0.3807,0.4050576175122257,168.09000000000603,0.0016000121831893,0.0034002587199211,0.0053998082876205,252905.88697902564,56,10000,6154,5,47,0.0,0.0,72.97265625,72.97265625,N/A (GPTCache eviction path is CPU-only),5.340576171875e-05
GDSF,bursty,100000,0.4261,0.5370647670963369,227.39000000001064,0.0081998296082019,0.028999987989664,0.0434997538104653,62914.76576323295,56,10000,5666,3,45,60.1,98.19,73.1328125,73.1328125,N/A (GPTCache eviction path is CPU-only),5.340576171875e-05
GDSF,bursty,50000,0.4176,0.5007243992397221,203.9120000000096,0.009200070053339,0.0280002132058143,0.060506109148264,28828.039323291505,56,10000,5782,27,69,24.95,47.405,73.17578125,73.17578125,N/A (GPTCache eviction path is CPU-only),5.340576171875e-05
LFU,bursty,100000,0.2749,0.2906868946862945,106.60999999999952,0.0104005448520183,0.0400003278627991,0.0643039029091597,61484.01502499251,56,10000,7198,4,46,66.83333333333333,100.69,73.14453125,73.14453125,N/A (GPTCache eviction path is CPU-only),5.340576171875e-05
Random,bursty,50000,0.4269,0.4184300169059292,165.82800000000583,0.0014002434909343,0.0066002830862998,0.0099014211446047,121235.3401082246,56,10000,5705,29,71,30.05,57.095,73.14453125,73.14453125,N/A (GPTCache eviction path is CPU-only),5.340576171875e-05
FIFO,bursty,100000,0.4669,0.4518410566329773,177.34400000000846,0.001399777829647,0.0033993273973464,0.0045001506805419,334384.4136157574,56,10000,5282,6,48,0.0,0.0,72.8828125,72.8828125,N/A (GPTCache eviction path is CPU-only),5.340576171875e-05
LRU,bursty,100000,0.4257,0.4206880628030191,171.26800000000563,0.0013993121683597,0.0033993506804108,0.0049001537263393,180198.3631973453,56,10000,5698,7,49,0.0,0.0,73.3359375,73.3359375,N/A (GPTCache eviction path is CPU-only),5.340576171875e-05
GDSF,bursty,100000,0.457,0.5618837797748601,206.072000000012,0.0078002922236919,0.0285999849438667,0.044901454821229,64556.27887596535,56,10000,5349,4,46,53.43333333333334,96.19,72.69921875,72.69921875,N/A (GPTCache eviction path is CPU-only),5.340576171875e-05
LRU,bursty,100000,0.4683,0.4523506211591334,177.54400000000854,0.001599546521902,0.0033001415431499,0.0047013815492391,182110.2212889665,56,10000,5267,6,48,0.0,0.0,73.03515625,73.03515625,N/A (GPTCache eviction path is CPU-only),5.340576171875e-05
LFU,bursty,100000,0.2637,0.2835798334411631,120.0660000000006,0.0122999772429466,0.0446997582912445,0.0780021259561181,42554.64019260549,56,10000,7300,3,45,39.9,76.05,73.0078125,73.0078125,N/A (GPTCache eviction path is CPU-only),5.340576171875e-05
LFU,bursty,100000,0.2572,0.3090718062162018,128.25800000000044,0.0188001431524753,0.0425053993239998,0.0752016436308622,48775.96710873512,56,10000,7374,5,47,67.0,100.74,73.140625,73.140625,N/A (GPTCache eviction path is CPU-only),5.340576171875e-05
FIFO,bursty,100000,0.3805,0.4042045602417198,167.73600000000602,0.0016000121831893,0.0033997930586338,0.0054012658074498,245763.64880417308,56,10000,6157,5,47,0.0,0.0,73.0390625,73.0390625,N/A (GPTCache eviction path is CPU-only),5.340576171875e-05
Random,bursty,100000,0.4267,0.4207322764630751,171.28600000000566,0.0013993121683597,0.0078002922236919,0.0111014256253838,206953.21332846663,56,10000,5688,7,49,0.0,0.0,72.78125,72.78125,N/A (GPTCache eviction path is CPU-only),5.340576171875e-05
FIFO,bursty,100000,0.4249,0.4200739841911316,171.01800000000563,0.0015003606677055,0.0033001415431499,0.0044000335037708,323213.51725794974,56,10000,5706,7,49,0.0,0.0,73.08984375,73.08984375,N/A (GPTCache eviction path is CPU-only),5.340576171875e-05
GDSF,bursty,100000,0.407,0.536563384082978,222.6620000000094,0.0094999559223651,0.0296999001875519,0.0451037660241127,48365.20756909483,56,10000,5856,5,47,42.16666666666666,66.41,72.85546875,72.85546875,N/A (GPTCache eviction path is CPU-only),5.340576171875e-05
FIFO,bursty,100000,0.4498,0.442485924856745,179.03600000000557,0.0011995434761047,0.0030999071896076,0.0043995678424835,376870.694285342,56,10000,5457,8,50,0.0,0.0,73.17578125,73.17578125,N/A (GPTCache eviction path is CPU-only),5.340576171875e-05
GDSF,bursty,100000,0.4251,0.545596464195895,215.2880000000087,0.0097001902759075,0.0310000032186508,0.1060154195874932,28462.1744470041,56,10000,5677,1,43,33.8,58.56999999999999,73.2265625,73.2265625,N/A (GPTCache eviction path is CPU-only),5.340576171875e-05
Random,bursty,100000,0.3828,0.4052793160119055,168.18200000000618,0.0016004778444766,0.0082995044067502,0.0126995192840695,133065.428791227,56,10000,6133,5,47,0.0,0.0,73.0703125,73.0703125,N/A (GPTCache eviction path is CPU-only),5.340576171875e-05
LRU,bursty,100000,0.4495,0.4415961879717137,178.67600000000547,0.0014994293451309,0.0033993273973464,0.0049011455848813,167829.16291295033,56,10000,5459,8,50,0.0,0.0,73.1328125,73.1328125,N/A (GPTCache eviction path is CPU-only),5.340576171875e-05
GDSF,bursty,100000,0.4715,0.5580037300123041,219.01200000001137,0.0069998204708099,0.027399999089539,0.0440023327246308,46121.80210573542,56,10000,5215,6,48,25.0,47.5,72.87109375,72.87109375,N/A (GPTCache eviction path is CPU-only),5.340576171875e-05
GDSF,bursty,100000,0.4493,0.5428307550219065,220.9940000000108,0.0080000609159469,0.0293999910354614,0.0410010805353522,56476.37136074997,56,10000,5429,7,49,61.36666666666667,117.61,72.97265625,72.97265625,N/A (GPTCache eviction path is CPU-only),5.340576171875e-05
Random,bursty,100000,0.4655,0.4498639462714917,176.56800000000817,0.001399777829647,0.0071004033088684,0.0100000761449337,89818.93389764229,56,10000,5301,6,48,21.5,40.85,73.2734375,73.2734375,N/A (GPTCache eviction path is CPU-only),5.340576171875e-05
Random,bursty,100000,0.4514,0.448061609336274,181.292000000006,0.0014994293451309,0.0073998235166072,0.0110013131052255,97003.84256037672,56,10000,5447,8,50,0.0,0.0,73.14453125,73.14453125,N/A (GPTCache eviction path is CPU-only),5.340576171875e-05
LFU,bursty,100000,0.2666,0.2431407419051937,98.98600000000106,0.0181999057531356,0.0447052065283059,0.0794033659622073,35853.78252347047,56,10000,7278,7,49,41.25,77.1,73.00390625,73.00390625,N/A (GPTCache eviction path is CPU-only),5.340576171875e-05
Random,bursty,100000,0.4298,0.4337782803165701,173.4020000000068,0.0014002434909343,0.0076997093856334,0.0120000913739204,191460.11385165405,56,10000,5652,10,52,0.0,0.0,72.85546875,72.85546875,N/A (GPTCache eviction path is CPU-only),5.340576171875e-05
LRU,bursty,100000,0.4311,0.4397220248756425,175.77800000000715,0.001599546521902,0.0034002587199211,0.0051013892516494,114431.40151585596,56,10000,5643,10,52,20.05,38.095,73.0390625,73.0390625,N/A (GPTCache eviction path is CPU-only),5.340576171875e-05
LFU,bursty,100000,0.2774,0.2361271057753804,92.67799999999995,0.010799616575241,0.0395001843571662,0.0732120918110015,36604.52073415329,56,10000,7175,6,48,35.5,67.45,72.94140625,72.94140625,N/A (GPTCache eviction path is CPU-only),5.340576171875e-05
Random,bursty,100000,0.4315,0.4321940010668136,168.52800000000744,0.0014002434909343,0.0074052484706043,0.0112000852823257,87195.51315230389,56,10000,5645,9,51,14.35,27.265,73.009765625,73.01171875,N/A (GPTCache eviction path is CPU-only),5.340576171875e-05
LFU,bursty,100000,0.2923,0.3044926769711065,123.20200000000004,0.0208998098969459,0.0440003350377082,0.0685011735185981,39913.1648706408,56,10000,7015,8,50,41.675,65.53999999999999,73.14453125,73.14453125,N/A (GPTCache eviction path is CPU-only),5.340576171875e-05
FIFO,bursty,100000,0.4301,0.4380559752643876,175.11200000000713,0.0014994293451309,0.0033997930586338,0.0049011502414942,269682.7996269044,56,10000,5654,10,52,0.0,0.0,72.78515625,72.78515625,N/A (GPTCache eviction path is CPU-only),5.340576171875e-05
LRU,bursty,100000,0.4353,0.4367126913134181,170.2900000000076,0.0014998950064182,0.0032996758818626,0.0044000335037708,316342.5729637363,56,10000,5598,9,51,0.0,0.0,73.3359375,73.3359375,N/A (GPTCache eviction path is CPU-only),5.340576171875e-05
FIFO,bursty,100000,0.4359,0.4378103073324572,170.71800000000766,0.0014998950064182,0.0034002587199211,0.0049001537263393,208374.57415335675,56,10000,5591,9,51,0.0,0.0,72.69921875,72.69921875,N/A (GPTCache eviction path is CPU-only),5.340576171875e-05
Random,bursty,100000,0.4518,0.4570591313448198,174.6880000000074,0.0014998950064182,0.0070994952693581,0.0097998417913913,131440.5896099447,56,10000,5437,11,53,20.05,38.095,72.87109375,72.87109375,N/A (GPTCache eviction path is CPU-only),5.340576171875e-05
GDSF,bursty,100000,0.4705,0.5725704004309955,231.6700000000108,0.0078999437391757,0.0296998769044876,0.0430016359314322,51631.87710343498,56,10000,5212,8,50,25.0,47.5,72.8828125,72.8828125,N/A (GPTCache eviction path is CPU-only),5.340576171875e-05
GDSF,bursty,100000,0.455,0.5688164211562545,221.80200000000943,0.0084005296230316,0.029199756681919,0.0411021988838911,42453.02042315014,56,10000,5368,9,51,52.475,109.60999999999996,73.140625,73.140625,N/A (GPTCache eviction path is CPU-only),5.340576171875e-05
LRU,bursty,100000,0.4538,0.4594400837257724,175.59800000000757,0.0014994293451309,0.0033001415431499,0.0044000381603837,321513.4287562513,56,10000,5422,11,53,0.0,0.0,73.2265625,73.2265625,N/A (GPTCache eviction path is CPU-only),5.340576171875e-05
LFU,bursty,100000,0.2632,0.2586988634031965,100.87599999999986,0.0159000046551227,0.0398000702261924,0.060404995456338,36757.286863251815,56,10000,7315,9,51,46.06666666666666,70.62,73.0546875,73.0546875,N/A (GPTCache eviction path is CPU-only),5.340576171875e-05
LFU,bursty,100000,0.2861,0.2888970051131915,115.48600000000044,0.0185002572834491,0.0439998693764209,0.0730995181947946,35083.816987922655,56,10000,7086,10,52,38.833333333333336,64.85,73.08984375,73.08984375,N/A (GPTCache eviction path is CPU-only),5.340576171875e-05
Random,bursty,100000,0.4178,0.4447894294518378,190.5300000000089,0.0014998950064182,0.0073001720011234,0.0108997384086251,135221.3842154634,56,10000,5775,12,54,24.8,47.12,72.859375,72.859375,N/A (GPTCache eviction path is CPU-only),5.340576171875e-05
GDSF,bursty,100000,0.4669,0.5806227106226854,221.91400000001232,0.0074002891778945,0.0274004414677619,0.0400008400902152,59520.86890586925,56,10000,5252,11,53,46.96666666666667,73.61,72.97265625,72.97265625,N/A (GPTCache eviction path is CPU-only),5.340576171875e-05
GDSF,bursty,100000,0.4416,0.5733635260061343,245.60600000001293,0.0077001750469207,0.0271997647359967,0.0395998358726501,70942.96689096422,56,10000,5503,12,54,41.55,78.945,73.0390625,73.0390625,N/A (GPTCache eviction path is CPU-only),5.340576171875e-05
FIFO,bursty,100000,0.4528,0.4577080062794089,174.9360000000074,0.0014998950064182,0.0033001415431499,0.0050002709031105,305986.3188948582,56,10000,5432,11,53,0.0,0.0,73.0703125,73.0703125,N/A (GPTCache eviction path is CPU-only),5.340576171875e-05
LRU,bursty,100000,0.4214,0.4209205862389422,167.43800000000638,0.0017001293599605,0.0036000274121761,0.0048014940693974,214917.41884166084,56,10000,5743,14,56,0.0,0.0,72.69921875,72.69921875,N/A (GPTCache eviction path is CPU-only),5.340576171875e-05
LRU,bursty,100000,0.4162,0.4411849845923739,188.9860000000088,0.0017001293599605,0.0037997961044311,0.0060997018590569,158794.18137900106,56,10000,5787,12,54,25.2,47.88,73.2734375,73.2734375,N/A (GPTCache eviction path is CPU-only),5.340576171875e-05
FIFO,bursty,100000,0.405,0.4126869222747251,163.0460000000049,0.0016996636986732,0.0036000274121761,0.0060000456869602,113646.3079288021,56,10000,5907,13,55,0.0,0.0,73.01171875,73.01171875,N/A (GPTCache eviction path is CPU-only),5.340576171875e-05
Random,bursty,100000,0.4196,0.4198798360943942,167.0240000000066,0.0015003606677055,0.0084054889157413,0.0124997459352016,159726.03700529764,56,10000,5761,14,56,0.0,0.0,73.140625,73.140625,N/A (GPTCache eviction path is CPU-only),5.340576171875e-05
LFU,bursty,100000,0.2744,0.3127416191987754,133.96600000000126,0.0114995054900646,0.0425053993239998,0.0698122940957548,47153.84126251101,56,10000,7201,12,54,38.4,72.0,73.00390625,73.00390625,N/A (GPTCache eviction path is CPU-only),5.340576171875e-05
LFU,bursty,100000,0.2998,0.3024856096284372,115.61000000000014,0.0121002085506916,0.0458001159131526,0.0717021944001317,38249.47455864784,56,10000,6945,11,53,46.93333333333334,81.28,73.1328125,73.1328125,N/A (GPTCache eviction path is CPU-only),5.340576171875e-05
Random,bursty,100000,0.4011,0.4041874639316894,159.68800000000465,0.0016996636986732,0.0082999467849731,0.013801334425807,48433.09256629297,56,10000,5942,13,55,11.2,30.24,72.78515625,72.78515625,N/A (GPTCache eviction path is CPU-only),5.340576171875e-05
LRU,bursty,100000,0.4169,0.4096515659637083,158.5540000000062,0.0017997808754444,0.0037997961044311,0.005899928510189,240094.8866689281,56,10000,5786,15,57,0.0,0.0,73.0546875,73.0546875,N/A (GPTCache eviction path is CPU-only),5.340576171875e-05
FIFO,bursty,100000,0.4215,0.4204731139545711,167.2600000000064,0.0016996636986732,0.0037001445889472,0.0056000426411628,242334.94356678653,56,10000,5743,14,56,0.0,0.0,72.87109375,72.87109375,N/A (GPTCache eviction path is CPU-only),5.340576171875e-05
LFU,bursty,100000,0.2529,0.2565631612517581,101.36400000000046,0.0127004459500312,0.0428999774158,0.0724010867998004,44199.93040171421,56,10000,7417,13,55,47.20000000000001,73.68,73.14453125,73.14453125,N/A (GPTCache eviction path is CPU-only),5.340576171875e-05
GDSF,bursty,100000,0.4578,0.5726257542251295,228.9060000000116,0.0070002861320972,0.0285999849438667,0.0421009678393602,70529.37237537188,56,10000,5337,10,52,62.0,117.8,73.177734375,73.1796875,N/A (GPTCache eviction path is CPU-only),5.340576171875e-05
LRU,bursty,100000,0.4059,0.4124388737584601,162.94800000000487,0.0018002465367317,0.0039995647966861,0.0070002861320972,121146.92161776798,56,10000,5898,13,55,0.0,0.0,72.94140625,72.94140625,N/A (GPTCache eviction path is CPU-only),5.340576171875e-05
GDSF,bursty,100000,0.4162,0.5338409047189631,210.91200000000933,0.0100999604910612,0.0318049918860196,0.0510021531954408,48620.4198465786,56,10000,5767,13,55,47.4,93.57999999999998,73.3359375,73.3359375,N/A (GPTCache eviction path is CPU-only),5.340576171875e-05
Random,bursty,100000,0.4159,0.4076207995948531,157.76800000000617,0.001599546521902,0.0081001780927181,0.0126999849453568,195885.2356082683,56,10000,5795,15,57,0.0,0.0,72.97265625,72.97265625,N/A (GPTCache eviction path is CPU-only),5.340576171875e-05
FIFO,bursty,100000,0.4173,0.4093725293634078,158.44600000000628,0.0016996636986732,0.0037001445889472,0.0057998159900307,254504.73227154533,56,10000,5783,15,57,0.0,0.0,73.08984375,73.08984375,N/A (GPTCache eviction path is CPU-only),5.340576171875e-05
FIFO,bursty,100000,0.4167,0.4412083294424999,188.9960000000088,0.0016000121831893,0.0034002587199211,0.0050012627616524,104074.95027578447,56,10000,5783,12,54,0.0,0.0,73.1484375,73.1484375,N/A (GPTCache eviction path is CPU-only),5.340576171875e-05
FIFO,bursty,100000,0.4319,0.4143535614639408,161.5780000000042,0.0016000121831893,0.0038999132812023,0.0062008155509829,200960.9955927772,56,10000,5636,16,58,0.0,0.0,72.69921875,72.69921875,N/A (GPTCache eviction path is CPU-only),5.340576171875e-05
LRU,bursty,100000,0.3882,0.3896149608226908,152.75400000000386,0.0016004778444766,0.0036004930734634,0.0052005751058459,180085.4325088371,56,10000,6072,17,59,0.0,0.0,73.00390625,73.00390625,N/A (GPTCache eviction path is CPU-only),5.340576171875e-05
FIFO,bursty,100000,0.3888,0.3911351207965728,153.35000000000397,0.0016004778444766,0.0037001445889472,0.0058002769947052,231842.12401692927,56,10000,6064,17,59,0.0,0.0,73.1328125,73.1328125,N/A (GPTCache eviction path is CPU-only),5.340576171875e-05
Random,bursty,100000,0.3864,0.3891048400260867,152.554000000004,0.0016004778444766,0.0085001811385154,0.0127996364608407,204368.1663784808,56,10000,6086,17,59,0.0,0.0,73.0546875,73.0546875,N/A (GPTCache eviction path is CPU-only),5.340576171875e-05
LRU,bursty,100000,0.4455,0.4509784858122803,194.82000000000988,0.0016000121831893,0.0036000274121761,0.0047003850340843,246809.98089923305,56,10000,5497,18,60,0.0,0.0,73.14453125,73.14453125,N/A (GPTCache eviction path is CPU-only),5.340576171875e-05
LFU,bursty,100000,0.2608,0.2336001405517438,90.4139999999998,0.0213994644582271,0.0463002361357212,0.0794054474681617,42750.97387211188,56,10000,7338,15,57,52.425,93.33499999999998,72.859375,72.859375,N/A (GPTCache eviction path is CPU-only),5.340576171875e-05
GDSF,bursty,100000,0.436,0.5336523307306837,206.54800000001003,0.0077998265624046,0.0292002223432064,0.0433015171438456,42016.50660036214,56,10000,5553,15,57,31.100000000000005,57.41,73.0390625,73.0390625,N/A (GPTCache eviction path is CPU-only),5.340576171875e-05
LFU,bursty,100000,0.2668,0.2588048970562096,102.95000000000044,0.0167998950928449,0.04620011895895,0.0745102949440481,51781.94627347428,56,10000,7275,14,56,51.0,86.82,72.8828125,72.8828125,N/A (GPTCache eviction path is CPU-only),5.340576171875e-05
LRU,bursty,100000,0.4309,0.4129585179714085,161.0340000000042,0.0016996636986732,0.0037997961044311,0.0061001628637313,105672.2764941999,56,10000,5645,16,58,0.0,0.0,73.0703125,73.0703125,N/A (GPTCache eviction path is CPU-only),5.340576171875e-05
GDSF,bursty,100000,0.4307,0.5218898736254386,203.51200000000915,0.0088000670075416,0.0292998971417546,0.0427012098953128,63316.70635266173,56,10000,5625,16,58,41.55,78.945,73.140625,73.140625,N/A (GPTCache eviction path is CPU-only),5.340576171875e-05
Random,bursty,100000,0.4427,0.4489553095644619,193.9460000000097,0.0014998950064182,0.0078002922236919,0.0120015442371368,164693.90861423957,56,10000,5524,18,60,97.7,97.7,73.3359375,73.3359375,N/A (GPTCache eviction path is CPU-only),5.340576171875e-05
LRU,bursty,100000,0.3738,0.3868014019391185,154.94800000000367,0.0017997808754444,0.0038002617657184,0.0065998220816254,211148.20347152904,56,10000,6215,19,61,97.7,97.7,72.97265625,72.97265625,N/A (GPTCache eviction path is CPU-only),5.340576171875e-05
GDSF,bursty,100000,0.414,0.5384733104798884,211.1160000000096,0.0093001872301101,0.0308998860418796,0.0472033536061645,54177.3734039218,56,10000,5779,17,59,40.06666666666667,60.1,72.87109375,72.87109375,N/A (GPTCache eviction path is CPU-only),5.340576171875e-05
Random,bursty,100000,0.4295,0.4125584687345794,160.8780000000042,0.0016000121831893,0.0077998265624046,0.0118995131924748,82334.34328596409,56,10000,5657,16,58,0.0,0.0,73.01171875,73.01171875,N/A (GPTCache eviction path is CPU-only),5.340576171875e-05
Random,bursty,100000,0.3763,0.3886586717524927,155.69200000000367,0.0017001293599605,0.0093001872301101,0.0170008977875113,140871.657215577,56,10000,6187,19,61,0.0,0.0,73.00390625,73.00390625,N/A (GPTCache eviction path is CPU-only),5.340576171875e-05
GDSF,bursty,100000,0.4565,0.5510076528840412,238.0320000000125,0.0077001750469207,0.0291050877422093,0.0429019704461098,62282.63352724663,56,10000,5359,18,60,99.25,100.645,73.08984375,73.08984375,N/A (GPTCache eviction path is CPU-only),5.340576171875e-05
FIFO,bursty,100000,0.4467,0.4430075890482819,178.27600000000592,0.0015003606677055,0.0037001445889472,0.0056996941566467,217583.8170147808,56,10000,5477,20,62,0.0,0.0,73.14453125,73.14453125,N/A (GPTCache eviction path is CPU-only),5.340576171875e-05
LRU,bursty,100000,0.4463,0.442411200182862,178.03600000000586,0.0016996636986732,0.0037997961044311,0.0054012658074498,210326.1728846315,56,10000,5480,20,62,0.0,0.0,73.05859375,73.05859375,N/A (GPTCache eviction path is CPU-only),5.340576171875e-05
Random,bursty,100000,0.4428,0.4367007767964663,175.73800000000548,0.001399777829647,0.0083996215835213,0.0123996334150433,214995.50643455665,56,10000,5517,20,62,0.0,0.0,73.0390625,73.0390625,N/A (GPTCache eviction path is CPU-only),5.340576171875e-05
FIFO,bursty,100000,0.4082,0.4021874475881359,158.2680000000054,0.0016000121831893,0.0034002587199211,0.0046002678573131,266831.03434436664,56,10000,5873,21,63,0.0,0.0,73.140625,73.140625,N/A (GPTCache eviction path is CPU-only),5.340576171875e-05
FIFO,bursty,100000,0.3747,0.3877300368458056,155.3200000000037,0.0009997747838497,0.0025055371224879,0.0038002617657184,453492.11288325046,56,10000,6207,19,61,0.0,0.0,73.1484375,73.1484375,N/A (GPTCache eviction path is CPU-only),5.340576171875e-05
LFU,bursty,100000,0.2387,0.2582653499355694,103.4580000000006,0.0121998600661754,0.0458001159131526,0.0816998118534684,39446.20682111391,56,10000,7558,19,61,43.225,90.33499999999998,72.6943359375,72.69921875,N/A (GPTCache eviction path is CPU-only),5.340576171875e-05
GDSF,bursty,100000,0.3937,0.5135201254156044,205.71000000000743,0.010400079190731,0.0327001325786113,0.0492014503106475,44601.899016897085,56,10000,5985,19,61,53.26666666666667,95.74,73.1171875,73.1328125,N/A (GPTCache eviction path is CPU-only),5.340576171875e-05
Random,bursty,100000,0.4049,0.3995192087782211,157.21800000000525,0.0016004778444766,0.0082002952694892,0.0116997445002198,203183.06486961333,56,10000,5907,21,63,0.0,0.0,72.97265625,72.97265625,N/A (GPTCache eviction path is CPU-only),5.340576171875e-05
LFU,bursty,100000,0.3027,0.301106798336044,121.17199999999988,0.0120997428894042,0.049899355508387,0.0744011020287871,45260.235023574,56,10000,6909,20,62,53.4,80.1,72.84375,72.859375,N/A (GPTCache eviction path is CPU-only),5.340576171875e-05
FIFO,bursty,100000,0.493,0.510181479758007,219.27600000001323,0.0014994293451309,0.0036000274121761,0.0056992331519722,295671.6653985158,56,10000,5027,22,64,0.0,0.0,73.00390625,73.00390625,N/A (GPTCache eviction path is CPU-only),5.340576171875e-05
Random,bursty,100000,0.4912,0.5088832014890449,218.7180000000133,0.001200009137392,0.0076997093856334,0.0109001994132995,256356.35473505192,56,10000,5047,22,64,0.0,0.0,73.14453125,73.14453125,N/A (GPTCache eviction path is CPU-only),5.340576171875e-05
GDSF,bursty,100000,0.4154,0.516088209433847,203.0900000000109,0.0091004185378551,0.0295997597277164,0.0445045297965408,57596.48702685775,56,10000,5769,21,63,29.65,56.335,72.87109375,72.87109375,N/A (GPTCache eviction path is CPU-only),5.340576171875e-05
GDSF,bursty,100000,0.4405,0.5378013524723814,213.93200000001104,0.0082997139543294,0.0287001021206378,0.0429009785875678,45470.41884291566,56,10000,5517,14,56,36.16666666666666,74.92999999999999,73.2265625,73.2265625,N/A (GPTCache eviction path is CPU-only),5.340576171875e-05
LFU,bursty,100000,0.2894,0.2816057630429764,121.65199999999984,0.0173002481460571,0.0481049995869397,0.0865053059533239,21573.49292609073,56,10000,7047,18,60,31.0,70.05999999999999,72.94140625,72.94140625,N/A (GPTCache eviction path is CPU-only),5.340576171875e-05
FIFO,bursty,100000,0.4434,0.4509117186558817,187.1960000000089,0.0013001263141632,0.0032996758818626,0.0045993411913514,308794.4684316184,56,10000,5520,23,65,0.0,0.0,73.140625,73.140625,N/A (GPTCache eviction path is CPU-only),5.340576171875e-05
LFU,bursty,100000,0.2576,0.2502045649753973,98.45999999999918,0.018799677491188,0.0435002148151397,0.0652010319754481,49448.18304209464,56,10000,7368,21,63,59.76666666666667,98.09,73.3359375,73.3359375,N/A (GPTCache eviction path is CPU-only),5.340576171875e-05
Random,bursty,100000,0.4434,0.448396964952401,186.1520000000088,0.0014002434909343,0.0078002922236919,0.0110999727621674,219889.43926004853,56,10000,5522,23,65,0.0,0.0,72.6796875,72.6796875,N/A (GPTCache eviction path is CPU-only),5.340576171875e-05
LRU,bursty,100000,0.4021,0.3898567761184213,147.91400000000235,0.0016996636986732,0.0038999132812023,0.0064997049048542,215803.27378521152,56,10000,5935,24,66,0.0,0.0,72.97265625,72.97265625,N/A (GPTCache eviction path is CPU-only),5.340576171875e-05
LFU,bursty,100000,0.2974,0.3259050721265403,140.074000000001,0.0163002405315637,0.0452999956905841,0.0694008311256766,53450.92536850686,56,10000,6966,22,64,89.73333333333333,118.2,73.08984375,73.08984375,N/A (GPTCache eviction path is CPU-only),5.340576171875e-05
LRU,bursty,100000,0.4436,0.4513501144164501,187.37800000000885,0.0017997808754444,0.0040000304579734,0.0072000548243522,46791.55017960455,56,10000,5517,23,65,13.866666666666667,24.16,73.04296875,73.04296875,N/A (GPTCache eviction path is CPU-only),5.340576171875e-05
GDSF,bursty,100000,0.4585,0.5440756221081083,218.94800000001152,0.0073001720011234,0.0291050644591449,0.0430010911077261,69100.23895350262,56,10000,5336,20,62,0.0,0.0,72.8828125,72.8828125,N/A (GPTCache eviction path is CPU-only),5.340576171875e-05
LRU,bursty,100000,0.4076,0.4009676812750319,157.7880000000053,0.0018002465367317,0.0040000304579734,0.0078008277341723,78454.81669224039,56,10000,5879,21,63,18.75,35.625,73.0703125,73.0703125,N/A (GPTCache eviction path is CPU-only),5.340576171875e-05
FIFO,bursty,100000,0.4473,0.4526868428727949,195.5580000000099,0.0009005889296531,0.002400018274784,0.0034999102354049,73148.18079242425,56,10000,5479,18,60,0.0,0.0,73.1796875,73.1796875,N/A (GPTCache eviction path is CPU-only),5.340576171875e-05
FIFO,bursty,100000,0.4016,0.3893718075095959,147.73000000000232,0.0017001293599605,0.0037997961044311,0.0062999315559864,257025.79809421967,56,10000,5941,24,66,0.0,0.0,72.8359375,72.8359375,N/A (GPTCache eviction path is CPU-only),5.340576171875e-05
LFU,bursty,100000,0.2767,0.2658737485638971,103.67800000000008,0.0209999270737171,0.0510051613673567,0.0935031287372112,14498.849435126567,56,10000,7173,16,58,22.785714285714285,43.44999999999998,73.2734375,73.2734375,N/A (GPTCache eviction path is CPU-only),5.340576171875e-05
Random,bursty,100000,0.4002,0.3874372044722163,146.9960000000022,0.0016000121831893,0.0080000609159469,0.0118003226816654,189389.9935125385,56,10000,5950,24,66,0.0,0.0,73.1484375,73.1484375,N/A (GPTCache eviction path is CPU-only),5.340576171875e-05
GDSF,bursty,100000,0.4677,0.5924027459953909,245.93600000001223,0.0086999498307704,0.0315001234412193,0.0465000094845891,55056.10487979933,56,10000,5240,23,65,66.46666666666667,100.1,73.109375,73.109375,N/A (GPTCache eviction path is CPU-only),5.340576171875e-05
Random,bursty,100000,0.4507,0.4650970253311385,192.12600000000995,0.001599546521902,0.0085998326539993,0.013299286365509,186569.94969002003,56,10000,5445,25,67,0.0,0.0,73.3359375,73.3359375,N/A (GPTCache eviction path is CPU-only),5.340576171875e-05
LRU,bursty,100000,0.454,0.4515606431494928,177.83000000000698,0.0016000121831893,0.0038999132812023,0.0074008200317621,225974.91138506576,56,10000,5403,26,68,0.0,0.0,72.97265625,72.97265625,N/A (GPTCache eviction path is CPU-only),5.340576171875e-05
LRU,bursty,100000,0.4934,0.5107398790134747,219.5160000000133,0.0015003606677055,0.0040000304579734,0.0071009388193488,58027.73037594422,56,10000,5023,22,64,0.0,0.0,73.01171875,73.01171875,N/A (GPTCache eviction path is CPU-only),5.340576171875e-05
LFU,bursty,100000,0.2704,0.2758019098922339,108.1320000000004,0.0212001614272594,0.052805384621024,0.0926015479490161,13519.091050001289,56,10000,7237,17,59,23.5,39.78,72.78515625,72.78515625,N/A (GPTCache eviction path is CPU-only),5.340576171875e-05
GDSF,bursty,100000,0.4249,0.5315255952725793,201.66400000001084,0.0090003013610839,0.0314000062644481,0.0566998496651649,54339.556992875965,56,10000,5675,24,66,58.6,97.74,72.87109375,72.87109375,N/A (GPTCache eviction path is CPU-only),5.340576171875e-05
Random,bursty,100000,0.4468,0.4523296188431958,184.2040000000086,0.0015003606677055,0.0080000609159469,0.0125998677685856,190464.5819965049,56,10000,5486,27,69,0.0,0.0,73.1484375,73.1484375,N/A (GPTCache eviction path is CPU-only),5.340576171875e-05
FIFO,bursty,100000,0.4486,0.4523738194747735,184.2220000000085,0.001599546521902,0.0036000274121761,0.0052000395953655,232592.21628634905,56,10000,5471,27,69,97.7,97.7,72.8359375,72.8359375,N/A (GPTCache eviction path is CPU-only),5.340576171875e-05
LFU,bursty,100000,0.2605,0.2243243385713212,85.11000000000026,0.018400140106678,0.0446997582912445,0.0780011247843504,46003.2809511317,56,10000,7345,24,66,51.9,79.64999999999999,73.00390625,73.00390625,N/A (GPTCache eviction path is CPU-only),5.340576171875e-05
GDSF,bursty,100000,0.4654,0.5865190952048632,242.28400000001253,0.0085998326539993,0.0328056747093796,0.0502071483060719,59845.801374154784,56,10000,5264,25,67,53.4,80.1,72.68359375,72.68359375,N/A (GPTCache eviction path is CPU-only),5.340576171875e-05
LFU,bursty,100000,0.2872,0.3166443953830323,130.80200000000008,0.0202003866434097,0.0478001311421394,0.082613932900131,47120.55697707979,56,10000,7069,25,67,73.46666666666667,118.2,73.140625,73.140625,N/A (GPTCache eviction path is CPU-only),5.340576171875e-05
GDSF,bursty,100000,0.5069,0.6145463006049046,264.1320000000143,0.0069998204708099,0.0301999971270561,0.0459994236007332,68036.69896121157,56,10000,4851,22,64,0.0,0.0,73.05859375,73.05859375,N/A (GPTCache eviction path is CPU-only),5.340576171875e-05
FIFO,bursty,100000,0.4436,0.4283068088850217,166.48200000000713,0.001599546521902,0.0034994445741176,0.004601264372468,301589.07094115706,56,10000,5520,28,70,0.0,0.0,72.97265625,72.97265625,N/A (GPTCache eviction path is CPU-only),5.340576171875e-05
FIFO,bursty,100000,0.4536,0.4502046661858657,177.29600000000698,0.0016000121831893,0.0034002587199211,0.0045001506805419,252457.03971382265,56,10000,5410,26,68,0.0,0.0,73.08984375,73.08984375,N/A (GPTCache eviction path is CPU-only),5.340576171875e-05
GDSF,bursty,100000,0.4683,0.5762387226999441,234.6640000000128,0.0084000639617443,0.031299889087677,0.0527008157223463,58282.156677786144,56,10000,5242,27,69,64.16666666666667,120.05,73.109375,73.109375,N/A (GPTCache eviction path is CPU-only),5.340576171875e-05
LRU,bursty,100000,0.4484,0.4522117504923211,184.1560000000085,0.0017001293599605,0.0038999132812023,0.0061001628637313,78781.65760922001,56,10000,5473,27,69,7.15,13.585,73.1796875,73.1796875,N/A (GPTCache eviction path is CPU-only),5.340576171875e-05
LRU,bursty,100000,0.4579,0.4494511872019117,178.12200000000792,0.001599546521902,0.0036996789276599,0.0052000395953655,267316.066629538,56,10000,5369,29,71,0.0,0.0,73.1484375,73.1484375,N/A (GPTCache eviction path is CPU-only),5.340576171875e-05
LRU,bursty,100000,0.4502,0.4662251142613421,192.59200000001,0.0016000121831893,0.0039003789424896,0.0066999346017837,91275.43703224542,56,10000,5445,25,67,0.0,0.0,73.2265625,73.2265625,N/A (GPTCache eviction path is CPU-only),5.340576171875e-05
FIFO,bursty,100000,0.4576,0.4492896974590337,178.05800000000795,0.0014998950064182,0.0036000274121761,0.0048014940693974,217799.91586114737,56,10000,5371,29,71,0.0,0.0,72.8359375,72.8359375,N/A (GPTCache eviction path is CPU-only),5.340576171875e-05
LFU,bursty,100000,0.2982,0.3103358963159763,122.21400000000024,0.0184499658644199,0.0482997857034206,0.084505369886756,31748.11806071776,56,10000,6955,26,68,48.92,100.0,73.04296875,73.04296875,N/A (GPTCache eviction path is CPU-only),5.340576171875e-05
LRU,bursty,100000,0.445,0.4303443804701597,167.2740000000072,0.001599546521902,0.0034002587199211,0.0044996896758675,291324.3593623422,56,10000,5505,28,70,0.0,0.0,73.3359375,73.3359375,N/A (GPTCache eviction path is CPU-only),5.340576171875e-05
Random,bursty,100000,0.4516,0.4477669547905797,176.33600000000652,0.0015003606677055,0.0078052515164016,0.0110999681055545,193020.75567315915,56,10000,5432,26,68,14.3,14.3,72.9609375,72.9609375,N/A (GPTCache eviction path is CPU-only),5.340576171875e-05
FIFO,bursty,100000,0.4506,0.466380044929868,192.65600000001,0.0016000121831893,0.0040000304579734,0.0073007121682167,131861.0601573649,56,10000,5442,25,67,12.6,23.94,72.94140625,72.94140625,N/A (GPTCache eviction path is CPU-only),5.340576171875e-05
Random,bursty,100000,0.4565,0.4498195856778516,178.26800000000767,0.0014998950064182,0.0086994841694831,0.0129002146422863,173883.71054712532,56,10000,5385,29,71,0.0,0.0,72.68359375,72.68359375,N/A (GPTCache eviction path is CPU-only),5.340576171875e-05
FIFO,bursty,250000,0.484,0.4713982773516001,180.06000000000907,0.0014998950064182,0.0034999102354049,0.0045993411913514,292287.41325411765,56,10000,5038,0,42,0.0,0.0,72.97265625,72.97265625,N/A (GPTCache eviction path is CPU-only),5.340576171875e-05
GDSF,bursty,100000,0.4546,0.5468512830011717,212.5600000000111,0.0087996013462543,0.030899909324944,0.0454036518931389,59077.14405029607,56,10000,5379,28,70,67.0,100.74,72.87109375,72.87109375,N/A (GPTCache eviction path is CPU-only),5.340576171875e-05
LRU,bursty,250000,0.4857,0.4711469487132251,179.96400000000898,0.001599546521902,0.0037001445889472,0.0049011455848813,231795.908468296,56,10000,5016,0,42,0.0,0.0,73.05859375,73.05859375,N/A (GPTCache eviction path is CPU-only),5.340576171875e-05
GDSF,bursty,100000,0.4705,0.578997084903424,228.01600000001147,0.006900168955326,0.0279997708275914,0.0415011961013079,77841.54732354998,56,10000,5217,26,68,50.1,95.19,73.0703125,73.0703125,N/A (GPTCache eviction path is CPU-only),5.340576171875e-05
LFU,bursty,100000,0.3096,0.2818551134212826,111.702,0.0189002603292465,0.0507999211549758,0.0773012405261397,47381.238908430845,56,10000,6841,29,71,55.4,96.38,73.00390625,73.00390625,N/A (GPTCache eviction path is CPU-only),5.340576171875e-05
Random,bursty,100000,0.4417,0.4271593885226838,166.03600000000708,0.001599546521902,0.0084997154772281,0.013300753198564,159450.7244170725,56,10000,5535,28,70,0.0,0.0,72.78515625,72.78515625,N/A (GPTCache eviction path is CPU-only),5.340576171875e-05
LFU,bursty,100000,0.3052,0.3047633547296805,124.10999999999926,0.0202995724976062,0.0495999120175838,0.094603025354445,20782.23501784955,56,10000,6890,27,69,34.260000000000005,70.47999999999999,73.2734375,73.2734375,N/A (GPTCache eviction path is CPU-only),5.340576171875e-05
GDSF,bursty,100000,0.4727,0.5622921450379446,222.8420000000107,0.0084000639617443,0.0311993295326828,0.0467042392119766,52192.52992172524,56,10000,5188,29,71,46.73333333333333,78.1,73.140625,73.140625,N/A (GPTCache eviction path is CPU-only),5.340576171875e-05
LRU,bursty,250000,0.499,0.512544603032977,202.24600000000925,0.0014998950064182,0.0037997961044311,0.0052000442519783,271315.9358966338,56,10000,4889,1,43,0.0,0.0,73.1484375,73.1484375,N/A (GPTCache eviction path is CPU-only),5.340576171875e-05
LRU,bursty,250000,0.5176,0.5244779055689768,194.0820000000108,0.001200009137392,0.0040000304579734,0.0056000426411628,229220.0561423165,56,10000,4708,2,44,0.0,0.0,72.96484375,72.96484375,N/A (GPTCache eviction path is CPU-only),5.340576171875e-05
FIFO,bursty,250000,0.5188,0.5259858180560065,194.6400000000112,0.0005997717380523,0.0026002526283264,0.0040000304579734,490824.0455650916,56,10000,4698,2,44,0.0,0.0,72.94140625,72.94140625,N/A (GPTCache eviction path is CPU-only),5.340576171875e-05
FIFO,bursty,250000,0.5018,0.5155859553984937,218.29600000001304,0.0007003545761108,0.0030002556741237,0.0042999163269996,305098.50231652154,56,10000,4862,3,45,0.0,0.0,73.0703125,73.0703125,N/A (GPTCache eviction path is CPU-only),5.340576171875e-05
LFU,bursty,100000,0.2771,0.2996699987955855,124.40800000000031,0.0139004550874233,0.0529000535607337,0.1417062617838384,15194.367869160762,56,10000,7161,23,65,32.93333333333333,87.55000000000001,73.1484375,73.1484375,N/A (GPTCache eviction path is CPU-only),5.340576171875e-05
Random,bursty,250000,0.5009,0.5164422998945454,203.78400000000937,0.0014002434909343,0.0116997398436069,0.0205022655427456,45407.01257244435,56,10000,4878,1,43,17.833333333333332,32.15,73.04296875,73.04296875,N/A (GPTCache eviction path is CPU-only),5.340576171875e-05
Random,bursty,250000,0.5152,0.5178949757868944,191.64600000001045,0.0008000060915946,0.0116997398436069,0.0189012568444013,108453.75329330096,56,10000,4731,2,44,0.0,0.0,72.97265625,72.97265625,N/A (GPTCache eviction path is CPU-only),5.340576171875e-05
Random,bursty,250000,0.4859,0.4720999031337299,180.3280000000092,0.0014002434909343,0.0114999711513519,0.0171000137925148,136999.06241529598,56,10000,5021,0,42,0.0,0.0,73.109375,73.109375,N/A (GPTCache eviction path is CPU-only),5.340576171875e-05
FIFO,bursty,250000,0.5021,0.5160824345146091,203.6420000000096,0.0005997717380523,0.0021997839212417,0.0028000213205814,536592.9568483526,56,10000,4860,1,43,0.0,0.0,73.2265625,73.2265625,N/A (GPTCache eviction path is CPU-only),5.340576171875e-05
Random,bursty,250000,0.5003,0.5109614212766118,216.3380000000128,0.0010998919606208,0.0117002055048942,0.0173012446612119,195773.2554120368,56,10000,4874,3,45,97.7,97.7,72.78515625,72.78515625,N/A (GPTCache eviction path is CPU-only),5.340576171875e-05
LRU,bursty,250000,0.5053,0.5182454167985137,219.4220000000132,0.0010998919606208,0.0036000274121761,0.0049001537263393,239936.46545745,56,10000,4825,3,45,0.0,0.0,73.05859375,73.05859375,N/A (GPTCache eviction path is CPU-only),5.340576171875e-05
GDSF,bursty,250000,0.5097,0.6898761682854365,263.51200000001506,0.0076997093856334,0.0334996962919831,0.0547062978148461,33850.52422794807,56,10000,4761,0,42,31.65,58.56999999999999,73.2197265625,73.2578125,N/A (GPTCache eviction path is CPU-only),5.340576171875e-05
GDSF,bursty,250000,0.5484,0.7504593998616,277.7060000000169,0.0074999406933784,0.0354997115209698,0.061101340688765,53766.15809911582,56,10000,4360,2,44,67.03333333333333,95.76,72.87109375,72.87109375,N/A (GPTCache eviction path is CPU-only),5.340576171875e-05
GDSF,bursty,250000,0.5246,0.7191934960667858,283.7880000000143,0.0069998204708099,0.0320052029564976,0.0472995499148964,61880.26919006692,56,10000,4612,1,43,0.0,0.0,73.3359375,73.3359375,N/A (GPTCache eviction path is CPU-only),5.340576171875e-05
LRU,bursty,250000,0.5289,0.5204279731262323,190.8680000000128,0.0009001232683658,0.0035003758966922,0.0045998068526387,293888.58823906805,56,10000,4593,4,46,0.0,0.0,73.140625,73.140625,N/A (GPTCache eviction path is CPU-only),5.340576171875e-05
FIFO,bursty,250000,0.53,0.5217749323793516,191.3620000000128,0.0006998889148235,0.0035995617508888,0.0048000365495681,309554.3987078041,56,10000,4583,4,46,0.0,0.0,73.1484375,73.1484375,N/A (GPTCache eviction path is CPU-only),5.340576171875e-05
LFU,bursty,100000,0.2986,0.2584319960483199,100.4520000000001,0.0220001675188541,0.0515999505296349,0.1248000236228108,18829.3315029184,56,10000,6954,28,70,27.15,44.605,73.01171875,73.01171875,N/A (GPTCache eviction path is CPU-only),5.340576171875e-05
LFU,bursty,250000,0.4106,0.3855175544793808,142.6600000000021,0.0022498425096273,0.0912052113562821,0.1652048621326686,26250.70156068913,56,10000,5768,2,44,62.08,100.2,72.68359375,72.68359375,N/A (GPTCache eviction path is CPU-only),5.340576171875e-05
Random,bursty,250000,0.5317,0.5255049733879885,192.73000000001247,0.0007003545761108,0.0118995085358619,0.0192001461982727,81420.42804009862,56,10000,4565,4,46,9.9,18.81,73.009765625,73.01171875,N/A (GPTCache eviction path is CPU-only),5.340576171875e-05
LFU,bursty,250000,0.3998,0.4014137235908281,153.32800000000427,0.0023995526134967,0.0888052163645624,0.1619047205895186,27856.7982279823,56,10000,5876,0,42,58.3,96.54,73.08984375,73.08984375,N/A (GPTCache eviction path is CPU-only),5.340576171875e-05
Random,bursty,250000,0.4703,0.4859823894278469,201.67200000001023,0.0009001232683658,0.009399396367371,0.0139996455982327,251723.6783234079,56,10000,5196,5,47,0.0,0.0,73.125,73.125,N/A (GPTCache eviction path is CPU-only),5.340576171875e-05
FIFO,bursty,250000,0.4699,0.4929032382439284,204.5440000000104,0.0016004778444766,0.0041001476347446,0.0069001736119389,116170.59863725195,56,10000,5187,5,47,30.05,57.095,73.04296875,73.04296875,N/A (GPTCache eviction path is CPU-only),5.340576171875e-05
LFU,bursty,250000,0.4091,0.3896683156272477,153.76000000000272,0.0023995526134967,0.0905995490029454,0.1551101310178639,29285.938549622508,56,10000,5780,1,43,68.24,100.68,72.8359375,72.8359375,N/A (GPTCache eviction path is CPU-only),5.340576171875e-05
FIFO,bursty,250000,0.5489,0.5318121133678978,208.73200000001404,0.0006998889148235,0.0036000274121761,0.0048000365495681,246778.30883622923,56,10000,4391,6,48,0.0,0.0,73.05859375,73.05859375,N/A (GPTCache eviction path is CPU-only),5.340576171875e-05
GDSF,bursty,250000,0.5274,0.702787474550854,297.5560000000159,0.0066999346017837,0.032299687154591,0.046000350266695,47248.127281188856,56,10000,4581,3,45,38.93333333333334,91.84,73.2734375,73.2734375,N/A (GPTCache eviction path is CPU-only),5.340576171875e-05
LFU,bursty,250000,0.4381,0.4483029404065678,164.41600000000747,0.0020000152289867,0.0893053133040665,0.1422019163146615,34358.05070054959,56,10000,5490,4,46,69.0,100.8,72.96484375,72.96484375,N/A (GPTCache eviction path is CPU-only),5.340576171875e-05
LFU,bursty,250000,0.4165,0.4542955261529172,192.34600000000864,0.0022994354367256,0.0939001329243183,0.1658120984211566,30902.70190718956,56,10000,5706,3,45,71.58,100.2,73.00390625,73.00390625,N/A (GPTCache eviction path is CPU-only),5.340576171875e-05
Random,bursty,250000,0.5511,0.5349204569774487,209.952000000014,0.0006998889148235,0.0113002024590969,0.0163000077009201,155520.99484601308,56,10000,4368,6,48,0.0,0.0,72.87109375,72.87109375,N/A (GPTCache eviction path is CPU-only),5.340576171875e-05
LRU,bursty,250000,0.5514,0.5323624430561464,208.94800000001413,0.0009001232683658,0.0036996789276599,0.0049001537263393,191180.4631967105,56,10000,4364,6,48,0.0,0.0,72.015625,72.015625,N/A (GPTCache eviction path is CPU-only),5.340576171875e-05
LRU,bursty,250000,0.4694,0.4932647031890579,204.6940000000104,0.0016000121831893,0.0040000304579734,0.0053998082876205,144611.48701929126,56,10000,5206,5,47,0.0,0.0,73.1484375,73.1484375,N/A (GPTCache eviction path is CPU-only),5.340576171875e-05
LRU,bursty,250000,0.5241,0.5245557755321383,213.5540000000125,0.001000240445137,0.0037997961044311,0.0052000395953655,288435.47057742387,56,10000,4645,7,49,0.0,0.0,73.140625,73.140625,N/A (GPTCache eviction path is CPU-only),5.340576171875e-05
Random,bursty,250000,0.5194,0.5186950092602824,211.168000000012,0.0008000060915946,0.0128000974655151,0.0201003439724445,167243.376946351,56,10000,4686,7,49,0.0,0.0,72.68359375,72.68359375,N/A (GPTCache eviction path is CPU-only),5.340576171875e-05
LFU,bursty,250000,0.4018,0.4657596306309927,193.2800000000084,0.002200249582529,0.0872001983225345,0.1488052774220706,30229.599845438363,56,10000,5862,5,47,57.1,85.535,72.97265625,72.97265625,N/A (GPTCache eviction path is CPU-only),5.340576171875e-05
GDSF,bursty,250000,0.5606,0.7420872960474301,272.16200000001675,0.0074002891778945,0.0348002649843692,0.0535028241574764,26567.121442794785,56,10000,4243,4,46,43.92,75.94,73.09140625,73.10546875,N/A (GPTCache eviction path is CPU-only),5.340576171875e-05
FIFO,bursty,250000,0.5212,0.5188079997248704,211.21400000001225,0.0006998889148235,0.0036000274121761,0.0047003850340843,317949.85909569013,56,10000,4668,7,49,0.0,0.0,73.1484375,73.1484375,N/A (GPTCache eviction path is CPU-only),5.340576171875e-05
Random,bursty,250000,0.5356,0.5320577142659162,215.2780000000117,0.0006998889148235,0.0118999741971492,0.0180997885763645,192933.9864982376,56,10000,4518,8,50,0.0,0.0,72.8359375,72.8359375,N/A (GPTCache eviction path is CPU-only),5.340576171875e-05
FIFO,bursty,250000,0.5178,0.5186492142300003,202.24000000001143,0.0007003545761108,0.0035995617508888,0.0048000365495681,321861.1331969231,56,10000,4707,9,51,0.0,0.0,72.96484375,72.96484375,N/A (GPTCache eviction path is CPU-only),5.340576171875e-05
LRU,bursty,250000,0.5174,0.5160744327273952,201.2360000000116,0.0010998919606208,0.0040000304579734,0.0064010452479124,104464.82653453069,56,10000,4708,9,51,19.8,37.62,73.2734375,73.2734375,N/A (GPTCache eviction path is CPU-only),5.340576171875e-05
LRU,bursty,250000,0.5361,0.5309900300038788,214.84600000001168,0.0009997747838497,0.0037997961044311,0.005199578590691,257765.1763088821,56,10000,4519,8,50,0.0,0.0,73.08984375,73.08984375,N/A (GPTCache eviction path is CPU-only),5.340576171875e-05
FIFO,bursty,250000,0.5347,0.5326755871027429,215.5280000000116,0.0006998889148235,0.0034999102354049,0.004699919372797,318748.46717555984,56,10000,4534,8,50,0.0,0.0,73.125,73.125,N/A (GPTCache eviction path is CPU-only),5.340576171875e-05
GDSF,bursty,250000,0.5132,0.7220720134560973,299.6440000000158,0.0078999437391757,0.0340999104082584,0.0581010896712541,32705.30428700068,56,10000,4719,5,47,33.625,69.255,73.2265625,73.2265625,N/A (GPTCache eviction path is CPU-only),5.340576171875e-05
GDSF,bursty,250000,0.5755,0.7308123477675665,286.8380000000167,0.0065001659095287,0.0325053464621304,0.05050303414464,66857.03090562092,56,10000,4100,6,48,0.0,0.0,73.3359375,73.3359375,N/A (GPTCache eviction path is CPU-only),5.340576171875e-05
LFU,bursty,250000,0.4456,0.3752229344801641,147.27200000000346,0.0020000152289867,0.0863000750541687,0.1406033663079143,24332.94872138111,56,10000,5411,6,48,47.31666666666666,96.15,73.2578125,73.2578125,N/A (GPTCache eviction path is CPU-only),5.340576171875e-05
GDSF,bursty,250000,0.5804,0.7522379354149494,304.36600000001584,0.0070999376475811,0.0338000245392322,0.0491012539714575,43921.389518171694,56,10000,4034,8,50,55.66666666666666,115.9,73.05859375,73.05859375,N/A (GPTCache eviction path is CPU-only),5.340576171875e-05
Random,bursty,250000,0.5217,0.5254554593574056,204.8940000000117,0.0007003545761108,0.0119053991511463,0.0193022610619664,81431.69962682307,56,10000,4659,9,51,12.5,23.75,72.87109375,72.87109375,N/A (GPTCache eviction path is CPU-only),5.340576171875e-05
Random,bursty,250000,0.5266,0.533341004833021,213.20200000001327,0.0008000060915946,0.0117998570203781,0.0188993336632847,152937.23614565036,56,10000,4605,10,52,0.0,0.0,72.97265625,72.97265625,N/A (GPTCache eviction path is CPU-only),5.340576171875e-05
FIFO,bursty,250000,0.5336,0.5372736787022294,205.3460000000124,0.0007003545761108,0.003899447619915,0.0053998129442334,187238.56843598245,56,10000,4555,11,53,97.7,97.7,72.8359375,72.8359375,N/A (GPTCache eviction path is CPU-only),5.340576171875e-05
FIFO,bursty,250000,0.5069,0.5272667849472211,225.8600000000149,0.0007003545761108,0.0035003758966922,0.0047013768926263,338466.74767024355,56,10000,4809,12,54,0.0,0.0,73.2265625,73.2265625,N/A (GPTCache eviction path is CPU-only),5.340576171875e-05
LRU,bursty,250000,0.5076,0.5294845457091972,226.8100000000151,0.0010998919606208,0.0036000274121761,0.0047013768926263,225030.6049716456,56,10000,4802,12,54,0.0,0.0,73.125,73.125,N/A (GPTCache eviction path is CPU-only),5.340576171875e-05
LRU,bursty,250000,0.5271,0.5324654532355154,212.8520000000136,0.0009001232683658,0.0036000274121761,0.0049001537263393,251111.16490017527,56,10000,4608,10,52,0.0,0.0,73.18359375,73.18359375,N/A (GPTCache eviction path is CPU-only),5.340576171875e-05
GDSF,bursty,250000,0.556,0.7444298551556747,290.28000000001487,0.005500391125679,0.0277003273367881,0.0442026415839792,80132.9565691218,56,10000,4283,9,51,35.85,68.115,72.322265625,72.33984375,N/A (GPTCache eviction path is CPU-only),5.340576171875e-05
FIFO,bursty,250000,0.5272,0.5308594414480888,212.21000000001328,0.0006998889148235,0.0035003758966922,0.0045998021960258,317011.46799009346,56,10000,4609,10,52,0.0,0.0,73.140625,73.140625,N/A (GPTCache eviction path is CPU-only),5.340576171875e-05
LRU,bursty,250000,0.5359,0.540931449502859,206.7440000000132,0.0009001232683658,0.0034999102354049,0.0045998021960258,309146.7255073457,56,10000,4532,11,53,0.0,0.0,73.1484375,73.1484375,N/A (GPTCache eviction path is CPU-only),5.340576171875e-05
LFU,bursty,250000,0.4357,0.4347402709742812,175.90200000000604,0.0020000152289867,0.086899846792221,0.143403927795589,22253.074886982584,56,10000,5513,8,50,45.78333333333333,83.1,73.04296875,73.04296875,N/A (GPTCache eviction path is CPU-only),5.340576171875e-05
GDSF,bursty,250000,0.557,0.7314358045568364,292.3900000000175,0.006700400263071,0.0330000184476375,0.0518031558021903,34882.65827040834,56,10000,4271,10,52,29.566666666666663,62.06999999999999,73.10546875,73.10546875,N/A (GPTCache eviction path is CPU-only),5.340576171875e-05
LFU,bursty,250000,0.443,0.4557171017740903,182.17200000000847,0.0020000152289867,0.0949003733694553,0.160506945103407,29009.23598697814,56,10000,5434,10,52,60.24,95.04,72.69453125,72.69921875,N/A (GPTCache eviction path is CPU-only),5.340576171875e-05
LRU,bursty,250000,0.4962,0.5012908647274732,198.0520000000102,0.0014998950064182,0.0036996789276599,0.0048000365495681,290174.6870322249,56,10000,4923,13,55,0.0,0.0,72.87109375,72.87109375,N/A (GPTCache eviction path is CPU-only),5.340576171875e-05
FIFO,bursty,250000,0.4932,0.4999595022830309,197.5260000000101,0.0014998950064182,0.0035995617508888,0.0053006876260042,311457.59143739345,56,10000,4952,13,55,0.0,0.0,72.97265625,72.97265625,N/A (GPTCache eviction path is CPU-only),5.340576171875e-05
GDSF,bursty,250000,0.5508,0.7119185289623703,289.8320000000157,0.0077998265624046,0.0378000549972057,0.0932017806917429,18904.692376423027,56,10000,4331,7,49,20.83333333333333,52.175,73.017578125,73.046875,N/A (GPTCache eviction path is CPU-only),5.340576171875e-05
LFU,bursty,250000,0.4185,0.4218230684009375,164.48400000000592,0.0021001324057579,0.086700078099966,0.1309027196839452,32317.152788491825,56,10000,5687,9,51,39.25,74.575,73.00390625,73.00390625,N/A (GPTCache eviction path is CPU-only),5.340576171875e-05
GDSF,bursty,250000,0.547,0.7398076384349266,316.9040000000178,0.0070999376475811,0.0330004841089248,0.045000109821558,53256.38854551931,56,10000,4373,12,54,46.73333333333333,78.1,73.09375,73.13671875,N/A (GPTCache eviction path is CPU-only),5.340576171875e-05
GDSF,bursty,250000,0.5636,0.7314965986394278,279.57800000001697,0.0069998204708099,0.0335998134687542,0.0501020299270749,51079.0969656854,56,10000,4212,11,53,33.4,58.1,73.08984375,73.08984375,N/A (GPTCache eviction path is CPU-only),5.340576171875e-05
LRU,bursty,250000,0.5111,0.5111943487769681,203.3480000000115,0.001000240445137,0.0037997961044311,0.0061001628637313,109526.50583809792,56,10000,4781,14,56,10.0,19.0,73.18359375,73.18359375,N/A (GPTCache eviction path is CPU-only),5.340576171875e-05
Random,bursty,250000,0.5338,0.5380638409209647,205.64800000001304,0.0007003545761108,0.0116997398436069,0.0189012615010142,74021.60089815444,56,10000,4554,11,53,14.2,26.98,73.30859375,73.30859375,N/A (GPTCache eviction path is CPU-only),5.340576171875e-05
Random,bursty,250000,0.5102,0.5106211820306943,203.1200000000112,0.0008000060915946,0.0117002055048942,0.0176001340150833,192004.9159354949,56,10000,4788,14,56,0.0,0.0,73.1484375,73.1484375,N/A (GPTCache eviction path is CPU-only),5.340576171875e-05
Random,bursty,250000,0.4919,0.497813123285147,196.67800000001003,0.0014994293451309,0.0117002055048942,0.0189012568444013,53620.13680757112,56,10000,4965,13,55,5.533333333333334,14.94,73.2265625,73.2265625,N/A (GPTCache eviction path is CPU-only),5.340576171875e-05
GDSF,bursty,250000,0.5277,0.7124307742150666,281.4700000000155,0.0073001720011234,0.0327993184328079,0.0470036594197154,61083.32498545239,56,10000,4582,13,55,40.05,76.09499999999998,73.125,73.125,N/A (GPTCache eviction path is CPU-only),5.340576171875e-05
FIFO,bursty,250000,0.5039,0.4956671816786404,191.8460000000113,0.0008000060915946,0.0036004930734634,0.0049001537263393,238348.90863282568,56,10000,4842,15,57,0.0,0.0,72.69921875,72.69921875,N/A (GPTCache eviction path is CPU-only),5.340576171875e-05
LFU,bursty,250000,0.4187,0.4530581753664911,194.0720000000101,0.002200249582529,0.0901003368198871,0.1381012378260493,32124.375278986805,56,10000,5684,12,54,65.1,97.185,73.37109375,73.37109375,N/A (GPTCache eviction path is CPU-only),5.340576171875e-05
Random,bursty,250000,0.5036,0.5256139695582951,225.15200000001448,0.001200009137392,0.0117998803034424,0.0196998007595539,57734.253726058654,56,10000,4845,12,54,31.100000000000005,57.41,73.26953125,73.29296875,N/A (GPTCache eviction path is CPU-only),5.340576171875e-05
LFU,bursty,250000,0.4295,0.4146572475143637,158.48200000000548,0.0021001324057579,0.0919001176953315,0.1530070044100286,31425.54107814771,56,10000,5573,11,53,68.12,100.2,72.96484375,72.96484375,N/A (GPTCache eviction path is CPU-only),5.340576171875e-05
FIFO,bursty,250000,0.513,0.4958866732315489,193.37200000001,0.0006998889148235,0.0033001415431499,0.0044014863669872,333663.6612677274,56,10000,4754,16,58,0.0,0.0,73.13671875,73.13671875,N/A (GPTCache eviction path is CPU-only),5.340576171875e-05
Random,bursty,250000,0.4982,0.4896058866387744,189.5000000000111,0.0013001263141632,0.0112000852823257,0.0170013587921858,139679.240426377,56,10000,4897,15,57,0.0,0.0,72.97265625,72.97265625,N/A (GPTCache eviction path is CPU-only),5.340576171875e-05
LFU,bursty,250000,0.4167,0.411471970995811,167.51600000000553,0.0021997839212417,0.0935998046770691,0.1757115172222259,13663.262875847347,56,10000,5700,7,49,31.88888888888889,84.16,73.04079861111111,73.046875,N/A (GPTCache eviction path is CPU-only),5.340576171875e-05
Random,bursty,250000,0.5121,0.4982510667979359,194.29400000000985,0.0008000060915946,0.0113998772576451,0.016999440267682,94919.43713861248,56,10000,4761,16,58,20.05,38.095,73.18359375,73.18359375,N/A (GPTCache eviction path is CPU-only),5.340576171875e-05
LRU,bursty,250000,0.4833,0.485538075416227,190.36200000000804,0.0016000121831893,0.0035003758966922,0.0046002678573131,185885.69899579583,56,10000,5052,17,59,0.0,0.0,73.1484375,73.1484375,N/A (GPTCache eviction path is CPU-only),5.340576171875e-05
LFU,bursty,250000,0.4005,0.4025169331078635,159.02800000000414,0.0023995526134967,0.090000219643116,0.1476051891222597,29090.54520171557,56,10000,5870,13,55,84.62,143.84,72.8359375,72.8359375,N/A (GPTCache eviction path is CPU-only),5.340576171875e-05
LFU,bursty,250000,0.4083,0.4201412805751479,167.12800000000564,0.0022999010980129,0.0852998346090316,0.1500112097710373,31730.09618816604,56,10000,5793,14,56,71.575,117.005,73.17578125,73.17578125,N/A (GPTCache eviction path is CPU-only),5.340576171875e-05
LRU,bursty,250000,0.5146,0.4976356064335839,194.05400000001,0.0010998919606208,0.0037001445889472,0.0048000365495681,238925.7912537029,56,10000,4736,16,58,0.0,0.0,73.00390625,73.00390625,N/A (GPTCache eviction path is CPU-only),5.340576171875e-05
FIFO,bursty,250000,0.5311,0.5376093186479233,232.2440000000144,0.0006998889148235,0.0036000274121761,0.004699919372797,259236.60076385507,56,10000,4572,18,60,0.0,0.0,72.96484375,72.96484375,N/A (GPTCache eviction path is CPU-only),5.340576171875e-05
Random,bursty,250000,0.4829,0.482824232778288,189.298000000007,0.0015003606677055,0.0116997398436069,0.0167010119184851,159490.1410056575,56,10000,5053,17,59,0.0,0.0,72.69921875,72.69921875,N/A (GPTCache eviction path is CPU-only),5.340576171875e-05
LFU,bursty,250000,0.4152,0.3930282188680125,152.1200000000048,0.002200249582529,0.0885999761521816,0.1471056090667845,28434.25360567916,56,10000,5717,15,57,85.16,118.74,72.87109375,72.87109375,N/A (GPTCache eviction path is CPU-only),5.340576171875e-05
Random,bursty,250000,0.5238,0.5312203410232331,229.4840000000137,0.0007003545761108,0.0113002024590969,0.017401366494596,163103.40034558132,56,10000,4647,18,60,0.0,0.0,72.98046875,72.98046875,N/A (GPTCache eviction path is CPU-only),5.340576171875e-05
GDSF,bursty,250000,0.5177,0.7216831945804408,282.9460000000163,0.0065998174250125,0.0310000032186508,0.0433009769767523,69323.7538184,56,10000,4673,17,59,62.0,117.8,73.37109375,73.37109375,N/A (GPTCache eviction path is CPU-only),5.340576171875e-05
FIFO,bursty,250000,0.4701,0.4774781071824154,191.27200000000929,0.0016000121831893,0.0038002617657184,0.0054999254643917,268496.01863320294,56,10000,5182,19,61,0.0,0.0,73.1484375,73.1484375,N/A (GPTCache eviction path is CPU-only),5.340576171875e-05
Random,bursty,250000,0.4746,0.4834243661816865,193.6540000000095,0.0016000121831893,0.0122999772429466,0.0196998007595539,165068.52836585324,56,10000,5134,19,61,0.0,0.0,73.17578125,73.17578125,N/A (GPTCache eviction path is CPU-only),5.340576171875e-05
LFU,bursty,250000,0.421,0.4111993270966361,160.34800000000487,0.0021997839212417,0.0896998913958668,0.137203112244606,30283.52041132856,56,10000,5661,16,58,63.96,100.2,73.125,73.125,N/A (GPTCache eviction path is CPU-only),5.340576171875e-05
LRU,bursty,250000,0.5336,0.5301549120077725,213.3460000000136,0.0009997747838497,0.0038002617657184,0.0052000395953655,290759.3757140837,56,10000,4531,20,62,0.0,0.0,72.96484375,72.96484375,N/A (GPTCache eviction path is CPU-only),5.340576171875e-05
FIFO,bursty,250000,0.5366,0.5333455924377696,214.630000000014,0.0006002373993396,0.0035003758966922,0.0048000365495681,329221.3563587776,56,10000,4501,20,62,0.0,0.0,72.70703125,72.70703125,N/A (GPTCache eviction path is CPU-only),5.340576171875e-05
FIFO,bursty,250000,0.511,0.5110284320872577,203.28200000001155,0.0008000060915946,0.0036996789276599,0.0048000365495681,78301.42308186452,56,10000,4782,14,56,0.0,0.0,72.38671875,72.390625,N/A (GPTCache eviction path is CPU-only),5.340576171875e-05
LFU,bursty,250000,0.423,0.4094316124760758,176.87200000000774,0.0020000152289867,0.0819997163489461,0.1319049578160048,35506.1562555315,56,10000,5644,18,60,65.1,97.185,73.13671875,73.13671875,N/A (GPTCache eviction path is CPU-only),5.340576171875e-05
LRU,bursty,250000,0.5022,0.493279868542734,190.9220000000112,0.0014000106602907,0.0036996789276599,0.0050012627616524,80246.3884440853,56,10000,4860,15,57,0.0,0.0,73.10546875,73.10546875,N/A (GPTCache eviction path is CPU-only),5.340576171875e-05
GDSF,bursty,250000,0.5477,0.7174137107518717,285.380000000017,0.0074999406933784,0.0331001356244087,0.0488039059564472,19869.58794808336,56,10000,4369,14,56,24.440000000000005,33.52,73.05703125,73.078125,N/A (GPTCache eviction path is CPU-only),5.340576171875e-05
LFU,bursty,250000,0.4077,0.4269302970943183,167.38400000000476,0.002200249582529,0.0913053052499889,0.1489008590579033,27089.736105865,56,10000,5787,17,59,67.92,100.0,73.125,73.125,N/A (GPTCache eviction path is CPU-only),5.340576171875e-05
GDSF,bursty,250000,0.5413,0.7221518889227309,279.5060000000168,0.0077001750469207,0.0343997962772846,0.0581030920147896,24935.983101971902,56,10000,4428,15,57,38.18,60.1,73.046875,73.046875,N/A (GPTCache eviction path is CPU-only),5.340576171875e-05
FIFO,bursty,250000,0.4981,0.4892787623437576,192.540000000012,0.001399777829647,0.0034999102354049,0.0045001506805419,238102.606584242,56,10000,4907,21,63,0.0,0.0,73.17578125,73.17578125,N/A (GPTCache eviction path is CPU-only),5.340576171875e-05
LRU,bursty,250000,0.4975,0.4891110444757063,192.4740000000121,0.0014998950064182,0.0036996789276599,0.0051003880798816,198754.60370302407,56,10000,4911,21,63,0.0,0.0,73.1484375,73.1484375,N/A (GPTCache eviction path is CPU-only),5.340576171875e-05
GDSF,bursty,250000,0.5623,0.7088479258091972,285.2560000000179,0.0056000426411628,0.0319001264870166,0.0509104970842602,62529.97543148712,56,10000,4222,20,62,40.06666666666666,76.1,73.37109375,73.37109375,N/A (GPTCache eviction path is CPU-only),5.340576171875e-05
FIFO,bursty,250000,0.4847,0.4864971025138438,190.7380000000081,0.0014998950064182,0.0037001445889472,0.0050999224185943,97401.4270662743,56,10000,5040,17,59,0.0,0.0,73.26171875,73.26171875,N/A (GPTCache eviction path is CPU-only),5.340576171875e-05
Random,bursty,250000,0.4986,0.4907729760773099,193.128000000012,0.0012996606528759,0.0115053961053489,0.0177002511918544,183114.63265377347,56,10000,4898,21,63,0.0,0.0,72.96484375,72.96484375,N/A (GPTCache eviction path is CPU-only),5.340576171875e-05
LFU,bursty,250000,0.3809,0.3955135950152964,158.438000000004,0.0023995526134967,0.0963998027145862,0.1699152449145916,29223.283133229343,56,10000,6066,19,61,92.8,100.68,72.8359375,72.8359375,N/A (GPTCache eviction path is CPU-only),5.340576171875e-05
FIFO,bursty,250000,0.5715,0.5898371335504687,253.5120000000167,0.0006002373993396,0.0034002587199211,0.0049001537263393,221039.903137364,56,10000,4162,22,64,0.0,0.0,73.13671875,73.13671875,N/A (GPTCache eviction path is CPU-only),5.340576171875e-05
GDSF,bursty,250000,0.5188,0.7080590976778335,278.6340000000162,0.0066999346017837,0.0302996486425399,0.0458021182566881,71484.63581090227,56,10000,4667,21,63,50.4,95.76,72.71484375,72.71484375,N/A (GPTCache eviction path is CPU-only),5.340576171875e-05
LRU,bursty,250000,0.5284,0.5326277679782384,230.0920000000144,0.001000240445137,0.0038999132812023,0.0054999254643917,91659.70053329236,56,10000,4597,18,60,16.6,31.540000000000003,73.34375,73.34375,N/A (GPTCache eviction path is CPU-only),5.340576171875e-05
LFU,bursty,250000,0.4461,0.4486136443832348,180.5320000000085,0.0020000152289867,0.0946050044149159,0.1609059469774366,32357.464569526983,56,10000,5398,20,62,66.6,100.125,72.87109375,72.87109375,N/A (GPTCache eviction path is CPU-only),5.340576171875e-05
GDSF,bursty,250000,0.5004,0.69018542742165,276.4800000000126,0.0074999406933784,0.0326000154018402,0.0461040018126369,66372.54790240614,56,10000,4841,19,61,0.0,0.0,73.0390625,73.0390625,N/A (GPTCache eviction path is CPU-only),5.340576171875e-05
FIFO,bursty,250000,0.5354,0.5400168613753823,224.1880000000133,0.0006002373993396,0.0032000243663787,0.0040004961192607,352056.8940076411,56,10000,4528,23,65,0.0,0.0,73.17578125,73.17578125,N/A (GPTCache eviction path is CPU-only),5.340576171875e-05
Random,bursty,250000,0.5326,0.5303189189457636,213.41200000001385,0.0007003545761108,0.0112992944195866,0.0172011321410536,152948.9314835063,56,10000,4545,20,62,0.0,0.0,73.0078125,73.0078125,N/A (GPTCache eviction path is CPU-only),5.340576171875e-05
GDSF,bursty,250000,0.5964,0.7517775709632082,323.1140000000191,0.005899928510189,0.0310996547341346,0.0425996305420994,72878.86082607736,56,10000,3884,22,64,111.85,124.585,73.125,73.125,N/A (GPTCache eviction path is CPU-only),5.340576171875e-05
Random,bursty,250000,0.566,0.5825127966495848,250.3640000000165,0.0006002373993396,0.0105001963675022,0.0171020114794373,50118.831733015766,56,10000,4226,22,64,11.066666666666668,29.88,73.078125,73.078125,N/A (GPTCache eviction path is CPU-only),5.340576171875e-05
LRU,bursty,250000,0.4885,0.4852585357110568,184.11000000000988,0.0014002434909343,0.0035995617508888,0.0056005083024501,180702.09968855808,56,10000,5006,24,66,0.0,0.0,72.96484375,72.96484375,N/A (GPTCache eviction path is CPU-only),5.340576171875e-05
GDSF,bursty,250000,0.5569,0.7319546104806678,316.20000000001755,0.0064000487327575,0.0318000093102455,0.0482031283900142,33553.19619384268,56,10000,4281,18,60,42.725,90.76999999999998,73.046875,73.046875,N/A (GPTCache eviction path is CPU-only),5.340576171875e-05
Random,bursty,250000,0.5309,0.5316247139587866,220.7040000000133,0.0006998889148235,0.0110995257273316,0.0187025684863329,115180.03841738086,56,10000,4570,23,65,0.0,0.0,73.37109375,73.37109375,N/A (GPTCache eviction path is CPU-only),5.340576171875e-05
FIFO,bursty,250000,0.4864,0.4836244023552316,183.4900000000096,0.0014000106602907,0.0034999102354049,0.0045998021960258,270697.5331684841,56,10000,5028,24,66,0.0,0.0,72.8359375,72.8359375,N/A (GPTCache eviction path is CPU-only),5.340576171875e-05
LRU,bursty,250000,0.5383,0.5410092737564495,224.60000000001344,0.001000240445137,0.0043003819882869,0.0105021940544248,101704.0513557322,56,10000,4501,23,65,0.0,0.0,73.046875,73.046875,N/A (GPTCache eviction path is CPU-only),5.340576171875e-05
LFU,bursty,250000,0.3884,0.3935677656421995,154.87600000000404,0.0022999010980129,0.0813999213278293,0.1441022800281644,31477.028069551205,56,10000,5991,21,63,68.24,100.68,73.125,73.125,N/A (GPTCache eviction path is CPU-only),5.340576171875e-05
GDSF,bursty,250000,0.5382,0.7067639094041962,275.60400000001505,0.0074999406933784,0.033699907362461,0.0584069779142738,22146.554819913992,56,10000,4475,16,58,28.916666666666668,47.825,73.30859375,73.30859375,N/A (GPTCache eviction path is CPU-only),5.340576171875e-05
Random,bursty,250000,0.4887,0.4750531093340329,180.2380000000084,0.0013001263141632,0.010599847882986,0.0159996608272194,200343.38866401176,56,10000,5008,24,66,0.0,0.0,72.71484375,72.71484375,N/A (GPTCache eviction path is CPU-only),5.340576171875e-05
LRU,bursty,250000,0.4722,0.4780173145475887,191.4880000000093,0.0014998950064182,0.0038999132812023,0.014001103118062,64865.81839210448,56,10000,5157,19,61,16.8,31.92,73.18359375,73.18359375,N/A (GPTCache eviction path is CPU-only),5.340576171875e-05
FIFO,bursty,250000,0.5396,0.5528458827174592,228.37400000001423,0.0006002373993396,0.0036000274121761,0.0062002800405025,185021.4065150966,56,10000,4483,25,67,0.0,0.0,73.0390625,73.0390625,N/A (GPTCache eviction path is CPU-only),5.340576171875e-05
LRU,bursty,250000,0.5419,0.5530976450538141,228.47800000001448,0.0008996576070785,0.0034994445741176,0.0046994537115097,317590.3753367094,56,10000,4460,25,67,0.0,0.0,72.87109375,72.87109375,N/A (GPTCache eviction path is CPU-only),5.340576171875e-05
Random,bursty,250000,0.5383,0.5484061507475155,226.540000000014,0.0006002373993396,0.0109001994132995,0.0161998951807618,199729.9656344655,56,10000,4502,25,67,0.0,0.0,73.0078125,73.0078125,N/A (GPTCache eviction path is CPU-only),5.340576171875e-05
LFU,bursty,250000,0.4309,0.4652776105021993,193.16000000000824,0.0020000152289867,0.089199747890234,0.1420011511072516,31184.11381699522,56,10000,5554,23,65,70.775,100.005,73.1796875,73.1796875,N/A (GPTCache eviction path is CPU-only),5.340576171875e-05
Random,bursty,250000,0.5414,0.539480767472777,212.4540000000118,0.0006002373993396,0.0108997337520122,0.0164011213928461,188198.80714437383,56,10000,4457,26,68,0.0,0.0,73.375,73.375,N/A (GPTCache eviction path is CPU-only),5.340576171875e-05
FIFO,bursty,250000,0.536,0.5325930546074041,216.89000000001352,0.0006998889148235,0.0034002587199211,0.0045998021960258,324653.18959409895,56,10000,4524,27,69,0.0,0.0,73.125,73.125,N/A (GPTCache eviction path is CPU-only),5.340576171875e-05
GDSF,bursty,250000,0.5653,0.7523882933878938,312.35400000001675,0.0063995830714702,0.0315001234412193,0.047803670167923,45204.62551059014,56,10000,4189,23,65,31.73333333333333,62.72,73.26171875,73.26171875,N/A (GPTCache eviction path is CPU-only),5.340576171875e-05
FIFO,bursty,250000,0.5368,0.5367637349801151,211.38400000001155,0.0006002373993396,0.0034002587199211,0.0048000365495681,194071.1264933695,56,10000,4509,26,68,0.0,0.0,73.0,73.0,N/A (GPTCache eviction path is CPU-only),5.340576171875e-05
GDSF,bursty,250000,0.5199,0.6982546401479868,264.9220000000168,0.0064000487327575,0.0311001203954219,0.0671103876084091,48344.46790885543,56,10000,4657,24,66,30.166666666666668,49.37,73.34375,73.34375,N/A (GPTCache eviction path is CPU-only),5.340576171875e-05
LRU,bursty,250000,0.5373,0.5355299410166918,218.0860000000135,0.0009001232683658,0.0037001445889472,0.006099697202444,135188.84524076307,56,10000,4511,27,69,0.0,0.0,73.046875,73.046875,N/A (GPTCache eviction path is CPU-only),5.340576171875e-05
GDSF,bursty,250000,0.5679,0.7490558912386345,309.42600000001823,0.0062999315559864,0.0314000062644481,0.0495043396949769,66165.091136244,56,10000,4163,25,67,43.0,81.7,73.16015625,73.16015625,N/A (GPTCache eviction path is CPU-only),5.340576171875e-05
LFU,bursty,250000,0.4239,0.4558011852195872,188.286000000009,0.0016000121831893,0.0784151023253796,0.1276014978066087,41002.814002069455,56,10000,5628,25,67,57.3,97.35,73.17578125,73.17578125,N/A (GPTCache eviction path is CPU-only),5.340576171875e-05
LRU,bursty,250000,0.5322,0.5198277325841443,202.0560000000123,0.0008996576070785,0.0033001415431499,0.0044000335037708,305805.7217618947,56,10000,4561,28,70,0.0,0.0,73.0390625,73.0390625,N/A (GPTCache eviction path is CPU-only),5.340576171875e-05
LFU,bursty,250000,0.4092,0.4073472744236699,154.55000000000427,0.0020996667444705,0.0800051260739564,0.1430093869566919,28894.79434660076,56,10000,5785,24,66,53.8,79.335,73.1455078125,73.171875,N/A (GPTCache eviction path is CPU-only),5.340576171875e-05
GDSF,bursty,250000,0.5692,0.7528211430834657,296.4700000000173,0.0062999315559864,0.0307001173496246,0.0437009800225496,63945.48771669292,56,10000,4153,26,68,42.6,80.94,72.8359375,72.8359375,N/A (GPTCache eviction path is CPU-only),5.340576171875e-05
LRU,bursty,250000,0.5734,0.5911633317822045,254.0820000000168,0.0008000060915946,0.003200490027666,0.0044004991650581,318334.47203318094,56,10000,4144,22,64,0.0,0.0,72.50390625,72.50390625,N/A (GPTCache eviction path is CPU-only),5.340576171875e-05
Random,bursty,250000,0.534,0.5176975441087729,201.22800000001232,0.0006002373993396,0.010200310498476,0.014900229871273,190709.03682118232,56,10000,4544,28,70,0.0,0.0,73.1796875,73.1796875,N/A (GPTCache eviction path is CPU-only),5.340576171875e-05
LRU,bursty,250000,0.5372,0.5379673549815367,211.85800000001143,0.0009001232683658,0.0034999102354049,0.0050002709031105,287812.02267319296,56,10000,4505,26,68,0.0,0.0,73.078125,73.078125,N/A (GPTCache eviction path is CPU-only),5.340576171875e-05
LRU,bursty,250000,0.5436,0.5315889076732625,210.6740000000123,0.0008000060915946,0.0034999102354049,0.0048000365495681,230167.60820315243,56,10000,4434,29,71,0.0,0.0,73.125,73.125,N/A (GPTCache eviction path is CPU-only),5.340576171875e-05
FIFO,bursty,250000,0.5338,0.5201982001450787,202.2000000000124,0.0006002373993396,0.0033051008358597,0.0044000335037708,330305.534869325,56,10000,4542,28,70,0.0,0.0,72.87109375,72.87109375,N/A (GPTCache eviction path is CPU-only),5.340576171875e-05
Random,bursty,250000,0.5491,0.5345159092629269,211.8340000000124,0.0006002373993396,0.010599847882986,0.0158013449981808,82406.46642306937,56,10000,4379,29,71,8.3,15.77,73.34375,73.34375,N/A (GPTCache eviction path is CPU-only),5.340576171875e-05
FIFO,bursty,500000,0.6408,0.6356624865826985,242.8040000000181,0.0006002373993396,0.0032000243663787,0.0044000335037708,369420.8211529616,56,10000,3360,0,42,97.7,97.7,73.17578125,73.17578125,N/A (GPTCache eviction path is CPU-only),5.340576171875e-05
Random,bursty,250000,0.5291,0.5223237745374683,212.7080000000128,0.0006998889148235,0.0106999883428215,0.016502239741385,160620.8960768083,56,10000,4598,27,69,10.0,10.0,72.71484375,72.71484375,N/A (GPTCache eviction path is CPU-only),5.340576171875e-05
FIFO,bursty,250000,0.5482,0.5365446241578327,212.6380000000125,0.0006002373993396,0.0034994445741176,0.0053998129442334,133760.6536344616,56,10000,4390,29,71,0.0,0.0,73.26171875,73.26171875,N/A (GPTCache eviction path is CPU-only),5.340576171875e-05
FIFO,bursty,500000,0.6456,0.6545748519990038,258.2900000000174,0.0005997717380523,0.0032000243663787,0.0040996819734573,378648.7533791904,56,10000,3311,1,43,0.0,0.0,73.1796875,73.1796875,N/A (GPTCache eviction path is CPU-only),5.340576171875e-05
Random,bursty,500000,0.642,0.6271382569311552,239.5480000000178,0.0005997717380523,0.0151996500790119,0.0246004201471805,159656.67405293504,56,10000,3350,0,42,0.0,0.0,73.171875,73.171875,N/A (GPTCache eviction path is CPU-only),5.340576171875e-05
LRU,bursty,500000,0.6349,0.624174673403652,238.41600000001728,0.0008000060915946,0.0034002587199211,0.0044996850192546,347665.2506802108,56,10000,3419,0,42,0.0,0.0,73.16015625,73.16015625,N/A (GPTCache eviction path is CPU-only),5.340576171875e-05
LFU,bursty,250000,0.4669,0.4772226341502756,187.9360000000084,0.0017001293599605,0.0861999578773975,0.1458024093881249,21766.71264216546,56,10000,5192,26,68,43.71666666666667,80.1,73.046875,73.046875,N/A (GPTCache eviction path is CPU-only),5.340576171875e-05
GDSF,bursty,500000,0.6557,0.8930439563316115,341.11600000002045,0.0052000395953655,0.027805403806269,0.0392022915184498,74884.49063926104,56,10000,3192,0,42,28.65,54.435,72.8359375,72.8359375,N/A (GPTCache eviction path is CPU-only),5.340576171875e-05
LFU,bursty,250000,0.4529,0.4748161935783866,204.0760000000109,0.0020000152289867,0.0910250004380937,0.1686091208830477,14375.474750739955,56,10000,5337,22,64,34.0875,60.1,73.10546875,73.10546875,N/A (GPTCache eviction path is CPU-only),5.340576171875e-05
GDSF,bursty,250000,0.5585,0.7249278360063263,281.7780000000157,0.0060000456869602,0.0292998738586902,0.0410020770505071,58993.778464629,56,10000,4266,28,70,25.2,47.88,73.3828125,73.3828125,N/A (GPTCache eviction path is CPU-only),5.340576171875e-05
Random,bursty,500000,0.6457,0.6524967561430313,257.4700000000174,0.0006002373993396,0.0149998813867568,0.022299587726593,201269.6087999436,56,10000,3320,1,43,0.0,0.0,73.125,73.125,N/A (GPTCache eviction path is CPU-only),5.340576171875e-05
FIFO,bursty,500000,0.6563,0.6619789865098413,244.9640000000216,0.0005997717380523,0.0031995587050914,0.0042002648115158,380507.3652080269,56,10000,3197,2,44,0.0,0.0,73.17578125,73.17578125,N/A (GPTCache eviction path is CPU-only),5.340576171875e-05
LFU,bursty,250000,0.4494,0.4118570201029836,160.08800000000582,0.0018994323909282,0.0872998498380184,0.1379000023007393,32127.068993387307,56,10000,5370,28,70,64.775,96.08,73.0078125,73.0078125,N/A (GPTCache eviction path is CPU-only),5.340576171875e-05
LFU,bursty,250000,0.4517,0.4360424919885663,172.80800000000647,0.0018002465367317,0.0869999872520566,0.1434004679322243,32854.74915106277,56,10000,5340,29,71,63.92,100.0,73.0,73.0,N/A (GPTCache eviction path is CPU-only),5.340576171875e-05
LRU,bursty,500000,0.6593,0.6657676841923045,246.36600000002184,0.0006002373993396,0.0026999041438102,0.0038002617657184,108349.63957791866,56,10000,3167,2,44,0.0,0.0,73.34375,73.34375,N/A (GPTCache eviction path is CPU-only),5.340576171875e-05
FIFO,bursty,500000,0.6512,0.6588945521192864,278.9720000000228,0.0006002373993396,0.003299699164927,0.0042999163269996,371697.4684622033,56,10000,3247,3,45,0.0,0.0,73.16015625,73.16015625,N/A (GPTCache eviction path is CPU-only),5.340576171875e-05
LRU,bursty,500000,0.6472,0.6568161098173172,278.0920000000227,0.0008000060915946,0.0034999102354049,0.0048000365495681,254450.3374682924,56,10000,3285,3,45,0.0,0.0,73.171875,73.171875,N/A (GPTCache eviction path is CPU-only),5.340576171875e-05
Random,bursty,500000,0.6518,0.6584930348564063,278.80200000002293,0.0006002373993396,0.0155000016093254,0.023499596863985,179922.77664003626,56,10000,3241,3,45,0.0,0.0,72.8359375,72.8359375,N/A (GPTCache eviction path is CPU-only),5.340576171875e-05
LFU,bursty,500000,0.6021,0.6072204623399536,231.94000000001577,0.0009001232683658,0.1362995244562626,0.2174130268394949,30044.0325055767,56,10000,3748,0,42,71.91999999999999,100.0,73.0390625,73.0390625,N/A (GPTCache eviction path is CPU-only),5.340576171875e-05
GDSF,bursty,500000,0.6864,0.9186808197854968,339.95600000002213,0.0052000395953655,0.0299001112580299,0.0439002178609371,83411.74024114633,56,10000,2883,2,44,41.55,78.945,73.1796875,73.1796875,N/A (GPTCache eviction path is CPU-only),5.340576171875e-05
LRU,bursty,500000,0.6468,0.6549195117995065,258.4260000000174,0.0004000030457973,0.0018998980522155,0.0025997869670391,642141.1382248405,56,10000,3302,1,43,0.0,0.0,72.5078125,72.5078125,N/A (GPTCache eviction path is CPU-only),5.340576171875e-05
FIFO,bursty,500000,0.6659,0.6579323357473038,241.29800000002143,0.0005997717380523,0.0030999304726719,0.0040996819734573,392601.809645778,56,10000,3104,4,46,0.0,0.0,73.125,73.125,N/A (GPTCache eviction path is CPU-only),5.340576171875e-05
GDSF,bursty,500000,0.6577,0.900661949557987,355.39400000002166,0.0054999254643917,0.0284998910501599,0.0426000915467739,74203.46288343031,56,10000,3173,1,43,43.75,83.125,72.87109375,72.87109375,N/A (GPTCache eviction path is CPU-only),5.340576171875e-05
GDSF,bursty,250000,0.574,0.7302969897302289,289.42400000001675,0.0066999346017837,0.0320052262395619,0.0615013437345624,27958.59223756473,56,10000,4104,29,71,41.64,75.36,73.05859375,73.05859375,N/A (GPTCache eviction path is CPU-only),5.340576171875e-05
LRU,bursty,500000,0.667,0.6600863798970287,242.08800000002145,0.0008000060915946,0.0034002587199211,0.0045001506805419,359400.6620721049,56,10000,3098,4,46,0.0,0.0,73.3828125,73.3828125,N/A (GPTCache eviction path is CPU-only),5.340576171875e-05
Random,bursty,500000,0.6687,0.6644817206177334,243.7000000000215,0.0005997717380523,0.0164051074534653,0.0246996060013771,156352.11708457922,56,10000,3079,4,46,0.0,0.0,73.0078125,73.0078125,N/A (GPTCache eviction path is CPU-only),5.340576171875e-05
FIFO,bursty,500000,0.6179,0.6341251825397766,263.148000000019,0.0006002373993396,0.0031003728508949,0.0041001476347446,378522.6245532672,56,10000,3605,5,47,0.0,0.0,73.16015625,73.16015625,N/A (GPTCache eviction path is CPU-only),5.340576171875e-05
GDSF,bursty,250000,0.5655,0.7373500248014345,300.27400000001774,0.0053998082876205,0.026199989952147,0.0406000763177871,36328.35157008195,56,10000,4191,27,69,32.2,72.38999999999997,73.18359375,73.18359375,N/A (GPTCache eviction path is CPU-only),5.340576171875e-05
GDSF,bursty,500000,0.6911,0.9198259314195568,337.348000000022,0.0042002648115158,0.0229999655857682,0.0358005799353122,92985.28309527627,56,10000,2832,4,46,49.6,94.24,73.04296875,73.04296875,N/A (GPTCache eviction path is CPU-only),5.340576171875e-05
LRU,bursty,500000,0.6227,0.636742188742516,264.23400000001953,0.0008000060915946,0.0037001445889472,0.0057998113334178,171708.3087072959,56,10000,3559,5,47,0.0,0.0,73.34375,73.34375,N/A (GPTCache eviction path is CPU-only),5.340576171875e-05
LRU,bursty,500000,0.682,0.667086208126524,261.8260000000221,0.0008000060915946,0.0035003758966922,0.0052014971151948,266200.2820393321,56,10000,2940,6,48,97.7,97.7,73.1796875,73.1796875,N/A (GPTCache eviction path is CPU-only),5.340576171875e-05
LFU,bursty,250000,0.4579,0.4531006743051677,184.51800000000927,0.0019995495676994,0.0956999137997627,0.1887129247188571,15427.25632195136,56,10000,5286,27,69,39.2625,60.1,73.30859375,73.30859375,N/A (GPTCache eviction path is CPU-only),5.340576171875e-05
GDSF,bursty,500000,0.6693,0.8980665762858779,380.2360000000234,0.0058002769947052,0.0330996932461857,0.0727099739015104,49421.49673536137,56,10000,3057,3,45,35.73333333333333,56.16,73.10546875,73.10546875,N/A (GPTCache eviction path is CPU-only),5.340576171875e-05
GDSF,bursty,500000,0.6449,0.9030358235857848,374.7400000000212,0.0056000426411628,0.0292994314804673,0.0435012113302946,73508.9805946486,56,10000,3307,5,47,49.85,94.715,73.0390625,73.0390625,N/A (GPTCache eviction path is CPU-only),5.340576171875e-05
Random,bursty,500000,0.622,0.6344577302892959,263.28600000001904,0.0005997717380523,0.0145998783409595,0.0219010515138507,206220.43227819243,56,10000,3557,5,47,0.0,0.0,72.87109375,72.87109375,N/A (GPTCache eviction path is CPU-only),5.340576171875e-05
LFU,bursty,500000,0.6084,0.6026984834968533,237.8200000000148,0.0009001232683658,0.1380051253363489,0.2274041017517448,24326.620899737216,56,10000,3678,1,43,43.63333333333333,85.72999999999999,73.078125,73.078125,N/A (GPTCache eviction path is CPU-only),5.340576171875e-05
LFU,bursty,500000,0.6308,0.6351932722241266,235.05200000002029,0.0008996576070785,0.1461995299905538,0.2247011987492442,33291.49700508497,56,10000,3447,2,44,50.1,95.19,72.72265625,72.72265625,N/A (GPTCache eviction path is CPU-only),5.340576171875e-05
FIFO,bursty,500000,0.6679,0.6711879227931079,273.2500000000209,0.0005001202225685,0.0029001384973526,0.0041993334889411,450235.4761001239,56,10000,3071,7,49,0.0,0.0,73.0078125,73.0078125,N/A (GPTCache eviction path is CPU-only),5.340576171875e-05
Random,bursty,500000,0.6677,0.6692965606684941,272.4800000000208,0.0005001202225685,0.0153002329170703,0.0234014028683305,224960.239140369,56,10000,3081,7,49,0.0,0.0,73.18359375,73.18359375,N/A (GPTCache eviction path is CPU-only),5.340576171875e-05
LFU,bursty,500000,0.6375,0.6377279469505132,233.8880000000201,0.0008000060915946,0.1364992931485176,0.2258000895380973,31086.52373619352,56,10000,3377,4,46,52.55,94.185,73.17578125,73.17578125,N/A (GPTCache eviction path is CPU-only),5.340576171875e-05
LRU,bursty,500000,0.6716,0.6741993643058045,274.47600000002103,0.0008000060915946,0.0036000274121761,0.0049001537263393,305229.8108734787,56,10000,3035,7,49,0.0,0.0,73.3828125,73.3828125,N/A (GPTCache eviction path is CPU-only),5.340576171875e-05
Random,bursty,500000,0.6872,0.6778736891452446,266.0600000000222,0.0005997717380523,0.0146003440022468,0.0216001644730567,200198.5974021417,56,10000,2887,6,48,0.0,0.0,72.87109375,72.87109375,N/A (GPTCache eviction path is CPU-only),5.340576171875e-05
FIFO,bursty,500000,0.6814,0.6801791336928342,275.2100000000209,0.0005001202225685,0.0031995587050914,0.0044996896758675,313652.676594301,56,10000,2946,8,50,0.0,0.0,73.1796875,73.1796875,N/A (GPTCache eviction path is CPU-only),5.340576171875e-05
GDSF,bursty,500000,0.6938,0.9027152099902832,367.50800000002135,0.0052996911108493,0.030899909324944,0.0455012265592813,82972.33452571894,56,10000,2805,7,49,88.9,96.82,73.04296875,73.04296875,N/A (GPTCache eviction path is CPU-only),5.340576171875e-05
Random,bursty,500000,0.6592,0.6644759598754588,245.8880000000217,0.0005001202225685,0.012699537910521,0.0212998175993561,161434.8325918563,56,10000,3181,2,44,0.0,0.0,73.26171875,73.26171875,N/A (GPTCache eviction path is CPU-only),5.340576171875e-05
Random,bursty,500000,0.66,0.654979278650837,255.40000000002067,0.0005997717380523,0.0146995531395077,0.0220001675188541,132865.2930128305,56,10000,3167,9,51,0.0,0.0,73.0078125,73.0078125,N/A (GPTCache eviction path is CPU-only),5.340576171875e-05
GDSF,bursty,500000,0.706,0.9081306115793136,356.4340000000239,0.0056000426411628,0.0320002436637878,0.0608009984716773,31648.0834362012,56,10000,2679,6,48,37.8,68.49999999999999,73.05859375,73.05859375,N/A (GPTCache eviction path is CPU-only),5.340576171875e-05
LFU,bursty,500000,0.6049,0.6603193422301658,274.0180000000185,0.0009001232683658,0.1435050275176763,0.2275007544085383,29462.231769512266,56,10000,3713,5,47,75.94,100.2,73.171875,73.171875,N/A (GPTCache eviction path is CPU-only),5.340576171875e-05
LRU,bursty,500000,0.6785,0.6796882035682332,271.70400000002314,0.0007003545761108,0.0034002587199211,0.0049011502414942,323942.247422984,56,10000,2970,10,52,0.0,0.0,73.17578125,73.17578125,N/A (GPTCache eviction path is CPU-only),5.340576171875e-05
FIFO,bursty,500000,0.6785,0.6786725637151256,271.298000000023,0.0004000030457973,0.0020996667444705,0.002901591360569,615165.0432344722,56,10000,2971,10,52,0.0,0.0,73.3828125,73.3828125,N/A (GPTCache eviction path is CPU-only),5.340576171875e-05
GDSF,bursty,500000,0.7136,0.919928623329849,372.21600000002206,0.0052000395953655,0.029905536212027,0.0437996396794915,74219.87484792154,56,10000,2597,8,50,50.1,95.19,73.0390625,73.0390625,N/A (GPTCache eviction path is CPU-only),5.340576171875e-05
Random,bursty,500000,0.6743,0.672996979837554,272.30400000002027,0.0004000030457973,0.0112997367978096,0.0200006878003478,276402.6732248371,56,10000,3017,8,50,0.0,0.0,73.10546875,73.10546875,N/A (GPTCache eviction path is CPU-only),5.340576171875e-05
Random,bursty,500000,0.6756,0.6779971381970482,271.0280000000226,0.0005997717380523,0.0143054174259304,0.0212001614272594,219577.53349413656,56,10000,2999,10,52,0.0,0.0,73.1796875,73.1796875,N/A (GPTCache eviction path is CPU-only),5.340576171875e-05
LFU,bursty,500000,0.6392,0.6454506600116724,262.7720000000185,0.0009001232683658,0.1529048895463346,0.2447013463824987,30363.25997151437,56,10000,3348,7,49,63.93999999999998,96.18,73.16015625,73.16015625,N/A (GPTCache eviction path is CPU-only),5.340576171875e-05
LFU,bursty,500000,0.6516,0.6308816485431415,247.6160000000197,0.0009001232683658,0.1455000601708889,0.2265089796856047,31709.26913365527,56,10000,3239,6,48,65.85,97.635,73.125,73.125,N/A (GPTCache eviction path is CPU-only),5.340576171875e-05
LRU,bursty,500000,0.6578,0.6530764022813796,254.65800000001985,0.0008000060915946,0.0034002587199211,0.0048000365495681,338232.0599246878,56,10000,3184,9,51,0.0,0.0,72.87109375,72.87109375,N/A (GPTCache eviction path is CPU-only),5.340576171875e-05
LFU,bursty,500000,0.6139,0.6268723694714443,265.4140000000209,0.0009001232683658,0.1447997288778424,0.2611040091142059,16932.177315782777,56,10000,3619,3,45,43.41428571428572,95.48999999999998,73.046875,73.046875,N/A (GPTCache eviction path is CPU-only),5.340576171875e-05
LRU,bursty,500000,0.6795,0.6795068880463656,274.9380000000206,0.0005997717380523,0.0025001354515552,0.0034002587199211,480127.5210519914,56,10000,2967,8,50,0.0,0.0,73.34375,73.34375,N/A (GPTCache eviction path is CPU-only),5.340576171875e-05
GDSF,bursty,500000,0.6884,0.9130729145295162,356.0400000000203,0.005500391125679,0.0331050949171184,0.0720030814409256,43718.50359129833,56,10000,2853,9,51,22.166666666666668,46.57,73.18359375,73.18359375,N/A (GPTCache eviction path is CPU-only),5.340576171875e-05
Random,bursty,500000,0.6682,0.6595290423861735,252.07200000002044,0.0006002373993396,0.0148001126945018,0.0226009357720613,179985.9262086782,56,10000,3097,11,53,0.0,0.0,73.171875,73.171875,N/A (GPTCache eviction path is CPU-only),5.340576171875e-05
FIFO,bursty,500000,0.6669,0.6718942961799974,256.7980000000204,0.0005997717380523,0.0032000243663787,0.0041997991502285,382546.6833422069,56,10000,3108,11,53,0.0,0.0,73.0078125,73.0078125,N/A (GPTCache eviction path is CPU-only),5.340576171875e-05
LFU,bursty,500000,0.6349,0.6491629395592908,253.13200000001925,0.0008000060915946,0.136410119011998,0.2214020537212491,31695.49002434601,56,10000,3403,9,51,50.825,82.64999999999999,72.75390625,72.75390625,N/A (GPTCache eviction path is CPU-only),5.340576171875e-05
LRU,bursty,500000,0.6655,0.669199372056502,255.76800000002035,0.0008000060915946,0.003899447619915,0.0058012688532471,187424.9141929917,56,10000,3126,11,53,0.0,0.0,73.26171875,73.26171875,N/A (GPTCache eviction path is CPU-only),5.340576171875e-05
LFU,bursty,500000,0.6512,0.6521623077797419,263.8740000000198,0.0008000060915946,0.1310995314270258,0.216005239635706,30709.96527599573,56,10000,3237,8,50,44.08,76.1,73.30859375,73.30859375,N/A (GPTCache eviction path is CPU-only),5.340576171875e-05
LRU,bursty,500000,0.655,0.6699458399476932,286.9780000000234,0.0008000060915946,0.0034002587199211,0.0047003850340843,189048.42439857207,56,10000,3215,12,54,0.0,0.0,73.3828125,73.3828125,N/A (GPTCache eviction path is CPU-only),5.340576171875e-05
GDSF,bursty,500000,0.7022,0.9189739535907224,367.35800000002337,0.0053001567721366,0.0312002375721931,0.0466001220047473,55410.1039843863,56,10000,2711,10,52,35.85,68.115,73.1171875,73.1171875,N/A (GPTCache eviction path is CPU-only),5.340576171875e-05
Random,bursty,500000,0.6539,0.6682743486786666,286.26200000002314,0.0005997717380523,0.0144001096487045,0.0211000489071011,161254.4297999194,56,10000,3224,12,54,0.0,0.0,73.1796875,73.1796875,N/A (GPTCache eviction path is CPU-only),5.340576171875e-05
FIFO,bursty,500000,0.683,0.6677894071726191,262.1020000000221,0.0005997717380523,0.0034002587199211,0.0046994537115097,336451.1135786296,56,10000,2934,6,48,0.0,0.0,72.515625,72.515625,N/A (GPTCache eviction path is CPU-only),5.340576171875e-05
FIFO,bursty,500000,0.6547,0.6702306471192311,287.1000000000234,0.0005997717380523,0.0033001415431499,0.0044000335037708,346859.7074487845,56,10000,3217,12,54,0.0,0.0,73.0390625,73.0390625,N/A (GPTCache eviction path is CPU-only),5.340576171875e-05
FIFO,bursty,500000,0.6384,0.6400866651142317,252.88800000001817,0.0006002373993396,0.0034999102354049,0.0048000365495681,297106.1842068218,56,10000,3384,13,55,0.0,0.0,72.87109375,72.87109375,N/A (GPTCache eviction path is CPU-only),5.340576171875e-05
LRU,bursty,500000,0.6399,0.6396057547255551,252.69800000001823,0.0009001232683658,0.0041001476347446,0.006900168955326,175903.6612993812,56,10000,3376,13,55,0.0,0.0,73.125,73.125,N/A (GPTCache eviction path is CPU-only),5.340576171875e-05
GDSF,bursty,500000,0.6897,0.9056881214023724,346.1540000000209,0.0049998052418231,0.0286996364593505,0.0418992759659886,76354.179524681,56,10000,2856,11,53,50.4,95.76,73.25390625,73.25390625,N/A (GPTCache eviction path is CPU-only),5.340576171875e-05
LFU,bursty,500000,0.6414,0.6512502876812205,260.3360000000204,0.0009001232683658,0.1505003310739994,0.2455008868128061,27095.60086908764,56,10000,3325,10,52,70.12,100.68,72.88984375,72.90234375,N/A (GPTCache eviction path is CPU-only),5.340576171875e-05
GDSF,bursty,500000,0.6849,0.9258520870295583,396.5980000000225,0.0056000426411628,0.0326000154018402,0.0469996640458703,71463.3843855,56,10000,2890,12,54,49.6,94.24,73.16015625,73.16015625,N/A (GPTCache eviction path is CPU-only),5.340576171875e-05
FIFO,bursty,500000,0.653,0.6556575077301918,260.8140000000204,0.0006002373993396,0.0038002617657184,0.006900168955326,331906.1360754424,56,10000,3239,14,56,0.0,0.0,73.0078125,73.0078125,N/A (GPTCache eviction path is CPU-only),5.340576171875e-05
LRU,bursty,500000,0.6527,0.6555066743759088,260.75400000002014,0.0008996576070785,0.0038999132812023,0.006900168955326,282835.822715813,56,10000,3240,14,56,0.0,0.0,73.171875,73.171875,N/A (GPTCache eviction path is CPU-only),5.340576171875e-05
LRU,bursty,500000,0.6448,0.6408178872795328,248.02600000002025,0.0008996576070785,0.0036996789276599,0.0049001537263393,312534.1813487174,56,10000,3318,15,57,0.0,0.0,73.3828125,73.3828125,N/A (GPTCache eviction path is CPU-only),5.340576171875e-05
FIFO,bursty,500000,0.645,0.6402029732899825,247.7880000000208,0.0006002373993396,0.0040000304579734,0.0113002024590969,269765.73490819434,56,10000,3323,15,57,0.0,0.0,73.1171875,73.1171875,N/A (GPTCache eviction path is CPU-only),5.340576171875e-05
FIFO,bursty,500000,0.6488,0.6374528147053768,248.5760000000181,0.0006998889148235,0.0044000335037708,0.0226019416004419,178963.55055987558,56,10000,3275,16,58,0.0,0.0,73.125,73.125,N/A (GPTCache eviction path is CPU-only),5.340576171875e-05
LRU,bursty,500000,0.6514,0.6419149023469323,250.3160000000181,0.0008996576070785,0.0038999132812023,0.00580127350986,226800.5697569408,56,10000,3253,16,58,0.0,0.0,72.87109375,72.87109375,N/A (GPTCache eviction path is CPU-only),5.340576171875e-05
Random,bursty,500000,0.6552,0.6441459461677116,251.1860000000188,0.0006002373993396,0.0168001279234886,0.0348994554951787,124054.54899421668,56,10000,3209,16,58,9.9,18.81,72.90234375,72.90234375,N/A (GPTCache eviction path is CPU-only),5.340576171875e-05
LRU,bursty,500000,0.6436,0.6465475024485612,253.48800000001987,0.0009001232683658,0.0041997991502285,0.0071004033088684,192368.3622679201,56,10000,3325,17,59,0.0,0.0,73.0078125,73.0078125,N/A (GPTCache eviction path is CPU-only),5.340576171875e-05
Random,bursty,500000,0.6472,0.6377588193651252,246.8420000000203,0.0005001202225685,0.0133002176880836,0.0249018426984549,185305.63435239697,56,10000,3299,15,57,0.0,0.0,72.515625,72.515625,N/A (GPTCache eviction path is CPU-only),5.340576171875e-05
FIFO,bursty,500000,0.6431,0.6436500163238463,252.3520000000196,0.0006998889148235,0.0040000304579734,0.0064000487327575,169336.25282032762,56,10000,3336,17,59,0.0,0.0,73.171875,73.171875,N/A (GPTCache eviction path is CPU-only),5.340576171875e-05
GDSF,bursty,500000,0.6757,0.9094112844467712,351.9840000000221,0.0060000456869602,0.0360994599759578,0.0770013500005007,57336.91801223398,56,10000,2992,15,57,48.86666666666667,78.74,73.0390625,73.0390625,N/A (GPTCache eviction path is CPU-only),5.340576171875e-05
GDSF,bursty,500000,0.6777,0.9025880108320632,351.966000000023,0.0056000426411628,0.0319997780025005,0.0583014031872153,62740.76782803522,56,10000,2975,16,58,40.06666666666666,76.1,73.16015625,73.16015625,N/A (GPTCache eviction path is CPU-only),5.340576171875e-05
LFU,bursty,500000,0.6292,0.6093877551020269,232.9080000000177,0.0009001232683658,0.1478149788454172,0.2476160228252414,18504.5441569497,56,10000,3463,11,53,49.98571428571429,100.2,73.05859375,73.05859375,N/A (GPTCache eviction path is CPU-only),5.340576171875e-05
LRU,bursty,500000,0.6748,0.6763056894308562,292.1600000000228,0.0008000060915946,0.0041997991502285,0.0135179841890935,250547.4457289683,56,10000,3008,18,60,0.0,0.0,72.87109375,72.87109375,N/A (GPTCache eviction path is CPU-only),5.340576171875e-05
LFU,bursty,500000,0.6163,0.6261959482033983,247.40000000001783,0.0009001232683658,0.1453102799132465,0.2611174667254093,22022.06124853076,56,10000,3592,13,55,44.04,80.1,73.11953125,73.125,N/A (GPTCache eviction path is CPU-only),5.340576171875e-05
FIFO,bursty,500000,0.6529,0.6534713388863613,254.81200000002,0.0006998889148235,0.0046002678573131,0.01439964864403,81181.81235324788,56,10000,3235,9,51,0.0,0.0,73.15234375,73.15234375,N/A (GPTCache eviction path is CPU-only),5.340576171875e-05
GDSF,bursty,500000,0.6856,0.9119082933205578,362.7480000000227,0.0062002800405025,0.0380052719265221,0.0931001268327236,25975.30112639912,56,10000,2888,14,56,25.5,39.11,73.3125,73.3125,N/A (GPTCache eviction path is CPU-only),5.340576171875e-05
Random,bursty,500000,0.6438,0.6456904995102654,253.15200000001985,0.0006002373993396,0.0159000046551227,0.0238995999097824,125880.2177798864,56,10000,3320,17,59,0.0,0.0,73.1171875,73.1171875,N/A (GPTCache eviction path is CPU-only),5.340576171875e-05
LFU,bursty,500000,0.6141,0.6044998617360707,240.4640000000168,0.001000240445137,0.1526996493339538,0.2571019809693098,22778.415447446805,56,10000,3616,14,56,65.81666666666668,99.875,72.80078125,72.80078125,N/A (GPTCache eviction path is CPU-only),5.340576171875e-05
FIFO,bursty,500000,0.6759,0.6774584832196593,292.65800000002304,0.0006002373993396,0.0036004930734634,0.0053011486306786,261273.9723432429,56,10000,3004,18,60,0.0,0.0,72.90234375,72.90234375,N/A (GPTCache eviction path is CPU-only),5.340576171875e-05
GDSF,bursty,500000,0.667,0.8998643326482073,355.5220000000224,0.006900168955326,0.0400999560952186,0.1129055814817549,18135.707329771547,56,10000,3084,13,55,27.25,68.4,73.18359375,73.18359375,N/A (GPTCache eviction path is CPU-only),5.340576171875e-05
GDSF,bursty,500000,0.667,0.9216556480574194,361.3480000000228,0.0059003941714763,0.0331001356244087,0.0508009223267436,51145.58426216644,56,10000,3079,17,59,41.833333333333336,73.03,73.125,73.125,N/A (GPTCache eviction path is CPU-only),5.340576171875e-05
LFU,bursty,500000,0.6151,0.6552899430385468,280.70000000002085,0.0009001232683658,0.1481052953749894,0.2661138121038678,25825.10566760665,56,10000,3606,12,54,64.23333333333333,119.55,73.15234375,73.15234375,N/A (GPTCache eviction path is CPU-only),5.340576171875e-05
LRU,bursty,500000,0.634,0.638396557061101,255.7340000000188,0.0009001232683658,0.0041001476347446,0.0064010452479124,217528.4413638784,56,10000,3421,19,61,0.0,0.0,73.0390625,73.0390625,N/A (GPTCache eviction path is CPU-only),5.340576171875e-05
FIFO,bursty,500000,0.6334,0.6390605809459897,256.00000000001864,0.0006002373993396,0.0036996789276599,0.0053001567721366,298642.0711852416,56,10000,3425,19,61,0.0,0.0,73.16015625,73.16015625,N/A (GPTCache eviction path is CPU-only),5.340576171875e-05
LFU,bursty,500000,0.6087,0.6008329759253229,232.5500000000171,0.001000240445137,0.156410248018801,0.2840292965993291,19961.322943605148,56,10000,3675,15,57,56.833333333333336,79.8,73.1796875,73.1796875,N/A (GPTCache eviction path is CPU-only),5.340576171875e-05
LFU,bursty,500000,0.6173,0.5968119153126289,232.7280000000156,0.001000240445137,0.157299474813044,0.2582013327628374,21659.109454188445,56,10000,3581,16,58,62.2,94.17,73.25390625,73.25390625,N/A (GPTCache eviction path is CPU-only),5.340576171875e-05
Random,bursty,500000,0.6294,0.6331542632330285,253.6340000000187,0.0006002373993396,0.0162053387612103,0.025699851103127,196706.35017358608,56,10000,3467,19,61,0.0,0.0,72.87109375,72.87109375,N/A (GPTCache eviction path is CPU-only),5.340576171875e-05
FIFO,bursty,500000,0.6787,0.6756340359125371,271.8900000000228,0.0005001202225685,0.0030002556741237,0.0045001506805419,436195.5061222613,56,10000,2966,20,62,0.0,0.0,73.3125,73.3125,N/A (GPTCache eviction path is CPU-only),5.340576171875e-05
GDSF,bursty,500000,0.6959,0.9156238281086856,395.5440000000234,0.005899928510189,0.0373053830116986,0.0719059631228448,67473.7881817241,56,10000,2786,18,60,41.55,78.945,73.173828125,73.17578125,N/A (GPTCache eviction path is CPU-only),5.340576171875e-05
Random,bursty,500000,0.6762,0.6828381875674047,294.9820000000232,0.0006002373993396,0.0173002481460571,0.0299011077731847,45722.50017491252,56,10000,2993,18,60,17.099999999999998,37.21,72.7109375,72.74609375,N/A (GPTCache eviction path is CPU-only),5.340576171875e-05
LFU,bursty,500000,0.601,0.6135885977799332,240.5660000000176,0.001000240445137,0.1578050199896096,0.2515069395303728,25065.621778083776,56,10000,3742,17,59,63.120000000000005,100.68,73.3828125,73.3828125,N/A (GPTCache eviction path is CPU-only),5.340576171875e-05
Random,bursty,500000,0.6738,0.6741082743985043,271.2760000000226,0.0006002373993396,0.0180001370608806,0.0462997751310467,117843.6496937466,56,10000,3010,20,62,29.65,56.335,72.83203125,72.83203125,N/A (GPTCache eviction path is CPU-only),5.340576171875e-05
GDSF,bursty,500000,0.647,0.8989235823339198,360.0980000000176,0.004899688065052,0.0259050633758305,0.046501001343131,83681.5182404946,56,10000,3279,19,61,30.05,57.095,73.125,73.125,N/A (GPTCache eviction path is CPU-only),5.340576171875e-05
Random,bursty,500000,0.6456,0.6395641368374378,251.6800000000225,0.0006002373993396,0.0163996592164039,0.0264011975377798,153030.38440527627,56,10000,3306,21,63,0.0,0.0,73.0390625,73.0390625,N/A (GPTCache eviction path is CPU-only),5.340576171875e-05
LRU,bursty,500000,0.6776,0.675291112314921,271.75200000002286,0.0009001232683658,0.0041001476347446,0.0064997049048542,141052.67609112398,56,10000,2968,20,62,0.0,0.0,73.15625,73.15625,N/A (GPTCache eviction path is CPU-only),5.340576171875e-05
FIFO,bursty,500000,0.639,0.6290538171061925,247.54400000002173,0.0006002373993396,0.0037001445889472,0.005601504817605,305204.65488751064,56,10000,3378,21,63,0.0,0.0,73.125,73.125,N/A (GPTCache eviction path is CPU-only),5.340576171875e-05
Random,bursty,500000,0.6354,0.6320478683014025,249.712000000018,0.0005001202225685,0.0145002268254756,0.0211000489071011,220239.57838634468,56,10000,3419,13,55,0.0,0.0,73.34375,73.34375,N/A (GPTCache eviction path is CPU-only),5.340576171875e-05
Random,bursty,500000,0.6518,0.6531134518212935,259.80200000001963,0.0006002373993396,0.0161998905241489,0.0251997308805584,104182.94522824846,56,10000,3254,14,56,25.2,47.88,73.26171875,73.26171875,N/A (GPTCache eviction path is CPU-only),5.340576171875e-05
LRU,bursty,500000,0.7004,0.7136528617961683,306.72800000002366,0.0008000060915946,0.0036000274121761,0.0050002709031105,333875.3242055141,56,10000,2752,22,64,0.0,0.0,73.1796875,73.1796875,N/A (GPTCache eviction path is CPU-only),5.340576171875e-05
FIFO,bursty,500000,0.7023,0.7168869241507521,308.1180000000239,0.0006002373993396,0.0034999102354049,0.0049001537263393,345614.1556396001,56,10000,2739,22,64,0.0,0.0,73.25390625,73.25390625,N/A (GPTCache eviction path is CPU-only),5.340576171875e-05
Random,bursty,500000,0.6996,0.7156863657514967,307.6020000000239,0.0005001202225685,0.0142995500937104,0.0239000655710697,229891.9277044705,56,10000,2761,22,64,0.0,0.0,73.3125,73.3125,N/A (GPTCache eviction path is CPU-only),5.340576171875e-05
GDSF,bursty,500000,0.6976,0.8978385873535413,361.3100000000237,0.0058002769947052,0.0358000630512833,0.0630022445693612,59106.16111874308,56,10000,2768,20,62,30.05,57.095,72.90234375,72.90234375,N/A (GPTCache eviction path is CPU-only),5.340576171875e-05
LRU,bursty,500000,0.6749,0.6788967842948185,281.8440000000233,0.0008000060915946,0.0033997930586338,0.0049001537263393,82979.77040962983,56,10000,3009,23,65,0.0,0.0,72.77734375,72.77734375,N/A (GPTCache eviction path is CPU-only),5.340576171875e-05
GDSF,bursty,500000,0.652,0.8980377009437502,353.39400000002144,0.0070999376475811,0.0431998865678906,0.0849022949114442,47769.20215762639,56,10000,3238,21,63,33.233333333333334,63.17,73.16015625,73.16015625,N/A (GPTCache eviction path is CPU-only),5.340576171875e-05
Random,bursty,500000,0.6741,0.6734433337347806,279.58000000002335,0.0004000030457973,0.010000541806221,0.0172997871413826,307630.7824337317,56,10000,3019,23,65,0.0,0.0,73.125,73.125,N/A (GPTCache eviction path is CPU-only),5.340576171875e-05
LFU,bursty,500000,0.6353,0.6499766200456314,280.78600000002086,0.0010998919606208,0.175925274379551,0.3357018809765578,21507.540975853128,56,10000,3400,18,60,75.14999999999999,100.075,73.0078125,73.0078125,N/A (GPTCache eviction path is CPU-only),5.340576171875e-05
FIFO,bursty,500000,0.6704,0.6720510658797877,279.002000000023,0.0005001202225685,0.0034999102354049,0.0046002678573131,378555.5802619917,56,10000,3049,23,65,0.0,0.0,73.3828125,73.3828125,N/A (GPTCache eviction path is CPU-only),5.340576171875e-05
LFU,bursty,500000,0.5911,0.5808910900975353,232.69800000001555,0.0010998919606208,0.1559997908771038,0.3222088934853674,15781.709906458378,56,10000,3852,19,61,44.5,82.04999999999998,73.09375,73.09375,N/A (GPTCache eviction path is CPU-only),5.340576171875e-05
LRU,bursty,500000,0.6454,0.6317525500739357,248.60600000002228,0.001000240445137,0.0048000365495681,0.0191000290215015,99794.6226362964,56,10000,3311,21,63,12.4,23.56,73.18359375,73.18359375,N/A (GPTCache eviction path is CPU-only),5.340576171875e-05
Random,bursty,500000,0.6291,0.623479860624218,236.5520000000186,0.0006002373993396,0.0156001187860965,0.0287997582927346,82571.74648317524,56,10000,3498,24,66,10.0,19.0,73.26171875,73.26171875,N/A (GPTCache eviction path is CPU-only),5.340576171875e-05
GDSF,bursty,500000,0.7187,0.9124150767798632,392.1560000000242,0.0056996941566467,0.0395001843571662,0.0924012344330549,48473.87281248274,56,10000,2559,22,64,35.85,68.115,73.17578125,73.17578125,N/A (GPTCache eviction path is CPU-only),5.340576171875e-05
FIFO,bursty,500000,0.6258,0.6162316884814474,233.80200000001827,0.0006002373993396,0.0037997961044311,0.0052000395953655,308684.8505061306,56,10000,3518,24,66,0.0,0.0,73.125,73.125,N/A (GPTCache eviction path is CPU-only),5.340576171875e-05
FIFO,bursty,500000,0.6818,0.6894221086063832,284.7920000000242,0.0003003515303134,0.0019995495676994,0.0027003698050975,677832.8437906771,56,10000,2938,25,67,0.0,0.0,73.3125,73.3125,N/A (GPTCache eviction path is CPU-only),5.340576171875e-05
LFU,bursty,500000,0.6466,0.6657836798186832,267.9260000000215,0.001000240445137,0.1722051296383141,0.3199059935286642,20684.760718373425,56,10000,3268,20,62,57.02,99.94,73.15859375,73.16015625,N/A (GPTCache eviction path is CPU-only),5.340576171875e-05
LRU,bursty,500000,0.6298,0.6243021987000521,236.86400000001856,0.0007003545761108,0.0031003728508949,0.0045001506805419,421407.5007809589,56,10000,3478,24,66,0.0,0.0,73.16015625,73.16015625,N/A (GPTCache eviction path is CPU-only),5.340576171875e-05
LRU,bursty,500000,0.6821,0.6915717716321791,285.6800000000242,0.0008000060915946,0.0037997961044311,0.0053998082876205,319812.71743800346,56,10000,2933,25,67,0.0,0.0,73.25390625,73.25390625,N/A (GPTCache eviction path is CPU-only),5.340576171875e-05
Random,bursty,500000,0.6848,0.6928644743976914,286.2140000000242,0.0006002373993396,0.0159000046551227,0.028302101418376,189701.12547818408,56,10000,2899,25,67,0.0,0.0,72.91796875,72.91796875,N/A (GPTCache eviction path is CPU-only),5.340576171875e-05
LFU,bursty,500000,0.6003,0.5861841135602276,230.6740000000189,0.0010998919606208,0.1542154699563978,0.2758124656975272,23951.09187050322,56,10000,3766,21,63,64.18333333333334,119.225,73.15494791666667,73.15625,N/A (GPTCache eviction path is CPU-only),5.340576171875e-05
LRU,bursty,500000,0.684,0.6830010258701896,268.9740000000197,0.0009001232683658,0.0045001506805419,0.0085998326539993,227818.9750113409,56,10000,2918,26,68,0.0,0.0,73.125,73.125,N/A (GPTCache eviction path is CPU-only),5.340576171875e-05
FIFO,bursty,500000,0.6778,0.6782271743877564,267.0940000000195,0.0006002373993396,0.0042002648115158,0.0194053770974279,214899.40469759767,56,10000,2980,26,68,0.0,0.0,73.0078125,73.0078125,N/A (GPTCache eviction path is CPU-only),5.340576171875e-05
GDSF,bursty,500000,0.6488,0.8884097773888266,337.068000000023,0.005899928510189,0.0320002436637878,0.0471012387424707,53347.95769942518,56,10000,3270,24,66,37.5,71.25,73.1796875,73.1796875,N/A (GPTCache eviction path is CPU-only),5.340576171875e-05
GDSF,bursty,500000,0.6989,0.9175526917981044,380.9220000000229,0.005899928510189,0.034500379115343,0.0587008660659194,45022.59461701861,56,10000,2746,23,65,65.03333333333335,93.66,73.0390625,73.0390625,N/A (GPTCache eviction path is CPU-only),5.340576171875e-05
Random,bursty,500000,0.6827,0.6838694605547606,269.31600000002,0.0005001202225685,0.0125002115964889,0.0206013862043619,207612.31232465387,56,10000,2940,26,68,0.0,0.0,73.09765625,73.09765625,N/A (GPTCache eviction path is CPU-only),5.340576171875e-05
LRU,bursty,500000,0.6724,0.6674688262767685,271.816000000021,0.0006998889148235,0.0033001415431499,0.0049001537263393,204663.4621826789,56,10000,3034,27,69,97.7,97.7,73.26171875,73.26171875,N/A (GPTCache eviction path is CPU-only),5.340576171875e-05
LFU,bursty,500000,0.6617,0.6719962773382809,288.8240000000219,0.0009997747838497,0.1616999506950378,0.3112996974959969,19122.45157555108,56,10000,3135,22,64,57.271428571428565,108.16999999999996,72.87109375,72.87109375,N/A (GPTCache eviction path is CPU-only),5.340576171875e-05
LFU,bursty,500000,0.5986,0.6036699472332846,229.03600000001728,0.0009997747838497,0.137810339219868,0.2315022423863411,28993.20515470468,56,10000,3777,24,66,58.575,96.32999999999998,73.34375,73.34375,N/A (GPTCache eviction path is CPU-only),5.340576171875e-05
LFU,bursty,500000,0.6335,0.6432181139347053,267.0320000000208,0.001000240445137,0.1636052969843148,0.3019108576700093,20262.38573069114,56,10000,3415,23,65,45.65714285714286,73.39999999999998,72.84375,72.84375,N/A (GPTCache eviction path is CPU-only),5.340576171875e-05
FIFO,bursty,500000,0.6725,0.6705088474930715,273.05400000002106,0.0005997717380523,0.0033001415431499,0.0048000365495681,379106.6741748307,56,10000,3037,27,69,0.0,0.0,73.17578125,73.17578125,N/A (GPTCache eviction path is CPU-only),5.340576171875e-05
Random,bursty,500000,0.6704,0.6646154299493499,270.65400000002086,0.0005001202225685,0.0144997611641883,0.0248001888394355,185811.43850081257,56,10000,3061,27,69,0.0,0.0,73.3125,73.3125,N/A (GPTCache eviction path is CPU-only),5.340576171875e-05
GDSF,bursty,500000,0.7026,0.917661219058803,361.3860000000237,0.0048000365495681,0.0275000929832458,0.0467998906970024,83026.68826322937,56,10000,2718,26,68,24.8,47.12,73.18359375,73.18359375,N/A (GPTCache eviction path is CPU-only),5.340576171875e-05
GDSF,bursty,500000,0.6992,0.917112092338639,378.84800000002434,0.006099697202444,0.0397054012864827,0.0802013743668794,60179.29829154057,56,10000,2744,25,67,49.7,94.43,73.16015625,73.16015625,N/A (GPTCache eviction path is CPU-only),5.340576171875e-05
LRU,adversarial_lru,50000,0.0071,0.1457207361291452,8.520000000000003,0.0021001324057579,0.0028000213205814,0.0049998052418231,257826.3156337752,56,10000,9743,1,43,0.0,0.0,73.18359375,73.18359375,N/A (GPTCache eviction path is CPU-only),5.340576171875e-05
FIFO,bursty,500000,0.6713,0.6616396276800862,257.17800000002035,0.0006998889148235,0.0040996819734573,0.0061011593788862,240455.13470516785,56,10000,3050,28,70,0.0,0.0,73.25390625,73.25390625,N/A (GPTCache eviction path is CPU-only),5.340576171875e-05
LRU,adversarial_lru,50000,0.0083,0.1713872732904041,9.959999999999994,0.0024004839360713,0.0045998021960258,0.0260007381439209,136719.41820532837,56,10000,9734,0,42,0.0,0.0,72.8828125,72.8828125,N/A (GPTCache eviction path is CPU-only),5.340576171875e-05
Random,bursty,500000,0.6712,0.6595351661186679,256.3600000000201,0.0005001202225685,0.0160001218318939,0.0257008522748947,188931.9859642569,56,10000,3052,28,70,0.0,0.0,73.15625,73.15625,N/A (GPTCache eviction path is CPU-only),5.340576171875e-05
Random,adversarial_lru,50000,0.63,0.4767181746221923,27.70399999999812,0.0006998889148235,0.0082002952694892,0.0228001736104488,181278.63178507765,56,10000,3526,0,42,0.0,0.0,73.17578125,73.17578125,N/A (GPTCache eviction path is CPU-only),5.340576171875e-05
GDSF,bursty,500000,0.6934,0.905130711089903,368.6000000000228,0.0050999224185943,0.0292998738586902,0.0458001159131526,72087.19075052031,56,10000,2809,27,69,55.25,59.615,73.16015625,73.16015625,N/A (GPTCache eviction path is CPU-only),5.340576171875e-05
FIFO,adversarial_lru,50000,0.0078,0.1610627387548376,9.359999999999998,0.002400018274784,0.0034999102354049,0.0206073885783554,73084.77690394832,56,10000,9733,0,42,7.15,13.585,73.34375,73.34375,N/A (GPTCache eviction path is CPU-only),5.340576171875e-05
LRU,bursty,500000,0.6727,0.6651384879777985,258.53800000002065,0.0009001232683658,0.0044000335037708,0.0089998356997966,83757.14438280764,56,10000,3029,28,70,7.1,13.489999999999998,73.16015625,73.16015625,N/A (GPTCache eviction path is CPU-only),5.340576171875e-05
FIFO,adversarial_lru,50000,0.0068,0.1395635219265053,8.160000000000005,0.0023003667593002,0.0029001384973526,0.0050002709031105,223528.6227484277,56,10000,9740,1,43,50.4,50.4,73.16015625,73.16015625,N/A (GPTCache eviction path is CPU-only),5.340576171875e-05
LRU,bursty,500000,0.6874,0.6764704398072082,268.0920000000222,0.0008000060915946,0.0037001445889472,0.0050002709031105,324206.9058181958,56,10000,2888,29,71,0.0,0.0,73.0078125,73.0078125,N/A (GPTCache eviction path is CPU-only),5.340576171875e-05
LFU,bursty,500000,0.6611,0.679009273460411,267.40200000001977,0.0009001232683658,0.1578054623678326,0.2548060752451421,30341.94157701769,56,10000,3134,26,68,64.92500000000001,100.08,73.3828125,73.3828125,N/A (GPTCache eviction path is CPU-only),5.340576171875e-05
FIFO,bursty,500000,0.6878,0.6806540334586417,269.750000000022,0.0006002373993396,0.0037997961044311,0.0053998082876205,309092.2577103777,56,10000,2879,29,71,0.0,0.0,73.1796875,73.1796875,N/A (GPTCache eviction path is CPU-only),5.340576171875e-05
LFU,bursty,500000,0.6225,0.6571335889689156,271.4540000000205,0.001000240445137,0.1634001033380627,0.3010011930018663,25542.89509197853,56,10000,3529,25,67,68.14,100.28,72.90234375,72.90234375,N/A (GPTCache eviction path is CPU-only),5.340576171875e-05
FIFO,adversarial_lru,50000,0.0085,0.1737530662305577,10.199999999999992,0.0022999010980129,0.0028004869818687,0.004999809898436,178187.68838409302,56,10000,9732,2,44,0.0,0.0,73.17578125,73.17578125,N/A (GPTCache eviction path is CPU-only),5.340576171875e-05
FIFO,adversarial_lru,50000,0.008,0.1615835184810925,9.599999999999996,0.002400018274784,0.0032000243663787,0.005700159817934,144102.6008130683,56,10000,9734,3,45,30.05,57.095,73.0078125,73.0078125,N/A (GPTCache eviction path is CPU-only),5.340576171875e-05
LRU,adversarial_lru,50000,0.0086,0.1737022823671743,10.319999999999991,0.002400018274784,0.0032000243663787,0.00580127350986,132468.05188612317,56,10000,9728,3,45,0.0,0.0,73.16015625,73.16015625,N/A (GPTCache eviction path is CPU-only),5.340576171875e-05
GDSF,adversarial_lru,50000,0.4154,0.7521079258009221,43.70800000000114,0.0097001902759075,0.0199000351130962,0.0384999439120292,44087.51194891019,56,10000,5711,0,42,28.0,75.6,73.3125,73.3125,N/A (GPTCache eviction path is CPU-only),5.340576171875e-05
LRU,adversarial_lru,50000,0.009,0.1839738348323552,10.799999999999988,0.0023003667593002,0.0032000243663787,0.0068997032940387,175148.2193815235,56,10000,9730,2,44,0.0,0.0,73.16015625,73.16015625,N/A (GPTCache eviction path is CPU-only),5.340576171875e-05
Random,adversarial_lru,50000,0.6272,0.4849832386945726,28.35599999999806,0.0006002373993396,0.0081998296082019,0.0229012826457619,149091.733395069,56,10000,3551,1,43,0.0,0.0,73.25390625,73.25390625,N/A (GPTCache eviction path is CPU-only),5.340576171875e-05
GDSF,bursty,500000,0.6995,0.9019454467461973,357.45000000002216,0.0054002739489078,0.0339997932314872,0.0526998238638043,75292.36028740535,56,10000,2751,29,71,42.6,80.94,73.26171875,73.26171875,N/A (GPTCache eviction path is CPU-only),5.340576171875e-05
LFU,bursty,500000,0.6461,0.6171979746288238,251.3440000000198,0.0009997747838497,0.1610000617802143,0.2601082343608142,25646.58241131924,56,10000,3283,27,69,66.6,100.28,73.125,73.125,N/A (GPTCache eviction path is CPU-only),5.340576171875e-05
Random,bursty,500000,0.6854,0.6759708309151778,267.89400000002166,0.0004000030457973,0.0102999620139598,0.0172997824847698,311837.3439381975,56,10000,2905,29,71,0.0,0.0,73.09765625,73.09765625,N/A (GPTCache eviction path is CPU-only),5.340576171875e-05
GDSF,adversarial_lru,50000,0.2369,0.6965861667920039,40.72800000000032,0.0150003470480442,0.0193999148905277,0.0380048248916865,51294.70402428254,56,10000,7496,1,43,55.7,83.91,72.8828125,72.8828125,N/A (GPTCache eviction path is CPU-only),5.340576171875e-05
Random,adversarial_lru,50000,0.6044,0.4537130546016758,26.955999999998493,0.0006998889148235,0.0088000670075416,0.0235000625252723,192633.3165010749,56,10000,3794,3,45,0.0,0.0,73.1796875,73.1796875,N/A (GPTCache eviction path is CPU-only),5.340576171875e-05
FIFO,adversarial_lru,50000,0.0077,0.1616232289662184,9.239999999999998,0.0022999010980129,0.0029997900128364,0.0054994644597172,157293.79196338257,56,10000,9740,4,46,0.0,0.0,73.0078125,73.0078125,N/A (GPTCache eviction path is CPU-only),5.340576171875e-05
Random,adversarial_lru,50000,0.6118,0.4757767784136537,27.92999999999877,0.0006998889148235,0.0088000670075416,0.0281003303825855,91599.66917743805,56,10000,3717,2,44,21.5,40.85,73.34375,73.34375,N/A (GPTCache eviction path is CPU-only),5.340576171875e-05
FIFO,adversarial_lru,50000,0.0069,0.1433518005539978,8.280000000000005,0.001399777829647,0.0026002526283264,0.0034002587199211,360794.6157440881,56,10000,9745,5,47,0.0,0.0,73.26171875,73.26171875,N/A (GPTCache eviction path is CPU-only),5.340576171875e-05
GDSF,adversarial_lru,50000,0.3967,0.7442082311255644,43.688000000000834,0.0106003135442733,0.020800158381462,0.053702057339251,52087.83665822775,56,10000,5898,2,44,59.66666666666666,97.02,73.16015625,73.16015625,N/A (GPTCache eviction path is CPU-only),5.340576171875e-05
LRU,adversarial_lru,50000,0.0072,0.1495844875346063,8.640000000000002,0.0022994354367256,0.0029001384973526,0.0052000395953655,216813.9206682576,56,10000,9742,5,47,0.0,0.0,73.25390625,73.25390625,N/A (GPTCache eviction path is CPU-only),5.340576171875e-05
GDSF,bursty,500000,0.6873,0.9097036774050432,353.6000000000216,0.0048000365495681,0.0300002284348011,0.0514006987214088,59667.58005854669,56,10000,2875,28,70,39.73333333333333,91.28,73.125,73.125,N/A (GPTCache eviction path is CPU-only),5.340576171875e-05
LRU,adversarial_lru,50000,0.0082,0.1721182438341545,9.839999999999996,0.002400018274784,0.0031003728508949,0.0054999301210045,163416.85069687563,56,10000,9735,4,46,0.0,0.0,73.17578125,73.17578125,N/A (GPTCache eviction path is CPU-only),5.340576171875e-05
GDSF,adversarial_lru,50000,0.4864,0.7615633205412276,45.24600000000167,0.009399838745594,0.0200001522898674,0.0521050393581391,53545.716986861145,56,10000,5001,3,45,40.05,76.09499999999998,72.90234375,72.90234375,N/A (GPTCache eviction path is CPU-only),5.340576171875e-05
FIFO,adversarial_lru,50000,0.0055,0.1209367097885279,6.600000000000005,0.0022999010980129,0.0028996728360652,0.0052000395953655,241233.57240221085,56,10000,9759,6,48,0.0,0.0,73.0078125,73.0078125,N/A (GPTCache eviction path is CPU-only),5.340576171875e-05
Random,adversarial_lru,50000,0.6286,0.4668975069251201,26.967999999998494,0.0006002373993396,0.0086002983152866,0.0261013070121407,108675.5707293504,56,10000,3543,5,47,56.65,77.75499999999998,73.09765625,73.09765625,N/A (GPTCache eviction path is CPU-only),5.340576171875e-05
FIFO,adversarial_lru,50000,0.0055,0.1168927774432203,6.600000000000005,0.0022994354367256,0.0029001384973526,0.005701151676476,212813.04720497888,56,10000,9762,7,49,0.0,0.0,73.125,73.125,N/A (GPTCache eviction path is CPU-only),5.340576171875e-05
Random,adversarial_lru,50000,0.6207,0.4689522476822503,26.809999999998,0.0006998889148235,0.009200070053339,0.0281008658930659,88923.27250320959,56,10000,3622,4,46,0.0,0.0,73.3125,73.3125,N/A (GPTCache eviction path is CPU-only),5.340576171875e-05
LRU,adversarial_lru,50000,0.0059,0.1253940703481818,7.080000000000005,0.0023995526134967,0.0033001415431499,0.0066999346017837,155258.76899528687,56,10000,9758,7,49,0.0,0.0,73.25390625,73.25390625,N/A (GPTCache eviction path is CPU-only),5.340576171875e-05
LRU,adversarial_lru,50000,0.0056,0.1231355590574102,6.720000000000005,0.0023995526134967,0.0031003728508949,0.0064000487327575,186965.1622091627,56,10000,9758,6,48,0.0,0.0,73.1796875,73.1796875,N/A (GPTCache eviction path is CPU-only),5.340576171875e-05
Random,adversarial_lru,50000,0.6109,0.4630016648364341,26.14199999999829,0.0005997717380523,0.0077001750469207,0.0220998190343379,225155.7526647688,56,10000,3723,7,49,0.0,0.0,72.90234375,72.90234375,N/A (GPTCache eviction path is CPU-only),5.340576171875e-05
GDSF,adversarial_lru,50000,0.2555,0.6993074792242883,40.392000000000216,0.0139996409416198,0.0203000381588935,0.047406665980816,58027.42728644585,56,10000,7310,5,47,42.6,80.94,72.8828125,72.8828125,N/A (GPTCache eviction path is CPU-only),5.340576171875e-05
Random,adversarial_lru,50000,0.636,0.4622714112946677,25.22799999999856,0.0006998889148235,0.0090052606537937,0.0284042162820697,108320.8858194896,56,10000,3466,6,48,0.0,0.0,73.26171875,73.26171875,N/A (GPTCache eviction path is CPU-only),5.340576171875e-05
LFU,bursty,500000,0.6418,0.6353813933536709,251.8080000000192,0.0009997747838497,0.1643998781219124,0.2858110750094058,24325.57939570605,56,10000,3329,29,71,79.61666666666667,100.325,73.0390625,73.0390625,N/A (GPTCache eviction path is CPU-only),5.340576171875e-05
LRU,adversarial_lru,50000,0.0088,0.1725997842502444,10.55999999999999,0.0022994354367256,0.0029993243515491,0.0056015001609921,221443.23372649748,56,10000,9735,9,51,0.0,0.0,72.90234375,72.90234375,N/A (GPTCache eviction path is CPU-only),5.340576171875e-05
FIFO,adversarial_lru,50000,0.0079,0.1549475335882877,9.479999999999997,0.0024004839360713,0.003305124118924,0.006701392121613,175315.5684259343,56,10000,9744,9,51,0.0,0.0,72.8828125,72.8828125,N/A (GPTCache eviction path is CPU-only),5.340576171875e-05
GDSF,adversarial_lru,50000,0.2356,0.6851145705788797,39.16800000000004,0.0101500190794467,0.0220001675188541,0.0877068471163512,34553.56962991026,56,10000,7509,4,46,38.8,75.72,73.16015625,73.16015625,N/A (GPTCache eviction path is CPU-only),5.340576171875e-05
FIFO,adversarial_lru,50000,0.0085,0.1723671758820911,10.199999999999992,0.0023995526134967,0.0034002587199211,0.0197052629664541,100510.29044123994,56,10000,9738,8,50,25.2,47.88,73.125,73.125,N/A (GPTCache eviction path is CPU-only),5.340576171875e-05
LFU,bursty,500000,0.6428,0.6093882654399914,236.8680000000179,0.0008000060915946,0.127200037240982,0.2368019381538034,30987.679600150583,56,10000,3316,28,70,59.17999999999999,80.1,72.9203125,72.921875,N/A (GPTCache eviction path is CPU-only),5.340576171875e-05
LRU,adversarial_lru,50000,0.0096,0.1946735162903616,11.519999999999984,0.002400018274784,0.0032996758818626,0.0096997246146202,92226.24922479436,56,10000,9727,8,50,20.05,38.095,73.09765625,73.09765625,N/A (GPTCache eviction path is CPU-only),5.340576171875e-05
Random,adversarial_lru,50000,0.6099,0.461671733516294,28.24599999999801,0.0006002373993396,0.0079995952546596,0.0224011670798063,215035.72779483863,56,10000,3730,9,51,0.0,0.0,73.0390625,73.0390625,N/A (GPTCache eviction path is CPU-only),5.340576171875e-05
GDSF,adversarial_lru,50000,0.4333,0.7407459884523295,41.82400000000111,0.0143004581332206,0.0205002725124359,0.0479067815467716,61234.06232029733,56,10000,5532,7,49,33.25,63.175,73.0078125,73.0078125,N/A (GPTCache eviction path is CPU-only),5.340576171875e-05
LRU,adversarial_lru,50000,0.0076,0.1550440311447872,9.12,0.0023003667593002,0.0029993243515491,0.0056996941566467,169411.9886381476,56,10000,9738,10,52,104.2,104.2,72.8828125,72.8828125,N/A (GPTCache eviction path is CPU-only),5.340576171875e-05
Random,adversarial_lru,50000,0.6242,0.4821549276732852,28.53199999999816,0.0006002373993396,0.0080000609159469,0.0230995938181877,164425.81715238257,56,10000,3593,8,50,0.0,0.0,73.25390625,73.25390625,N/A (GPTCache eviction path is CPU-only),5.340576171875e-05
FIFO,adversarial_lru,50000,0.0071,0.1448437659378934,8.520000000000003,0.002400018274784,0.0042999163269996,0.0213042693212629,135907.2350082388,56,10000,9743,10,52,0.0,0.0,73.16015625,73.16015625,N/A (GPTCache eviction path is CPU-only),5.340576171875e-05
Random,adversarial_lru,50000,0.6234,0.470742239298113,27.689999999997617,0.0006998889148235,0.0089998356997966,0.0295021058991551,141142.86194264298,56,10000,3592,10,52,0.0,0.0,72.91796875,72.91796875,N/A (GPTCache eviction path is CPU-only),5.340576171875e-05
GDSF,adversarial_lru,50000,0.4571,0.7383369370028819,40.29400000000065,0.0141998752951622,0.0259997323155403,0.1049034390598536,27824.011995271023,56,10000,5291,6,48,28.04,56.1,73.16015625,73.16015625,N/A (GPTCache eviction path is CPU-only),5.340576171875e-05
GDSF,adversarial_lru,50000,0.4639,0.7765355823607429,47.51000000000188,0.0120000913739204,0.01999968662858,0.0413049664348365,56488.2391839948,56,10000,5226,9,51,40.06666666666666,76.1,72.90234375,72.90234375,N/A (GPTCache eviction path is CPU-only),5.340576171875e-05
LRU,adversarial_lru,50000,0.0087,0.1789203084832655,10.43999999999999,0.0023003667593002,0.0028000213205814,0.0049001537263393,148773.21696470413,56,10000,9733,11,53,0.0,0.0,73.0390625,73.0390625,N/A (GPTCache eviction path is CPU-only),5.340576171875e-05
Random,adversarial_lru,50000,0.6164,0.4964181662381173,28.965999999998164,0.0005997717380523,0.0081998296082019,0.0213999347761273,213633.67342779864,56,10000,3668,11,53,0.0,0.0,73.25390625,73.25390625,N/A (GPTCache eviction path is CPU-only),5.340576171875e-05
GDSF,adversarial_lru,50000,0.4723,0.7618291199134019,45.08200000000152,0.0123996287584304,0.0220001675188541,0.0604379922151573,54485.28302480969,56,10000,5142,8,50,58.2,110.58,73.1796875,73.1796875,N/A (GPTCache eviction path is CPU-only),5.340576171875e-05
FIFO,adversarial_lru,50000,0.0076,0.1562982005141171,9.12,0.0024004839360713,0.0036000274121761,0.0159040093421936,102648.01084732212,56,10000,9741,11,53,0.0,0.0,73.0078125,73.0078125,N/A (GPTCache eviction path is CPU-only),5.340576171875e-05
LRU,adversarial_lru,50000,0.0079,0.1631276456619512,9.479999999999997,0.002200249582529,0.0029001384973526,0.0057998113334178,184108.8297483864,56,10000,9744,12,54,0.0,0.0,73.01953125,73.01953125,N/A (GPTCache eviction path is CPU-only),5.340576171875e-05
FIFO,adversarial_lru,50000,0.0076,0.1569329249406113,9.12,0.0024004839360713,0.0038002850487828,0.0281008658930659,102489.6795447612,56,10000,9738,12,54,30.05,57.095,73.16015625,73.16015625,N/A (GPTCache eviction path is CPU-only),5.340576171875e-05
Random,adversarial_lru,50000,0.6219,0.4556561241696386,26.47999999999818,0.0006002373993396,0.0081001780927181,0.0228001736104488,172433.11742187312,56,10000,3610,12,54,0.0,0.0,73.0390625,73.0390625,N/A (GPTCache eviction path is CPU-only),5.340576171875e-05
GDSF,adversarial_lru,50000,0.194,0.6838257794701708,40.22400000000022,0.0146999955177307,0.0217052409425377,0.0732070906087757,41835.7178198679,56,10000,7925,10,52,43.5,83.04999999999998,73.09765625,73.09765625,N/A (GPTCache eviction path is CPU-only),5.340576171875e-05
Random,adversarial_lru,50000,0.6375,0.5157204792952833,30.21399999999767,0.0005001202225685,0.0080000609159469,0.0218995893374085,238346.067473594,56,10000,3454,13,55,0.0,0.0,73.16015625,73.16015625,N/A (GPTCache eviction path is CPU-only),5.340576171875e-05
FIFO,adversarial_lru,50000,0.0092,0.1884409244529145,11.039999999999988,0.002400018274784,0.0030999071896076,0.0059003941714763,135565.09678774557,56,10000,9731,13,55,0.0,0.0,73.0078125,73.0078125,N/A (GPTCache eviction path is CPU-only),5.340576171875e-05
LRU,adversarial_lru,50000,0.0101,0.2068753627146125,12.11999999999998,0.0023003667593002,0.0029001384973526,0.0056000472977757,135758.89178834582,56,10000,9722,13,55,0.0,0.0,73.1796875,73.1796875,N/A (GPTCache eviction path is CPU-only),5.340576171875e-05
FIFO,adversarial_lru,50000,0.0061,0.1280391813888227,7.320000000000006,0.0016996636986732,0.0028996728360652,0.0053998082876205,249760.2310274724,56,10000,9765,14,56,0.0,0.0,73.16015625,73.16015625,N/A (GPTCache eviction path is CPU-only),5.340576171875e-05
GDSF,adversarial_lru,50000,0.4764,0.7639074550127705,44.57400000000134,0.0098005402833223,0.0211000442504882,0.0707049574702979,42071.95982461053,56,10000,5101,11,53,14.35,27.265,73.16015625,73.16015625,N/A (GPTCache eviction path is CPU-only),5.340576171875e-05
Random,adversarial_lru,50000,0.6358,0.48868287563397,27.937999999997928,0.0005001202225685,0.0080000609159469,0.0223997049033641,171609.88938545636,56,10000,3477,14,56,0.0,0.0,73.1796875,73.1796875,N/A (GPTCache eviction path is CPU-only),5.340576171875e-05
LFU,adversarial_lru,50000,0.0219,0.4522146126578142,26.28000000000004,0.0817002728581428,0.1347996294498443,0.4015046870335937,8778.80501616031,56,10000,9643,0,42,69.79285714285716,107.685,72.84375,72.84375,N/A (GPTCache eviction path is CPU-only),5.340576171875e-05
GDSF,adversarial_lru,50000,0.2507,0.6933957394086516,40.29600000000017,0.0126995146274566,0.018599908798933,0.0354040320962668,49357.09913411958,56,10000,7358,12,54,33.5,63.65,73.25390625,73.25390625,N/A (GPTCache eviction path is CPU-only),5.340576171875e-05
LRU,adversarial_lru,50000,0.0069,0.1448312051775207,8.280000000000005,0.0023003667593002,0.0030999071896076,0.0062999362125992,105491.57448712406,56,10000,9757,14,56,0.0,0.0,73.09765625,73.09765625,N/A (GPTCache eviction path is CPU-only),5.340576171875e-05
LRU,adversarial_lru,50000,0.0087,0.1774846145999553,10.43999999999999,0.0014002434909343,0.0026002526283264,0.0040024938061833,345992.03050630534,56,10000,9736,15,57,0.0,0.0,73.16015625,73.16015625,N/A (GPTCache eviction path is CPU-only),5.340576171875e-05
GDSF,adversarial_lru,50000,0.4349,0.7567336906427323,44.33400000000129,0.0130999833345413,0.0192998209968209,0.0440013315528631,45379.99850780553,56,10000,5516,13,55,25.0,47.5,73.0390625,73.0390625,N/A (GPTCache eviction path is CPU-only),5.340576171875e-05
FIFO,adversarial_lru,50000,0.0074,0.1509639250620311,8.88,0.002200249582529,0.0026994617655873,0.0048000365495681,173277.7924626838,56,10000,9749,15,57,0.0,0.0,73.1796875,73.1796875,N/A (GPTCache eviction path is CPU-only),5.340576171875e-05
LFU,adversarial_lru,50000,0.0249,0.522651740423227,29.88000000000007,0.079500488936901,0.1156094949692486,0.3097121464088562,10251.275155204914,56,10000,9613,4,46,77.58181818181818,108.3,73.16015625,73.16015625,N/A (GPTCache eviction path is CPU-only),5.340576171875e-05
Random,adversarial_lru,50000,0.643,0.4994729862975351,29.3799999999976,0.0006002373993396,0.0080000609159469,0.023201173171401,135454.18427121916,56,10000,3411,15,57,0.0,0.0,73.25390625,73.25390625,N/A (GPTCache eviction path is CPU-only),5.340576171875e-05
LFU,adversarial_lru,50000,0.0233,0.4782103030717028,27.96000000000005,0.0801999121904373,0.137810339219868,0.391702838242054,8350.006906373434,56,10000,9626,1,43,60.44166666666667,99.925,73.18359375,73.18359375,N/A (GPTCache eviction path is CPU-only),5.340576171875e-05
LFU,adversarial_lru,50000,0.0237,0.4786911735002377,28.44000000000005,0.0859000720083713,0.1190051669254898,0.3494006395339966,8869.775901049148,56,10000,9619,3,45,66.96666666666667,100.36,73.3828125,73.3828125,N/A (GPTCache eviction path is CPU-only),5.340576171875e-05
FIFO,adversarial_lru,50000,0.008,0.1707395155265987,9.599999999999996,0.0023003667593002,0.0028000213205814,0.0050002709031105,173031.3352344445,56,10000,9734,16,58,34.0,34.0,73.0390625,73.0390625,N/A (GPTCache eviction path is CPU-only),5.340576171875e-05
GDSF,adversarial_lru,50000,0.5134,0.7492740948048798,42.8360000000009,0.0093001872301101,0.0213999301195144,0.0682018185034394,48442.7590090841,56,10000,4728,14,56,44.56666666666666,67.13,73.16015625,73.16015625,N/A (GPTCache eviction path is CPU-only),5.340576171875e-05
LFU,adversarial_lru,50000,0.0224,0.465373961218776,26.880000000000045,0.0839000567793846,0.1126993680372834,0.3382560191676033,9561.430567887011,56,10000,9638,5,47,73.08,100.11,73.125,73.125,N/A (GPTCache eviction path is CPU-only),5.340576171875e-05
LFU,adversarial_lru,50000,0.0213,0.435404742436575,25.560000000000034,0.0868001952767372,0.1289051258936523,0.3726398106664428,8539.899994293513,56,10000,9652,2,44,71.07777777777778,99.7,73.16015625,73.16015625,N/A (GPTCache eviction path is CPU-only),5.340576171875e-05
FIFO,adversarial_lru,50000,0.0081,0.1619946001799702,9.719999999999995,0.002400018274784,0.0029997900128364,0.0054999254643917,202682.70970810004,56,10000,9733,17,59,0.0,0.0,73.3828125,73.3828125,N/A (GPTCache eviction path is CPU-only),5.340576171875e-05
LRU,adversarial_lru,50000,0.0083,0.1771422473588461,9.959999999999994,0.0024004839360713,0.0033997930586338,0.0151059962809087,84288.39112485114,56,10000,9731,16,58,0.0,0.0,73.16015625,73.16015625,N/A (GPTCache eviction path is CPU-only),5.340576171875e-05
LRU,adversarial_lru,50000,0.0081,0.165576451349119,9.719999999999995,0.002400018274784,0.0032000243663787,0.0068000517785549,137873.2227990207,56,10000,9742,18,60,0.0,0.0,73.16015625,73.16015625,N/A (GPTCache eviction path is CPU-only),5.340576171875e-05
GDSF,adversarial_lru,50000,0.3114,0.7025931063919555,39.50400000000009,0.0132995191961526,0.018999446183443,0.0347021454945207,63843.22137837539,56,10000,6751,16,58,40.05,76.09499999999998,73.25390625,73.25390625,N/A (GPTCache eviction path is CPU-only),5.340576171875e-05
LRU,adversarial_lru,50000,0.0082,0.1639945335155254,9.839999999999996,0.0023995526134967,0.0033998163416981,0.0150018837302923,90520.34699396162,56,10000,9732,17,59,14.2,26.98,73.18359375,73.18359375,N/A (GPTCache eviction path is CPU-only),5.340576171875e-05
Random,adversarial_lru,50000,0.6303,0.5117205563261324,28.77199999999749,0.0006002373993396,0.0078002922236919,0.0225999392569065,158477.85243525158,56,10000,3523,16,58,0.0,0.0,73.16015625,73.16015625,N/A (GPTCache eviction path is CPU-only),5.340576171875e-05
FIFO,adversarial_lru,50000,0.0072,0.1471790678658837,8.640000000000002,0.0022999010980129,0.0028000213205814,0.0050002709031105,138244.89866967674,56,10000,9751,18,60,0.0,0.0,73.3828125,73.3828125,N/A (GPTCache eviction path is CPU-only),5.340576171875e-05
Random,adversarial_lru,50000,0.6192,0.4974500849970544,29.84799999999763,0.0006998889148235,0.0090999528765678,0.0285008689388632,59358.52425276198,56,10000,3640,17,59,52.6,91.94,73.16015625,73.16015625,N/A (GPTCache eviction path is CPU-only),5.340576171875e-05
LFU,adversarial_lru,50000,0.0243,0.4927673381099796,29.160000000000064,0.0756001099944114,0.1248000189661979,0.3491077525541188,10519.041038827983,56,10000,9622,8,50,66.85714285714285,103.54,73.3125,73.3125,N/A (GPTCache eviction path is CPU-only),5.340576171875e-05
LFU,adversarial_lru,50000,0.0185,0.3931847968544684,22.200000000000006,0.0828998163342475,0.1307149650529024,0.3943080967292192,9121.214739796478,56,10000,9677,7,49,65.3125,100.025,73.17578125,73.17578125,N/A (GPTCache eviction path is CPU-only),5.340576171875e-05
GDSF,adversarial_lru,50000,0.4733,0.7687599877596012,45.2200000000014,0.0086999498307704,0.020800158381462,0.0625056633725763,39037.79634046349,56,10000,5132,15,57,16.7,31.73,73.09765625,73.09765625,N/A (GPTCache eviction path is CPU-only),5.340576171875e-05
Random,adversarial_lru,50000,0.6246,0.5062687380756629,29.719999999997714,0.0006002373993396,0.0078994780778884,0.022399709559977,165879.0177604058,56,10000,3589,18,60,0.0,0.0,73.16015625,73.16015625,N/A (GPTCache eviction path is CPU-only),5.340576171875e-05
GDSF,adversarial_lru,50000,0.2478,0.70797640078655,42.48000000000079,0.0136001035571098,0.0185002572834491,0.0364999333396554,51680.41447955072,56,10000,7387,17,59,44.833333333333336,72.97,73.125,73.125,N/A (GPTCache eviction path is CPU-only),5.340576171875e-05
GDSF,adversarial_lru,50000,0.5332,0.770611883346893,45.238000000002096,0.0084000639617443,0.0175996916368603,0.0283010955899954,75829.15390280444,56,10000,4530,18,60,30.05,57.095,73.25390625,73.25390625,N/A (GPTCache eviction path is CPU-only),5.340576171875e-05
LRU,adversarial_lru,50000,0.0086,0.1740479643808587,10.319999999999991,0.002400018274784,0.0032000243663787,0.0072010606527328,168515.56377654453,56,10000,9740,20,62,0.0,0.0,73.17578125,73.17578125,N/A (GPTCache eviction path is CPU-only),5.340576171875e-05
Random,adversarial_lru,50000,0.6175,0.4888858906465098,28.98799999999795,0.0006998889148235,0.0078999437391757,0.0225999439135193,156862.49939254124,56,10000,3651,20,62,0.0,0.0,73.140625,73.140625,N/A (GPTCache eviction path is CPU-only),5.340576171875e-05
LRU,adversarial_lru,50000,0.008,0.1632042433103016,9.599999999999996,0.0023003667593002,0.0030999071896076,0.0080010574311018,72453.26766607232,56,10000,9740,19,61,6.25,11.875,73.18359375,73.18359375,N/A (GPTCache eviction path is CPU-only),5.340576171875e-05
LFU,adversarial_lru,50000,0.0244,0.501799485861114,29.280000000000065,0.0794995576143264,0.1127048162743448,0.3365203505381946,9419.867124338398,56,10000,9621,11,53,72.85000000000001,100.2,72.8828125,72.8828125,N/A (GPTCache eviction path is CPU-only),5.340576171875e-05
Random,adversarial_lru,50000,0.6181,0.466934140287542,27.465999999997905,0.0006998889148235,0.0085001811385154,0.0247997231781482,84312.98000142527,56,10000,3651,19,61,24.95,47.405,73.16015625,73.16015625,N/A (GPTCache eviction path is CPU-only),5.340576171875e-05
LRU,adversarial_lru,50000,0.0094,0.1921504497137895,11.279999999999983,0.0022999010980129,0.0029997900128364,0.0058002769947052,224926.3378178418,56,10000,9726,21,63,0.0,0.0,73.17578125,73.17578125,N/A (GPTCache eviction path is CPU-only),5.340576171875e-05
FIFO,adversarial_lru,50000,0.0086,0.1757972199509139,10.319999999999991,0.002400018274784,0.0029001384973526,0.0050999270752072,196033.84302916192,56,10000,9731,21,63,0.0,0.0,73.140625,73.140625,N/A (GPTCache eviction path is CPU-only),5.340576171875e-05
LFU,adversarial_lru,50000,0.0266,0.521722075120059,31.920000000000087,0.0753996428102254,0.1431000418961048,0.3788150893524292,7693.2066129022,56,10000,9599,9,51,51.17692307692308,107.21999999999996,73.26171875,73.26171875,N/A (GPTCache eviction path is CPU-only),5.340576171875e-05
Random,adversarial_lru,50000,0.6273,0.513218860724876,30.127999999997623,0.0005001202225685,0.0070999376475811,0.0201012659817934,228513.4506382235,56,10000,3557,21,63,0.0,0.0,73.18359375,73.18359375,N/A (GPTCache eviction path is CPU-only),5.340576171875e-05
GDSF,adversarial_lru,50000,0.4772,0.7720920743938463,45.41600000000162,0.0086999498307704,0.017599668353796,0.0311006559059024,64301.4864215456,56,10000,5093,19,61,0.0,0.0,73.3125,73.3125,N/A (GPTCache eviction path is CPU-only),5.340576171875e-05
LRU,adversarial_lru,50000,0.0094,0.1879937335421851,11.279999999999983,0.0023995526134967,0.0030999071896076,0.006000050343573,110651.78281423185,56,10000,9720,22,64,29.65,56.335,73.17578125,73.17578125,N/A (GPTCache eviction path is CPU-only),5.340576171875e-05
GDSF,adversarial_lru,50000,0.2473,0.7063109252200074,41.88000000000061,0.011200550943613,0.0177002511918544,0.0324999028816819,71495.82836726242,56,10000,7392,20,62,40.05,76.09499999999998,73.25390625,73.25390625,N/A (GPTCache eviction path is CPU-only),5.340576171875e-05
FIFO,adversarial_lru,50000,0.0074,0.150963925062029,8.88,0.0023995526134967,0.0030052149668335,0.0054012704640627,138636.83965043546,56,10000,9746,19,61,0.0,0.0,73.16015625,73.16015625,N/A (GPTCache eviction path is CPU-only),5.340576171875e-05
LFU,adversarial_lru,50000,0.0215,0.4439549850293617,25.80000000000004,0.0822003930807113,0.1221051206812261,0.3868291480466729,8486.497641935468,56,10000,9641,12,54,68.38000000000001,100.20000000000002,72.90234375,72.90234375,N/A (GPTCache eviction path is CPU-only),5.340576171875e-05
FIFO,adversarial_lru,50000,0.0076,0.1538098289877357,9.12,0.002400018274784,0.0038052210584282,0.0133052188903094,39650.56747696512,56,10000,9750,20,62,14.35,27.265,73.09765625,73.09765625,N/A (GPTCache eviction path is CPU-only),5.340576171875e-05
Random,adversarial_lru,50000,0.6199,0.489817006099686,29.389999999998025,0.0005997717380523,0.0081001780927181,0.0224011624231934,196307.4581222041,56,10000,3627,22,64,0.0,0.0,73.18359375,73.18359375,N/A (GPTCache eviction path is CPU-only),5.340576171875e-05
FIFO,adversarial_lru,50000,0.008,0.159994666844413,9.599999999999996,0.001399777829647,0.0026002526283264,0.0046994583681225,282145.5464566263,56,10000,9731,22,64,0.0,0.0,73.140625,73.140625,N/A (GPTCache eviction path is CPU-only),5.340576171875e-05
LRU,adversarial_lru,50000,0.0092,0.1854527129178306,11.039999999999988,0.0021001324057579,0.0027003698050975,0.0049001537263393,256843.5971925938,56,10000,9722,23,65,0.0,0.0,73.17578125,73.17578125,N/A (GPTCache eviction path is CPU-only),5.340576171875e-05
FIFO,adversarial_lru,50000,0.0085,0.1713421804132131,10.199999999999992,0.0022999010980129,0.0028996728360652,0.0053998082876205,134940.74727091493,56,10000,9729,23,65,0.0,0.0,73.25390625,73.25390625,N/A (GPTCache eviction path is CPU-only),5.340576171875e-05
LFU,adversarial_lru,50000,0.0195,0.4287756074320537,23.400000000000016,0.0813999213278293,0.1765100751072167,0.5620706267654911,6431.676364997169,56,10000,9661,6,48,54.46,96.29999999999998,73.34375,73.34375,N/A (GPTCache eviction path is CPU-only),5.340576171875e-05
LRU,adversarial_lru,50000,0.0086,0.1779433064349025,10.319999999999991,0.0021001324057579,0.0028996728360652,0.0052000395953655,230526.29193580247,56,10000,9731,24,66,0.0,0.0,73.18359375,73.18359375,N/A (GPTCache eviction path is CPU-only),5.340576171875e-05
Random,adversarial_lru,50000,0.6389,0.5099949605240006,30.359999999997967,0.0006002373993396,0.0080000609159469,0.0225002877414226,176294.39784513164,56,10000,3434,23,65,0.0,0.0,72.90234375,72.90234375,N/A (GPTCache eviction path is CPU-only),5.340576171875e-05
GDSF,adversarial_lru,50000,0.4581,0.759096484055512,44.56200000000143,0.0089001841843128,0.0193999148905277,0.0382020557299256,64473.74275049164,56,10000,5284,21,63,33.25,63.175,73.16015625,73.16015625,N/A (GPTCache eviction path is CPU-only),5.340576171875e-05
FIFO,adversarial_lru,50000,0.0082,0.1696668735774652,9.839999999999996,0.0022994354367256,0.0027003698050975,0.0053001567721366,151227.36095964297,56,10000,9735,24,66,0.0,0.0,73.140625,73.140625,N/A (GPTCache eviction path is CPU-only),5.340576171875e-05
LFU,adversarial_lru,50000,0.0203,0.4260976036382133,24.360000000000024,0.081199686974287,0.11990531347692,0.3620179649442439,9572.7114919522,56,10000,9650,14,56,70.15,104.86499999999997,73.0078125,73.0078125,N/A (GPTCache eviction path is CPU-only),5.340576171875e-05
LFU,adversarial_lru,50000,0.0208,0.4243310326067867,24.96000000000003,0.0814995728433132,0.156420259736478,0.4177040373906494,6668.012716066317,56,10000,9651,10,52,51.266666666666666,84.0,73.125,73.125,N/A (GPTCache eviction path is CPU-only),5.340576171875e-05
FIFO,adversarial_lru,50000,0.008,0.1587459073320535,9.599999999999996,0.0021001324057579,0.0026999041438102,0.0052000395953655,247371.6744340044,56,10000,9737,25,67,0.0,0.0,73.16015625,73.16015625,N/A (GPTCache eviction path is CPU-only),5.340576171875e-05
Random,adversarial_lru,50000,0.6208,0.4846885992136408,28.10999999999808,0.0006002373993396,0.0077998265624046,0.0220993580296635,179727.4622975362,56,10000,3621,24,66,0.0,0.0,73.25390625,73.25390625,N/A (GPTCache eviction path is CPU-only),5.340576171875e-05
GDSF,adversarial_lru,50000,0.4315,0.7633078897369171,45.800000000001766,0.009200070053339,0.0193002633750438,0.0410010758787393,58990.92484393465,56,10000,5550,22,64,30.05,57.095,73.3125,73.3125,N/A (GPTCache eviction path is CPU-only),5.340576171875e-05
Random,adversarial_lru,50000,0.608,0.4820584052649714,29.15199999999811,0.0006002373993396,0.0079995952546596,0.0231997156515717,113569.51229749298,56,10000,3749,25,67,37.8,71.82,73.140625,73.140625,N/A (GPTCache eviction path is CPU-only),5.340576171875e-05
GDSF,adversarial_lru,50000,0.3896,0.7433898874516183,44.25400000000097,0.010000541806221,0.0192997977137565,0.0399001874029636,60742.45489523707,56,10000,5969,23,65,60.1,114.19,73.09765625,73.09765625,N/A (GPTCache eviction path is CPU-only),5.340576171875e-05
LRU,adversarial_lru,50000,0.0095,0.1888793160580276,11.399999999999984,0.0021001324057579,0.0027003698050975,0.0053001567721366,256393.8208511215,56,10000,9728,26,68,0.0,0.0,73.125,73.125,N/A (GPTCache eviction path is CPU-only),5.340576171875e-05
FIFO,adversarial_lru,50000,0.0085,0.1689972827887617,10.199999999999992,0.0021001324057579,0.0026002526283264,0.0048014894127845,255749.8966810187,56,10000,9738,26,68,0.0,0.0,73.16015625,73.16015625,N/A (GPTCache eviction path is CPU-only),5.340576171875e-05
LRU,adversarial_lru,50000,0.009,0.17858914574856,10.799999999999988,0.002400018274784,0.0032000243663787,0.005899928510189,104845.21157580604,56,10000,9727,25,67,0.0,0.0,73.18359375,73.18359375,N/A (GPTCache eviction path is CPU-only),5.340576171875e-05
LRU,adversarial_lru,50000,0.0065,0.1378579003181143,7.800000000000006,0.0023003667593002,0.0031003728508949,0.0053998082876205,152470.86639405545,56,10000,9764,27,69,0.0,0.0,73.09765625,73.09765625,N/A (GPTCache eviction path is CPU-only),5.340576171875e-05
LFU,adversarial_lru,50000,0.0238,0.5079500586916323,28.56000000000006,0.0770003534853458,0.1099999295547604,0.3401134535670284,9508.22237793855,56,10000,9627,16,58,74.40714285714287,100.41,73.1796875,73.1796875,N/A (GPTCache eviction path is CPU-only),5.340576171875e-05
LFU,adversarial_lru,50000,0.0246,0.4919836005465776,29.520000000000067,0.0770995393395423,0.1116049243137239,0.3155029611662031,11050.841050100911,56,10000,9616,17,59,74.74444444444445,99.76,73.0390625,73.0390625,N/A (GPTCache eviction path is CPU-only),5.340576171875e-05
GDSF,adversarial_lru,50000,0.2367,0.6879439961375748,39.89800000000014,0.0102994963526725,0.0171004794538021,0.025699851103127,77693.49761760255,56,10000,7498,24,66,0.0,0.0,73.34375,73.34375,N/A (GPTCache eviction path is CPU-only),5.340576171875e-05
LFU,adversarial_lru,50000,0.0223,0.4549318282274729,26.760000000000044,0.0829994678497314,0.1308000879362225,0.3895020531490445,8610.760556816893,56,10000,9634,15,57,62.3,99.18,72.84375,72.84375,N/A (GPTCache eviction path is CPU-only),5.340576171875e-05
Random,adversarial_lru,50000,0.6078,0.4966200543441124,29.973999999997627,0.0006998889148235,0.0081993639469146,0.02329982817173,122743.9657635294,56,10000,3757,26,68,30.05,57.095,73.3125,73.3125,N/A (GPTCache eviction path is CPU-only),5.340576171875e-05
GDSF,adversarial_lru,50000,0.2482,0.7123391870885738,43.07800000000066,0.0118000898510217,0.0189999118447303,0.0386997172608971,57547.928799032605,56,10000,7383,25,67,49.85,94.715,73.0078125,73.0078125,N/A (GPTCache eviction path is CPU-only),5.340576171875e-05
FIFO,adversarial_lru,50000,0.006,0.1272534464474901,7.2000000000000055,0.0022994354367256,0.0029001384973526,0.005199578590691,97175.2137197876,56,10000,9769,27,69,16.6,31.540000000000003,73.125,73.125,N/A (GPTCache eviction path is CPU-only),5.340576171875e-05
Random,adversarial_lru,50000,0.6272,0.4657122658182178,26.34999999999846,0.0003003515303134,0.0048000365495681,0.0131996441632509,388363.0828049566,56,10000,3563,27,69,0.0,0.0,73.18359375,73.18359375,N/A (GPTCache eviction path is CPU-only),5.340576171875e-05
LRU,adversarial_lru,50000,0.008,0.1622279302419671,9.599999999999996,0.0023003667593002,0.0029001384973526,0.0050999224185943,216177.8886478192,56,10000,9734,28,70,0.0,0.0,73.1796875,73.1796875,N/A (GPTCache eviction path is CPU-only),5.340576171875e-05
Random,adversarial_lru,50000,0.6113,0.4837772069756957,28.6279999999978,0.0006002373993396,0.0081998296082019,0.0227010529488325,161114.13595357706,56,10000,3716,28,70,0.0,0.0,72.84375,72.84375,N/A (GPTCache eviction path is CPU-only),5.340576171875e-05
GDSF,adversarial_lru,50000,0.2347,0.7073033335541502,42.69000000000053,0.0134999863803386,0.0177999027073383,0.035301917232573,60895.44313164496,56,10000,7518,26,68,92.66666666666669,99.95,73.140625,73.140625,N/A (GPTCache eviction path is CPU-only),5.340576171875e-05
FIFO,adversarial_lru,50000,0.0058,0.1269841269841081,6.960000000000005,0.0020000152289867,0.0028000213205814,0.0057998159900307,186553.93829264745,56,10000,9753,29,71,0.0,0.0,73.125,73.125,N/A (GPTCache eviction path is CPU-only),5.340576171875e-05
Random,adversarial_lru,50000,0.6452,0.4679438058747366,25.64799999999813,0.0005001202225685,0.0074994750320911,0.0201012659817934,178553.57350572385,56,10000,3374,29,71,104.2,104.2,73.1796875,73.1796875,N/A (GPTCache eviction path is CPU-only),5.340576171875e-05
GDSF,adversarial_lru,50000,0.5053,0.7769703934026485,45.97800000000159,0.0096000730991363,0.0180997885763645,0.033699907362461,73256.74568516103,56,10000,4812,28,70,50.1,95.19,73.3125,73.3125,N/A (GPTCache eviction path is CPU-only),5.340576171875e-05
LRU,adversarial_lru,100000,0.978,0.9518188388340016,55.31400000000721,0.0007003545761108,0.0009001232683658,0.0021001324057579,476503.6106601026,56,10000,0,0,42,0.0,0.0,73.140625,73.140625,N/A (GPTCache eviction path is CPU-only),5.340576171875e-05
FIFO,adversarial_lru,100000,0.978,0.9518188388340016,55.31400000000721,0.0004000030457973,0.0006998889148235,0.0016000121831893,518578.0580382493,56,10000,0,0,42,0.0,0.0,73.125,73.125,N/A (GPTCache eviction path is CPU-only),5.340576171875e-05
LFU,adversarial_lru,100000,0.978,0.9518188388340016,55.31400000000721,0.0008000060915946,0.0010998919606208,0.0021001324057579,432540.9179774519,56,10000,0,0,42,0.0,0.0,73.1796875,73.1796875,N/A (GPTCache eviction path is CPU-only),5.340576171875e-05
LFU,adversarial_lru,50000,0.0254,0.5202608131634833,30.480000000000075,0.0831000506877899,0.1622050767764448,0.4774041427299381,5896.495163775771,56,10000,9608,13,55,45.55,99.79,73.01953125,73.01953125,N/A (GPTCache eviction path is CPU-only),5.340576171875e-05
FIFO,adversarial_lru,100000,0.978,0.9521105562016746,55.66800000000694,0.0005997717380523,0.0008000060915946,0.0018994323909282,322038.3728101149,56,10000,0,1,43,0.0,0.0,73.1796875,73.1796875,N/A (GPTCache eviction path is CPU-only),5.340576171875e-05
LFU,adversarial_lru,50000,0.0254,0.5181734725102091,30.480000000000075,0.077500008046627,0.1190998591482639,0.3379381261765965,10094.73403012057,56,10000,9611,19,61,75.99166666666669,120.2,73.3828125,73.3828125,N/A (GPTCache eviction path is CPU-only),5.340576171875e-05
FIFO,adversarial_lru,50000,0.0068,0.1378937407056722,8.160000000000005,0.002400018274784,0.0033001415431499,0.009302725084126,155844.31804053628,56,10000,9743,28,70,0.0,0.0,73.0390625,73.0390625,N/A (GPTCache eviction path is CPU-only),5.340576171875e-05
GDSF,adversarial_lru,100000,0.978,0.9518188388340016,55.31400000000721,0.0040000304579734,0.005700159817934,0.0110999727621674,154539.44143198783,56,10000,0,0,42,0.0,0.0,73.140625,73.140625,N/A (GPTCache eviction path is CPU-only),5.340576171875e-05
GDSF,adversarial_lru,50000,0.4101,0.7266192300674132,39.82600000000086,0.0117998570203781,0.0190995866432785,0.040502417832613,68619.34453389142,56,10000,5764,29,71,50.1,95.19,72.859375,72.859375,N/A (GPTCache eviction path is CPU-only),5.340576171875e-05
LFU,adversarial_lru,100000,0.978,0.9521105562016746,55.66800000000694,0.0008000060915946,0.001000240445137,0.0021001324057579,463770.260867845,56,10000,0,1,43,0.0,0.0,73.01953125,73.01953125,N/A (GPTCache eviction path is CPU-only),5.340576171875e-05
LRU,adversarial_lru,50000,0.0064,0.1401204159824641,7.680000000000006,0.002400018274784,0.0029997900128364,0.0053998082876205,195936.28320702777,56,10000,9747,29,71,0.0,0.0,73.0078125,73.0078125,N/A (GPTCache eviction path is CPU-only),5.340576171875e-05
Random,adversarial_lru,100000,0.978,0.9521105562016746,55.66800000000694,0.0004000030457973,0.0006002373993396,0.001399777829647,633854.145906986,56,10000,0,1,43,0.0,0.0,73.1796875,73.1796875,N/A (GPTCache eviction path is CPU-only),5.340576171875e-05
Random,adversarial_lru,100000,0.978,0.9518188388340016,55.31400000000721,0.0005997717380523,0.0008000060915946,0.0019003637135028,95777.27588665958,56,10000,0,0,42,16.6,31.540000000000003,73.3125,73.3125,N/A (GPTCache eviction path is CPU-only),5.340576171875e-05
LRU,adversarial_lru,100000,0.978,0.9521105562016746,55.66800000000694,0.0006998889148235,0.0009997747838497,0.0018998980522155,96129.53656418952,56,10000,0,1,43,8.3,15.77,73.125,73.125,N/A (GPTCache eviction path is CPU-only),5.340576171875e-05
FIFO,adversarial_lru,100000,0.978,0.952303079858252,55.90400000000612,0.0005997717380523,0.0008000060915946,0.002001472748816,429597.5561464276,56,10000,0,2,44,0.0,0.0,73.140625,73.140625,N/A (GPTCache eviction path is CPU-only),5.340576171875e-05
LFU,adversarial_lru,100000,0.978,0.952303079858252,55.90400000000612,0.0008000060915946,0.0010998919606208,0.0021001324057579,390785.2887898888,56,10000,0,2,44,0.0,0.0,72.859375,72.859375,N/A (GPTCache eviction path is CPU-only),5.340576171875e-05
Random,adversarial_lru,100000,0.978,0.952303079858252,55.90400000000612,0.0004000030457973,0.0006002373993396,0.0016004778444766,660057.2881836982,56,10000,0,2,44,0.0,0.0,73.08984375,73.08984375,N/A (GPTCache eviction path is CPU-only),5.340576171875e-05
LRU,adversarial_lru,100000,0.978,0.9528714737763332,56.61200000000735,0.0007003545761108,0.0009001232683658,0.0018998980522155,468915.5835689593,56,10000,0,3,45,0.0,0.0,73.1796875,73.1796875,N/A (GPTCache eviction path is CPU-only),5.340576171875e-05
GDSF,adversarial_lru,100000,0.978,0.9521105562016746,55.66800000000694,0.0040000304579734,0.0068000517785549,0.0201008049771189,149033.295575631,56,10000,0,1,43,0.0,0.0,73.38671875,73.38671875,N/A (GPTCache eviction path is CPU-only),5.340576171875e-05
Random,adversarial_lru,100000,0.978,0.9528714737763332,56.61200000000735,0.0002998858690261,0.0006002373993396,0.0019003637135028,424630.2545675288,56,10000,0,3,45,0.0,0.0,73.203125,73.203125,N/A (GPTCache eviction path is CPU-only),5.340576171875e-05
LFU,adversarial_lru,50000,0.0252,0.5100010119067041,30.24000000000008,0.0824998132884502,0.1296000555157661,0.3720020409673453,9367.991279049564,56,10000,9613,20,62,79.64615384615385,110.51999999999995,73.16015625,73.16015625,N/A (GPTCache eviction path is CPU-only),5.340576171875e-05
FIFO,adversarial_lru,100000,0.978,0.9528714737763332,56.61200000000735,0.0005001202225685,0.0006998889148235,0.0017997808754444,589039.1657112136,56,10000,0,3,45,0.0,0.0,73.3125,73.3125,N/A (GPTCache eviction path is CPU-only),5.340576171875e-05
FIFO,adversarial_lru,100000,0.978,0.9510232639496078,54.37000000000669,0.0005001202225685,0.0008000060915946,0.0018002465367317,542967.7612491262,56,10000,0,4,46,0.0,0.0,73.1796875,73.1796875,N/A (GPTCache eviction path is CPU-only),5.340576171875e-05
LFU,adversarial_lru,100000,0.978,0.9510232639496078,54.37000000000669,0.0006002373993396,0.0009001232683658,0.0019003637135028,554821.9544060252,56,10000,0,4,46,0.0,0.0,73.38671875,73.38671875,N/A (GPTCache eviction path is CPU-only),5.340576171875e-05
LFU,adversarial_lru,100000,0.978,0.9528714737763332,56.61200000000735,0.0005997717380523,0.0009001232683658,0.0019003637135028,644761.9420203429,56,10000,0,3,45,0.0,0.0,73.125,73.125,N/A (GPTCache eviction path is CPU-only),5.340576171875e-05
LRU,adversarial_lru,100000,0.978,0.952303079858252,55.90400000000612,0.0007003545761108,0.001000240445137,0.0020000152289867,451453.0018815485,56,10000,0,2,44,0.0,0.0,73.0390625,73.0390625,N/A (GPTCache eviction path is CPU-only),5.340576171875e-05
GDSF,adversarial_lru,100000,0.978,0.9528714737763332,56.61200000000735,0.0027003698050975,0.0054002739489078,0.0110999681055545,169007.70402399427,56,10000,0,3,45,0.0,0.0,72.8984375,72.8984375,N/A (GPTCache eviction path is CPU-only),5.340576171875e-05
LRU,adversarial_lru,100000,0.978,0.9510232639496078,54.37000000000669,0.0006998889148235,0.0009001232683658,0.0018002465367317,531889.4350102323,56,10000,0,4,46,0.0,0.0,73.08984375,73.08984375,N/A (GPTCache eviction path is CPU-only),5.340576171875e-05
LRU,adversarial_lru,100000,0.978,0.951523545706365,54.960000000006886,0.0008000060915946,0.001000240445137,0.0018994370475411,439247.65865408746,56,10000,0,5,47,0.0,0.0,73.3125,73.3125,N/A (GPTCache eviction path is CPU-only),5.340576171875e-05
GDSF,adversarial_lru,50000,0.4903,0.7510074231176206,42.492000000000935,0.0109998509287834,0.0210996018722653,0.0661131553351881,22687.87315800351,56,10000,4962,27,69,23.82,53.17999999999999,73.09765625,73.09765625,N/A (GPTCache eviction path is CPU-only),5.340576171875e-05
FIFO,adversarial_lru,100000,0.978,0.951523545706365,54.960000000006886,0.0005001202225685,0.0007003545761108,0.0017001293599605,541518.1940655609,56,10000,0,5,47,0.0,0.0,73.19140625,73.19140625,N/A (GPTCache eviction path is CPU-only),5.340576171875e-05
GDSF,adversarial_lru,100000,0.978,0.952303079858252,55.90400000000612,0.0043003819882869,0.0062999315559864,0.0126999802887439,134185.68110471018,56,10000,0,2,44,0.0,0.0,73.0078125,73.0078125,N/A (GPTCache eviction path is CPU-only),5.340576171875e-05
Random,adversarial_lru,100000,0.978,0.9510232639496078,54.37000000000669,0.0005997717380523,0.0006998889148235,0.0017993198707699,530011.9217186546,56,10000,0,4,46,0.0,0.0,73.203125,73.203125,N/A (GPTCache eviction path is CPU-only),5.340576171875e-05
Random,adversarial_lru,100000,0.978,0.951523545706365,54.960000000006886,0.0004000030457973,0.0006002373993396,0.0015013525262475,630680.061835604,56,10000,0,5,47,0.0,0.0,73.125,73.125,N/A (GPTCache eviction path is CPU-only),5.340576171875e-05
LFU,adversarial_lru,50000,0.0254,0.5192150449713056,30.480000000000075,0.0806003808975219,0.1184199703857299,0.3557014977559447,9642.46696811626,56,10000,9605,21,63,68.63571428571429,100.41,72.8828125,72.8828125,N/A (GPTCache eviction path is CPU-only),5.340576171875e-05
Random,adversarial_lru,100000,0.978,0.948693517059386,51.77400000000584,0.0005997717380523,0.0008000060915946,0.0018999027088284,295815.10361459194,56,10000,0,6,48,0.0,0.0,73.09765625,73.09765625,N/A (GPTCache eviction path is CPU-only),5.340576171875e-05
LRU,adversarial_lru,100000,0.978,0.948693517059386,51.77400000000584,0.0006002373993396,0.0009997747838497,0.0021001324057579,270540.07857853896,56,10000,0,6,48,0.0,0.0,72.8984375,72.8984375,N/A (GPTCache eviction path is CPU-only),5.340576171875e-05
GDSF,adversarial_lru,100000,0.978,0.9510232639496078,54.37000000000669,0.0044996850192546,0.0068005174398422,0.0172021286562085,106286.528966054,56,10000,0,4,46,37.8,71.82,73.16015625,73.16015625,N/A (GPTCache eviction path is CPU-only),5.340576171875e-05
LFU,adversarial_lru,100000,0.978,0.951523545706365,54.960000000006886,0.0008000060915946,0.0010998919606208,0.0021001324057579,224441.70111947044,56,10000,0,5,47,0.0,0.0,73.38671875,73.38671875,N/A (GPTCache eviction path is CPU-only),5.340576171875e-05
FIFO,adversarial_lru,100000,0.978,0.948693517059386,51.77400000000584,0.0005997717380523,0.0008000060915946,0.0021001324057579,210586.6110984432,56,10000,0,6,48,0.0,0.0,73.08984375,73.08984375,N/A (GPTCache eviction path is CPU-only),5.340576171875e-05
LFU,adversarial_lru,100000,0.978,0.948693517059386,51.77400000000584,0.0006998889148235,0.0009001232683658,0.0018994323909282,552599.1549272869,56,10000,0,6,48,0.0,0.0,73.3125,73.3125,N/A (GPTCache eviction path is CPU-only),5.340576171875e-05
Random,adversarial_lru,100000,0.978,0.9504091247210408,53.662000000006685,0.0002998858690261,0.0004000030457973,0.001000240445137,1051867.6060124084,56,10000,0,7,49,97.7,97.7,72.8828125,72.8828125,N/A (GPTCache eviction path is CPU-only),5.340576171875e-05
FIFO,adversarial_lru,100000,0.978,0.9504091247210408,53.662000000006685,0.0005997717380523,0.0007003545761108,0.0018002465367317,506529.1570073553,56,10000,0,7,49,97.7,97.7,73.203125,73.203125,N/A (GPTCache eviction path is CPU-only),5.340576171875e-05
Random,adversarial_lru,100000,0.978,0.95268352034607,56.376000000006606,0.0004996545612812,0.0006002373993396,0.0015003606677055,458681.93650217366,56,10000,0,8,50,0.0,0.0,73.08984375,73.08984375,N/A (GPTCache eviction path is CPU-only),5.340576171875e-05
FIFO,adversarial_lru,100000,0.978,0.95268352034607,56.376000000006606,0.0005997717380523,0.0007053138688205,0.0020000152289867,451165.8083001107,56,10000,0,8,50,0.0,0.0,73.16015625,73.16015625,N/A (GPTCache eviction path is CPU-only),5.340576171875e-05
LFU,adversarial_lru,50000,0.0262,0.5281370737442588,31.440000000000083,0.0771996565163135,0.1101004891097545,0.2945030294358731,11070.23733117909,56,10000,9600,23,65,68.71666666666667,98.275,73.19921875,73.23828125,N/A (GPTCache eviction path is CPU-only),5.340576171875e-05
LFU,adversarial_lru,100000,0.978,0.95268352034607,56.376000000006606,0.0008000060915946,0.0011003576219081,0.0020996667444705,220202.7201164689,56,10000,0,8,50,97.7,97.7,73.38671875,73.38671875,N/A (GPTCache eviction path is CPU-only),5.340576171875e-05
GDSF,adversarial_lru,100000,0.978,0.948693517059386,51.77400000000584,0.0042999163269996,0.0062999315559864,0.0126999849453568,159581.00419461585,56,10000,0,6,48,0.0,0.0,73.19140625,73.19140625,N/A (GPTCache eviction path is CPU-only),5.340576171875e-05
LRU,adversarial_lru,100000,0.978,0.95268352034607,56.376000000006606,0.0007003545761108,0.0011003576219081,0.0021001324057579,182064.1333020404,56,10000,0,8,50,0.0,0.0,72.8984375,72.8984375,N/A (GPTCache eviction path is CPU-only),5.340576171875e-05
LRU,adversarial_lru,100000,0.978,0.9504091247210408,53.662000000006685,0.0007003545761108,0.0009001232683658,0.0020000152289867,482965.7955509144,56,10000,0,7,49,0.0,0.0,73.0078125,73.0078125,N/A (GPTCache eviction path is CPU-only),5.340576171875e-05
GDSF,adversarial_lru,100000,0.978,0.951523545706365,54.960000000006886,0.0042999163269996,0.006900168955326,0.0323061272501946,148035.641215179,56,10000,0,5,47,0.0,0.0,73.0390625,73.0390625,N/A (GPTCache eviction path is CPU-only),5.340576171875e-05
GDSF,adversarial_lru,100000,0.978,0.95268352034607,56.376000000006606,0.0039003789424896,0.0054999254643917,0.0111009646207094,163373.3330087397,56,10000,0,8,50,0.0,0.0,73.3125,73.3125,N/A (GPTCache eviction path is CPU-only),5.340576171875e-05
GDSF,adversarial_lru,100000,0.978,0.9504091247210408,53.662000000006685,0.0044996850192546,0.0074999406933784,0.0231997156515717,109389.68237522789,56,10000,0,7,49,20.05,38.095,73.1171875,73.1171875,N/A (GPTCache eviction path is CPU-only),5.340576171875e-05
LRU,adversarial_lru,100000,0.978,0.9542349056912064,58.38200000000787,0.0007003545761108,0.001000240445137,0.0020000152289867,460634.2012784514,56,10000,0,9,51,0.0,0.0,72.8828125,72.8828125,N/A (GPTCache eviction path is CPU-only),5.340576171875e-05
LFU,adversarial_lru,100000,0.978,0.9504091247210408,53.662000000006685,0.0008000060915946,0.0010998919606208,0.0020996714010834,354043.7066533241,56,10000,0,7,49,0.0,0.0,73.125,73.125,N/A (GPTCache eviction path is CPU-only),5.340576171875e-05
FIFO,adversarial_lru,100000,0.978,0.9542349056912064,58.38200000000787,0.0002998858690261,0.0004000030457973,0.0017001293599605,963242.6272578792,56,10000,0,9,51,0.0,0.0,73.203125,73.203125,N/A (GPTCache eviction path is CPU-only),5.340576171875e-05
LFU,adversarial_lru,100000,0.978,0.9523987623678132,56.02200000000764,0.0006998889148235,0.0009001232683658,0.0021001324057579,545702.5900017173,56,10000,0,10,52,0.0,0.0,72.8984375,72.8984375,N/A (GPTCache eviction path is CPU-only),5.340576171875e-05
Random,adversarial_lru,100000,0.978,0.9542349056912064,58.38200000000787,0.0005997717380523,0.0008000060915946,0.0016996636986732,495680.1516315018,56,10000,0,9,51,0.0,0.0,73.16015625,73.16015625,N/A (GPTCache eviction path is CPU-only),5.340576171875e-05
FIFO,adversarial_lru,100000,0.978,0.9523987623678132,56.02200000000764,0.0006002373993396,0.0008996576070785,0.0018002465367317,281223.548481266,56,10000,0,10,52,0.0,0.0,73.19140625,73.19140625,N/A (GPTCache eviction path is CPU-only),5.340576171875e-05
Random,adversarial_lru,100000,0.978,0.9523987623678132,56.02200000000764,0.0005997717380523,0.0007003545761108,0.0017001293599605,543271.5884554958,56,10000,0,10,52,0.0,0.0,73.0078125,73.0078125,N/A (GPTCache eviction path is CPU-only),5.340576171875e-05
LFU,adversarial_lru,100000,0.978,0.9542349056912064,58.38200000000787,0.0008000060915946,0.001000240445137,0.0021997839212417,168591.98727173012,56,10000,0,9,51,0.0,0.0,73.08984375,73.08984375,N/A (GPTCache eviction path is CPU-only),5.340576171875e-05
LRU,adversarial_lru,100000,0.978,0.9523987623678132,56.02200000000764,0.0008000060915946,0.001200009137392,0.002200249582529,240963.27516680563,56,10000,0,10,52,0.0,0.0,73.38671875,73.38671875,N/A (GPTCache eviction path is CPU-only),5.340576171875e-05
FIFO,adversarial_lru,100000,0.978,0.9520137103684452,55.55000000000649,0.0005997717380523,0.0007003545761108,0.0018002465367317,516940.1301981705,56,10000,0,11,53,0.0,0.0,73.1171875,73.1171875,N/A (GPTCache eviction path is CPU-only),5.340576171875e-05
GDSF,adversarial_lru,100000,0.978,0.9542349056912064,58.38200000000787,0.0040996819734573,0.0060000456869602,0.0107996212318539,158532.62239012806,56,10000,0,9,51,0.0,0.0,73.23828125,73.23828125,N/A (GPTCache eviction path is CPU-only),5.340576171875e-05
LFU,adversarial_lru,100000,0.978,0.9520137103684452,55.55000000000649,0.0008000060915946,0.001000240445137,0.0020996667444705,455358.89254517,56,10000,0,11,53,0.0,0.0,72.8828125,72.8828125,N/A (GPTCache eviction path is CPU-only),5.340576171875e-05
GDSF,adversarial_lru,100000,0.978,0.9523987623678132,56.02200000000764,0.0042999163269996,0.0061051454395055,0.0123009784147143,163242.91889774622,56,10000,0,10,52,0.0,0.0,73.0390625,73.0390625,N/A (GPTCache eviction path is CPU-only),5.340576171875e-05
LFU,adversarial_lru,50000,0.0227,0.4696875646595695,27.240000000000048,0.0833999365568161,0.1228049863129853,0.3782048542052508,9737.519325087438,56,10000,9632,24,66,80.10714285714286,107.59,73.17578125,73.17578125,N/A (GPTCache eviction path is CPU-only),5.340576171875e-05
LRU,adversarial_lru,100000,0.978,0.9518188388340032,55.314000000007205,0.0006998889148235,0.001000240445137,0.0020000152289867,370583.1093265771,56,10000,0,12,54,0.0,0.0,72.8984375,72.8984375,N/A (GPTCache eviction path is CPU-only),5.340576171875e-05
LFU,adversarial_lru,100000,0.978,0.9518188388340032,55.314000000007205,0.0007003545761108,0.0010998919606208,0.0020996667444705,365896.9405211295,56,10000,0,12,54,0.0,0.0,73.19140625,73.19140625,N/A (GPTCache eviction path is CPU-only),5.340576171875e-05
LRU,adversarial_lru,100000,0.978,0.9520137103684452,55.55000000000649,0.0008000060915946,0.001000240445137,0.0020000152289867,126618.02025230414,56,10000,0,11,53,10.0,19.0,73.3125,73.3125,N/A (GPTCache eviction path is CPU-only),5.340576171875e-05
FIFO,adversarial_lru,100000,0.978,0.9518188388340032,55.314000000007205,0.0005997717380523,0.0006998889148235,0.0017997808754444,545896.214107845,56,10000,0,12,54,0.0,0.0,73.16015625,73.16015625,N/A (GPTCache eviction path is CPU-only),5.340576171875e-05
Random,adversarial_lru,100000,0.978,0.9518188388340032,55.314000000007205,0.0005997717380523,0.0008000060915946,0.0017001293599605,463243.91942156345,56,10000,0,12,54,0.0,0.0,73.0078125,73.0078125,N/A (GPTCache eviction path is CPU-only),5.340576171875e-05
LRU,adversarial_lru,100000,0.978,0.952207011914102,55.78600000000735,0.0006998889148235,0.0009997747838497,0.0018998980522155,509834.7087856573,56,10000,0,13,55,0.0,0.0,73.38671875,73.38671875,N/A (GPTCache eviction path is CPU-only),5.340576171875e-05
LFU,adversarial_lru,100000,0.978,0.952207011914102,55.78600000000735,0.0008000060915946,0.001000240445137,0.0024014757946133,441670.7477560178,56,10000,0,13,55,0.0,0.0,73.23828125,73.23828125,N/A (GPTCache eviction path is CPU-only),5.340576171875e-05
Random,adversarial_lru,100000,0.978,0.952207011914102,55.78600000000735,0.0005001202225685,0.0007003545761108,0.0018002465367317,516121.0397773128,56,10000,0,13,55,0.0,0.0,72.8828125,72.8828125,N/A (GPTCache eviction path is CPU-only),5.340576171875e-05
LFU,adversarial_lru,100000,0.978,0.9510232639496098,54.37000000000671,0.0008000060915946,0.001000240445137,0.0020000152289867,369859.4141175595,56,10000,0,14,56,0.0,0.0,73.19140625,73.19140625,N/A (GPTCache eviction path is CPU-only),5.340576171875e-05
LRU,adversarial_lru,100000,0.978,0.9510232639496098,54.37000000000671,0.0006002373993396,0.0009001232683658,0.0015013525262475,568172.1401925625,56,10000,0,14,56,0.0,0.0,73.17578125,73.17578125,N/A (GPTCache eviction path is CPU-only),5.340576171875e-05
FIFO,adversarial_lru,100000,0.978,0.952207011914102,55.78600000000735,0.0002998858690261,0.0004000030457973,0.0009997747838497,1052188.53108218,56,10000,0,13,55,0.0,0.0,73.1171875,73.1171875,N/A (GPTCache eviction path is CPU-only),5.340576171875e-05
FIFO,adversarial_lru,100000,0.978,0.9510232639496098,54.37000000000671,0.0005997717380523,0.0008000060915946,0.0018002465367317,368284.7856546504,56,10000,0,14,56,0.0,0.0,72.8984375,72.8984375,N/A (GPTCache eviction path is CPU-only),5.340576171875e-05
Random,adversarial_lru,100000,0.978,0.9510232639496098,54.37000000000671,0.0004000030457973,0.0006002373993396,0.0017997808754444,603212.7137478407,56,10000,0,14,56,0.0,0.0,73.3125,73.3125,N/A (GPTCache eviction path is CPU-only),5.340576171875e-05
LRU,adversarial_lru,100000,0.978,0.952398762367807,56.02200000000674,0.0006002373993396,0.0008996576070785,0.0016996636986732,560004.4727682681,56,10000,0,15,57,104.2,104.2,73.0078125,73.0078125,N/A (GPTCache eviction path is CPU-only),5.340576171875e-05
Random,adversarial_lru,100000,0.978,0.952398762367807,56.02200000000674,0.0005001202225685,0.0006998889148235,0.0016000121831893,594707.1156618191,56,10000,0,15,57,97.7,97.7,72.8828125,72.8828125,N/A (GPTCache eviction path is CPU-only),5.340576171875e-05
Random,adversarial_lru,100000,0.978,0.9520137103684452,55.55000000000649,0.0005997717380523,0.0008000060915946,0.0017997808754444,463518.75598950114,56,10000,0,11,53,0.0,0.0,73.125,73.125,N/A (GPTCache eviction path is CPU-only),5.340576171875e-05
FIFO,adversarial_lru,100000,0.978,0.952398762367807,56.02200000000674,0.0004996545612812,0.0006998889148235,0.0017001293599605,607699.5562585084,56,10000,0,15,57,0.0,0.0,73.38671875,73.38671875,N/A (GPTCache eviction path is CPU-only),5.340576171875e-05
LFU,adversarial_lru,100000,0.978,0.952398762367807,56.02200000000674,0.0008000060915946,0.0011995434761047,0.0021001324057579,261347.71893000425,56,10000,0,15,57,0.0,0.0,73.26171875,73.26171875,N/A (GPTCache eviction path is CPU-only),5.340576171875e-05
LRU,adversarial_lru,100000,0.978,0.950200974638049,53.42600000000706,0.0006998889148235,0.0009997747838497,0.0018002465367317,425511.9969736207,56,10000,0,16,58,0.0,0.0,73.2109375,73.2109375,N/A (GPTCache eviction path is CPU-only),5.340576171875e-05
LFU,adversarial_lru,50000,0.0256,0.5089800516932134,30.72000000000008,0.0776001252233982,0.1159052830189465,0.3753041801974178,10149.202407973817,56,10000,9609,26,68,77.00000000000001,110.51999999999995,73.25390625,73.25390625,N/A (GPTCache eviction path is CPU-only),5.340576171875e-05
GDSF,adversarial_lru,100000,0.978,0.9518188388340032,55.314000000007205,0.0042999163269996,0.0069998437538743,0.0155010027810931,81479.47145793738,56,10000,0,12,54,0.0,0.0,73.08984375,73.08984375,N/A (GPTCache eviction path is CPU-only),5.340576171875e-05
LFU,adversarial_lru,100000,0.978,0.950200974638049,53.42600000000706,0.0006998889148235,0.0009001232683658,0.0017997808754444,555833.4623817201,56,10000,0,16,58,0.0,0.0,72.8984375,72.8984375,N/A (GPTCache eviction path is CPU-only),5.340576171875e-05
GDSF,adversarial_lru,100000,0.978,0.952207011914102,55.78600000000735,0.0044000335037708,0.006900168955326,0.014702994376421,135536.06613781216,56,10000,0,13,55,30.05,57.095,73.0390625,73.0390625,N/A (GPTCache eviction path is CPU-only),5.340576171875e-05
LFU,adversarial_lru,50000,0.0221,0.4517579721994493,26.52000000000004,0.0841999426484108,0.1530100125819443,0.5687185563147072,6303.305876491336,56,10000,9638,18,60,55.9,94.20999999999998,73.16015625,73.16015625,N/A (GPTCache eviction path is CPU-only),5.340576171875e-05
Random,adversarial_lru,100000,0.978,0.953334888837028,57.20200000000772,0.0005001202225685,0.0007003545761108,0.0018002465367317,407800.4101924179,56,10000,0,17,59,0.0,0.0,73.31640625,73.31640625,N/A (GPTCache eviction path is CPU-only),5.340576171875e-05
LFU,adversarial_lru,50000,0.025,0.4960809604126685,30.00000000000007,0.0834004022181034,0.1300050411373376,0.3759224107488995,9400.468219022096,56,10000,9609,25,67,75.20000000000002,109.23,72.90234375,72.90234375,N/A (GPTCache eviction path is CPU-only),5.340576171875e-05
GDSF,adversarial_lru,100000,0.978,0.9510232639496098,54.37000000000671,0.0045998021960258,0.0074999406933784,0.0273018609732389,100670.2626967732,56,10000,0,14,56,30.05,57.095,73.16015625,73.16015625,N/A (GPTCache eviction path is CPU-only),5.340576171875e-05
LRU,adversarial_lru,100000,0.978,0.953334888837028,57.20200000000772,0.0008000060915946,0.001000240445137,0.0020000152289867,419035.96602838335,56,10000,0,17,59,0.0,0.0,72.8828125,72.8828125,N/A (GPTCache eviction path is CPU-only),5.340576171875e-05
LFU,adversarial_lru,100000,0.978,0.953334888837028,57.20200000000772,0.0006002373993396,0.0009001232683658,0.0020000152289867,422238.4506336082,56,10000,0,17,59,0.0,0.0,73.38671875,73.38671875,N/A (GPTCache eviction path is CPU-only),5.340576171875e-05
GDSF,adversarial_lru,100000,0.978,0.9520137103684452,55.55000000000649,0.004699919372797,0.0068000517785549,0.0156051199883223,109028.42600613643,56,10000,0,11,53,0.0,0.0,73.203125,73.203125,N/A (GPTCache eviction path is CPU-only),5.340576171875e-05
FIFO,adversarial_lru,100000,0.978,0.953334888837028,57.20200000000772,0.0005001202225685,0.0006998889148235,0.0018998980522155,576345.6311621814,56,10000,0,17,59,0.0,0.0,73.125,73.125,N/A (GPTCache eviction path is CPU-only),5.340576171875e-05
GDSF,adversarial_lru,100000,0.978,0.950200974638049,53.42600000000706,0.0041001476347446,0.0065051252022384,0.0135009875521064,160651.60277545542,56,10000,0,16,58,0.0,0.0,73.0078125,73.0078125,N/A (GPTCache eviction path is CPU-only),5.340576171875e-05
GDSF,adversarial_lru,100000,0.978,0.952398762367807,56.02200000000674,0.0038999132812023,0.0057998113334178,0.0113002024590969,184218.37961154443,56,10000,0,15,57,0.0,0.0,73.19140625,73.19140625,N/A (GPTCache eviction path is CPU-only),5.340576171875e-05
FIFO,adversarial_lru,100000,0.978,0.950200974638049,53.42600000000706,0.0002998858690261,0.0006998889148235,0.0018002465367317,116189.63086405754,56,10000,0,16,58,0.0,0.0,73.1171875,73.1171875,N/A (GPTCache eviction path is CPU-only),5.340576171875e-05
LRU,adversarial_lru,100000,0.978,0.9523030798582576,55.90400000000668,0.0007003545761108,0.001000240445137,0.0022017071023583,363908.9655006929,56,10000,0,18,60,0.0,0.0,73.25390625,73.25390625,N/A (GPTCache eviction path is CPU-only),5.340576171875e-05
Random,adversarial_lru,100000,0.978,0.950200974638049,53.42600000000706,0.0004000030457973,0.0006002373993396,0.0014998996630311,598139.7914168306,56,10000,0,16,58,104.2,104.2,73.3125,73.3125,N/A (GPTCache eviction path is CPU-only),5.340576171875e-05
Random,adversarial_lru,100000,0.978,0.9523030798582576,55.90400000000668,0.0004996545612812,0.0006998889148235,0.0017001293599605,613937.6099699996,56,10000,0,18,60,0.0,0.0,73.0390625,73.0390625,N/A (GPTCache eviction path is CPU-only),5.340576171875e-05
Random,adversarial_lru,100000,0.978,0.9523987623678054,56.022000000007424,0.0005997717380523,0.0007003545761108,0.0017997808754444,512660.139595972,56,10000,0,19,61,0.0,0.0,72.8828125,72.8828125,N/A (GPTCache eviction path is CPU-only),5.340576171875e-05
LFU,adversarial_lru,100000,0.978,0.9523030798582576,55.90400000000668,0.0008000060915946,0.001000240445137,0.0021997839212417,424956.8644225502,56,10000,0,18,60,0.0,0.0,72.8984375,72.8984375,N/A (GPTCache eviction path is CPU-only),5.340576171875e-05
LRU,adversarial_lru,100000,0.978,0.9523987623678054,56.022000000007424,0.0006998889148235,0.0009001232683658,0.0017993152141571,517252.968157424,56,10000,0,19,61,0.0,0.0,73.31640625,73.31640625,N/A (GPTCache eviction path is CPU-only),5.340576171875e-05
FIFO,adversarial_lru,100000,0.978,0.9523987623678054,56.022000000007424,0.0003003515303134,0.0006002373993396,0.0016000121831893,701547.6235550744,56,10000,0,19,61,0.0,0.0,72.90234375,72.90234375,N/A (GPTCache eviction path is CPU-only),5.340576171875e-05
LFU,adversarial_lru,100000,0.978,0.9527776840827016,56.49400000000711,0.0007003545761108,0.001000240445137,0.0021997839212417,489727.9600329684,56,10000,0,20,62,0.0,0.0,73.0078125,73.0078125,N/A (GPTCache eviction path is CPU-only),5.340576171875e-05
FIFO,adversarial_lru,100000,0.978,0.9523030798582576,55.90400000000668,0.0004996545612812,0.0006002373993396,0.0018002465367317,573789.3048332665,56,10000,0,18,60,0.0,0.0,73.1484375,73.1484375,N/A (GPTCache eviction path is CPU-only),5.340576171875e-05
GDSF,adversarial_lru,100000,0.978,0.953334888837028,57.20200000000772,0.0045998021960258,0.0065998174250125,0.0126999802887439,128940.08694248593,56,10000,0,17,59,29.65,56.335,73.2109375,73.2109375,N/A (GPTCache eviction path is CPU-only),5.340576171875e-05
LFU,adversarial_lru,100000,0.978,0.9523987623678054,56.022000000007424,0.0008000060915946,0.0010999152436852,0.0020996667444705,415978.565986703,56,10000,0,19,61,97.7,97.7,73.16015625,73.16015625,N/A (GPTCache eviction path is CPU-only),5.340576171875e-05
LRU,adversarial_lru,100000,0.978,0.9523030798582606,55.90400000000768,0.0006998889148235,0.0009001232683658,0.0018994323909282,499398.2288076161,56,10000,0,21,63,0.0,0.0,73.25390625,73.25390625,N/A (GPTCache eviction path is CPU-only),5.340576171875e-05
LFU,adversarial_lru,100000,0.978,0.9523030798582606,55.90400000000768,0.0005001202225685,0.0009001232683658,0.0021001324057579,614054.4912816465,56,10000,0,21,63,0.0,0.0,73.0390625,73.0390625,N/A (GPTCache eviction path is CPU-only),5.340576171875e-05
FIFO,adversarial_lru,100000,0.978,0.9523030798582606,55.90400000000768,0.0005997717380523,0.0008000060915946,0.0019003637135028,385285.192154626,56,10000,0,21,63,0.0,0.0,73.3125,73.3125,N/A (GPTCache eviction path is CPU-only),5.340576171875e-05
LRU,adversarial_lru,100000,0.978,0.9533348888370268,57.20200000000837,0.0006002373993396,0.0009997747838497,0.0018002465367317,464908.6947009357,56,10000,0,22,64,0.0,0.0,73.31640625,73.31640625,N/A (GPTCache eviction path is CPU-only),5.340576171875e-05
LFU,adversarial_lru,100000,0.978,0.9533348888370268,57.20200000000837,0.0007003545761108,0.0009001232683658,0.0019003637135028,426688.5132848965,56,10000,0,22,64,0.0,0.0,73.0078125,73.0078125,N/A (GPTCache eviction path is CPU-only),5.340576171875e-05
GDSF,adversarial_lru,100000,0.978,0.9527776840827016,56.49400000000711,0.0041001476347446,0.0048000365495681,0.0078999437391757,173712.44431715412,56,10000,0,20,62,0.0,0.0,73.1171875,73.1171875,N/A (GPTCache eviction path is CPU-only),5.340576171875e-05
FIFO,adversarial_lru,100000,0.978,0.9533348888370268,57.20200000000837,0.0005997717380523,0.0007003545761108,0.0017997808754444,419514.1143692678,56,10000,0,22,64,0.0,0.0,72.90234375,72.90234375,N/A (GPTCache eviction path is CPU-only),5.340576171875e-05
LFU,adversarial_lru,50000,0.0253,0.5059831338954578,30.36000000000008,0.0798995606601238,0.1294048270210623,0.429509896785021,7736.497375976083,56,10000,9606,22,64,59.07142857142857,105.87,73.26171875,73.26171875,N/A (GPTCache eviction path is CPU-only),5.340576171875e-05
GDSF,adversarial_lru,100000,0.978,0.9523987623678054,56.022000000007424,0.0041997991502285,0.0053001567721366,0.014001103118062,157340.566487501,56,10000,0,19,61,0.0,0.0,73.38671875,73.38671875,N/A (GPTCache eviction path is CPU-only),5.340576171875e-05
FIFO,adversarial_lru,100000,0.978,0.9527776840827016,56.49400000000711,0.0005997717380523,0.0008000060915946,0.0017997808754444,138327.8923303914,56,10000,0,20,62,0.0,0.0,73.125,73.125,N/A (GPTCache eviction path is CPU-only),5.340576171875e-05
LRU,adversarial_lru,100000,0.978,0.952964891651257,56.73000000000719,0.0008000060915946,0.001000240445137,0.0019003637135028,448933.78469971,56,10000,0,23,65,0.0,0.0,73.16015625,73.16015625,N/A (GPTCache eviction path is CPU-only),5.340576171875e-05
FIFO,adversarial_lru,100000,0.978,0.952964891651257,56.73000000000719,0.0005997717380523,0.0008000060915946,0.0018002465367317,453994.4710134532,56,10000,0,23,65,97.7,97.7,73.25390625,73.25390625,N/A (GPTCache eviction path is CPU-only),5.340576171875e-05
LFU,adversarial_lru,100000,0.978,0.952964891651257,56.73000000000719,0.0008000060915946,0.001000240445137,0.002000480890274,415603.4149836245,56,10000,0,23,65,0.0,0.0,73.0390625,73.0390625,N/A (GPTCache eviction path is CPU-only),5.340576171875e-05
LFU,adversarial_lru,100000,0.978,0.9517208083315962,55.196000000006656,0.0004000030457973,0.0008000060915946,0.0014998950064182,608690.8817411611,56,10000,0,24,66,0.0,0.0,72.90234375,72.90234375,N/A (GPTCache eviction path is CPU-only),5.340576171875e-05
FIFO,adversarial_lru,100000,0.978,0.9517208083315962,55.196000000006656,0.0005001202225685,0.0006998889148235,0.0017001293599605,496825.2791809166,56,10000,0,24,66,0.0,0.0,73.1171875,73.1171875,N/A (GPTCache eviction path is CPU-only),5.340576171875e-05
Random,adversarial_lru,100000,0.978,0.9533348888370268,57.20200000000837,0.0002998858690261,0.0004000030457973,0.0009997747838497,1078399.647758599,56,10000,0,22,64,0.0,0.0,73.1484375,73.1484375,N/A (GPTCache eviction path is CPU-only),5.340576171875e-05
LRU,adversarial_lru,100000,0.978,0.9517208083315962,55.196000000006656,0.0006998889148235,0.0009001232683658,0.002000480890274,470785.41042989993,56,10000,0,24,66,0.0,0.0,73.0859375,73.0859375,N/A (GPTCache eviction path is CPU-only),5.340576171875e-05
GDSF,adversarial_lru,100000,0.978,0.9523030798582606,55.90400000000768,0.0042999163269996,0.006900168955326,0.0144011061638593,137534.5551716592,56,10000,0,21,63,0.0,0.0,72.8984375,72.8984375,N/A (GPTCache eviction path is CPU-only),5.340576171875e-05
Random,adversarial_lru,100000,0.978,0.9527776840827016,56.49400000000711,0.0005001202225685,0.0007003545761108,0.0017997808754444,545917.0856596315,56,10000,0,20,62,14.3,14.3,73.19140625,73.19140625,N/A (GPTCache eviction path is CPU-only),5.340576171875e-05
GDSF,adversarial_lru,100000,0.978,0.9533348888370268,57.20200000000837,0.0041997991502285,0.0058999517932534,0.0132001005113124,165087.60341404533,56,10000,0,22,64,104.2,104.2,73.2109375,73.2109375,N/A (GPTCache eviction path is CPU-only),5.340576171875e-05
LRU,adversarial_lru,100000,0.978,0.9527776840827016,56.49400000000711,0.0007003545761108,0.0009001232683658,0.0019003637135028,493184.19941999257,56,10000,0,20,62,0.0,0.0,73.203125,73.203125,N/A (GPTCache eviction path is CPU-only),5.340576171875e-05
FIFO,adversarial_lru,100000,0.978,0.9536991103614604,57.67400000000733,0.0005001202225685,0.0007003545761108,0.0019003637135028,313801.2977517701,56,10000,0,25,67,0.0,0.0,73.16015625,73.16015625,N/A (GPTCache eviction path is CPU-only),5.340576171875e-05
LRU,adversarial_lru,100000,0.978,0.9536991103614604,57.67400000000733,0.0007003545761108,0.0009997747838497,0.0021001324057579,230908.4859530874,56,10000,0,25,67,0.0,0.0,73.125,73.125,N/A (GPTCache eviction path is CPU-only),5.340576171875e-05
GDSF,adversarial_lru,100000,0.978,0.952964891651257,56.73000000000719,0.0040996819734573,0.0068000517785549,0.0137998722493648,177638.8239781895,56,10000,0,23,65,0.0,0.0,73.31640625,73.31640625,N/A (GPTCache eviction path is CPU-only),5.340576171875e-05
LFU,adversarial_lru,100000,0.978,0.9536991103614604,57.67400000000733,0.0006998889148235,0.0009001232683658,0.0019995542243123,534356.4443156284,56,10000,0,25,67,0.0,0.0,73.25390625,73.25390625,N/A (GPTCache eviction path is CPU-only),5.340576171875e-05
FIFO,adversarial_lru,100000,0.978,0.9536085890383592,57.556000000007614,0.0005001202225685,0.0006998889148235,0.0017997808754444,540508.4119983562,56,10000,0,26,68,0.0,0.0,72.90234375,72.90234375,N/A (GPTCache eviction path is CPU-only),5.340576171875e-05
Random,adversarial_lru,100000,0.978,0.952964891651257,56.73000000000719,0.0005997717380523,0.0008000060915946,0.0017997808754444,446717.7339824418,56,10000,0,23,65,0.0,0.0,73.3125,73.3125,N/A (GPTCache eviction path is CPU-only),5.340576171875e-05
Random,adversarial_lru,100000,0.978,0.9536991103614604,57.67400000000733,0.0005001202225685,0.0007003545761108,0.0016014697030186,557335.9393582738,56,10000,0,25,67,0.0,0.0,73.0390625,73.0390625,N/A (GPTCache eviction path is CPU-only),5.340576171875e-05
Random,adversarial_lru,100000,0.978,0.9536085890383592,57.556000000007614,0.0005001202225685,0.0006998889148235,0.0017001293599605,539124.235655345,56,10000,0,26,68,0.0,0.0,72.8984375,72.8984375,N/A (GPTCache eviction path is CPU-only),5.340576171875e-05
GDSF,adversarial_lru,100000,0.978,0.9523030798582576,55.90400000000668,0.0044996850192546,0.006700400263071,0.0145998783409595,103249.46736331364,56,10000,0,18,60,0.0,0.0,73.16015625,73.16015625,N/A (GPTCache eviction path is CPU-only),5.340576171875e-05
FIFO,adversarial_lru,100000,0.978,0.9505125486037256,53.78000000000634,0.0005001202225685,0.0006998889148235,0.0019003637135028,577537.2596394661,56,10000,0,27,69,0.0,0.0,73.2109375,73.2109375,N/A (GPTCache eviction path is CPU-only),5.340576171875e-05
LRU,adversarial_lru,100000,0.978,0.9505125486037256,53.78000000000634,0.0007003545761108,0.0009001232683658,0.0018002465367317,473130.9056440023,56,10000,0,27,69,0.0,0.0,73.203125,73.203125,N/A (GPTCache eviction path is CPU-only),5.340576171875e-05
LFU,adversarial_lru,50000,0.0244,0.494795187238001,29.280000000000065,0.0805999152362346,0.1181000843644142,0.3659238805994396,10493.96125104989,56,10000,9615,28,70,73.39999999999999,110.29,73.34375,73.34375,N/A (GPTCache eviction path is CPU-only),5.340576171875e-05
LFU,adversarial_lru,100000,0.978,0.9505125486037256,53.78000000000634,0.0006002373993396,0.0009001232683658,0.0020000152289867,540818.2633816834,56,10000,0,27,69,0.0,0.0,73.16015625,73.16015625,N/A (GPTCache eviction path is CPU-only),5.340576171875e-05
LFU,adversarial_lru,100000,0.978,0.9536085890383592,57.556000000007614,0.0008000060915946,0.001200009137392,0.0026999041438102,333093.5064574488,56,10000,0,26,68,0.0,0.0,73.08984375,73.08984375,N/A (GPTCache eviction path is CPU-only),5.340576171875e-05
GDSF,adversarial_lru,100000,0.978,0.9517208083315962,55.196000000006656,0.0044000335037708,0.006900168955326,0.0151009997352957,138010.03324836434,56,10000,0,24,66,0.0,0.0,73.38671875,73.38671875,N/A (GPTCache eviction path is CPU-only),5.340576171875e-05
LRU,adversarial_lru,100000,0.978,0.9526835203460728,56.37600000000713,0.0008000060915946,0.0009997747838497,0.0019003637135028,432971.6561994594,56,10000,0,28,70,0.0,0.0,73.25390625,73.25390625,N/A (GPTCache eviction path is CPU-only),5.340576171875e-05
Random,adversarial_lru,100000,0.978,0.9517208083315962,55.196000000006656,0.0005997717380523,0.0007003545761108,0.0017997808754444,524260.1358809616,56,10000,0,24,66,0.0,0.0,73.26171875,73.26171875,N/A (GPTCache eviction path is CPU-only),5.340576171875e-05
Random,adversarial_lru,100000,0.978,0.9523030798582606,55.90400000000768,0.0003003515303134,0.0008000060915946,0.0015003606677055,690793.7919634288,56,10000,0,21,63,0.0,0.0,72.8828125,72.8828125,N/A (GPTCache eviction path is CPU-only),5.340576171875e-05
FIFO,adversarial_lru,100000,0.978,0.9526835203460728,56.37600000000713,0.0005001202225685,0.0006998889148235,0.0017001293599605,559390.4907737507,56,10000,0,28,70,0.0,0.0,72.90234375,72.90234375,N/A (GPTCache eviction path is CPU-only),5.340576171875e-05
Random,adversarial_lru,100000,0.978,0.9526835203460728,56.37600000000713,0.0004000030457973,0.0006002373993396,0.0016000121831893,658553.2840362708,56,10000,0,28,70,104.2,104.2,73.0390625,73.0390625,N/A (GPTCache eviction path is CPU-only),5.340576171875e-05
LRU,adversarial_lru,100000,0.978,0.9536085890383592,57.556000000007614,0.0004000030457973,0.0008000060915946,0.0018002465367317,686266.4300544738,56,10000,0,26,68,0.0,0.0,73.1484375,73.1484375,N/A (GPTCache eviction path is CPU-only),5.340576171875e-05
LRU,adversarial_lru,100000,0.978,0.9489144316730392,52.01000000000704,0.0006998889148235,0.0008049886673688,0.0016000121831893,546836.557113229,56,10000,0,29,71,0.0,0.0,73.16015625,73.16015625,N/A (GPTCache eviction path is CPU-only),5.340576171875e-05
FIFO,adversarial_lru,100000,0.978,0.9489144316730392,52.01000000000704,0.0005001202225685,0.0007003545761108,0.0017001293599605,533823.0227603983,56,10000,0,29,71,0.0,0.0,73.2109375,73.2109375,N/A (GPTCache eviction path is CPU-only),5.340576171875e-05
LFU,adversarial_lru,100000,0.978,0.9489144316730392,52.01000000000704,0.0006002373993396,0.0009001232683658,0.0020000152289867,605143.7264631465,56,10000,0,29,71,0.0,0.0,73.34375,73.34375,N/A (GPTCache eviction path is CPU-only),5.340576171875e-05
LFU,adversarial_lru,250000,0.978,0.9518188388340016,55.31400000000721,0.0006998889148235,0.0009001232683658,0.0016004778444766,565886.114176845,56,10000,0,0,42,0.0,0.0,73.25390625,73.25390625,N/A (GPTCache eviction path is CPU-only),5.340576171875e-05
LRU,adversarial_lru,250000,0.978,0.9518188388340016,55.31400000000721,0.0006998889148235,0.0009001232683658,0.0015003606677055,532399.1451699527,56,10000,0,0,42,0.0,0.0,73.08984375,73.08984375,N/A (GPTCache eviction path is CPU-only),5.340576171875e-05
Random,adversarial_lru,100000,0.978,0.9489144316730392,52.01000000000704,0.0005001202225685,0.0006998889148235,0.0017997808754444,511119.4126368531,56,10000,0,29,71,97.7,97.7,73.203125,73.203125,N/A (GPTCache eviction path is CPU-only),5.340576171875e-05
Random,adversarial_lru,100000,0.978,0.9505125486037256,53.78000000000634,0.0005001202225685,0.0007003545761108,0.0018002465367317,204657.5971322597,56,10000,0,27,69,0.0,0.0,73.125,73.125,N/A (GPTCache eviction path is CPU-only),5.340576171875e-05
GDSF,adversarial_lru,100000,0.978,0.9505125486037256,53.78000000000634,0.0041001476347446,0.0059003941714763,0.0152001157402992,172018.4474708654,56,10000,0,27,69,0.0,0.0,73.31640625,73.31640625,N/A (GPTCache eviction path is CPU-only),5.340576171875e-05
LFU,adversarial_lru,100000,0.978,0.9526835203460728,56.37600000000713,0.0008000060915946,0.001000240445137,0.0021001324057579,452515.3148363191,56,10000,0,28,70,0.0,0.0,73.3125,73.3125,N/A (GPTCache eviction path is CPU-only),5.340576171875e-05
Random,adversarial_lru,250000,0.978,0.9521105562016746,55.66800000000694,0.0004000030457973,0.0006002373993396,0.0016000121831893,724732.208313145,56,10000,0,1,43,0.0,0.0,73.16015625,73.16015625,N/A (GPTCache eviction path is CPU-only),5.340576171875e-05
FIFO,adversarial_lru,250000,0.978,0.9521105562016746,55.66800000000694,0.0005001202225685,0.0008000060915946,0.0019003637135028,442918.83569642383,56,10000,0,1,43,0.0,0.0,73.0390625,73.0390625,N/A (GPTCache eviction path is CPU-only),5.340576171875e-05
GDSF,adversarial_lru,100000,0.978,0.9536991103614604,57.67400000000733,0.0042999163269996,0.005899928510189,0.011999630369246,133654.4604890974,56,10000,0,25,67,0.0,0.0,73.1171875,73.1171875,N/A (GPTCache eviction path is CPU-only),5.340576171875e-05
GDSF,adversarial_lru,100000,0.978,0.9489144316730392,52.01000000000704,0.0044996850192546,0.0065001659095287,0.0137998769059777,162847.35324361562,56,10000,0,29,71,0.0,0.0,73.16015625,73.16015625,N/A (GPTCache eviction path is CPU-only),5.340576171875e-05
GDSF,adversarial_lru,100000,0.978,0.9526835203460728,56.37600000000713,0.0044000335037708,0.0065001659095287,0.0124997505918145,157291.31727372482,56,10000,0,28,70,0.0,0.0,72.8984375,72.8984375,N/A (GPTCache eviction path is CPU-only),5.340576171875e-05
FIFO,adversarial_lru,250000,0.978,0.952303079858252,55.90400000000612,0.0005997717380523,0.0007003545761108,0.0018002465367317,438106.50375740137,56,10000,0,2,44,0.0,0.0,73.25390625,73.25390625,N/A (GPTCache eviction path is CPU-only),5.340576171875e-05
FIFO,adversarial_lru,250000,0.978,0.9518188388340016,55.31400000000721,0.0004000030457973,0.0006002373993396,0.0016996636986732,638455.465318508,56,10000,0,0,42,0.0,0.0,73.38671875,73.38671875,N/A (GPTCache eviction path is CPU-only),5.340576171875e-05
Random,adversarial_lru,250000,0.978,0.952303079858252,55.90400000000612,0.0005997717380523,0.0007003545761108,0.0018994323909282,501029.6203267783,56,10000,0,2,44,0.0,0.0,73.203125,73.203125,N/A (GPTCache eviction path is CPU-only),5.340576171875e-05
LFU,adversarial_lru,250000,0.978,0.952303079858252,55.90400000000612,0.0008000060915946,0.001000240445137,0.0021001324057579,306960.3233715481,56,10000,0,2,44,0.0,0.0,73.08984375,73.08984375,N/A (GPTCache eviction path is CPU-only),5.340576171875e-05
LRU,adversarial_lru,250000,0.978,0.9521105562016746,55.66800000000694,0.0006998889148235,0.0009001232683658,0.0018002465367317,532685.5880178044,56,10000,0,1,43,0.0,0.0,72.90234375,72.90234375,N/A (GPTCache eviction path is CPU-only),5.340576171875e-05
LRU,adversarial_lru,250000,0.978,0.9528714737763332,56.61200000000735,0.0007003545761108,0.0009997747838497,0.0018998980522155,472478.152146868,56,10000,0,3,45,0.0,0.0,73.31640625,73.31640625,N/A (GPTCache eviction path is CPU-only),5.340576171875e-05
LFU,adversarial_lru,250000,0.978,0.9521105562016746,55.66800000000694,0.0007003545761108,0.001000240445137,0.0021997839212417,449822.3199827216,56,10000,0,1,43,0.0,0.0,73.1484375,73.1484375,N/A (GPTCache eviction path is CPU-only),5.340576171875e-05
GDSF,adversarial_lru,100000,0.978,0.9536085890383592,57.556000000007614,0.0044000335037708,0.0064997002482414,0.0126003287732601,158155.2775256664,56,10000,0,26,68,0.0,0.0,73.19140625,73.19140625,N/A (GPTCache eviction path is CPU-only),5.340576171875e-05
LRU,adversarial_lru,250000,0.978,0.952303079858252,55.90400000000612,0.0008000060915946,0.001000240445137,0.0018998980522155,446827.5249682256,56,10000,0,2,44,0.0,0.0,73.34375,73.34375,N/A (GPTCache eviction path is CPU-only),5.340576171875e-05
Random,adversarial_lru,250000,0.978,0.9528714737763332,56.61200000000735,0.0004000030457973,0.0006002373993396,0.0016000121831893,574118.7305289392,56,10000,0,3,45,0.0,0.0,73.0390625,73.0390625,N/A (GPTCache eviction path is CPU-only),5.340576171875e-05
GDSF,adversarial_lru,250000,0.978,0.9521105562016746,55.66800000000694,0.0044000335037708,0.0066002830862998,0.0141022214666009,157136.09985757252,56,10000,0,1,43,0.0,0.0,73.2109375,73.2109375,N/A (GPTCache eviction path is CPU-only),5.340576171875e-05
GDSF,adversarial_lru,250000,0.978,0.952303079858252,55.90400000000612,0.0042999163269996,0.0063995830714702,0.0128000974655151,156628.60155442252,56,10000,0,2,44,0.0,0.0,73.125,73.125,N/A (GPTCache eviction path is CPU-only),5.340576171875e-05
Random,adversarial_lru,250000,0.978,0.9518188388340016,55.31400000000721,0.0005997717380523,0.0007003545761108,0.0016996683552861,452808.315998216,56,10000,0,0,42,0.0,0.0,73.26171875,73.26171875,N/A (GPTCache eviction path is CPU-only),5.340576171875e-05
LFU,adversarial_lru,250000,0.978,0.9528714737763332,56.61200000000735,0.0006998889148235,0.0009997747838497,0.0020000152289867,497931.0945763495,56,10000,0,3,45,0.0,0.0,73.16015625,73.16015625,N/A (GPTCache eviction path is CPU-only),5.340576171875e-05
LFU,adversarial_lru,250000,0.978,0.9510232639496078,54.37000000000669,0.0006998889148235,0.0009001232683658,0.0020996667444705,445765.8919345235,56,10000,0,4,46,0.0,0.0,73.25390625,73.25390625,N/A (GPTCache eviction path is CPU-only),5.340576171875e-05
LRU,adversarial_lru,250000,0.978,0.951523545706365,54.960000000006886,0.0008000060915946,0.001000240445137,0.0019003637135028,382827.8754081961,56,10000,0,5,47,0.0,0.0,73.08984375,73.08984375,N/A (GPTCache eviction path is CPU-only),5.340576171875e-05
LRU,adversarial_lru,250000,0.978,0.948693517059386,51.77400000000584,0.0006998889148235,0.0009997747838497,0.0012000137940049,561126.2976226093,56,10000,0,6,48,0.0,0.0,73.34375,73.34375,N/A (GPTCache eviction path is CPU-only),5.340576171875e-05
LFU,adversarial_lru,250000,0.978,0.951523545706365,54.960000000006886,0.0008000060915946,0.0010998919606208,0.0020996714010834,361598.2660662827,56,10000,0,5,47,0.0,0.0,73.31640625,73.31640625,N/A (GPTCache eviction path is CPU-only),5.340576171875e-05
GDSF,adversarial_lru,250000,0.978,0.9518188388340016,55.31400000000721,0.0044000335037708,0.0062999315559864,0.0117002055048942,165635.03583382207,56,10000,0,0,42,0.0,0.0,72.8828125,72.8828125,N/A (GPTCache eviction path is CPU-only),5.340576171875e-05
LFU,adversarial_lru,250000,0.978,0.948693517059386,51.77400000000584,0.0006998889148235,0.0010998919606208,0.002200249582529,422940.2839419154,56,10000,0,6,48,0.0,0.0,73.2109375,73.2109375,N/A (GPTCache eviction path is CPU-only),5.340576171875e-05
LRU,adversarial_lru,250000,0.978,0.9510232639496078,54.37000000000669,0.0004000030457973,0.0006002373993396,0.0017001293599605,886941.5552484748,56,10000,0,4,46,0.0,0.0,73.16015625,73.16015625,N/A (GPTCache eviction path is CPU-only),5.340576171875e-05
FIFO,adversarial_lru,250000,0.978,0.9528714737763332,56.61200000000735,0.0005997717380523,0.0007003545761108,0.0018002465367317,179733.27613070773,56,10000,0,3,45,0.0,0.0,73.3125,73.3125,N/A (GPTCache eviction path is CPU-only),5.340576171875e-05
FIFO,adversarial_lru,250000,0.978,0.948693517059386,51.77400000000584,0.0005001202225685,0.0008000060915946,0.0017997808754444,316563.89103986905,56,10000,0,6,48,0.0,0.0,73.0390625,73.0390625,N/A (GPTCache eviction path is CPU-only),5.340576171875e-05
Random,adversarial_lru,250000,0.978,0.948693517059386,51.77400000000584,0.0006002373993396,0.0008000060915946,0.0017001293599605,416758.6999793084,56,10000,0,6,48,0.0,0.0,73.125,73.125,N/A (GPTCache eviction path is CPU-only),5.340576171875e-05
FIFO,adversarial_lru,250000,0.978,0.9510232639496078,54.37000000000669,0.0005997717380523,0.0008000060915946,0.0018002465367317,473565.5668041925,56,10000,0,4,46,0.0,0.0,72.8984375,72.8984375,N/A (GPTCache eviction path is CPU-only),5.340576171875e-05
Random,adversarial_lru,250000,0.978,0.9504091247210408,53.662000000006685,0.0005997717380523,0.0007003545761108,0.0017997808754444,527403.9063993504,56,10000,0,7,49,0.0,0.0,73.34375,73.34375,N/A (GPTCache eviction path is CPU-only),5.340576171875e-05
LRU,adversarial_lru,250000,0.978,0.9504091247210408,53.662000000006685,0.0006002373993396,0.0009001232683658,0.0020000152289867,426675.77127175225,56,10000,0,7,49,0.0,0.0,73.16015625,73.16015625,N/A (GPTCache eviction path is CPU-only),5.340576171875e-05
GDSF,adversarial_lru,250000,0.978,0.9510232639496078,54.37000000000669,0.0044000335037708,0.006700400263071,0.0149042252451182,141191.08788229554,56,10000,0,4,46,0.0,0.0,73.203125,73.203125,N/A (GPTCache eviction path is CPU-only),5.340576171875e-05
FIFO,adversarial_lru,250000,0.978,0.9504091247210408,53.662000000006685,0.0005997717380523,0.0008000060915946,0.0019003637135028,342733.36657220614,56,10000,0,7,49,0.0,0.0,73.25390625,73.25390625,N/A (GPTCache eviction path is CPU-only),5.340576171875e-05
GDSF,adversarial_lru,250000,0.978,0.9528714737763332,56.61200000000735,0.0044000335037708,0.0066999346017837,0.0126013252884149,123680.63636893232,56,10000,0,3,45,40.05,76.09499999999998,73.1171875,73.1171875,N/A (GPTCache eviction path is CPU-only),5.340576171875e-05
Random,adversarial_lru,250000,0.978,0.9510232639496078,54.37000000000669,0.0005997717380523,0.0007003545761108,0.0017997808754444,529764.8319617562,56,10000,0,4,46,0.0,0.0,73.38671875,73.38671875,N/A (GPTCache eviction path is CPU-only),5.340576171875e-05
FIFO,adversarial_lru,250000,0.978,0.951523545706365,54.960000000006886,0.0004000030457973,0.0006998889148235,0.0018002465367317,611295.5142864763,56,10000,0,5,47,0.0,0.0,72.90234375,72.90234375,N/A (GPTCache eviction path is CPU-only),5.340576171875e-05
Random,adversarial_lru,250000,0.978,0.951523545706365,54.960000000006886,0.0005001202225685,0.0006998889148235,0.0017001293599605,575894.2245213471,56,10000,0,5,47,0.0,0.0,73.1484375,73.1484375,N/A (GPTCache eviction path is CPU-only),5.340576171875e-05
LFU,adversarial_lru,250000,0.978,0.9504091247210408,53.662000000006685,0.0007003545761108,0.0010998919606208,0.0021011289209127,267947.0956235166,56,10000,0,7,49,0.0,0.0,73.08984375,73.08984375,N/A (GPTCache eviction path is CPU-only),5.340576171875e-05
LRU,adversarial_lru,250000,0.978,0.9542349056912064,58.38200000000787,0.0004000030457973,0.0005997717380523,0.0017997808754444,887910.2085436839,56,10000,0,9,51,0.0,0.0,73.125,73.125,N/A (GPTCache eviction path is CPU-only),5.340576171875e-05
FIFO,adversarial_lru,250000,0.978,0.95268352034607,56.376000000006606,0.0005001202225685,0.0008000060915946,0.002400018274784,338087.9777266731,56,10000,0,8,50,0.0,0.0,73.2109375,73.2109375,N/A (GPTCache eviction path is CPU-only),5.340576171875e-05
Random,adversarial_lru,250000,0.978,0.95268352034607,56.376000000006606,0.0005997717380523,0.0007003545761108,0.0017997808754444,509411.37215997145,56,10000,0,8,50,0.0,0.0,73.3125,73.3125,N/A (GPTCache eviction path is CPU-only),5.340576171875e-05
FIFO,adversarial_lru,250000,0.978,0.9523987623678132,56.02200000000764,0.0005001202225685,0.0006998889148235,0.0016000121831893,597111.1744388982,56,10000,0,10,52,0.0,0.0,73.1171875,73.1171875,N/A (GPTCache eviction path is CPU-only),5.340576171875e-05
Random,adversarial_lru,250000,0.978,0.9542349056912064,58.38200000000787,0.0004996545612812,0.0006998889148235,0.0015003606677055,508509.9156044708,56,10000,0,9,51,0.0,0.0,73.16015625,73.16015625,N/A (GPTCache eviction path is CPU-only),5.340576171875e-05
LRU,adversarial_lru,250000,0.978,0.9523987623678132,56.02200000000764,0.0006998889148235,0.0009997747838497,0.0018998980522155,480563.5994346694,56,10000,0,10,52,0.0,0.0,73.25390625,73.25390625,N/A (GPTCache eviction path is CPU-only),5.340576171875e-05
LRU,adversarial_lru,250000,0.978,0.9520137103684452,55.55000000000649,0.0008000060915946,0.0009001232683658,0.0018002465367317,475310.01803557953,56,10000,0,11,53,0.0,0.0,73.08984375,73.08984375,N/A (GPTCache eviction path is CPU-only),5.340576171875e-05
FIFO,adversarial_lru,250000,0.978,0.9520137103684452,55.55000000000649,0.0004996545612812,0.0006998889148235,0.0017001293599605,525061.1705200175,56,10000,0,11,53,0.0,0.0,73.125,73.125,N/A (GPTCache eviction path is CPU-only),5.340576171875e-05
GDSF,adversarial_lru,250000,0.978,0.951523545706365,54.960000000006886,0.0044000335037708,0.006700400263071,0.0137012172490358,135704.54430616807,56,10000,0,5,47,0.0,0.0,73.19140625,73.19140625,N/A (GPTCache eviction path is CPU-only),5.340576171875e-05
GDSF,adversarial_lru,250000,0.978,0.948693517059386,51.77400000000584,0.0042002648115158,0.0066999346017837,0.0142999924719333,171851.71978146952,56,10000,0,6,48,0.0,0.0,73.26171875,73.26171875,N/A (GPTCache eviction path is CPU-only),5.340576171875e-05
LFU,adversarial_lru,50000,0.0202,0.428419936373217,24.240000000000023,0.0851000659167766,0.129804853349924,0.3900057123973967,7252.065479367071,56,10000,9660,27,69,54.00000000000001,99.8,73.21668198529412,73.23828125,N/A (GPTCache eviction path is CPU-only),5.340576171875e-05
LRU,adversarial_lru,250000,0.978,0.95268352034607,56.376000000006606,0.0007003545761108,0.0009997747838497,0.0018994370475411,454750.093703585,56,10000,0,8,50,0.0,0.0,72.8828125,72.8828125,N/A (GPTCache eviction path is CPU-only),5.340576171875e-05
LFU,adversarial_lru,250000,0.978,0.95268352034607,56.376000000006606,0.0008000060915946,0.001000240445137,0.002200249582529,429144.03328480455,56,10000,0,8,50,0.0,0.0,73.16015625,73.16015625,N/A (GPTCache eviction path is CPU-only),5.340576171875e-05
LFU,adversarial_lru,250000,0.978,0.9542349056912064,58.38200000000787,0.0004996545612812,0.0008000060915946,0.0013001263141632,737327.1883325144,56,10000,0,9,51,97.7,97.7,73.34375,73.34375,N/A (GPTCache eviction path is CPU-only),5.340576171875e-05
LFU,adversarial_lru,250000,0.978,0.9520137103684452,55.55000000000649,0.0008000060915946,0.001000240445137,0.0021001324057579,448589.4127496871,56,10000,0,11,53,0.0,0.0,73.2109375,73.2109375,N/A (GPTCache eviction path is CPU-only),5.340576171875e-05
GDSF,adversarial_lru,250000,0.978,0.9504091247210408,53.662000000006685,0.0043003819882869,0.0073998235166072,0.0260037370026112,112162.69908619374,56,10000,0,7,49,89.30000000000001,102.71,73.31640625,73.31640625,N/A (GPTCache eviction path is CPU-only),5.340576171875e-05
GDSF,adversarial_lru,250000,0.978,0.95268352034607,56.376000000006606,0.0045998021960258,0.005700159817934,0.0108000822365283,118802.37706142364,56,10000,0,8,50,30.05,57.095,73.0390625,73.0390625,N/A (GPTCache eviction path is CPU-only),5.340576171875e-05
FIFO,adversarial_lru,250000,0.978,0.9542349056912064,58.38200000000787,0.0005997717380523,0.0008000060915946,0.0017997808754444,480672.1752975417,56,10000,0,9,51,0.0,0.0,72.8984375,72.8984375,N/A (GPTCache eviction path is CPU-only),5.340576171875e-05
LRU,adversarial_lru,250000,0.978,0.9518188388340032,55.314000000007205,0.0006998889148235,0.001000240445137,0.0019003637135028,381399.89194268256,56,10000,0,12,54,0.0,0.0,73.16015625,73.16015625,N/A (GPTCache eviction path is CPU-only),5.340576171875e-05
Random,adversarial_lru,250000,0.978,0.9523987623678132,56.02200000000764,0.0005997717380523,0.0007003545761108,0.0018002465367317,476267.5879086327,56,10000,0,10,52,0.0,0.0,72.90234375,72.90234375,N/A (GPTCache eviction path is CPU-only),5.340576171875e-05
LFU,adversarial_lru,250000,0.978,0.9523987623678132,56.02200000000764,0.0008000060915946,0.001000240445137,0.0021997839212417,430037.2434112436,56,10000,0,10,52,0.0,0.0,73.38671875,73.38671875,N/A (GPTCache eviction path is CPU-only),5.340576171875e-05
GDSF,adversarial_lru,250000,0.978,0.9542349056912064,58.38200000000787,0.0045998021960258,0.0064000487327575,0.0135009875521064,151051.46922992024,56,10000,0,9,51,0.0,0.0,73.203125,73.203125,N/A (GPTCache eviction path is CPU-only),5.340576171875e-05
LFU,adversarial_lru,250000,0.978,0.9518188388340032,55.314000000007205,0.0006998889148235,0.0009001232683658,0.002200249582529,503887.4947569491,56,10000,0,12,54,0.0,0.0,73.08984375,73.08984375,N/A (GPTCache eviction path is CPU-only),5.340576171875e-05
Random,adversarial_lru,250000,0.978,0.9518188388340032,55.314000000007205,0.0004996545612812,0.0007003545761108,0.0014998950064182,569142.2448232971,56,10000,0,12,54,0.0,0.0,73.125,73.125,N/A (GPTCache eviction path is CPU-only),5.340576171875e-05
FIFO,adversarial_lru,250000,0.978,0.9518188388340032,55.314000000007205,0.0005997717380523,0.0006998889148235,0.0018002465367317,522706.3538696629,56,10000,0,12,54,0.0,0.0,73.25390625,73.25390625,N/A (GPTCache eviction path is CPU-only),5.340576171875e-05
FIFO,adversarial_lru,250000,0.978,0.952207011914102,55.78600000000735,0.0005997717380523,0.0008000060915946,0.0018998980522155,446442.51790009055,56,10000,0,13,55,0.0,0.0,73.23828125,73.23828125,N/A (GPTCache eviction path is CPU-only),5.340576171875e-05
Random,adversarial_lru,250000,0.978,0.9520137103684452,55.55000000000649,0.0004000030457973,0.0006002373993396,0.0015003606677055,639251.307930042,56,10000,0,11,53,0.0,0.0,73.3125,73.3125,N/A (GPTCache eviction path is CPU-only),5.340576171875e-05
FIFO,adversarial_lru,250000,0.978,0.9510232639496098,54.37000000000671,0.0005001202225685,0.0006998889148235,0.0017001293599605,579129.3431255975,56,10000,0,14,56,0.0,0.0,73.31640625,73.31640625,N/A (GPTCache eviction path is CPU-only),5.340576171875e-05
LFU,adversarial_lru,250000,0.978,0.952207011914102,55.78600000000735,0.0008000060915946,0.0009997747838497,0.0020000152289867,495734.2059552964,56,10000,0,13,55,0.0,0.0,72.8828125,72.8828125,N/A (GPTCache eviction path is CPU-only),5.340576171875e-05
LRU,adversarial_lru,250000,0.978,0.952207011914102,55.78600000000735,0.0008000060915946,0.0009997747838497,0.0018998980522155,458917.6952253412,56,10000,0,13,55,0.0,0.0,73.26171875,73.26171875,N/A (GPTCache eviction path is CPU-only),5.340576171875e-05
LRU,adversarial_lru,250000,0.978,0.9510232639496098,54.37000000000671,0.0007003545761108,0.0009001232683658,0.0018998980522155,380892.8921031744,56,10000,0,14,56,0.0,0.0,73.2109375,73.2109375,N/A (GPTCache eviction path is CPU-only),5.340576171875e-05
LFU,adversarial_lru,250000,0.978,0.9510232639496098,54.37000000000671,0.0007995404303073,0.0009997747838497,0.0020996667444705,383322.4097663333,56,10000,0,14,56,0.0,0.0,73.0390625,73.0390625,N/A (GPTCache eviction path is CPU-only),5.340576171875e-05
GDSF,adversarial_lru,250000,0.978,0.9523987623678132,56.02200000000764,0.0041997991502285,0.0061998143792152,0.0122999772429466,153851.83360256237,56,10000,0,10,52,0.0,0.0,73.1484375,73.1484375,N/A (GPTCache eviction path is CPU-only),5.340576171875e-05
Random,adversarial_lru,250000,0.978,0.952207011914102,55.78600000000735,0.0004996545612812,0.0006002373993396,0.0018002465367317,583624.6604182252,56,10000,0,13,55,0.0,0.0,73.16015625,73.16015625,N/A (GPTCache eviction path is CPU-only),5.340576171875e-05
FIFO,adversarial_lru,250000,0.978,0.952398762367807,56.02200000000674,0.0005997717380523,0.0007003545761108,0.0018998980522155,546015.4421207783,56,10000,0,15,57,0.0,0.0,73.38671875,73.38671875,N/A (GPTCache eviction path is CPU-only),5.340576171875e-05
LFU,adversarial_lru,250000,0.978,0.952398762367807,56.02200000000674,0.0006998889148235,0.0009001232683658,0.0018998980522155,526784.3611238179,56,10000,0,15,57,0.0,0.0,73.203125,73.203125,N/A (GPTCache eviction path is CPU-only),5.340576171875e-05
GDSF,adversarial_lru,250000,0.978,0.9518188388340032,55.314000000007205,0.0044000335037708,0.0064000487327575,0.0122013222426176,148178.88100280668,56,10000,0,12,54,0.0,0.0,73.19140625,73.19140625,N/A (GPTCache eviction path is CPU-only),5.340576171875e-05
LRU,adversarial_lru,250000,0.978,0.952398762367807,56.02200000000674,0.0007003545761108,0.0009997747838497,0.0019013555720448,448352.08694610087,56,10000,0,15,57,0.0,0.0,72.90234375,72.90234375,N/A (GPTCache eviction path is CPU-only),5.340576171875e-05
GDSF,adversarial_lru,250000,0.978,0.952207011914102,55.78600000000735,0.0028000213205814,0.0049001537263393,0.0070999423041939,217695.1318202972,56,10000,0,13,55,97.7,97.7,73.34375,73.34375,N/A (GPTCache eviction path is CPU-only),5.340576171875e-05
Random,adversarial_lru,250000,0.978,0.952398762367807,56.02200000000674,0.0005001202225685,0.0006998889148235,0.0018994370475411,552153.6697402212,56,10000,0,15,57,97.7,97.7,73.08984375,73.08984375,N/A (GPTCache eviction path is CPU-only),5.340576171875e-05
LRU,adversarial_lru,250000,0.978,0.953334888837028,57.20200000000772,0.0004000030457973,0.0005001202225685,0.001000240445137,953861.7227100416,56,10000,0,17,59,0.0,0.0,73.26171875,73.26171875,N/A (GPTCache eviction path is CPU-only),5.340576171875e-05
GDSF,adversarial_lru,250000,0.978,0.9520137103684452,55.55000000000649,0.0046002678573131,0.0066999346017837,0.014702994376421,100290.54159962152,56,10000,0,11,53,9.9,18.81,73.1171875,73.1171875,N/A (GPTCache eviction path is CPU-only),5.340576171875e-05
Random,adversarial_lru,250000,0.978,0.9510232639496098,54.37000000000671,0.0005997717380523,0.0007003545761108,0.0017001293599605,519113.76899384666,56,10000,0,14,56,0.0,0.0,73.16015625,73.16015625,N/A (GPTCache eviction path is CPU-only),5.340576171875e-05
LFU,adversarial_lru,250000,0.978,0.953334888837028,57.20200000000772,0.0007003545761108,0.001000240445137,0.0019995495676994,413741.1680278582,56,10000,0,17,59,0.0,0.0,73.0390625,73.0390625,N/A (GPTCache eviction path is CPU-only),5.340576171875e-05
LFU,adversarial_lru,50000,0.0169,0.3700054734536939,20.27999999999999,0.086899846792221,0.1549498876556747,0.4756188951432709,7311.785502967789,56,10000,9684,29,71,60.811764705882354,126.0,73.18359375,73.18359375,N/A (GPTCache eviction path is CPU-only),5.340576171875e-05
LFU,adversarial_lru,250000,0.978,0.950200974638049,53.42600000000706,0.0005001202225685,0.0009001232683658,0.0022999010980129,660824.9749492345,56,10000,0,16,58,0.0,0.0,73.3125,73.3125,N/A (GPTCache eviction path is CPU-only),5.340576171875e-05
LRU,adversarial_lru,250000,0.978,0.950200974638049,53.42600000000706,0.0006998889148235,0.0009001232683658,0.0017997808754444,510133.80454298336,56,10000,0,16,58,0.0,0.0,73.25390625,73.25390625,N/A (GPTCache eviction path is CPU-only),5.340576171875e-05
FIFO,adversarial_lru,250000,0.978,0.950200974638049,53.42600000000706,0.0005997717380523,0.0007003545761108,0.0017001293599605,502439.3465108287,56,10000,0,16,58,0.0,0.0,73.23828125,73.23828125,N/A (GPTCache eviction path is CPU-only),5.340576171875e-05
Random,adversarial_lru,250000,0.978,0.950200974638049,53.42600000000706,0.0005001202225685,0.0007003545761108,0.0016996636986732,527782.4714524649,56,10000,0,16,58,0.0,0.0,73.31640625,73.31640625,N/A (GPTCache eviction path is CPU-only),5.340576171875e-05
Random,adversarial_lru,250000,0.978,0.9523030798582576,55.90400000000668,0.0004000030457973,0.0006002373993396,0.0009997747838497,714397.9675081678,56,10000,0,18,60,0.0,0.0,72.90234375,72.90234375,N/A (GPTCache eviction path is CPU-only),5.340576171875e-05
FIFO,adversarial_lru,250000,0.978,0.9523030798582576,55.90400000000668,0.0005001202225685,0.0006998889148235,0.0018002465367317,569352.8780032798,56,10000,0,18,60,97.7,97.7,73.203125,73.203125,N/A (GPTCache eviction path is CPU-only),5.340576171875e-05
Random,adversarial_lru,250000,0.978,0.953334888837028,57.20200000000772,0.0005001202225685,0.0006998889148235,0.0017001293599605,555904.5414938205,56,10000,0,17,59,0.0,0.0,73.1484375,73.1484375,N/A (GPTCache eviction path is CPU-only),5.340576171875e-05
FIFO,adversarial_lru,250000,0.978,0.9523987623678054,56.022000000007424,0.0004996545612812,0.0006002373993396,0.0016000121831893,614522.3915636579,56,10000,0,19,61,0.0,0.0,73.26171875,73.26171875,N/A (GPTCache eviction path is CPU-only),5.340576171875e-05
LRU,adversarial_lru,250000,0.978,0.9523987623678054,56.022000000007424,0.0007003545761108,0.0009997747838497,0.0018998980522155,246742.99331024385,56,10000,0,19,61,0.0,0.0,73.08984375,73.08984375,N/A (GPTCache eviction path is CPU-only),5.340576171875e-05
GDSF,adversarial_lru,250000,0.978,0.952398762367807,56.02200000000674,0.0048000365495681,0.0062999315559864,0.0120997428894042,154558.31072806363,56,10000,0,15,57,0.0,0.0,73.125,73.125,N/A (GPTCache eviction path is CPU-only),5.340576171875e-05
LFU,adversarial_lru,250000,0.978,0.9523030798582576,55.90400000000668,0.0006998889148235,0.0009001232683658,0.0019003637135028,259865.8060910516,56,10000,0,18,60,0.0,0.0,73.19140625,73.19140625,N/A (GPTCache eviction path is CPU-only),5.340576171875e-05
FIFO,adversarial_lru,250000,0.978,0.953334888837028,57.20200000000772,0.0005997717380523,0.0008000060915946,0.0016996636986732,475744.1832160073,56,10000,0,17,59,0.0,0.0,73.2109375,73.2109375,N/A (GPTCache eviction path is CPU-only),5.340576171875e-05
LRU,adversarial_lru,250000,0.978,0.9523030798582576,55.90400000000668,0.0007003545761108,0.001000240445137,0.002000480890274,231229.91271071625,56,10000,0,18,60,104.2,104.2,73.38671875,73.38671875,N/A (GPTCache eviction path is CPU-only),5.340576171875e-05
GDSF,adversarial_lru,250000,0.978,0.9523030798582576,55.90400000000668,0.0041997991502285,0.0060000456869602,0.0130999833345413,169239.10072584308,56,10000,0,18,60,0.0,0.0,73.34375,73.34375,N/A (GPTCache eviction path is CPU-only),5.340576171875e-05
GDSF,adversarial_lru,250000,0.978,0.950200974638049,53.42600000000706,0.0044996850192546,0.005500391125679,0.0108010787516832,168002.5663320841,56,10000,0,16,58,0.0,0.0,72.8828125,72.8828125,N/A (GPTCache eviction path is CPU-only),5.340576171875e-05
LRU,adversarial_lru,250000,0.978,0.9523030798582606,55.90400000000768,0.0007003545761108,0.0009001232683658,0.0018998980522155,485616.05552296987,56,10000,0,21,63,0.0,0.0,72.90234375,72.90234375,N/A (GPTCache eviction path is CPU-only),5.340576171875e-05
GDSF,adversarial_lru,250000,0.978,0.9510232639496098,54.37000000000671,0.0045001506805419,0.0064000487327575,0.0117002055048942,131977.31086563985,56,10000,0,14,56,0.0,0.0,71.8984375,71.8984375,N/A (GPTCache eviction path is CPU-only),5.340576171875e-05
LFU,adversarial_lru,250000,0.978,0.9527776840827016,56.49400000000711,0.0005001202225685,0.0008000060915946,0.0019013555720448,712839.6824790373,56,10000,0,20,62,0.0,0.0,73.25390625,73.25390625,N/A (GPTCache eviction path is CPU-only),5.340576171875e-05
LFU,adversarial_lru,250000,0.978,0.9523030798582606,55.90400000000768,0.0008000060915946,0.001000240445137,0.0021001324057579,425579.0025113217,56,10000,0,21,63,0.0,0.0,73.1484375,73.1484375,N/A (GPTCache eviction path is CPU-only),5.340576171875e-05
Random,adversarial_lru,250000,0.978,0.9523030798582606,55.90400000000768,0.0004996545612812,0.0006002373993396,0.0016000121831893,581574.5562457561,56,10000,0,21,63,0.0,0.0,73.26171875,73.26171875,N/A (GPTCache eviction path is CPU-only),5.340576171875e-05
LRU,adversarial_lru,250000,0.978,0.9527776840827016,56.49400000000711,0.0004000030457973,0.0008000060915946,0.0018002465367317,578382.384528074,56,10000,0,20,62,0.0,0.0,73.18359375,73.18359375,N/A (GPTCache eviction path is CPU-only),5.340576171875e-05
GDSF,adversarial_lru,250000,0.978,0.953334888837028,57.20200000000772,0.0042999163269996,0.0061998143792152,0.0124997505918145,165985.84754081882,56,10000,0,17,59,0.0,0.0,73.16015625,73.16015625,N/A (GPTCache eviction path is CPU-only),5.340576171875e-05
FIFO,adversarial_lru,250000,0.978,0.9527776840827016,56.49400000000711,0.0005997717380523,0.0006998889148235,0.0018998980522155,528795.5691050824,56,10000,0,20,62,0.0,0.0,73.3125,73.3125,N/A (GPTCache eviction path is CPU-only),5.340576171875e-05
FIFO,adversarial_lru,250000,0.978,0.9533348888370268,57.20200000000837,0.0005001202225685,0.0006998889148235,0.0018002465367317,583420.3597569845,56,10000,0,22,64,0.0,0.0,73.19140625,73.19140625,N/A (GPTCache eviction path is CPU-only),5.340576171875e-05
FIFO,adversarial_lru,250000,0.978,0.9523030798582606,55.90400000000768,0.0005997717380523,0.0008000060915946,0.0018002465367317,270610.3616242628,56,10000,0,21,63,0.0,0.0,73.203125,73.203125,N/A (GPTCache eviction path is CPU-only),5.340576171875e-05
Random,adversarial_lru,250000,0.978,0.9523987623678054,56.022000000007424,0.0004000030457973,0.0006002373993396,0.0014998950064182,610791.4771598796,56,10000,0,19,61,0.0,0.0,73.16015625,73.16015625,N/A (GPTCache eviction path is CPU-only),5.340576171875e-05
LFU,adversarial_lru,250000,0.978,0.9523987623678054,56.022000000007424,0.0008000060915946,0.0010998919606208,0.0021001324057579,323848.87707430933,56,10000,0,19,61,0.0,0.0,73.1171875,73.1171875,N/A (GPTCache eviction path is CPU-only),5.340576171875e-05
Random,adversarial_lru,250000,0.978,0.9527776840827016,56.49400000000711,0.0003003515303134,0.0005997717380523,0.0016000121831893,814027.3070998354,56,10000,0,20,62,0.0,0.0,73.23828125,73.23828125,N/A (GPTCache eviction path is CPU-only),5.340576171875e-05
LRU,adversarial_lru,250000,0.978,0.9533348888370268,57.20200000000837,0.0006002373993396,0.0009001232683658,0.0018002465367317,312561.5382319088,56,10000,0,22,64,0.0,0.0,73.125,73.125,N/A (GPTCache eviction path is CPU-only),5.340576171875e-05
GDSF,adversarial_lru,250000,0.978,0.9523987623678054,56.022000000007424,0.0044000335037708,0.0059053534641861,0.0116010894998908,130509.62649981468,56,10000,0,19,61,78.9,95.82,73.0390625,73.0390625,N/A (GPTCache eviction path is CPU-only),5.340576171875e-05
FIFO,adversarial_lru,250000,0.978,0.9536991103614604,57.67400000000733,0.0002998858690261,0.0005997717380523,0.0017001293599605,890464.025062389,56,10000,0,25,67,0.0,0.0,73.16015625,73.16015625,N/A (GPTCache eviction path is CPU-only),5.340576171875e-05
GDSF,adversarial_lru,250000,0.978,0.9527776840827016,56.49400000000711,0.0042999163269996,0.0068000517785549,0.0151996547356247,126824.85138509412,56,10000,0,20,62,30.05,57.095,73.31640625,73.31640625,N/A (GPTCache eviction path is CPU-only),5.340576171875e-05
LRU,adversarial_lru,250000,0.978,0.9517208083315962,55.196000000006656,0.0006002373993396,0.0009001232683658,0.002200249582529,545544.8015726036,56,10000,0,24,66,0.0,0.0,73.18359375,73.18359375,N/A (GPTCache eviction path is CPU-only),5.340576171875e-05
Random,adversarial_lru,250000,0.978,0.9533348888370268,57.20200000000837,0.0005997717380523,0.0008000060915946,0.0017997808754444,276516.55555530946,56,10000,0,22,64,0.0,0.0,73.38671875,73.38671875,N/A (GPTCache eviction path is CPU-only),5.340576171875e-05
LRU,adversarial_lru,250000,0.978,0.952964891651257,56.73000000000719,0.0008000060915946,0.0010998919606208,0.0019003637135028,278765.0713260428,56,10000,0,23,65,0.0,0.0,72.8828125,72.8828125,N/A (GPTCache eviction path is CPU-only),5.340576171875e-05
LFU,adversarial_lru,250000,0.978,0.9533348888370268,57.20200000000837,0.0006002373993396,0.0009997747838497,0.0017001293599605,592269.7026187732,56,10000,0,22,64,104.2,104.2,73.2109375,73.2109375,N/A (GPTCache eviction path is CPU-only),5.340576171875e-05
Random,adversarial_lru,250000,0.978,0.952964891651257,56.73000000000719,0.0005997717380523,0.0008000060915946,0.0018002465367317,451357.2332328654,56,10000,0,23,65,0.0,0.0,73.1484375,73.1484375,N/A (GPTCache eviction path is CPU-only),5.340576171875e-05
LFU,adversarial_lru,250000,0.978,0.9517208083315962,55.196000000006656,0.0008000060915946,0.001000240445137,0.0022999010980129,292531.9528716878,56,10000,0,24,66,0.0,0.0,71.8984375,71.8984375,N/A (GPTCache eviction path is CPU-only),5.340576171875e-05
FIFO,adversarial_lru,250000,0.978,0.9517208083315962,55.196000000006656,0.0002998858690261,0.0007003545761108,0.0019995542243123,744524.0224281813,56,10000,0,24,66,0.0,0.0,73.16015625,73.16015625,N/A (GPTCache eviction path is CPU-only),5.340576171875e-05
LRU,adversarial_lru,250000,0.978,0.9536991103614604,57.67400000000733,0.0006998889148235,0.0009001232683658,0.0020000152289867,250566.2809565621,56,10000,0,25,67,0.0,0.0,73.203125,73.203125,N/A (GPTCache eviction path is CPU-only),5.340576171875e-05
FIFO,adversarial_lru,250000,0.978,0.952964891651257,56.73000000000719,0.0005001202225685,0.0006998889148235,0.0018002465367317,548754.0576487201,56,10000,0,23,65,0.0,0.0,72.90234375,72.90234375,N/A (GPTCache eviction path is CPU-only),5.340576171875e-05
Random,adversarial_lru,250000,0.978,0.9517208083315962,55.196000000006656,0.0005997717380523,0.0006998889148235,0.0016996636986732,558132.2628894448,56,10000,0,24,66,0.0,0.0,73.3125,73.3125,N/A (GPTCache eviction path is CPU-only),5.340576171875e-05
Random,adversarial_lru,250000,0.978,0.9536991103614604,57.67400000000733,0.0004000030457973,0.0006002373993396,0.0014002434909343,636934.557004416,56,10000,0,25,67,0.0,0.0,73.23828125,73.23828125,N/A (GPTCache eviction path is CPU-only),5.340576171875e-05
LFU,adversarial_lru,250000,0.978,0.952964891651257,56.73000000000719,0.0008000060915946,0.0009997747838497,0.0020000152289867,465066.5241852243,56,10000,0,23,65,0.0,0.0,73.25390625,73.25390625,N/A (GPTCache eviction path is CPU-only),5.340576171875e-05
GDSF,adversarial_lru,250000,0.978,0.9533348888370268,57.20200000000837,0.0045001506805419,0.0068997032940387,0.015201112255454,132206.05586531785,56,10000,0,22,64,50.4,50.4,73.34375,73.34375,N/A (GPTCache eviction path is CPU-only),5.340576171875e-05
GDSF,adversarial_lru,250000,0.978,0.952964891651257,56.73000000000719,0.0027995556592941,0.0053998082876205,0.0111014302819967,199488.51109280685,56,10000,0,23,65,0.0,0.0,73.26171875,73.26171875,N/A (GPTCache eviction path is CPU-only),5.340576171875e-05
LRU,adversarial_lru,250000,0.978,0.9505125486037256,53.78000000000634,0.0006998889148235,0.0009997747838497,0.0018002465367317,384300.55549435335,56,10000,0,27,69,0.0,0.0,72.8828125,72.8828125,N/A (GPTCache eviction path is CPU-only),5.340576171875e-05
Random,adversarial_lru,250000,0.978,0.9536085890383592,57.556000000007614,0.0005997717380523,0.0008000060915946,0.0017001293599605,253789.07288319865,56,10000,0,26,68,0.0,0.0,73.18359375,73.18359375,N/A (GPTCache eviction path is CPU-only),5.340576171875e-05
LRU,adversarial_lru,250000,0.978,0.9536085890383592,57.556000000007614,0.0008000060915946,0.001200009137392,0.0021001324057579,324507.8044985692,56,10000,0,26,68,0.0,0.0,73.16015625,73.16015625,N/A (GPTCache eviction path is CPU-only),5.340576171875e-05
LFU,adversarial_lru,250000,0.978,0.9536991103614604,57.67400000000733,0.0006002373993396,0.0009001232683658,0.0019003637135028,556920.0043091284,56,10000,0,25,67,0.0,0.0,73.1171875,73.1171875,N/A (GPTCache eviction path is CPU-only),5.340576171875e-05
GDSF,adversarial_lru,250000,0.978,0.9536991103614604,57.67400000000733,0.0043995678424835,0.0054052565246819,0.0110999681055545,169859.458044778,56,10000,0,25,67,0.0,0.0,73.125,73.125,N/A (GPTCache eviction path is CPU-only),5.340576171875e-05
FIFO,adversarial_lru,250000,0.978,0.9536085890383592,57.556000000007614,0.0005997717380523,0.0008000060915946,0.0017997808754444,473065.983701778,56,10000,0,26,68,0.0,0.0,73.0390625,73.0390625,N/A (GPTCache eviction path is CPU-only),5.340576171875e-05
LFU,adversarial_lru,250000,0.978,0.9536085890383592,57.556000000007614,0.0008000060915946,0.001000240445137,0.0021001324057579,235180.12498054345,56,10000,0,26,68,0.0,0.0,73.31640625,73.31640625,N/A (GPTCache eviction path is CPU-only),5.340576171875e-05
GDSF,adversarial_lru,250000,0.978,0.9523030798582606,55.90400000000768,0.0045001506805419,0.006900168955326,0.0140021042898297,142020.23728730142,56,10000,0,21,63,0.0,0.0,73.08984375,73.08984375,N/A (GPTCache eviction path is CPU-only),5.340576171875e-05
GDSF,adversarial_lru,250000,0.978,0.9517208083315962,55.196000000006656,0.0048000365495681,0.0070002861320972,0.0140031054615975,121809.50460454494,56,10000,0,24,66,37.2,70.68,73.19140625,73.19140625,N/A (GPTCache eviction path is CPU-only),5.340576171875e-05
Random,adversarial_lru,250000,0.978,0.9505125486037256,53.78000000000634,0.0005001202225685,0.0007003545761108,0.0017001293599605,546935.2452008964,56,10000,0,27,69,0.0,0.0,71.8984375,71.8984375,N/A (GPTCache eviction path is CPU-only),5.340576171875e-05
FIFO,adversarial_lru,250000,0.978,0.9526835203460728,56.37600000000713,0.0005997717380523,0.0007003545761108,0.0018002465367317,512857.3291691469,56,10000,0,28,70,0.0,0.0,73.203125,73.203125,N/A (GPTCache eviction path is CPU-only),5.340576171875e-05
FIFO,adversarial_lru,250000,0.978,0.9489144316730392,52.01000000000704,0.0002998858690261,0.0004000030457973,0.0010998966172337,1031651.0789687234,56,10000,0,29,71,0.0,0.0,73.26171875,73.26171875,N/A (GPTCache eviction path is CPU-only),5.340576171875e-05
FIFO,adversarial_lru,250000,0.978,0.9505125486037256,53.78000000000634,0.0005001202225685,0.0006998889148235,0.0016004778444766,535592.8268373181,56,10000,0,27,69,33.2,33.2,73.2109375,73.2109375,N/A (GPTCache eviction path is CPU-only),5.340576171875e-05
GDSF,adversarial_lru,250000,0.978,0.9536085890383592,57.556000000007614,0.0042999163269996,0.0062999315559864,0.0122018624097109,135997.80238543672,56,10000,0,26,68,0.0,0.0,73.38671875,73.38671875,N/A (GPTCache eviction path is CPU-only),5.340576171875e-05
LFU,adversarial_lru,250000,0.978,0.9526835203460728,56.37600000000713,0.0006998889148235,0.0009001232683658,0.0020000152289867,536970.412617458,56,10000,0,28,70,0.0,0.0,73.3125,73.3125,N/A (GPTCache eviction path is CPU-only),5.340576171875e-05
Random,adversarial_lru,250000,0.978,0.9526835203460728,56.37600000000713,0.0004996545612812,0.0006998889148235,0.0015003606677055,600950.7064995406,56,10000,0,28,70,0.0,0.0,73.23828125,73.23828125,N/A (GPTCache eviction path is CPU-only),5.340576171875e-05
LRU,adversarial_lru,250000,0.978,0.9526835203460728,56.37600000000713,0.0006998889148235,0.0009997747838497,0.0018002465367317,225854.4644800002,56,10000,0,28,70,104.2,104.2,72.90234375,72.90234375,N/A (GPTCache eviction path is CPU-only),5.340576171875e-05
LFU,adversarial_lru,250000,0.978,0.9505125486037256,53.78000000000634,0.0007003545761108,0.0010998919606208,0.0014998950064182,289454.8689651755,56,10000,0,27,69,0.0,0.0,73.1484375,73.1484375,N/A (GPTCache eviction path is CPU-only),5.340576171875e-05
FIFO,adversarial_lru,500000,0.978,0.9518188388340016,55.31400000000721,0.0002998858690261,0.0004000030457973,0.001000240445137,1015744.0091813552,56,10000,0,0,42,0.0,0.0,73.125,73.125,N/A (GPTCache eviction path is CPU-only),5.340576171875e-05
LRU,adversarial_lru,250000,0.978,0.9489144316730392,52.01000000000704,0.0008000060915946,0.001000240445137,0.0018998980522155,422539.9723398014,56,10000,0,29,71,0.0,0.0,73.34375,73.34375,N/A (GPTCache eviction path is CPU-only),5.340576171875e-05
LFU,adversarial_lru,250000,0.978,0.9489144316730392,52.01000000000704,0.0007003545761108,0.0010998919606208,0.0020996714010834,386815.7713673165,56,10000,0,29,71,0.0,0.0,72.8828125,72.8828125,N/A (GPTCache eviction path is CPU-only),5.340576171875e-05
Random,adversarial_lru,250000,0.978,0.9489144316730392,52.01000000000704,0.0005997717380523,0.0008000060915946,0.0017997855320572,222637.81172952216,56,10000,0,29,71,0.0,0.0,73.18359375,73.18359375,N/A (GPTCache eviction path is CPU-only),5.340576171875e-05
LRU,adversarial_lru,500000,0.978,0.9518188388340016,55.31400000000721,0.0006002373993396,0.0009001232683658,0.0017001293599605,545437.6927619423,56,10000,0,0,42,0.0,0.0,73.1171875,73.1171875,N/A (GPTCache eviction path is CPU-only),5.340576171875e-05
FIFO,adversarial_lru,500000,0.978,0.9521105562016746,55.66800000000694,0.0005997717380523,0.0008000060915946,0.0018994323909282,448235.52032744256,56,10000,0,1,43,0.0,0.0,71.8984375,71.8984375,N/A (GPTCache eviction path is CPU-only),5.340576171875e-05
LFU,adversarial_lru,500000,0.978,0.9521105562016746,55.66800000000694,0.0008000060915946,0.0010998919606208,0.002400018274784,396546.8727142984,56,10000,0,1,43,0.0,0.0,73.203125,73.203125,N/A (GPTCache eviction path is CPU-only),5.340576171875e-05
Random,adversarial_lru,500000,0.978,0.9521105562016746,55.66800000000694,0.0004000030457973,0.0006002373993396,0.0017001293599605,621983.3823890559,56,10000,0,1,43,0.0,0.0,73.26171875,73.26171875,N/A (GPTCache eviction path is CPU-only),5.340576171875e-05
LRU,adversarial_lru,500000,0.978,0.9521105562016746,55.66800000000694,0.0008000060915946,0.001200009137392,0.0021997839212417,235346.1698924717,56,10000,0,1,43,0.0,0.0,73.19140625,73.19140625,N/A (GPTCache eviction path is CPU-only),5.340576171875e-05
FIFO,adversarial_lru,500000,0.978,0.9528714737763332,56.61200000000735,0.0003003515303134,0.0006002373993396,0.0017001293599605,756847.5836923849,56,10000,0,3,45,0.0,0.0,73.34375,73.34375,N/A (GPTCache eviction path is CPU-only),5.340576171875e-05
Random,adversarial_lru,500000,0.978,0.9518188388340016,55.31400000000721,0.0005997717380523,0.0007003545761108,0.0017001293599605,488925.8305364931,56,10000,0,0,42,0.0,0.0,73.31640625,73.31640625,N/A (GPTCache eviction path is CPU-only),5.340576171875e-05
GDSF,adversarial_lru,250000,0.978,0.9489144316730392,52.01000000000704,0.0045001506805419,0.0061055878177284,0.0127009814605117,146956.3860714012,56,10000,0,29,71,0.0,0.0,73.16015625,73.16015625,N/A (GPTCache eviction path is CPU-only),5.340576171875e-05
LFU,adversarial_lru,500000,0.978,0.9518188388340016,55.31400000000721,0.0006998889148235,0.0009001232683658,0.002000480890274,538456.5723757464,56,10000,0,0,42,0.0,0.0,73.0390625,73.0390625,N/A (GPTCache eviction path is CPU-only),5.340576171875e-05
FIFO,adversarial_lru,500000,0.978,0.952303079858252,55.90400000000612,0.0005001202225685,0.0006998889148235,0.0017993152141571,584569.694630988,56,10000,0,2,44,0.0,0.0,73.3125,73.3125,N/A (GPTCache eviction path is CPU-only),5.340576171875e-05
LFU,adversarial_lru,500000,0.978,0.952303079858252,55.90400000000612,0.0006998889148235,0.0009997747838497,0.0020000152289867,537964.1358186038,56,10000,0,2,44,0.0,0.0,73.23828125,73.23828125,N/A (GPTCache eviction path is CPU-only),5.340576171875e-05
GDSF,adversarial_lru,250000,0.978,0.9526835203460728,56.37600000000713,0.0044000335037708,0.0062999315559864,0.011400319635868,162147.87474767692,56,10000,0,28,70,0.0,0.0,73.25390625,73.25390625,N/A (GPTCache eviction path is CPU-only),5.340576171875e-05
LRU,adversarial_lru,500000,0.978,0.952303079858252,55.90400000000612,0.0006002373993396,0.0009001232683658,0.0017997808754444,615790.0930935468,56,10000,0,2,44,0.0,0.0,73.38671875,73.38671875,N/A (GPTCache eviction path is CPU-only),5.340576171875e-05
Random,adversarial_lru,500000,0.978,0.9528714737763332,56.61200000000735,0.0002998858690261,0.0004000030457973,0.001000240445137,999570.1689870602,56,10000,0,3,45,0.0,0.0,73.18359375,73.18359375,N/A (GPTCache eviction path is CPU-only),5.340576171875e-05
Random,adversarial_lru,500000,0.978,0.952303079858252,55.90400000000612,0.0005001202225685,0.0008000060915946,0.0019013555720448,218670.52683756937,56,10000,0,2,44,0.0,0.0,72.90234375,72.90234375,N/A (GPTCache eviction path is CPU-only),5.340576171875e-05
FIFO,adversarial_lru,500000,0.978,0.9510232639496078,54.37000000000669,0.0005997717380523,0.0006998889148235,0.0019003637135028,516438.22720497055,56,10000,0,4,46,0.0,0.0,73.203125,73.203125,N/A (GPTCache eviction path is CPU-only),5.340576171875e-05
GDSF,adversarial_lru,250000,0.978,0.9505125486037256,53.78000000000634,0.0044000335037708,0.006900168955326,0.0185012584552169,85515.03553528203,56,10000,0,27,69,40.05,76.09499999999998,73.16015625,73.16015625,N/A (GPTCache eviction path is CPU-only),5.340576171875e-05
LFU,adversarial_lru,500000,0.978,0.9528714737763332,56.61200000000735,0.0006998889148235,0.0009001232683658,0.0019003637135028,481916.0923275232,56,10000,0,3,45,0.0,0.0,72.9609375,72.9609375,N/A (GPTCache eviction path is CPU-only),5.340576171875e-05
LRU,adversarial_lru,500000,0.978,0.9528714737763332,56.61200000000735,0.0008000060915946,0.001000240445137,0.0018998980522155,413612.8225535285,56,10000,0,3,45,66.5,66.5,73.125,73.125,N/A (GPTCache eviction path is CPU-only),5.340576171875e-05
GDSF,adversarial_lru,500000,0.978,0.952303079858252,55.90400000000612,0.0041001476347446,0.0052000395953655,0.010400079190731,161286.16053865466,56,10000,0,2,44,104.2,104.2,73.1484375,73.1484375,N/A (GPTCache eviction path is CPU-only),5.340576171875e-05
LFU,adversarial_lru,500000,0.978,0.9510232639496078,54.37000000000669,0.0006002373993396,0.0009001232683658,0.0021001324057579,363211.07828778,56,10000,0,4,46,0.0,0.0,73.26171875,73.26171875,N/A (GPTCache eviction path is CPU-only),5.340576171875e-05
FIFO,adversarial_lru,500000,0.978,0.951523545706365,54.960000000006886,0.0005001202225685,0.0006998889148235,0.0016996636986732,544780.9958647066,56,10000,0,5,47,0.0,0.0,73.16015625,73.16015625,N/A (GPTCache eviction path is CPU-only),5.340576171875e-05
Random,adversarial_lru,500000,0.978,0.9510232639496078,54.37000000000669,0.0005001202225685,0.0007003545761108,0.0017001293599605,274294.9901525752,56,10000,0,4,46,0.0,0.0,73.19140625,73.19140625,N/A (GPTCache eviction path is CPU-only),5.340576171875e-05
LRU,adversarial_lru,500000,0.978,0.9510232639496078,54.37000000000669,0.0008000060915946,0.001000240445137,0.0018994370475411,405519.9336705963,56,10000,0,4,46,0.0,0.0,71.8984375,71.8984375,N/A (GPTCache eviction path is CPU-only),5.340576171875e-05
LRU,adversarial_lru,500000,0.978,0.948693517059386,51.77400000000584,0.0007003545761108,0.001000240445137,0.0018002465367317,488741.82830527006,56,10000,0,6,48,0.0,0.0,73.25390625,73.25390625,N/A (GPTCache eviction path is CPU-only),5.340576171875e-05
GDSF,adversarial_lru,500000,0.978,0.9518188388340016,55.31400000000721,0.0042999163269996,0.0059003941714763,0.0126008642837405,124751.5883888203,56,10000,0,0,42,0.0,0.0,73.08984375,73.08984375,N/A (GPTCache eviction path is CPU-only),5.340576171875e-05
FIFO,adversarial_lru,500000,0.978,0.948693517059386,51.77400000000584,0.0002998858690261,0.0005997717380523,0.0010994309559464,885457.2255550303,56,10000,0,6,48,0.0,0.0,73.38671875,73.38671875,N/A (GPTCache eviction path is CPU-only),5.340576171875e-05
Random,adversarial_lru,500000,0.978,0.951523545706365,54.960000000006886,0.0004996545612812,0.0006002373993396,0.0017001293599605,631185.617805219,56,10000,0,5,47,0.0,0.0,73.3125,73.3125,N/A (GPTCache eviction path is CPU-only),5.340576171875e-05
LFU,adversarial_lru,500000,0.978,0.951523545706365,54.960000000006886,0.0008000060915946,0.0009997747838497,0.0019003637135028,486083.43242569454,56,10000,0,5,47,0.0,0.0,73.0390625,73.0390625,N/A (GPTCache eviction path is CPU-only),5.340576171875e-05
LRU,adversarial_lru,500000,0.978,0.951523545706365,54.960000000006886,0.0007003545761108,0.0009997747838497,0.0018998980522155,399570.0664052364,56,10000,0,5,47,0.0,0.0,73.31640625,73.31640625,N/A (GPTCache eviction path is CPU-only),5.340576171875e-05
GDSF,adversarial_lru,500000,0.978,0.9521105562016746,55.66800000000694,0.0045001506805419,0.0067995861172676,0.0117998616769909,119329.463661904,56,10000,0,1,43,62.400000000000006,73.2,73.2109375,73.2109375,N/A (GPTCache eviction path is CPU-only),5.340576171875e-05
LFU,adversarial_lru,500000,0.978,0.948693517059386,51.77400000000584,0.0008000060915946,0.001200009137392,0.0026002526283264,265616.9480809472,56,10000,0,6,48,0.0,0.0,73.18359375,73.18359375,N/A (GPTCache eviction path is CPU-only),5.340576171875e-05
Random,adversarial_lru,500000,0.978,0.9504091247210408,53.662000000006685,0.0004000030457973,0.0006998889148235,0.0017997808754444,653893.9469421387,56,10000,0,7,49,0.0,0.0,73.1484375,73.1484375,N/A (GPTCache eviction path is CPU-only),5.340576171875e-05
GDSF,adversarial_lru,500000,0.978,0.9528714737763332,56.61200000000735,0.0043003819882869,0.0065998174250125,0.0120000913739204,150126.70671683885,56,10000,0,3,45,50.4,50.4,73.1171875,73.1171875,N/A (GPTCache eviction path is CPU-only),5.340576171875e-05
LRU,adversarial_lru,500000,0.978,0.95268352034607,56.376000000006606,0.0006002373993396,0.001000240445137,0.0020000152289867,465101.1429966572,56,10000,0,8,50,0.0,0.0,73.16015625,73.16015625,N/A (GPTCache eviction path is CPU-only),5.340576171875e-05
LRU,adversarial_lru,500000,0.978,0.9504091247210408,53.662000000006685,0.0008000060915946,0.001000240445137,0.0018998980522155,230830.13404093543,56,10000,0,7,49,0.0,0.0,73.16015625,73.16015625,N/A (GPTCache eviction path is CPU-only),5.340576171875e-05
FIFO,adversarial_lru,500000,0.978,0.9504091247210408,53.662000000006685,0.0005997717380523,0.0008000060915946,0.0019995542243123,381758.073400326,56,10000,0,7,49,0.0,0.0,72.9609375,72.9609375,N/A (GPTCache eviction path is CPU-only),5.340576171875e-05
LFU,adversarial_lru,500000,0.978,0.95268352034607,56.376000000006606,0.0008000060915946,0.0010998919606208,0.0020996667444705,308994.8411209811,56,10000,0,8,50,0.0,0.0,71.8984375,71.8984375,N/A (GPTCache eviction path is CPU-only),5.340576171875e-05
FIFO,adversarial_lru,500000,0.978,0.95268352034607,56.376000000006606,0.0005001202225685,0.0008000060915946,0.0018002465367317,245819.83456422377,56,10000,0,8,50,0.0,0.0,73.19140625,73.19140625,N/A (GPTCache eviction path is CPU-only),5.340576171875e-05
Random,adversarial_lru,500000,0.978,0.948693517059386,51.77400000000584,0.0005001202225685,0.0008000060915946,0.0014998950064182,326578.5995208451,56,10000,0,6,48,0.0,0.0,72.90234375,72.90234375,N/A (GPTCache eviction path is CPU-only),5.340576171875e-05
Random,adversarial_lru,500000,0.978,0.95268352034607,56.376000000006606,0.0005997717380523,0.0008000060915946,0.0017001293599605,263793.0802869167,56,10000,0,8,50,0.0,0.0,73.25390625,73.25390625,N/A (GPTCache eviction path is CPU-only),5.340576171875e-05
GDSF,adversarial_lru,500000,0.978,0.9510232639496078,54.37000000000669,0.0045998021960258,0.0068000517785549,0.014900229871273,136569.85698995224,56,10000,0,4,46,0.0,0.0,73.34375,73.34375,N/A (GPTCache eviction path is CPU-only),5.340576171875e-05
FIFO,adversarial_lru,500000,0.978,0.9542349056912064,58.38200000000787,0.0005997717380523,0.0007003545761108,0.0017997808754444,479959.2946719285,56,10000,0,9,51,0.0,0.0,73.3125,73.3125,N/A (GPTCache eviction path is CPU-only),5.340576171875e-05
LRU,adversarial_lru,500000,0.978,0.9542349056912064,58.38200000000787,0.0006998889148235,0.0009997747838497,0.0018002465367317,473399.67328009394,56,10000,0,9,51,0.0,0.0,73.38671875,73.38671875,N/A (GPTCache eviction path is CPU-only),5.340576171875e-05
GDSF,adversarial_lru,500000,0.978,0.9504091247210408,53.662000000006685,0.0046002678573131,0.0065001659095287,0.0124997505918145,152614.67008191644,56,10000,0,7,49,0.0,0.0,73.26171875,73.26171875,N/A (GPTCache eviction path is CPU-only),5.340576171875e-05
FIFO,adversarial_lru,500000,0.978,0.9523987623678132,56.02200000000764,0.0005001202225685,0.0006998889148235,0.0018994323909282,570190.4469180115,56,10000,0,10,52,0.0,0.0,73.1484375,73.1484375,N/A (GPTCache eviction path is CPU-only),5.340576171875e-05
GDSF,adversarial_lru,500000,0.978,0.948693517059386,51.77400000000584,0.0045998021960258,0.0064997002482414,0.0120997475460171,118243.42290110022,56,10000,0,6,48,20.05,38.095,73.203125,73.203125,N/A (GPTCache eviction path is CPU-only),5.340576171875e-05
Random,adversarial_lru,500000,0.978,0.9523987623678132,56.02200000000764,0.0004996545612812,0.0006998889148235,0.0016996636986732,571876.2736327506,56,10000,0,10,52,104.2,104.2,73.16015625,73.16015625,N/A (GPTCache eviction path is CPU-only),5.340576171875e-05
LFU,adversarial_lru,500000,0.978,0.9504091247210408,53.662000000006685,0.0008000060915946,0.0010998919606208,0.0020000152289867,452728.3680996583,56,10000,0,7,49,0.0,0.0,73.125,73.125,N/A (GPTCache eviction path is CPU-only),5.340576171875e-05
LRU,adversarial_lru,500000,0.978,0.9520137103684452,55.55000000000649,0.0008000060915946,0.001000240445137,0.0018998980522155,458471.64224020747,56,10000,0,11,53,0.0,0.0,72.9609375,72.9609375,N/A (GPTCache eviction path is CPU-only),5.340576171875e-05
LRU,adversarial_lru,500000,0.978,0.9523987623678132,56.02200000000764,0.0006998889148235,0.0009001232683658,0.0017001293599605,522971.5187907472,56,10000,0,10,52,0.0,0.0,73.18359375,73.18359375,N/A (GPTCache eviction path is CPU-only),5.340576171875e-05
LFU,adversarial_lru,500000,0.978,0.9542349056912064,58.38200000000787,0.0008000060915946,0.001000240445137,0.0019003637135028,452999.0735122791,56,10000,0,9,51,0.0,0.0,73.0390625,73.0390625,N/A (GPTCache eviction path is CPU-only),5.340576171875e-05
Random,adversarial_lru,500000,0.978,0.9542349056912064,58.38200000000787,0.0005001202225685,0.0006002373993396,0.0016004778444766,584211.1161082663,56,10000,0,9,51,0.0,0.0,73.31640625,73.31640625,N/A (GPTCache eviction path is CPU-only),5.340576171875e-05
FIFO,adversarial_lru,500000,0.978,0.9518188388340032,55.314000000007205,0.0004000030457973,0.0006002373993396,0.0016000121831893,787376.7848611022,56,10000,0,12,54,0.0,0.0,73.3125,73.3125,N/A (GPTCache eviction path is CPU-only),5.340576171875e-05
FIFO,adversarial_lru,500000,0.978,0.9520137103684452,55.55000000000649,0.0005997717380523,0.0008000060915946,0.0018002465367317,427164.2249793537,56,10000,0,11,53,0.0,0.0,71.8984375,71.8984375,N/A (GPTCache eviction path is CPU-only),5.340576171875e-05
Random,adversarial_lru,500000,0.978,0.9520137103684452,55.55000000000649,0.0005001202225685,0.0006998889148235,0.0014998996630311,460121.2891096164,56,10000,0,11,53,0.0,0.0,72.90234375,72.90234375,N/A (GPTCache eviction path is CPU-only),5.340576171875e-05
LFU,adversarial_lru,500000,0.978,0.9520137103684452,55.55000000000649,0.0008000060915946,0.001000240445137,0.0019995495676994,486987.6913972578,56,10000,0,11,53,0.0,0.0,73.19140625,73.19140625,N/A (GPTCache eviction path is CPU-only),5.340576171875e-05
LFU,adversarial_lru,500000,0.978,0.9518188388340032,55.314000000007205,0.0008000060915946,0.001000240445137,0.0020996667444705,465744.4966744939,56,10000,0,12,54,0.0,0.0,73.38671875,73.38671875,N/A (GPTCache eviction path is CPU-only),5.340576171875e-05
LRU,adversarial_lru,500000,0.978,0.952207011914102,55.78600000000735,0.0007003545761108,0.0009001232683658,0.0018998980522155,441329.6423166072,56,10000,0,13,55,0.0,0.0,73.203125,73.203125,N/A (GPTCache eviction path is CPU-only),5.340576171875e-05
Random,adversarial_lru,500000,0.978,0.9518188388340032,55.314000000007205,0.0005997717380523,0.0008000060915946,0.0017997808754444,355119.9463752395,56,10000,0,12,54,0.0,0.0,73.3125,73.3125,N/A (GPTCache eviction path is CPU-only),5.340576171875e-05
LRU,adversarial_lru,500000,0.978,0.9518188388340032,55.314000000007205,0.0006998889148235,0.0009001232683658,0.0019003637135028,258605.7543018296,56,10000,0,12,54,0.0,0.0,73.34375,73.34375,N/A (GPTCache eviction path is CPU-only),5.340576171875e-05
FIFO,adversarial_lru,500000,0.978,0.952207011914102,55.78600000000735,0.0005001202225685,0.0007003545761108,0.0018999027088284,497386.2294742368,56,10000,0,13,55,0.0,0.0,73.16015625,73.16015625,N/A (GPTCache eviction path is CPU-only),5.340576171875e-05
GDSF,adversarial_lru,500000,0.978,0.95268352034607,56.376000000006606,0.0045998021960258,0.0065998174250125,0.0122999772429466,133149.05537357656,56,10000,0,8,50,0.0,0.0,73.08984375,73.08984375,N/A (GPTCache eviction path is CPU-only),5.340576171875e-05
Random,adversarial_lru,500000,0.978,0.952207011914102,55.78600000000735,0.0002998858690261,0.0004996545612812,0.001200009137392,968335.41536427,56,10000,0,13,55,0.0,0.0,72.9609375,72.9609375,N/A (GPTCache eviction path is CPU-only),5.340576171875e-05
GDSF,adversarial_lru,500000,0.978,0.951523545706365,54.960000000006886,0.0046002678573131,0.0069993548095226,0.0189012568444013,79505.09668202509,56,10000,0,5,47,37.35,48.645,73.23828125,73.23828125,N/A (GPTCache eviction path is CPU-only),5.340576171875e-05
GDSF,adversarial_lru,500000,0.978,0.9520137103684452,55.55000000000649,0.0046002678573131,0.0065001659095287,0.0137022184208035,148739.1384538233,56,10000,0,11,53,0.0,0.0,73.25390625,73.25390625,N/A (GPTCache eviction path is CPU-only),5.340576171875e-05
GDSF,adversarial_lru,500000,0.978,0.9523987623678132,56.02200000000764,0.0045001506805419,0.0059053534641861,0.0106003135442733,153311.45031009198,56,10000,0,10,52,0.0,0.0,73.16015625,73.16015625,N/A (GPTCache eviction path is CPU-only),5.340576171875e-05
LFU,adversarial_lru,500000,0.978,0.9523987623678132,56.02200000000764,0.0008000060915946,0.0010998919606208,0.0020996667444705,267718.97977335606,56,10000,0,10,52,0.0,0.0,73.1171875,73.1171875,N/A (GPTCache eviction path is CPU-only),5.340576171875e-05
Random,adversarial_lru,500000,0.978,0.9510232639496098,54.37000000000671,0.0005001202225685,0.0008000060915946,0.0017001293599605,493356.9521588293,56,10000,0,14,56,0.0,0.0,71.8984375,71.8984375,N/A (GPTCache eviction path is CPU-only),5.340576171875e-05
GDSF,adversarial_lru,500000,0.978,0.9542349056912064,58.38200000000787,0.0044000335037708,0.0062999315559864,0.0115009723231196,176826.21623459164,56,10000,0,9,51,33.2,33.2,73.2109375,73.2109375,N/A (GPTCache eviction path is CPU-only),5.340576171875e-05
LRU,adversarial_lru,500000,0.978,0.9510232639496098,54.37000000000671,0.0007003545761108,0.001000240445137,0.0017001293599605,485347.358573788,56,10000,0,14,56,0.0,0.0,73.0390625,73.0390625,N/A (GPTCache eviction path is CPU-only),5.340576171875e-05
LFU,adversarial_lru,500000,0.978,0.9510232639496098,54.37000000000671,0.0008000060915946,0.001000240445137,0.0020000152289867,459685.5778079794,56,10000,0,14,56,0.0,0.0,73.31640625,73.31640625,N/A (GPTCache eviction path is CPU-only),5.340576171875e-05
LFU,adversarial_lru,500000,0.978,0.952207011914102,55.78600000000735,0.0006998889148235,0.001000240445137,0.0020996714010834,499114.0798237192,56,10000,0,13,55,0.0,0.0,73.125,73.125,N/A (GPTCache eviction path is CPU-only),5.340576171875e-05
FIFO,adversarial_lru,500000,0.978,0.952398762367807,56.02200000000674,0.0004996545612812,0.0008000060915946,0.0011003576219081,649177.8135905646,56,10000,0,15,57,0.0,0.0,73.38671875,73.38671875,N/A (GPTCache eviction path is CPU-only),5.340576171875e-05
LFU,adversarial_lru,500000,0.978,0.952398762367807,56.02200000000674,0.0008000060915946,0.001200009137392,0.0020000198855996,329092.42697467725,56,10000,0,15,57,0.0,0.0,73.203125,73.203125,N/A (GPTCache eviction path is CPU-only),5.340576171875e-05
LRU,adversarial_lru,500000,0.978,0.952398762367807,56.02200000000674,0.0007003545761108,0.001000240445137,0.0018998980522155,488553.1963065598,56,10000,0,15,57,0.0,0.0,73.19140625,73.19140625,N/A (GPTCache eviction path is CPU-only),5.340576171875e-05
FIFO,adversarial_lru,500000,0.978,0.9510232639496098,54.37000000000671,0.0006002373993396,0.0009001232683658,0.0018998980522155,191796.11250835808,56,10000,0,14,56,0.0,0.0,73.3125,73.3125,N/A (GPTCache eviction path is CPU-only),5.340576171875e-05
LFU,adversarial_lru,500000,0.978,0.950200974638049,53.42600000000706,0.0008000060915946,0.0011003576219081,0.0021001324057579,380429.1996824743,56,10000,0,16,58,0.0,0.0,72.9609375,72.9609375,N/A (GPTCache eviction path is CPU-only),5.340576171875e-05
Random,adversarial_lru,500000,0.978,0.952398762367807,56.02200000000674,0.0005997717380523,0.0008000060915946,0.0017997808754444,403898.4306296483,56,10000,0,15,57,0.0,0.0,73.33984375,73.33984375,N/A (GPTCache eviction path is CPU-only),5.340576171875e-05
LRU,adversarial_lru,500000,0.978,0.953334888837028,57.20200000000772,0.0008000060915946,0.001000240445137,0.0019013555720448,410141.9896596831,56,10000,0,17,59,0.0,0.0,73.16015625,73.16015625,N/A (GPTCache eviction path is CPU-only),5.340576171875e-05
LFU,adversarial_lru,500000,0.978,0.953334888837028,57.20200000000772,0.0008000060915946,0.0010998919606208,0.002200249582529,465404.1792464911,56,10000,0,17,59,0.0,0.0,71.8984375,71.8984375,N/A (GPTCache eviction path is CPU-only),5.340576171875e-05
GDSF,adversarial_lru,500000,0.978,0.952207011914102,55.78600000000735,0.0040996819734573,0.0054999254643917,0.008499720133841,187020.4085713356,56,10000,0,13,55,0.0,0.0,73.18359375,73.18359375,N/A (GPTCache eviction path is CPU-only),5.340576171875e-05
LRU,adversarial_lru,500000,0.978,0.950200974638049,53.42600000000706,0.0004996545612812,0.0009001232683658,0.0017997808754444,689298.6391520307,56,10000,0,16,58,0.0,0.0,73.16015625,73.16015625,N/A (GPTCache eviction path is CPU-only),5.340576171875e-05
FIFO,adversarial_lru,500000,0.978,0.9523030798582576,55.90400000000668,0.0005001202225685,0.0006998889148235,0.0018002465367317,549580.3843120132,56,10000,0,18,60,0.0,0.0,73.125,73.125,N/A (GPTCache eviction path is CPU-only),5.340576171875e-05
LFU,adversarial_lru,500000,0.978,0.9523030798582576,55.90400000000668,0.0008000060915946,0.001000240445137,0.0021001324057579,467659.03500834,56,10000,0,18,60,0.0,0.0,73.38671875,73.38671875,N/A (GPTCache eviction path is CPU-only),5.340576171875e-05
Random,adversarial_lru,500000,0.978,0.9523030798582576,55.90400000000668,0.0005001202225685,0.0006998889148235,0.0017001293599605,527601.4686079895,56,10000,0,18,60,0.0,0.0,73.203125,73.203125,N/A (GPTCache eviction path is CPU-only),5.340576171875e-05
GDSF,adversarial_lru,500000,0.978,0.9510232639496098,54.37000000000671,0.0049001537263393,0.0063003972172737,0.0119014363735914,149733.5488118352,56,10000,0,14,56,0.0,0.0,72.90234375,72.90234375,N/A (GPTCache eviction path is CPU-only),5.340576171875e-05
GDSF,adversarial_lru,500000,0.978,0.9518188388340032,55.314000000007205,0.0045998021960258,0.0068000517785549,0.0137007562443614,135619.51675382696,56,10000,0,12,54,0.0,0.0,73.1484375,73.1484375,N/A (GPTCache eviction path is CPU-only),5.340576171875e-05
Random,adversarial_lru,500000,0.978,0.953334888837028,57.20200000000772,0.0005001202225685,0.0006998889148235,0.0016004778444766,621118.0255868445,56,10000,0,17,59,0.0,0.0,73.2109375,73.2109375,N/A (GPTCache eviction path is CPU-only),5.340576171875e-05
FIFO,adversarial_lru,500000,0.978,0.950200974638049,53.42600000000706,0.0005997717380523,0.0007003545761108,0.0018002465367317,488286.0252384974,56,10000,0,16,58,0.0,0.0,73.08984375,73.08984375,N/A (GPTCache eviction path is CPU-only),5.340576171875e-05
LFU,adversarial_lru,500000,0.978,0.9523987623678054,56.022000000007424,0.0007003545761108,0.0009997747838497,0.0019995542243123,479846.4515414294,56,10000,0,19,61,0.0,0.0,73.33984375,73.33984375,N/A (GPTCache eviction path is CPU-only),5.340576171875e-05
Random,adversarial_lru,500000,0.978,0.950200974638049,53.42600000000706,0.0005997717380523,0.0008000060915946,0.0017997808754444,354060.0040898158,56,10000,0,16,58,0.0,0.0,73.23828125,73.23828125,N/A (GPTCache eviction path is CPU-only),5.340576171875e-05
GDSF,adversarial_lru,500000,0.978,0.950200974638049,53.42600000000706,0.0046002678573131,0.0065993517637252,0.0116010848432779,154463.05593187606,56,10000,0,16,58,0.0,0.0,73.25390625,73.25390625,N/A (GPTCache eviction path is CPU-only),5.340576171875e-05
FIFO,adversarial_lru,500000,0.978,0.9523987623678054,56.022000000007424,0.0005997717380523,0.0008000060915946,0.0020000152289867,440540.28148430487,56,10000,0,19,61,0.0,0.0,72.9609375,72.9609375,N/A (GPTCache eviction path is CPU-only),5.340576171875e-05
LRU,adversarial_lru,500000,0.978,0.9527776840827016,56.49400000000711,0.0008000060915946,0.001000240445137,0.0018002465367317,436831.9238997396,56,10000,0,20,62,0.0,0.0,73.18359375,73.18359375,N/A (GPTCache eviction path is CPU-only),5.340576171875e-05
Random,adversarial_lru,500000,0.978,0.9527776840827016,56.49400000000711,0.0005001202225685,0.0007003545761108,0.0017001293599605,526504.2151181927,56,10000,0,20,62,0.0,0.0,73.38671875,73.38671875,N/A (GPTCache eviction path is CPU-only),5.340576171875e-05
LRU,adversarial_lru,500000,0.978,0.9523030798582576,55.90400000000668,0.0007003545761108,0.0009997747838497,0.0018999027088284,463340.5005120949,56,10000,0,18,60,0.0,0.0,73.31640625,73.31640625,N/A (GPTCache eviction path is CPU-only),5.340576171875e-05
Random,adversarial_lru,500000,0.978,0.9523987623678054,56.022000000007424,0.0005001202225685,0.0007003545761108,0.0017997808754444,319409.218590594,56,10000,0,19,61,0.0,0.0,73.16015625,73.16015625,N/A (GPTCache eviction path is CPU-only),5.340576171875e-05
FIFO,adversarial_lru,500000,0.978,0.9523030798582606,55.90400000000768,0.0005997717380523,0.0007003545761108,0.0018002465367317,467101.9999099938,56,10000,0,21,63,0.0,0.0,73.1484375,73.1484375,N/A (GPTCache eviction path is CPU-only),5.340576171875e-05
LFU,adversarial_lru,500000,0.978,0.9523030798582606,55.90400000000768,0.0007003545761108,0.0009997747838497,0.0020000152289867,491357.0265550808,56,10000,0,21,63,0.0,0.0,73.2109375,73.2109375,N/A (GPTCache eviction path is CPU-only),5.340576171875e-05
FIFO,adversarial_lru,500000,0.978,0.9527776840827016,56.49400000000711,0.0003003515303134,0.0005997717380523,0.0010998919606208,895094.8918264897,56,10000,0,20,62,0.0,0.0,73.16015625,73.16015625,N/A (GPTCache eviction path is CPU-only),5.340576171875e-05
GDSF,adversarial_lru,500000,0.978,0.9523030798582576,55.90400000000668,0.0044000335037708,0.0053001567721366,0.0076000578701496,167888.6169884779,56,10000,0,18,60,0.0,0.0,73.19140625,73.19140625,N/A (GPTCache eviction path is CPU-only),5.340576171875e-05
FIFO,adversarial_lru,500000,0.978,0.9533348888370268,57.20200000000837,0.0005001202225685,0.0007003545761108,0.0017001293599605,488123.9389190124,56,10000,0,22,64,0.0,0.0,73.25390625,73.25390625,N/A (GPTCache eviction path is CPU-only),5.340576171875e-05
LRU,adversarial_lru,500000,0.978,0.9533348888370268,57.20200000000837,0.0006998889148235,0.0009001232683658,0.0011003576219081,601192.7665727221,56,10000,0,22,64,0.0,0.0,73.23828125,73.23828125,N/A (GPTCache eviction path is CPU-only),5.340576171875e-05
LRU,adversarial_lru,500000,0.978,0.9523030798582606,55.90400000000768,0.0006998889148235,0.001000240445137,0.0019003637135028,381444.9903466595,56,10000,0,21,63,0.0,0.0,72.90234375,72.90234375,N/A (GPTCache eviction path is CPU-only),5.340576171875e-05
FIFO,adversarial_lru,500000,0.978,0.953334888837028,57.20200000000772,0.0005997717380523,0.0008000060915946,0.0017001293599605,390163.2062848095,56,10000,0,17,59,0.0,0.0,73.1171875,73.1171875,N/A (GPTCache eviction path is CPU-only),5.340576171875e-05
GDSF,adversarial_lru,500000,0.978,0.952398762367807,56.02200000000674,0.0046002678573131,0.0072000548243522,0.0153012294322252,97616.68860524696,56,10000,0,15,57,25.2,47.88,73.34375,73.34375,N/A (GPTCache eviction path is CPU-only),5.340576171875e-05
LFU,adversarial_lru,500000,0.978,0.9527776840827016,56.49400000000711,0.0008000060915946,0.001200009137392,0.0021997839212417,223533.12030889795,56,10000,0,20,62,0.0,0.0,73.125,73.125,N/A (GPTCache eviction path is CPU-only),5.340576171875e-05
LRU,adversarial_lru,500000,0.978,0.9523987623678054,56.022000000007424,0.0006998889148235,0.0009997747838497,0.0012996606528759,563110.6284420154,56,10000,0,19,61,0.0,0.0,73.3125,73.3125,N/A (GPTCache eviction path is CPU-only),5.340576171875e-05
Random,adversarial_lru,500000,0.978,0.9533348888370268,57.20200000000837,0.0005997717380523,0.0008000060915946,0.0017001293599605,507058.2450140152,56,10000,0,22,64,0.0,0.0,73.18359375,73.18359375,N/A (GPTCache eviction path is CPU-only),5.340576171875e-05
LFU,adversarial_lru,500000,0.978,0.9533348888370268,57.20200000000837,0.0008000060915946,0.0011003576219081,0.0021001324057579,272085.892982121,56,10000,0,22,64,0.0,0.0,72.9609375,72.9609375,N/A (GPTCache eviction path is CPU-only),5.340576171875e-05
GDSF,adversarial_lru,500000,0.978,0.953334888837028,57.20200000000772,0.0045998021960258,0.0066052423790096,0.0131009798496961,139756.1534289422,56,10000,0,17,59,0.0,0.0,73.0390625,73.0390625,N/A (GPTCache eviction path is CPU-only),5.340576171875e-05
GDSF,adversarial_lru,500000,0.978,0.9523987623678054,56.022000000007424,0.0052000395953655,0.0065998174250125,0.011900975368917,111165.82928437728,56,10000,0,19,61,0.0,0.0,71.8984375,71.8984375,N/A (GPTCache eviction path is CPU-only),5.340576171875e-05
Random,adversarial_lru,500000,0.978,0.9517208083315962,55.196000000006656,0.0005001202225685,0.0006998889148235,0.0017001293599605,544075.5743575318,56,10000,0,24,66,0.0,0.0,72.90234375,72.90234375,N/A (GPTCache eviction path is CPU-only),5.340576171875e-05
Random,adversarial_lru,500000,0.978,0.9523030798582606,55.90400000000768,0.0005997717380523,0.0006998889148235,0.0019995495676994,523807.0336295213,56,10000,0,21,63,0.0,0.0,73.08984375,73.08984375,N/A (GPTCache eviction path is CPU-only),5.340576171875e-05
LRU,adversarial_lru,500000,0.978,0.9517208083315962,55.196000000006656,0.0006998889148235,0.0009997747838497,0.0018998980522155,370348.42679791606,56,10000,0,24,66,0.0,0.0,73.19140625,73.19140625,N/A (GPTCache eviction path is CPU-only),5.340576171875e-05
LFU,adversarial_lru,500000,0.978,0.952964891651257,56.73000000000719,0.0006998889148235,0.0009001232683658,0.0020000152289867,510986.20326745743,56,10000,0,23,65,0.0,0.0,73.1484375,73.1484375,N/A (GPTCache eviction path is CPU-only),5.340576171875e-05
FIFO,adversarial_lru,500000,0.978,0.952964891651257,56.73000000000719,0.0004000030457973,0.0006998889148235,0.0018998980522155,445430.324646197,56,10000,0,23,65,0.0,0.0,73.16015625,73.16015625,N/A (GPTCache eviction path is CPU-only),5.340576171875e-05
Random,adversarial_lru,500000,0.978,0.952964891651257,56.73000000000719,0.0005001202225685,0.0007003545761108,0.0017001293599605,466644.263515229,56,10000,0,23,65,0.0,0.0,73.2109375,73.2109375,N/A (GPTCache eviction path is CPU-only),5.340576171875e-05
LRU,adversarial_lru,500000,0.978,0.952964891651257,56.73000000000719,0.0008000060915946,0.001000240445137,0.0017997808754444,439095.2822139518,56,10000,0,23,65,0.0,0.0,73.31640625,73.31640625,N/A (GPTCache eviction path is CPU-only),5.340576171875e-05
GDSF,adversarial_lru,500000,0.978,0.9527776840827016,56.49400000000711,0.004699919372797,0.0064000487327575,0.0126003287732601,140490.678043792,56,10000,0,20,62,0.0,0.0,73.203125,73.203125,N/A (GPTCache eviction path is CPU-only),5.340576171875e-05
FIFO,adversarial_lru,500000,0.978,0.9517208083315962,55.196000000006656,0.0005997717380523,0.0007003545761108,0.0018002465367317,271869.1532099484,56,10000,0,24,66,0.0,0.0,73.25390625,73.25390625,N/A (GPTCache eviction path is CPU-only),5.340576171875e-05
GDSF,adversarial_lru,500000,0.978,0.9523030798582606,55.90400000000768,0.004699919372797,0.0069051515311002,0.0174003653228282,109409.54958580692,56,10000,0,21,63,30.05,57.095,73.33984375,73.33984375,N/A (GPTCache eviction path is CPU-only),5.340576171875e-05
Random,adversarial_lru,500000,0.978,0.9536991103614604,57.67400000000733,0.0005997717380523,0.0008000060915946,0.0017001293599605,422129.72999472666,56,10000,0,25,67,0.0,0.0,73.18359375,73.18359375,N/A (GPTCache eviction path is CPU-only),5.340576171875e-05
LFU,adversarial_lru,500000,0.978,0.9536991103614604,57.67400000000733,0.0004996545612812,0.0008000060915946,0.001200009137392,787023.555033907,56,10000,0,25,67,0.0,0.0,73.3125,73.3125,N/A (GPTCache eviction path is CPU-only),5.340576171875e-05
FIFO,adversarial_lru,500000,0.978,0.9536991103614604,57.67400000000733,0.0003003515303134,0.0007003545761108,0.0012996653094887,321648.89668420976,56,10000,0,25,67,0.0,0.0,73.125,73.125,N/A (GPTCache eviction path is CPU-only),5.340576171875e-05
GDSF,adversarial_lru,500000,0.978,0.9533348888370268,57.20200000000837,0.0044996850192546,0.0066002830862998,0.0113012036308646,130773.31499371045,56,10000,0,22,64,0.0,0.0,73.38671875,73.38671875,N/A (GPTCache eviction path is CPU-only),5.340576171875e-05
LFU,adversarial_lru,500000,0.978,0.9517208083315962,55.196000000006656,0.0008000060915946,0.001200009137392,0.0022994354367256,448903.54823591583,56,10000,0,24,66,0.0,0.0,73.23828125,73.23828125,N/A (GPTCache eviction path is CPU-only),5.340576171875e-05
Random,adversarial_lru,500000,0.978,0.9536085890383592,57.556000000007614,0.0005001202225685,0.0007003545761108,0.0016004778444766,541028.9357830671,56,10000,0,26,68,0.0,0.0,73.08984375,73.08984375,N/A (GPTCache eviction path is CPU-only),5.340576171875e-05
LRU,adversarial_lru,500000,0.978,0.9536085890383592,57.556000000007614,0.0008000060915946,0.0010998919606208,0.0019003637135028,245158.7287280944,56,10000,0,26,68,0.0,0.0,73.0390625,73.0390625,N/A (GPTCache eviction path is CPU-only),5.340576171875e-05
LFU,adversarial_lru,500000,0.978,0.9536085890383592,57.556000000007614,0.0005997717380523,0.0009997747838497,0.002000480890274,300535.8560829396,56,10000,0,26,68,97.7,97.7,72.90234375,72.90234375,N/A (GPTCache eviction path is CPU-only),5.340576171875e-05
LRU,adversarial_lru,500000,0.978,0.9536991103614604,57.67400000000733,0.0008000060915946,0.0010998919606208,0.0020000198855996,279678.81713570195,56,10000,0,25,67,0.0,0.0,73.34375,73.34375,N/A (GPTCache eviction path is CPU-only),5.340576171875e-05
GDSF,adversarial_lru,500000,0.978,0.952964891651257,56.73000000000719,0.0048000365495681,0.0070052454248069,0.0151996547356247,113774.44490376646,56,10000,0,23,65,0.0,0.0,73.16015625,73.16015625,N/A (GPTCache eviction path is CPU-only),5.340576171875e-05
FIFO,adversarial_lru,500000,0.978,0.9505125486037256,53.78000000000634,0.0005997717380523,0.0008000060915946,0.0017997808754444,479809.6136704441,56,10000,0,27,69,0.0,0.0,73.2109375,73.2109375,N/A (GPTCache eviction path is CPU-only),5.340576171875e-05
GDSF,adversarial_lru,500000,0.978,0.9517208083315962,55.196000000006656,0.0043003819882869,0.0068000517785549,0.0141012202948332,170199.15069065677,56,10000,0,24,66,0.0,0.0,73.1171875,73.1171875,N/A (GPTCache eviction path is CPU-only),5.340576171875e-05
FIFO,adversarial_lru,500000,0.978,0.9536085890383592,57.556000000007614,0.0005001202225685,0.0007003545761108,0.0017997808754444,533674.8931672891,56,10000,0,26,68,48.8,48.8,71.8984375,71.8984375,N/A (GPTCache eviction path is CPU-only),5.340576171875e-05
LRU,adversarial_lru,500000,0.978,0.9505125486037256,53.78000000000634,0.0006998889148235,0.0009997747838497,0.0019013555720448,503157.3093299267,56,10000,0,27,69,0.0,0.0,73.1484375,73.1484375,N/A (GPTCache eviction path is CPU-only),5.340576171875e-05
Random,adversarial_lru,500000,0.978,0.9526835203460728,56.37600000000713,0.0005001202225685,0.0007003545761108,0.0017001293599605,531008.2227898496,56,10000,0,28,70,0.0,0.0,73.3125,73.3125,N/A (GPTCache eviction path is CPU-only),5.340576171875e-05
LFU,adversarial_lru,500000,0.978,0.9505125486037256,53.78000000000634,0.0006998889148235,0.0009001232683658,0.0020000152289867,510459.3132424209,56,10000,0,27,69,0.0,0.0,73.16015625,73.16015625,N/A (GPTCache eviction path is CPU-only),5.340576171875e-05
GDSF,adversarial_lru,500000,0.978,0.9536085890383592,57.556000000007614,0.0045001506805419,0.0064997002482414,0.0110999681055545,162873.34708270416,56,10000,0,26,68,0.0,0.0,73.19140625,73.19140625,N/A (GPTCache eviction path is CPU-only),5.340576171875e-05
FIFO,adversarial_lru,500000,0.978,0.9489144316730392,52.01000000000704,0.0005001202225685,0.0006998889148235,0.0017997808754444,568062.3943852206,56,10000,0,29,71,0.0,0.0,73.23828125,73.23828125,N/A (GPTCache eviction path is CPU-only),5.340576171875e-05
LRU,adversarial_lru,500000,0.978,0.9526835203460728,56.37600000000713,0.0008000060915946,0.001000240445137,0.0018998980522155,299568.9199015102,56,10000,0,28,70,0.0,0.0,73.25390625,73.25390625,N/A (GPTCache eviction path is CPU-only),5.340576171875e-05
Random,adversarial_lru,500000,0.978,0.9505125486037256,53.78000000000634,0.0005997717380523,0.0007003545761108,0.0017001293599605,526579.0818195612,56,10000,0,27,69,0.0,0.0,73.31640625,73.31640625,N/A (GPTCache eviction path is CPU-only),5.340576171875e-05
LFU,adversarial_lru,500000,0.978,0.9526835203460728,56.37600000000713,0.0008000060915946,0.0010998919606208,0.0021001324057579,329270.13923502766,56,10000,0,28,70,0.0,0.0,73.18359375,73.18359375,N/A (GPTCache eviction path is CPU-only),5.340576171875e-05
LRU,adversarial_lru,500000,0.978,0.9489144316730392,52.01000000000704,0.0006002373993396,0.0009997747838497,0.0014002434909343,562999.6704034574,56,10000,0,29,71,97.7,97.7,73.38671875,73.38671875,N/A (GPTCache eviction path is CPU-only),5.340576171875e-05
LFU,adversarial_lru,500000,0.978,0.9489144316730392,52.01000000000704,0.0007003545761108,0.0009001232683658,0.0020000152289867,483680.61520588567,56,10000,0,29,71,0.0,0.0,73.08984375,73.08984375,N/A (GPTCache eviction path is CPU-only),5.340576171875e-05
FIFO,adversarial_lru,500000,0.978,0.9526835203460728,56.37600000000713,0.0005001202225685,0.0006998889148235,0.0018002465367317,565975.8075719258,56,10000,0,28,70,0.0,0.0,73.33984375,73.33984375,N/A (GPTCache eviction path is CPU-only),5.340576171875e-05
GDSF,adversarial_lru,500000,0.978,0.9536991103614604,57.67400000000733,0.0046002678573131,0.0068000517785549,0.0161062367260457,106897.5651744982,56,10000,0,25,67,50.4,95.76,72.9609375,72.9609375,N/A (GPTCache eviction path is CPU-only),5.340576171875e-05
Random,adversarial_lru,500000,0.978,0.9489144316730392,52.01000000000704,0.0005001202225685,0.0007003545761108,0.0018002465367317,539726.5647747307,56,10000,0,29,71,0.0,0.0,73.0390625,73.0390625,N/A (GPTCache eviction path is CPU-only),5.340576171875e-05
GDSF,adversarial_lru,500000,0.978,0.9505125486037256,53.78000000000634,0.0045001506805419,0.005899928510189,0.0113002024590969,144646.8372921852,56,10000,0,27,69,0.0,0.0,73.203125,73.203125,N/A (GPTCache eviction path is CPU-only),5.340576171875e-05
GDSF,adversarial_lru,500000,0.978,0.9489144316730392,52.01000000000704,0.0045001506805419,0.0065998174250125,0.011600088328123,122923.8165560403,56,10000,0,29,71,37.2,70.68,72.90234375,72.90234375,N/A (GPTCache eviction path is CPU-only),5.340576171875e-05
FIFO,size_varying,50000,0.0469,0.0474625507598946,3.047344976575931,0.0014002434909343,0.0051995739340782,0.0109012005850672,271101.159816834,56,10000,9477,1,43,0.0,0.0,73.15234375,73.15234375,N/A (GPTCache eviction path is CPU-only),5.340576171875e-05
GDSF,adversarial_lru,500000,0.978,0.9526835203460728,56.37600000000713,0.0046002678573131,0.0068000750616192,0.0166123546659949,79217.27001427393,56,10000,0,28,70,0.0,0.0,73.125,73.125,N/A (GPTCache eviction path is CPU-only),5.340576171875e-05
LRU,size_varying,50000,0.0413,0.0385543414880202,2.53597083603556,0.0016996636986732,0.005700159817934,0.0126008596271276,212079.63316570703,56,10000,9552,2,44,0.0,0.0,73.25390625,73.25390625,N/A (GPTCache eviction path is CPU-only),5.340576171875e-05
LRU,size_varying,50000,0.0468,0.0464176835610699,2.980259015991233,0.0016996636986732,0.0059003941714763,0.0125998677685856,129467.43588252005,56,10000,9478,1,43,37.8,71.82,73.3125,73.3125,N/A (GPTCache eviction path is CPU-only),5.340576171875e-05
Random,size_varying,50000,0.0458,0.0445649113728298,2.861301312914222,0.0016000121831893,0.0145002268254756,0.0390040641650558,148299.52414515568,56,10000,9493,1,43,50.4,95.76,73.19140625,73.19140625,N/A (GPTCache eviction path is CPU-only),5.340576171875e-05
FIFO,size_varying,50000,0.0427,0.041268036093545,2.559687459601866,0.0016004778444766,0.0058002769947052,0.013103443197906,122033.07133348475,56,10000,9513,0,42,0.0,0.0,73.16015625,73.16015625,N/A (GPTCache eviction path is CPU-only),5.340576171875e-05
FIFO,size_varying,50000,0.0432,0.0363518654967981,2.3641726081452905,0.0017001293599605,0.0060000456869602,0.014001103118062,156375.0992934828,56,10000,9550,3,45,0.0,0.0,72.9609375,72.9609375,N/A (GPTCache eviction path is CPU-only),5.340576171875e-05
FIFO,size_varying,50000,0.0414,0.0383772382123558,2.5243215969429738,0.0016000121831893,0.0056000426411628,0.011400394141674,187422.45401283432,56,10000,9551,2,44,0.0,0.0,73.31640625,73.31640625,N/A (GPTCache eviction path is CPU-only),5.340576171875e-05
Random,size_varying,50000,0.0443,0.0419786656188742,2.76121099820191,0.0016000121831893,0.0153998844325542,0.0345995742827653,156365.5644886825,56,10000,9518,2,44,0.0,0.0,73.38671875,73.38671875,N/A (GPTCache eviction path is CPU-only),5.340576171875e-05
Random,size_varying,50000,0.041,0.0317003087444978,2.0616548993913817,0.0016004778444766,0.0157002359628677,0.0443022139370441,142315.7333875518,56,10000,9572,3,45,0.0,0.0,73.203125,73.203125,N/A (GPTCache eviction path is CPU-only),5.340576171875e-05
LRU,size_varying,50000,0.0421,0.0399455575789919,2.4776595273392075,0.0016004778444766,0.005699717439711,0.0114999711513519,123369.21377824296,56,10000,9519,0,42,20.05,38.095,73.34375,73.34375,N/A (GPTCache eviction path is CPU-only),5.340576171875e-05
GDSF,size_varying,50000,0.1166,0.1246199370035564,7.729664897096303,0.0080000609159469,0.0472053652629255,0.128307929262519,46929.21060710159,56,10000,8687,0,42,50.1,75.41999999999999,72.1787109375,72.31640625,N/A (GPTCache eviction path is CPU-only),5.340576171875e-05
LRU,size_varying,50000,0.0431,0.0362781512910271,2.3593785458947485,0.0017001293599605,0.0065001659095287,0.0179000245407223,101854.46438583748,56,10000,9551,3,45,12.6,23.94,73.33984375,73.33984375,N/A (GPTCache eviction path is CPU-only),5.340576171875e-05
FIFO,size_varying,50000,0.0466,0.0457766325569956,2.7593456974392963,0.0017001293599605,0.0059003941714763,0.012902207672596,218768.5943133159,56,10000,9495,5,47,0.0,0.0,72.9609375,72.9609375,N/A (GPTCache eviction path is CPU-only),5.340576171875e-05
GDSF,size_varying,50000,0.0897,0.0863327757479174,5.678670495740303,0.0079995952546596,0.0445000128820538,0.099514168687165,50794.32157026442,56,10000,9001,2,44,60.1,98.19,73.09244791666667,73.09375,N/A (GPTCache eviction path is CPU-only),5.340576171875e-05
LRU,size_varying,50000,0.0415,0.0351543785100996,2.3218624963180563,0.0016000121831893,0.0057998113334178,0.0139009905979037,189759.08233205165,56,10000,9562,4,46,0.0,0.0,73.15234375,73.15234375,N/A (GPTCache eviction path is CPU-only),5.340576171875e-05
LFU,size_varying,50000,0.0438,0.0386152749707362,2.479303415369844,0.0020996667444705,0.1140199368819591,0.3088080231100322,36081.04955184105,56,10000,9496,1,43,60.825,82.64999999999999,73.16015625,73.16015625,N/A (GPTCache eviction path is CPU-only),5.340576171875e-05
Random,size_varying,50000,0.0422,0.0428200434268484,2.655952125535132,0.001599546521902,0.0161999138072133,0.0400012964382767,158777.79251746394,56,10000,9522,0,42,0.0,0.0,73.1171875,73.1171875,N/A (GPTCache eviction path is CPU-only),5.340576171875e-05
Random,size_varying,50000,0.0484,0.0463250086347278,2.7924009722847107,0.0016004778444766,0.0169002451002597,0.0439122132956984,132986.32779911134,56,10000,9490,5,47,49.6,94.24,73.38671875,73.38671875,N/A (GPTCache eviction path is CPU-only),5.340576171875e-05
GDSF,size_varying,50000,0.1059,0.0945474119284839,6.148966453235782,0.0074999406933784,0.0449049985036253,0.1350233284756546,54912.22831632559,56,10000,8923,3,45,91.2,123.17,72.90234375,72.90234375,N/A (GPTCache eviction path is CPU-only),5.340576171875e-05
LFU,size_varying,50000,0.0469,0.040778055281381,2.5292959542368285,0.0021001324057579,0.1343054231256246,0.3629125468432906,32927.92472424359,56,10000,9461,0,42,69.0,119.36,73.2109375,73.2109375,N/A (GPTCache eviction path is CPU-only),5.340576171875e-05
FIFO,size_varying,50000,0.0415,0.0335567245678298,2.303330551112232,0.0016000121831893,0.0060000456869602,0.01439964864403,213869.8899496341,56,10000,9551,6,48,0.0,0.0,72.88671875,72.88671875,N/A (GPTCache eviction path is CPU-only),5.340576171875e-05
Random,size_varying,50000,0.043,0.0372457978858562,2.4599957365699643,0.0013001263141632,0.0125002115964889,0.0339001463726162,192735.7869939124,56,10000,9534,4,46,0.0,0.0,73.3125,73.3125,N/A (GPTCache eviction path is CPU-only),5.340576171875e-05
LRU,size_varying,50000,0.0413,0.0334251511381652,2.294299362753889,0.0017997808754444,0.0065001659095287,0.0156997703015804,83632.52871451758,56,10000,9550,6,48,10.0,19.0,73.34375,73.34375,N/A (GPTCache eviction path is CPU-only),5.340576171875e-05
LFU,size_varying,50000,0.0474,0.0380026195233727,2.471530714781025,0.0020000152289867,0.128314923495054,0.4025479219853888,33173.28331107053,56,10000,9508,3,45,66.7,114.185,73.0390625,73.0390625,N/A (GPTCache eviction path is CPU-only),5.340576171875e-05
Random,size_varying,50000,0.0395,0.0330242396920383,2.2667808372110274,0.0016000121831893,0.0164001248776912,0.0474036624655128,135459.32189928522,56,10000,9568,6,48,0.0,0.0,72.9609375,72.9609375,N/A (GPTCache eviction path is CPU-only),5.340576171875e-05
FIFO,size_varying,50000,0.0397,0.0368673762842212,2.488907832682496,0.0016004778444766,0.0060000456869602,0.011999630369246,198453.25492015108,56,10000,9549,7,49,0.0,0.0,73.16015625,73.16015625,N/A (GPTCache eviction path is CPU-only),5.340576171875e-05
GDSF,size_varying,50000,0.1169,0.1180228652275821,7.795127551499598,0.0082994811236858,0.0538051594048737,0.1691042399033905,40011.73147310114,56,10000,8711,4,46,66.43333333333334,116.09,73.19140625,73.19140625,N/A (GPTCache eviction path is CPU-only),5.340576171875e-05
LFU,size_varying,50000,0.0478,0.0379882714386018,2.509034336303216,0.0020000152289867,0.1314048655331134,0.36091806832701,30884.73015587909,56,10000,9498,4,46,98.31999999999998,120.04,73.25390625,73.25390625,N/A (GPTCache eviction path is CPU-only),5.340576171875e-05
LRU,size_varying,50000,0.0466,0.0458023328142501,2.7608948698077547,0.0018998980522155,0.0065998174250125,0.0165012385696172,85830.42649077985,56,10000,9504,5,47,0.0,0.0,73.16015625,73.16015625,N/A (GPTCache eviction path is CPU-only),5.340576171875e-05
LRU,size_varying,50000,0.0395,0.036517774618544,2.4653063071138,0.0018002465367317,0.0064000487327575,0.014301985502243,96740.42810706585,56,10000,9551,7,49,16.6,31.540000000000003,73.15234375,73.15234375,N/A (GPTCache eviction path is CPU-only),5.340576171875e-05
Random,size_varying,50000,0.0406,0.0359828475697054,2.429193508863551,0.0015003606677055,0.0148001126945018,0.0354005768895149,129207.98087464248,56,10000,9552,7,49,0.0,0.0,73.38671875,73.38671875,N/A (GPTCache eviction path is CPU-only),5.340576171875e-05
FIFO,size_varying,50000,0.0395,0.0350069251750875,2.31625403505557,0.0016000121831893,0.0060000456869602,0.0130999833345413,234430.3108484443,56,10000,9563,8,50,0.0,0.0,72.88671875,72.88671875,N/A (GPTCache eviction path is CPU-only),5.340576171875e-05
LRU,size_varying,50000,0.0394,0.0348494218246829,2.3058327321537906,0.0017001293599605,0.0058994628489017,0.0130013283342123,215792.0972262591,56,10000,9564,8,50,0.0,0.0,73.2109375,73.2109375,N/A (GPTCache eviction path is CPU-only),5.340576171875e-05
FIFO,size_varying,50000,0.0418,0.0357631247738966,2.362068728929392,0.0018002465367317,0.0061051221564411,0.015201112255454,140156.52708760722,56,10000,9555,4,46,0.0,0.0,73.125,73.125,N/A (GPTCache eviction path is CPU-only),5.340576171875e-05
FIFO,size_varying,50000,0.0387,0.0369203933517514,2.4931519445314505,0.0016004778444766,0.0057998346164822,0.0128010939806699,181117.0938729244,56,10000,9600,9,51,0.0,0.0,73.16015625,73.16015625,N/A (GPTCache eviction path is CPU-only),5.340576171875e-05
GDSF,size_varying,50000,0.0897,0.0810333786897308,5.562123812728681,0.0081998296082019,0.0484053511172532,0.1320190727710728,44368.80061768452,56,10000,9005,6,48,63.725,96.335,73.09375,73.09375,N/A (GPTCache eviction path is CPU-only),5.340576171875e-05
LFU,size_varying,50000,0.0673,0.0542499734903627,3.270105784877181,0.0021001324057579,0.1525053055956959,0.4575221054255967,26403.92298864123,56,10000,9264,5,47,69.3,96.78,73.31640625,73.31640625,N/A (GPTCache eviction path is CPU-only),5.340576171875e-05
LRU,size_varying,50000,0.0388,0.0371566117332814,2.5091032457983307,0.0017001293599605,0.0059003941714763,0.0130999879911541,194996.3924257685,56,10000,9599,9,51,0.0,0.0,72.9609375,72.9609375,N/A (GPTCache eviction path is CPU-only),5.340576171875e-05
Random,size_varying,50000,0.0399,0.0343295725077068,2.271436592760104,0.0017997808754444,0.016100239008665,0.0455092266201975,71881.94101784592,56,10000,9560,8,50,18.75,35.625,73.345703125,73.34765625,N/A (GPTCache eviction path is CPU-only),5.340576171875e-05
GDSF,size_varying,50000,0.1584,0.169031298180857,10.18894923708513,0.0082999467849731,0.0557000748813152,0.1411020196974277,47797.24029698117,56,10000,8271,5,47,45.05,85.59499999999998,73.203125,73.203125,N/A (GPTCache eviction path is CPU-only),5.340576171875e-05
GDSF,size_varying,50000,0.1493,0.1581103107441306,10.15151216015376,0.0086002983152866,0.0605146633461115,0.1537028886377812,19575.91521015226,56,10000,8351,1,43,23.316666666666663,38.375,73.23828125,73.23828125,N/A (GPTCache eviction path is CPU-only),5.340576171875e-05
GDSF,size_varying,50000,0.0938,0.0920377157811695,6.213444372714923,0.0081998296082019,0.0477000139653682,0.107902237214148,44232.32592817454,56,10000,8991,7,49,55.56666666666666,96.83,72.90234375,72.90234375,N/A (GPTCache eviction path is CPU-only),5.340576171875e-05
LFU,size_varying,50000,0.0427,0.0388327666002893,2.6215908669789654,0.0018998980522155,0.106004881672561,0.2675010589882731,38934.73020061656,56,10000,9517,7,49,62.06666666666666,98.78,73.12109375,73.12109375,N/A (GPTCache eviction path is CPU-only),5.340576171875e-05
FIFO,size_varying,50000,0.0446,0.0437782115227523,2.81165493339857,0.0016996636986732,0.0060000456869602,0.0137012219056487,183478.8324861217,56,10000,9504,10,52,0.0,0.0,73.38671875,73.38671875,N/A (GPTCache eviction path is CPU-only),5.340576171875e-05
LRU,size_varying,50000,0.0451,0.0438692810937165,2.817503875134141,0.0017001293599605,0.0059053534641861,0.012999870814383,183752.5964610717,56,10000,9501,10,52,0.0,0.0,73.15234375,73.15234375,N/A (GPTCache eviction path is CPU-only),5.340576171875e-05
Random,size_varying,50000,0.0465,0.0437113804210899,2.807362706965429,0.0016004778444766,0.0164001248776912,0.0428138626739385,110998.01621904508,56,10000,9470,10,52,25.2,47.88,73.2109375,73.2109375,N/A (GPTCache eviction path is CPU-only),5.340576171875e-05
Random,size_varying,50000,0.0362,0.03423514562745,2.3118231455230505,0.0016004778444766,0.0162995653226971,0.0402010744437575,111373.33374629516,56,10000,9626,9,51,40.05,76.09499999999998,73.255859375,73.2578125,N/A (GPTCache eviction path is CPU-only),5.340576171875e-05
FIFO,size_varying,50000,0.0415,0.0343910403603143,2.4430342901628217,0.0016000121831893,0.0054999254643917,0.0151009997352957,227820.53389106347,56,10000,9567,11,53,0.0,0.0,73.09375,73.09375,N/A (GPTCache eviction path is CPU-only),5.340576171875e-05
LRU,size_varying,50000,0.0415,0.0334757967181489,2.378018181948668,0.0017001293599605,0.0056000426411628,0.0164021272212267,217009.6509347669,56,10000,9566,11,53,0.0,0.0,73.16015625,73.16015625,N/A (GPTCache eviction path is CPU-only),5.340576171875e-05
LFU,size_varying,50000,0.0437,0.0416468836579235,2.7393875317797187,0.0021001324057579,0.1289051724597811,0.3887320449575789,15142.794280919832,56,10000,9519,2,44,36.875,71.63499999999999,73.18359375,73.18359375,N/A (GPTCache eviction path is CPU-only),5.340576171875e-05
GDSF,size_varying,50000,0.0995,0.0940990983818489,6.22612283803653,0.0082999467849731,0.0506001524627208,0.1345142070204022,42646.76027173909,56,10000,8868,8,50,42.43333333333334,66.49000000000001,73.0390625,73.0390625,N/A (GPTCache eviction path is CPU-only),5.340576171875e-05
Random,size_varying,50000,0.0433,0.0331716060711557,2.3564094090367336,0.0016000121831893,0.0149994157254695,0.0561070814728738,132899.7265258648,56,10000,9539,11,53,0.0,0.0,72.9609375,72.9609375,N/A (GPTCache eviction path is CPU-only),5.340576171875e-05
LFU,size_varying,50000,0.0447,0.0364133341566933,2.499407975931498,0.0019995495676994,0.1174047356471418,0.3776720771566049,24585.367769403736,56,10000,9515,6,48,54.32000000000001,94.5,73.33984375,73.33984375,N/A (GPTCache eviction path is CPU-only),5.340576171875e-05
LRU,size_varying,50000,0.0382,0.0365272295333894,2.465447737938125,0.0017001293599605,0.0059003941714763,0.0129012111574411,133698.776200179,56,10000,9595,13,55,0.0,0.0,73.15234375,73.15234375,N/A (GPTCache eviction path is CPU-only),5.340576171875e-05
LFU,size_varying,50000,0.0401,0.0323265250057783,2.182938245274074,0.0020000152289867,0.122005003504455,0.3264266997575766,36880.74462115447,56,10000,9582,9,51,66.6,97.635,73.19140625,73.19140625,N/A (GPTCache eviction path is CPU-only),5.340576171875e-05
FIFO,size_varying,50000,0.0386,0.036533880953838,2.46589668327859,0.0017001293599605,0.0060000456869602,0.0123996334150433,199232.1601804995,56,10000,9592,13,55,0.0,0.0,73.2109375,73.2109375,N/A (GPTCache eviction path is CPU-only),5.340576171875e-05
FIFO,size_varying,50000,0.0429,0.0377977155610337,2.451773468713577,0.0014002434909343,0.0050999224185943,0.0120006268844008,271440.3961899615,56,10000,9561,12,54,0.0,0.0,73.23828125,73.23828125,N/A (GPTCache eviction path is CPU-only),5.340576171875e-05
Random,size_varying,50000,0.0396,0.0374111413086812,2.5251083887667884,0.0016004778444766,0.0166003592312335,0.0379011686891317,118766.96136472202,56,10000,9566,13,55,50.4,95.76,73.09375,73.09375,N/A (GPTCache eviction path is CPU-only),5.340576171875e-05
LFU,size_varying,50000,0.0477,0.0450675753581238,2.8944643050601773,0.0019003637135028,0.110419909469783,0.321712773293257,34708.122003370256,56,10000,9470,10,52,65.0,100.125,72.96484375,72.96484375,N/A (GPTCache eviction path is CPU-only),5.340576171875e-05
FIFO,size_varying,50000,0.0409,0.0356927653689462,2.453505631646948,0.0016004778444766,0.0060000456869602,0.0130023248493671,205912.5738893773,56,10000,9568,14,56,0.0,0.0,73.0390625,73.0390625,N/A (GPTCache eviction path is CPU-only),5.340576171875e-05
LRU,size_varying,50000,0.0426,0.0376769898334945,2.443942515668446,0.0017001293599605,0.005899928510189,0.0144001096487045,142843.06260971187,56,10000,9564,12,54,0.0,0.0,73.203125,73.203125,N/A (GPTCache eviction path is CPU-only),5.340576171875e-05
LFU,size_varying,50000,0.0446,0.03658229386609,2.420489241917769,0.0020000152289867,0.1227053347975015,0.3547032549977303,23681.25035589689,56,10000,9496,8,50,53.366666666666674,94.8,73.3125,73.3125,N/A (GPTCache eviction path is CPU-only),5.340576171875e-05
LRU,size_varying,50000,0.0489,0.0454467377239514,2.841081346126925,0.0016000121831893,0.0053998082876205,0.0136021012440324,201171.623840204,56,10000,9479,15,57,0.0,0.0,73.19140625,73.19140625,N/A (GPTCache eviction path is CPU-only),5.340576171875e-05
GDSF,size_varying,50000,0.091,0.0853353984425757,5.535336269351173,0.0080000609159469,0.0456048641353844,0.1304070604965092,43188.50357082954,56,10000,9068,12,54,55.76666666666667,97.37,73.38671875,73.38671875,N/A (GPTCache eviction path is CPU-only),5.340576171875e-05
LFU,size_varying,50000,0.0409,0.0323473528131011,2.29785697933096,0.0020000152289867,0.128810037858784,0.4810721706599013,30065.901429630147,56,10000,9577,11,53,61.88000000000001,100.42,73.31640625,73.31640625,N/A (GPTCache eviction path is CPU-only),5.340576171875e-05
FIFO,size_varying,50000,0.0486,0.0453394388441784,2.834373607330904,0.0017001293599605,0.0058002769947052,0.0136001035571098,194663.11598439468,56,10000,9482,15,57,0.0,0.0,73.2109375,73.2109375,N/A (GPTCache eviction path is CPU-only),5.340576171875e-05
Random,size_varying,50000,0.0501,0.0482163003060739,3.014219242994105,0.0015003606677055,0.0155000016093254,0.0385054061189295,140479.2315231019,56,10000,9460,15,57,0.0,0.0,73.09375,73.09375,N/A (GPTCache eviction path is CPU-only),5.340576171875e-05
GDSF,size_varying,50000,0.0994,0.1025120530407515,6.919169959213214,0.0077998265624046,0.0489104539155958,0.126111605204642,49317.884439878384,56,10000,8896,13,55,51.9,79.64999999999999,73.16015625,73.16015625,N/A (GPTCache eviction path is CPU-only),5.340576171875e-05
GDSF,size_varying,50000,0.0776,0.0664377257927912,4.719532778645508,0.0076000578701496,0.0380052719265221,0.1258047996088863,29437.089274856386,56,10000,9177,11,53,33.05,75.65999999999998,73.34765625,73.34765625,N/A (GPTCache eviction path is CPU-only),5.340576171875e-05
LRU,size_varying,50000,0.0429,0.0403621574431211,2.7453872281130947,0.0017001293599605,0.0064005143940448,0.0153007684275508,153728.61064850795,56,10000,9533,16,58,0.0,0.0,73.0390625,73.0390625,N/A (GPTCache eviction path is CPU-only),5.340576171875e-05
GDSF,size_varying,50000,0.1191,0.1203982574545545,8.130226209433959,0.0085998326539993,0.0607053516432642,0.1684083463624121,21128.95381572036,56,10000,8752,9,51,32.86666666666667,56.66,73.16015625,73.16015625,N/A (GPTCache eviction path is CPU-only),5.340576171875e-05
LRU,size_varying,50000,0.0406,0.0355215361272367,2.441735405818423,0.0017001293599605,0.0063995830714702,0.0153998844325542,45793.94104975183,56,10000,9570,14,56,9.7,16.19,73.18359375,73.18359375,N/A (GPTCache eviction path is CPU-only),5.340576171875e-05
LFU,size_varying,50000,0.0441,0.0378424943091864,2.45467807141386,0.0020000152289867,0.1264997059479355,0.4198061721399427,28934.57398509413,56,10000,9550,12,54,61.575,83.1,72.90234375,72.90234375,N/A (GPTCache eviction path is CPU-only),5.340576171875e-05
Random,size_varying,50000,0.0441,0.0380350997217951,2.4671715471055884,0.0016000121831893,0.0155000016093254,0.0502001494169235,54808.75581326572,56,10000,9546,12,54,35.15,48.87499999999999,73.12109375,73.12109375,N/A (GPTCache eviction path is CPU-only),5.340576171875e-05
LFU,size_varying,50000,0.0414,0.0352600356230548,2.379917014703076,0.0020996667444705,0.1302052987739443,0.3593090595677496,30856.16920493938,56,10000,9551,13,55,59.96,114.32,73.2578125,73.2578125,N/A (GPTCache eviction path is CPU-only),5.340576171875e-05
Random,size_varying,50000,0.0434,0.0439248806264373,2.9877195350162147,0.0016000121831893,0.0174995744600892,0.0482031283900142,142820.0092389787,56,10000,9526,16,58,50.4,50.4,73.19140625,73.19140625,N/A (GPTCache eviction path is CPU-only),5.340576171875e-05
GDSF,size_varying,50000,0.1481,0.1551181629084675,9.962461526657991,0.0084000639617443,0.0604996690526604,0.1739078154787423,21311.741980968047,56,10000,8360,10,52,42.7,101.04,73.125,73.125,N/A (GPTCache eviction path is CPU-only),5.340576171875e-05
FIFO,size_varying,50000,0.0459,0.0429282313691569,2.7806664971583896,0.0014998950064182,0.0054002739489078,0.0146999955177307,165997.69649870897,56,10000,9502,17,59,0.0,0.0,73.2109375,73.2109375,N/A (GPTCache eviction path is CPU-only),5.340576171875e-05
LRU,size_varying,50000,0.0466,0.0435288318520871,2.819570257872396,0.0017997808754444,0.0076997093856334,0.0350070325657726,135882.8586306242,56,10000,9495,17,59,30.05,57.095,73.31640625,73.31640625,N/A (GPTCache eviction path is CPU-only),5.340576171875e-05
LFU,size_varying,50000,0.0446,0.0374109375684282,2.57161206369258,0.0020996667444705,0.1322048483416437,0.4170491453260194,28453.4443252681,56,10000,9526,14,56,53.15,82.49999999999999,72.9609375,72.9609375,N/A (GPTCache eviction path is CPU-only),5.340576171875e-05
Random,size_varying,50000,0.0455,0.0405504203523855,2.626644325267538,0.0016996636986732,0.0185002572834491,0.0554011855274439,102092.90469922504,56,10000,9503,17,59,100.8,100.8,73.16015625,73.16015625,N/A (GPTCache eviction path is CPU-only),5.340576171875e-05
LRU,size_varying,50000,0.0444,0.0417717164352672,2.7114882872289674,0.0017997808754444,0.0064000487327575,0.018501253798604,164812.79687059138,56,10000,9524,18,60,0.0,0.0,73.0390625,73.0390625,N/A (GPTCache eviction path is CPU-only),5.340576171875e-05
FIFO,size_varying,50000,0.0434,0.0411619947569857,2.799791236351415,0.0017001293599605,0.0062002800405025,0.0158013496547937,139586.4333511663,56,10000,9529,16,58,0.0,0.0,73.203125,73.203125,N/A (GPTCache eviction path is CPU-only),5.340576171875e-05
GDSF,size_varying,50000,0.1445,0.1536681929662821,9.606494511914049,0.0082999467849731,0.0564149813726542,0.1513038761913777,40067.84288439378,56,10000,8426,15,57,63.73333333333333,115.28,72.96484375,72.96484375,N/A (GPTCache eviction path is CPU-only),5.340576171875e-05
LRU,size_varying,50000,0.044,0.0392810705260017,2.546357563156357,0.0017001293599605,0.0061998143792152,0.0170038966462016,169826.28453724532,56,10000,9488,19,61,0.0,0.0,73.2578125,73.2578125,N/A (GPTCache eviction path is CPU-only),5.340576171875e-05
LFU,size_varying,50000,0.0616,0.049653130921947,3.104042030387481,0.0020000152289867,0.1323053846135734,0.3667153418064121,29911.10420390323,56,10000,9334,15,57,53.45,78.16499999999999,73.23828125,73.23828125,N/A (GPTCache eviction path is CPU-only),5.340576171875e-05
Random,size_varying,50000,0.0414,0.0342203909413575,2.3522952347320354,0.0014994293451309,0.0148001126945018,0.0391031801700592,165722.6012653447,56,10000,9562,14,56,0.0,0.0,73.33984375,73.33984375,N/A (GPTCache eviction path is CPU-only),5.340576171875e-05
FIFO,size_varying,50000,0.0439,0.03958047755013,2.56576633512062,0.0017001293599605,0.0065001659095287,0.0253013102337718,154132.60346677477,56,10000,9490,19,61,0.0,0.0,73.19140625,73.19140625,N/A (GPTCache eviction path is CPU-only),5.340576171875e-05
GDSF,size_varying,50000,0.1441,0.1455565005092493,9.9005846758827,0.0082002952694892,0.0660150079056618,0.1656038686633111,34492.65445984897,56,10000,8421,16,58,74.65,95.645,73.38671875,73.38671875,N/A (GPTCache eviction path is CPU-only),5.340576171875e-05
GDSF,size_varying,50000,0.0962,0.0903163395477733,6.208307073427012,0.0076000578701496,0.0434000976383686,0.1159003749489784,47955.37455695959,56,10000,8978,14,56,46.93333333333334,81.28,73.15234375,73.15234375,N/A (GPTCache eviction path is CPU-only),5.340576171875e-05
Random,size_varying,50000,0.0451,0.0403277536545737,2.614207788849755,0.0016000121831893,0.0164997996762394,0.0535999471321702,123086.46648522292,56,10000,9476,19,61,0.0,0.0,73.2109375,73.2109375,N/A (GPTCache eviction path is CPU-only),5.340576171875e-05
Random,size_varying,50000,0.042,0.0387678838189123,2.5165033153122707,0.0016004778444766,0.0167996855452656,0.0463032303377986,124958.29491697208,56,10000,9541,18,60,0.0,0.0,72.90234375,72.90234375,N/A (GPTCache eviction path is CPU-only),5.340576171875e-05
FIFO,size_varying,50000,0.0443,0.0414483897865779,2.6905004874523244,0.0017997808754444,0.0068997265771031,0.0229994812980294,130555.29141676714,56,10000,9525,18,60,40.05,76.09499999999998,73.16015625,73.16015625,N/A (GPTCache eviction path is CPU-only),5.340576171875e-05
LRU,size_varying,50000,0.0436,0.0428250174361059,2.69614928112258,0.0016000121831893,0.0059996033087372,0.0126995192840695,225828.45264993803,56,10000,9523,20,62,24.8,24.8,72.9609375,72.9609375,N/A (GPTCache eviction path is CPU-only),5.340576171875e-05
GDSF,size_varying,50000,0.1016,0.0954889396235513,6.185274510311228,0.0082999467849731,0.0556049635633825,0.1529098860919477,32592.006397995403,56,10000,8876,17,59,57.26666666666667,68.94,73.34765625,73.34765625,N/A (GPTCache eviction path is CPU-only),5.340576171875e-05
FIFO,size_varying,50000,0.0433,0.0424740659536644,2.6740543085167814,0.0017001293599605,0.0061001628637313,0.0121998647227883,121618.69617818478,56,10000,9527,20,62,0.0,0.0,73.16015625,73.16015625,N/A (GPTCache eviction path is CPU-only),5.340576171875e-05
GDSF,size_varying,50000,0.1325,0.1357251952694897,8.810202420707185,0.0082999467849731,0.0561046414077281,0.1633019605651498,37530.49352661953,56,10000,8538,18,60,60.275000000000006,100.71,73.12890625,73.14453125,N/A (GPTCache eviction path is CPU-only),5.340576171875e-05
LRU,size_varying,50000,0.0387,0.0377695822208596,2.6164006995851383,0.0017001293599605,0.0061001628637313,0.0152997719123959,167494.36797361626,56,10000,9583,21,63,50.4,50.4,73.2578125,73.2578125,N/A (GPTCache eviction path is CPU-only),5.340576171875e-05
FIFO,size_varying,50000,0.0379,0.0368399334648812,2.5520014260827955,0.0017001293599605,0.0059053534641861,0.0156001187860965,166639.72589399305,56,10000,9592,21,63,34.0,34.0,73.23828125,73.23828125,N/A (GPTCache eviction path is CPU-only),5.340576171875e-05
LFU,size_varying,50000,0.0571,0.0461009970749634,3.13573645688392,0.0018002465367317,0.1231203321367499,0.347234848886729,32648.63703931592,56,10000,9374,16,58,70.52000000000001,120.96,73.3125,73.3125,N/A (GPTCache eviction path is CPU-only),5.340576171875e-05
Random,size_varying,50000,0.0422,0.0423631818107496,2.667073337577224,0.0016004778444766,0.0165002420544624,0.0391051778569818,128573.04506743763,56,10000,9536,20,62,0.0,0.0,73.203125,73.203125,N/A (GPTCache eviction path is CPU-only),5.340576171875e-05
LFU,size_varying,50000,0.0467,0.0434055234828677,2.8137212536048275,0.0018002465367317,0.1118001528084278,0.3623128496110442,33189.12654424889,56,10000,9461,19,61,60.575,119.56499999999998,73.125,73.125,N/A (GPTCache eviction path is CPU-only),5.340576171875e-05
LFU,size_varying,50000,0.0486,0.042673793849755,2.764185364270874,0.0020000152289867,0.1241351244971151,0.3537114709615709,25055.830655373567,56,10000,9456,17,59,53.34,79.91999999999999,73.09375,73.09375,N/A (GPTCache eviction path is CPU-only),5.340576171875e-05
LRU,size_varying,50000,0.0431,0.0375659827934365,2.414229900875209,0.0016000121831893,0.0053998315706849,0.0128997536376118,162456.07557101134,56,10000,9485,22,64,0.0,0.0,73.15234375,73.15234375,N/A (GPTCache eviction path is CPU-only),5.340576171875e-05
FIFO,size_varying,50000,0.0428,0.0369653731624327,2.375630891289964,0.0016996636986732,0.0056000426411628,0.0141042191535235,209013.9357927465,56,10000,9488,22,64,0.0,0.0,73.2109375,73.2109375,N/A (GPTCache eviction path is CPU-only),5.340576171875e-05
GDSF,size_varying,50000,0.0995,0.1006350811663582,6.523572209601218,0.0081998296082019,0.0482051400467752,0.14100537635386,38065.6266468605,56,10000,8915,19,61,46.675,65.53999999999999,73.31640625,73.31640625,N/A (GPTCache eviction path is CPU-only),5.340576171875e-05
Random,size_varying,50000,0.0386,0.0380331526122437,2.63465893057045,0.0015003606677055,0.0151996733620762,0.0472013559192419,162737.10819966125,56,10000,9562,21,63,0.0,0.0,73.19140625,73.19140625,N/A (GPTCache eviction path is CPU-only),5.340576171875e-05
Random,size_varying,50000,0.0431,0.037783402932791,2.428202707186931,0.0015003606677055,0.0146053032949566,0.0392022961750627,156865.69738242883,56,10000,9516,22,64,49.6,94.24,73.16015625,73.16015625,N/A (GPTCache eviction path is CPU-only),5.340576171875e-05
LRU,size_varying,50000,0.0469,0.041465765954575,2.800874210271105,0.0016000121831893,0.0057998113334178,0.0131019810214639,240282.9557828105,56,10000,9491,24,66,0.0,0.0,73.3125,73.3125,N/A (GPTCache eviction path is CPU-only),5.340576171875e-05
FIFO,size_varying,50000,0.0359,0.0345589437948279,2.4781138957113544,0.0016996636986732,0.006099697202444,0.0161027722060681,220771.9939849634,56,10000,9568,23,65,0.0,0.0,73.16015625,73.16015625,N/A (GPTCache eviction path is CPU-only),5.340576171875e-05
Random,size_varying,50000,0.0373,0.0344257069359586,2.4685598968002456,0.0016000121831893,0.0171000137925148,0.0445039896294475,138593.2234748492,56,10000,9566,23,65,0.0,0.0,73.2578125,73.2578125,N/A (GPTCache eviction path is CPU-only),5.340576171875e-05
FIFO,size_varying,50000,0.0467,0.0418728741484963,2.828373011146833,0.0016000121831893,0.005899928510189,0.0140031054615975,187241.0221583977,56,10000,9493,24,66,0.0,0.0,73.203125,73.203125,N/A (GPTCache eviction path is CPU-only),5.340576171875e-05
FIFO,size_varying,50000,0.0437,0.0436419899425028,2.8520673009431308,0.0016996636986732,0.006299465894699,0.0138033321127296,215932.8189323615,56,10000,9513,25,67,0.0,0.0,73.31640625,73.31640625,N/A (GPTCache eviction path is CPU-only),5.340576171875e-05
LRU,size_varying,50000,0.0432,0.0432881674097834,2.8289444855711627,0.0015003606677055,0.0055996002629399,0.0129007501527667,212599.49625762145,56,10000,9515,25,67,0.0,0.0,73.2109375,73.2109375,N/A (GPTCache eviction path is CPU-only),5.340576171875e-05
Random,size_varying,50000,0.0477,0.0429235792189275,2.899344634765111,0.0014998950064182,0.0155996764078736,0.0425009755417704,126215.13617526728,56,10000,9489,24,66,0.0,0.0,73.09375,73.09375,N/A (GPTCache eviction path is CPU-only),5.340576171875e-05
GDSF,size_varying,50000,0.1384,0.1453272733668204,9.14941889282476,0.0085001811385154,0.0626052264124154,0.1522105326876046,39005.69793761873,56,10000,8480,20,62,74.8,125.515,72.96484375,72.96484375,N/A (GPTCache eviction path is CPU-only),5.340576171875e-05
GDSF,size_varying,50000,0.0853,0.0777281298856277,5.573641367652519,0.0074002891778945,0.0459052389487623,0.1174031896516681,53766.85177067634,56,10000,9011,23,65,50.16666666666666,82.25,73.23828125,73.23828125,N/A (GPTCache eviction path is CPU-only),5.340576171875e-05
LFU,size_varying,50000,0.0547,0.0510238370251422,3.3120625214803323,0.0021001324057579,0.1561044482514261,0.5114304739981897,18855.280819481137,56,10000,9410,18,60,51.333333333333336,93.6,73.18359375,73.18359375,N/A (GPTCache eviction path is CPU-only),5.340576171875e-05
GDSF,size_varying,50000,0.0917,0.0839465974660907,5.815206931697761,0.0075004063546657,0.0481100287288425,0.1573309162631637,45911.827292325615,56,10000,9025,21,63,42.35,80.465,73.38671875,73.38671875,N/A (GPTCache eviction path is CPU-only),5.340576171875e-05
LRU,size_varying,50000,0.041,0.0347467079303785,2.2675015171981814,0.0017997808754444,0.0064997235313057,0.014900229871273,167301.01680995768,56,10000,9540,26,68,0.0,0.0,73.16015625,73.16015625,N/A (GPTCache eviction path is CPU-only),5.340576171875e-05
LFU,size_varying,50000,0.0538,0.0481292095616199,3.030087120318494,0.0021001324057579,0.14271002728492,0.3704030299559236,24816.888571459367,56,10000,9412,20,62,54.720000000000006,83.02,73.0390625,73.0390625,N/A (GPTCache eviction path is CPU-only),5.340576171875e-05
FIFO,size_varying,50000,0.0402,0.0338135421119487,2.206604959362351,0.0016004778444766,0.0059003941714763,0.0128010986372828,164037.68824184174,56,10000,9548,26,68,0.0,0.0,73.2578125,73.2578125,N/A (GPTCache eviction path is CPU-only),5.340576171875e-05
LRU,size_varying,50000,0.0356,0.0341358309666019,2.44777379662426,0.0016000121831893,0.005700159817934,0.0125002115964889,221674.9305163801,56,10000,9571,23,65,18.2,18.2,73.34765625,73.34765625,N/A (GPTCache eviction path is CPU-only),5.340576171875e-05
Random,size_varying,50000,0.042,0.0361584524452565,2.3596291753290246,0.0017001293599605,0.0173998996615409,0.0444004125893116,123449.93120093008,56,10000,9535,26,68,50.4,95.76,73.318359375,73.3203125,N/A (GPTCache eviction path is CPU-only),5.340576171875e-05
Random,size_varying,50000,0.0432,0.0429526545750793,2.8070182355040334,0.0016996636986732,0.0179004855453968,0.0549020664766431,71621.33510795956,56,10000,9519,25,67,16.6,31.540000000000003,73.16015625,73.16015625,N/A (GPTCache eviction path is CPU-only),5.340576171875e-05
FIFO,size_varying,50000,0.0464,0.048294475520988,2.9725261058242065,0.0017997808754444,0.0061998376622796,0.0133002176880836,192291.0523771416,56,10000,9483,27,69,0.0,0.0,72.96484375,72.96484375,N/A (GPTCache eviction path is CPU-only),5.340576171875e-05
LRU,size_varying,50000,0.046,0.0481481651705646,2.9635207003095125,0.0017997808754444,0.0061998143792152,0.0132997520267963,144099.6931877769,56,10000,9487,27,69,97.7,97.7,73.09375,73.09375,N/A (GPTCache eviction path is CPU-only),5.340576171875e-05
LFU,size_varying,50000,0.048,0.0414526940282119,2.664014780207636,0.0021001324057579,0.1446099253371356,0.4003111366182568,28188.182066332785,56,10000,9433,22,64,66.2,100.68,72.984375,72.984375,N/A (GPTCache eviction path is CPU-only),5.340576171875e-05
GDSF,size_varying,50000,0.136,0.1442690640389432,9.428192450097594,0.0081998296082019,0.0569000840187072,0.1394028961658478,36838.55909384476,56,10000,8489,25,67,57.025,100.05,73.3125,73.3125,N/A (GPTCache eviction path is CPU-only),5.340576171875e-05
LRU,size_varying,50000,0.0428,0.0420185853631766,2.7804967773609257,0.0018998980522155,0.0064000487327575,0.0137998769059777,151204.49452885517,56,10000,9509,28,70,0.0,0.0,73.16015625,73.16015625,N/A (GPTCache eviction path is CPU-only),5.340576171875e-05
FIFO,size_varying,50000,0.0421,0.0413640047151736,2.737181197681978,0.0018002465367317,0.0064000487327575,0.0139996455982327,156549.40126924877,56,10000,9516,28,70,0.0,0.0,73.0390625,73.0390625,N/A (GPTCache eviction path is CPU-only),5.340576171875e-05
GDSF,size_varying,50000,0.1091,0.1100634859688731,7.073382327881987,0.0082002952694892,0.047499337233603,0.1468127267435196,44771.61552946884,56,10000,8762,22,64,40.9,77.71,72.9609375,72.9609375,N/A (GPTCache eviction path is CPU-only),5.340576171875e-05
GDSF,size_varying,50000,0.1028,0.0990574746299922,6.691002074570822,0.0079995952546596,0.0458051217719911,0.145504055544734,26488.557605930662,56,10000,8890,24,66,31.4,77.93999999999998,73.15234375,73.15234375,N/A (GPTCache eviction path is CPU-only),5.340576171875e-05
GDSF,size_varying,50000,0.1306,0.1274258452236677,8.315558928744238,0.0089998356997966,0.0586998648941516,0.1490154350176457,35780.32596656659,56,10000,8553,26,68,53.65,79.24499999999999,73.2109375,73.2109375,N/A (GPTCache eviction path is CPU-only),5.340576171875e-05
FIFO,size_varying,50000,0.0436,0.0438678466355172,2.693682707741081,0.0018002465367317,0.0063003972172737,0.0139005249366164,184872.271743355,56,10000,9523,29,71,0.0,0.0,72.96484375,72.96484375,N/A (GPTCache eviction path is CPU-only),5.340576171875e-05
Random,size_varying,50000,0.0451,0.0409257635522146,2.513025599310933,0.0017001293599605,0.0165999168530106,0.0471077812835575,147018.82526894877,56,10000,9511,29,71,0.0,0.0,72.984375,72.984375,N/A (GPTCache eviction path is CPU-only),5.340576171875e-05
LFU,size_varying,50000,0.0488,0.0462083111527549,3.0197801118649013,0.0020996667444705,0.1314052846282719,0.3156200703233485,31497.590748905724,56,10000,9455,25,67,45.4,86.25999999999999,73.19140625,73.19140625,N/A (GPTCache eviction path is CPU-only),5.340576171875e-05
LFU,size_varying,50000,0.0493,0.0403084763130247,2.6304515345415327,0.0021001324057579,0.1328000798821449,0.3753001801669597,28490.7427724276,56,10000,9436,26,68,62.0,96.18,73.203125,73.203125,N/A (GPTCache eviction path is CPU-only),5.340576171875e-05
FIFO,size_varying,100000,0.0837,0.0856059968229048,5.309789785915727,0.0017997808754444,0.0065001659095287,0.013899989426136,218596.914308268,56,10000,9049,0,42,0.0,0.0,73.0390625,73.0390625,N/A (GPTCache eviction path is CPU-only),5.340576171875e-05
Random,size_varying,50000,0.0464,0.0470901832805742,2.8984018900613493,0.0018002465367317,0.0178995775058865,0.0455062277615071,97451.2599881325,56,10000,9482,27,69,30.05,57.095,73.18359375,73.18359375,N/A (GPTCache eviction path is CPU-only),5.340576171875e-05
LFU,size_varying,50000,0.0374,0.0375623988977988,2.6020485527112616,0.0021001324057579,0.1356051070615648,0.4360206006094818,15150.252633462183,56,10000,9595,21,63,42.4625,105.17499999999995,73.34375,73.34375,N/A (GPTCache eviction path is CPU-only),5.340576171875e-05
LFU,size_varying,50000,0.036,0.035107322294915,2.5174364047915847,0.0021997839212417,0.1291199587285516,0.3705181414261464,17121.42308324887,56,10000,9572,23,65,47.81250000000001,100.24,73.14453125,73.14453125,N/A (GPTCache eviction path is CPU-only),5.340576171875e-05
LRU,size_varying,50000,0.0436,0.0438196975106856,2.690726135333287,0.0018002465367317,0.0065001659095287,0.0147000001743435,135393.84696070116,56,10000,9522,29,71,0.0,0.0,73.16015625,73.16015625,N/A (GPTCache eviction path is CPU-only),5.340576171875e-05
GDSF,size_varying,50000,0.1384,0.1388379513336463,9.18732682030996,0.0086999498307704,0.0591048737987875,0.1494019757956267,44077.40699377714,56,10000,8452,28,70,43.333333333333336,77.08,73.3203125,73.3203125,N/A (GPTCache eviction path is CPU-only),5.340576171875e-05
Random,size_varying,50000,0.0407,0.037122086303206,2.456480636909648,0.0018998980522155,0.0184998149052262,0.0537025136873126,56010.54791367062,56,10000,9548,28,70,22.7,43.13,73.34765625,73.34765625,N/A (GPTCache eviction path is CPU-only),5.340576171875e-05
LRU,size_varying,100000,0.0886,0.0857929010494477,5.508354731322717,0.0018002465367317,0.0064997002482414,0.0148997688665986,203506.41599728973,56,10000,9040,1,43,0.0,0.0,72.96484375,72.96484375,N/A (GPTCache eviction path is CPU-only),5.340576171875e-05
LRU,size_varying,100000,0.0831,0.0858665721883014,5.325952209869578,0.0018002465367317,0.0064000487327575,0.0146013405174017,205450.60324296224,56,10000,9052,0,42,14.3,14.3,73.16015625,73.16015625,N/A (GPTCache eviction path is CPU-only),5.340576171875e-05
LFU,size_varying,50000,0.0488,0.0410703472279907,2.774164993931981,0.002200249582529,0.1464998349547386,0.4718346381559976,20086.133362891866,56,10000,9466,24,66,52.3,112.22999999999996,73.125,73.125,N/A (GPTCache eviction path is CPU-only),5.340576171875e-05
GDSF,size_varying,50000,0.1482,0.1607881773160535,9.896516100938957,0.0086999498307704,0.0592099968343971,0.1545038959011436,44757.90895259535,56,10000,8349,27,69,45.7,86.83,73.38671875,73.38671875,N/A (GPTCache eviction path is CPU-only),5.340576171875e-05
LRU,size_varying,100000,0.0799,0.0780958583110656,5.136874641045711,0.0016004778444766,0.0058002769947052,0.0124026322737336,238408.57539361416,56,10000,9116,2,44,0.0,0.0,73.18359375,73.18359375,N/A (GPTCache eviction path is CPU-only),5.340576171875e-05
Random,size_varying,100000,0.0902,0.0862773503591496,5.351431099395963,0.0018002465367317,0.0243997201323509,0.0736076338216664,73261.30788454127,56,10000,8979,0,42,10.0,19.0,73.15234375,73.15234375,N/A (GPTCache eviction path is CPU-only),5.340576171875e-05
LFU,size_varying,50000,0.0498,0.0427421711528148,2.828378635801504,0.0022999010980129,0.1450099516659973,0.3875410417094835,29332.60977827824,56,10000,9438,28,70,75.35999999999999,113.16,73.2578125,73.2578125,N/A (GPTCache eviction path is CPU-only),5.340576171875e-05
LFU,size_varying,50000,0.0451,0.0495738107915647,3.051269221861114,0.0022999010980129,0.1377247506752606,0.3476238576695328,23330.950472797464,56,10000,9500,27,69,51.41666666666666,100.65,73.23828125,73.23828125,N/A (GPTCache eviction path is CPU-only),5.340576171875e-05
GDSF,size_varying,100000,0.2439,0.2454775280746395,15.2259668670059,0.0070999376475811,0.0438046641647815,0.1103999093174934,61218.50531573523,56,10000,7271,0,42,50.1,95.19,73.2109375,73.2109375,N/A (GPTCache eviction path is CPU-only),5.340576171875e-05
FIFO,size_varying,100000,0.09,0.0876715331914109,5.6289727792149735,0.0018002465367317,0.0064997002482414,0.0155000016093254,200205.8110899332,56,10000,9027,1,43,0.0,0.0,72.984375,72.984375,N/A (GPTCache eviction path is CPU-only),5.340576171875e-05
FIFO,size_varying,100000,0.0804,0.0781488166864575,5.140358059263591,0.0017001293599605,0.0060054706409572,0.0125998631119728,224085.11772358257,56,10000,9112,2,44,0.0,0.0,73.34375,73.34375,N/A (GPTCache eviction path is CPU-only),5.340576171875e-05
Random,size_varying,100000,0.0883,0.0858319851071431,5.510864133050508,0.0017001293599605,0.0216001644730567,0.059399758465588,110737.55605277396,56,10000,9043,1,43,20.05,38.095,73.203125,73.203125,N/A (GPTCache eviction path is CPU-only),5.340576171875e-05
GDSF,size_varying,50000,0.1056,0.1078599375967232,6.62308435552639,0.0084000639617443,0.052710250020027,0.1378058828413487,40195.93107838439,56,10000,8836,29,71,55.1,97.185,73.3125,73.3125,N/A (GPTCache eviction path is CPU-only),5.340576171875e-05
LRU,size_varying,100000,0.0814,0.0771113485416976,5.093019868578811,0.0016996636986732,0.0063053565099834,0.0129994098097085,234010.0910932216,56,10000,9104,4,46,0.0,0.0,73.18359375,73.18359375,N/A (GPTCache eviction path is CPU-only),5.340576171875e-05
GDSF,size_varying,100000,0.2621,0.2653944190722087,17.039715245442853,0.0077998265624046,0.0560049433261155,0.1338073145598174,52605.4977056161,56,10000,7102,1,43,99.36666666666667,100.2,73.0390625,73.0390625,N/A (GPTCache eviction path is CPU-only),5.340576171875e-05
LFU,size_varying,50000,0.0491,0.0444689025747306,2.7305902405702245,0.0022999010980129,0.151004991494119,0.4446133598685267,24830.14318947883,56,10000,9462,29,71,81.31666666666668,100.2,73.09375,73.09375,N/A (GPTCache eviction path is CPU-only),5.340576171875e-05
FIFO,size_varying,100000,0.0827,0.0698485295911408,4.542654912528379,0.0017001293599605,0.0061001628637313,0.0142999924719333,232303.68682658664,56,10000,9136,3,45,16.6,16.6,72.96484375,72.96484375,N/A (GPTCache eviction path is CPU-only),5.340576171875e-05
LRU,size_varying,100000,0.082,0.067784707724839,4.40843260900363,0.0016996636986732,0.0059995800256729,0.0138023355975747,122928.1988982985,56,10000,9142,3,45,16.6,16.6,73.34765625,73.34765625,N/A (GPTCache eviction path is CPU-only),5.340576171875e-05
Random,size_varying,100000,0.0838,0.0683138548132268,4.442846112546018,0.001599546521902,0.0209994846954941,0.0596079882234336,135031.30681457985,56,10000,9129,3,45,40.05,76.09499999999998,73.125,73.125,N/A (GPTCache eviction path is CPU-only),5.340576171875e-05
Random,size_varying,100000,0.0821,0.0780358254584909,5.15407935455998,0.0014998950064182,0.0173998996615409,0.0492023723199964,146196.90702311054,56,10000,9097,4,46,0.0,0.0,73.23828125,73.23828125,N/A (GPTCache eviction path is CPU-only),5.340576171875e-05
GDSF,size_varying,100000,0.2354,0.2256374313487132,14.841647485954647,0.0075995922088623,0.0480053480714558,0.1338223181664948,51612.530318026,56,10000,7376,2,44,58.20000000000001,97.62,73.3203125,73.3203125,N/A (GPTCache eviction path is CPU-only),5.340576171875e-05
LRU,size_varying,100000,0.0925,0.0878868418407014,5.297684983549691,0.0016996636986732,0.0054999254643917,0.0130013236775994,186183.6809328929,56,10000,8982,5,47,16.6,16.6,72.984375,72.984375,N/A (GPTCache eviction path is CPU-only),5.340576171875e-05
FIFO,size_varying,100000,0.0814,0.0773526831603887,5.108959442081478,0.0017001293599605,0.0057998113334178,0.0132006360217929,134505.8656246795,56,10000,9105,4,46,0.0,0.0,73.15234375,73.15234375,N/A (GPTCache eviction path is CPU-only),5.340576171875e-05
FIFO,size_varying,100000,0.0755,0.0711709531110859,4.885167809545305,0.0016000121831893,0.0058994861319661,0.0141002237796783,216709.6106141149,56,10000,9172,6,48,0.0,0.0,73.09375,73.09375,N/A (GPTCache eviction path is CPU-only),5.340576171875e-05
Random,size_varying,100000,0.0831,0.0767164225770558,5.046140143797945,0.0016000121831893,0.0197002664208412,0.0490056769922377,55728.40657147523,56,10000,9083,2,44,16.533333333333335,44.63999999999999,73.16015625,73.16015625,N/A (GPTCache eviction path is CPU-only),5.340576171875e-05
LRU,size_varying,100000,0.0756,0.0704967647808932,4.838891583300482,0.0016000121831893,0.0056996941566467,0.0129022123292088,198193.27096650435,56,10000,9168,6,48,0.0,0.0,73.0390625,73.0390625,N/A (GPTCache eviction path is CPU-only),5.340576171875e-05
GDSF,size_varying,100000,0.2398,0.2311643541213739,15.26785188837299,0.0077001750469207,0.053204922005534,0.1361147593706849,52445.17772247964,56,10000,7347,4,46,64.76666666666667,114.39,73.2109375,73.2109375,N/A (GPTCache eviction path is CPU-only),5.340576171875e-05
Random,size_varying,100000,0.083,0.0769066112940171,5.278862870479459,0.0012996606528759,0.0157994451001286,0.045000109821558,182551.3737480132,56,10000,9084,6,48,0.0,0.0,73.34765625,73.34765625,N/A (GPTCache eviction path is CPU-only),5.340576171875e-05
Random,size_varying,100000,0.092,0.0873699802582045,5.26652935448373,0.0014994293451309,0.0196993816643953,0.0484023662284017,152600.69651254406,56,10000,8993,5,47,0.0,0.0,73.3125,73.3125,N/A (GPTCache eviction path is CPU-only),5.340576171875e-05
LFU,size_varying,100000,0.0772,0.0780375178157371,4.840347994234792,0.0021001324057579,0.1820054138079284,0.5133058363571764,24616.04506667632,56,10000,9126,0,42,63.26666666666667,98.74,72.9609375,72.9609375,N/A (GPTCache eviction path is CPU-only),5.340576171875e-05
FIFO,size_varying,100000,0.0924,0.0875450777794689,5.277083966410057,0.0015003606677055,0.0052996911108493,0.0115996273234486,230641.1375180786,56,10000,8989,5,47,0.0,0.0,73.34375,73.34375,N/A (GPTCache eviction path is CPU-only),5.340576171875e-05
FIFO,size_varying,100000,0.0806,0.0765454172394408,5.167562970970946,0.0016996636986732,0.0057998113334178,0.0122999818995594,223269.6032646205,56,10000,9111,7,49,0.0,0.0,73.3203125,73.3203125,N/A (GPTCache eviction path is CPU-only),5.340576171875e-05
LRU,size_varying,100000,0.0804,0.0755792372243223,5.102336387205639,0.0015003606677055,0.0059003941714763,0.0117998616769909,202441.03495847227,56,10000,9111,7,49,0.0,0.0,73.23828125,73.23828125,N/A (GPTCache eviction path is CPU-only),5.340576171875e-05
FIFO,size_varying,100000,0.0793,0.0733330120239199,4.852122377319257,0.0017001293599605,0.0061993720009922,0.0157022289931774,173009.7824624896,56,10000,9122,8,50,0.0,0.0,73.0390625,73.0390625,N/A (GPTCache eviction path is CPU-only),5.340576171875e-05
LFU,size_varying,100000,0.0771,0.0762628720342142,4.896476827981409,0.002000480890274,0.1589054008945822,0.4753000102937221,27261.20072345417,56,10000,9133,1,43,67.06666666666666,110.12,73.19140625,73.19140625,N/A (GPTCache eviction path is CPU-only),5.340576171875e-05
GDSF,size_varying,100000,0.2521,0.2267550497007316,14.747195774816898,0.0076000578701496,0.0522001646459102,0.1582250418141489,48471.076817378176,56,10000,7239,3,45,50.15,95.285,73.38671875,73.38671875,N/A (GPTCache eviction path is CPU-only),5.340576171875e-05
LRU,size_varying,100000,0.08,0.0777090922470639,5.247521948038794,0.0017001293599605,0.0061001628637313,0.0141012202948332,160414.76799683456,56,10000,9153,9,51,0.0,0.0,72.9609375,72.9609375,N/A (GPTCache eviction path is CPU-only),5.340576171875e-05
LFU,size_varying,100000,0.0931,0.0828353972087842,5.471079572390372,0.0020000152289867,0.1854999223724007,0.5762855056673307,22438.98280030252,56,10000,8999,4,46,74.13333333333333,119.7,73.2578125,73.2578125,N/A (GPTCache eviction path is CPU-only),5.340576171875e-05
GDSF,size_varying,100000,0.2644,0.2731514286943698,16.465152140205262,0.0074999406933784,0.050700269639492,0.1408076798543336,38376.75535878462,56,10000,7083,5,47,36.55,69.445,73.18359375,73.18359375,N/A (GPTCache eviction path is CPU-only),5.340576171875e-05
Random,size_varying,100000,0.0827,0.0764526767268529,5.058536848743076,0.0016996636986732,0.0218049157410859,0.0661061517894269,65528.652423866704,56,10000,9105,8,50,16.6,31.540000000000003,73.34765625,73.34765625,N/A (GPTCache eviction path is CPU-only),5.340576171875e-05
GDSF,size_varying,100000,0.2332,0.2340709372447512,15.802073481457136,0.0077998265624046,0.0522051472216843,0.1307074120268227,42930.57872649981,56,10000,7409,7,49,41.833333333333336,73.03,73.09375,73.09375,N/A (GPTCache eviction path is CPU-only),5.340576171875e-05
GDSF,size_varying,100000,0.2369,0.2226937271961919,14.734662973679855,0.0072000548243522,0.0487999059259891,0.1476077269762756,54225.1122212077,56,10000,7363,8,50,53.26666666666667,95.74,73.3125,73.3125,N/A (GPTCache eviction path is CPU-only),5.340576171875e-05
FIFO,size_varying,100000,0.0804,0.0778735946048662,5.258630425928706,0.0016996636986732,0.0063003972172737,0.0154008809477091,152295.31840910114,56,10000,9149,9,51,0.0,0.0,73.34375,73.34375,N/A (GPTCache eviction path is CPU-only),5.340576171875e-05
Random,size_varying,100000,0.0777,0.0684934580406678,4.623977114365164,0.0014998950064182,0.019399938173592,0.0474061258137227,133828.85647316382,56,10000,9132,7,49,0.0,0.0,73.15234375,73.15234375,N/A (GPTCache eviction path is CPU-only),5.340576171875e-05
FIFO,size_varying,100000,0.088,0.0861022444075227,5.529915267079426,0.0016000121831893,0.0058002769947052,0.0122003257274627,221715.2316199487,56,10000,8994,10,52,0.0,0.0,73.38671875,73.38671875,N/A (GPTCache eviction path is CPU-only),5.340576171875e-05
LFU,size_varying,100000,0.0911,0.0885030937667807,5.821426486073319,0.0021001324057579,0.193630089052021,0.5853019189089537,16981.480672224625,56,10000,8992,2,44,56.71111111111112,100.2,73.14453125,73.14453125,N/A (GPTCache eviction path is CPU-only),5.340576171875e-05
LRU,size_varying,100000,0.0871,0.0847370854951329,5.442237957811119,0.0016996636986732,0.0057998113334178,0.0140006467700004,216877.8712677484,56,10000,9014,10,52,0.0,0.0,73.19140625,73.19140625,N/A (GPTCache eviction path is CPU-only),5.340576171875e-05
LRU,size_varying,100000,0.0801,0.0730379510617645,4.8325994931824265,0.0014998950064182,0.0053998082876205,0.0113998539745807,237069.06703013045,56,10000,9115,8,50,0.0,0.0,73.16015625,73.16015625,N/A (GPTCache eviction path is CPU-only),5.340576171875e-05
LFU,size_varying,100000,0.0946,0.0797991293216309,5.189800113907788,0.0021001324057579,0.2012351527810091,0.6630416959524164,20686.540779895466,56,10000,8977,3,45,69.775,98.965,73.16015625,73.16015625,N/A (GPTCache eviction path is CPU-only),5.340576171875e-05
LFU,size_varying,100000,0.111,0.1003140184729017,6.04677626562871,0.0021001324057579,0.2232198370620605,0.6535521987825643,20236.09859808669,56,10000,8782,5,47,76.31428571428572,100.2,73.203125,73.203125,N/A (GPTCache eviction path is CPU-only),5.340576171875e-05
GDSF,size_varying,100000,0.2324,0.2245770962660357,15.414951654892285,0.0079004094004631,0.0569997588172555,0.1772294891998178,28102.07573954558,56,10000,7426,6,48,40.02,76.1,73.125,73.125,N/A (GPTCache eviction path is CPU-only),5.340576171875e-05
Random,size_varying,100000,0.0878,0.0840580900414298,5.398629485679558,0.0016004778444766,0.0210053753107785,0.0584034435451031,124349.0328073058,56,10000,9040,10,52,0.0,0.0,73.2578125,73.2578125,N/A (GPTCache eviction path is CPU-only),5.340576171875e-05
LRU,size_varying,100000,0.0805,0.0728667913446946,5.176233926166742,0.0017001293599605,0.0056996941566467,0.0164001248776912,129201.9710155928,56,10000,9130,11,53,20.05,38.095,73.34765625,73.34765625,N/A (GPTCache eviction path is CPU-only),5.340576171875e-05
Random,size_varying,100000,0.0776,0.0784860592340937,5.299988798434857,0.0016996636986732,0.0212993705645203,0.0547999516129493,101340.94357154556,56,10000,9202,9,51,30.05,57.095,73.23828125,73.23828125,N/A (GPTCache eviction path is CPU-only),5.340576171875e-05
GDSF,size_varying,100000,0.2274,0.2226183802329658,15.032923465316523,0.0079995952546596,0.0557000748813152,0.1438049320131541,44993.56589203694,56,10000,7499,9,51,61.4,98.58,73.0390625,73.0390625,N/A (GPTCache eviction path is CPU-only),5.340576171875e-05
FIFO,size_varying,100000,0.0797,0.0711179552095597,5.052001957571203,0.0016996636986732,0.005499948747456,0.0156997749581933,221416.7577953495,56,10000,9139,11,53,0.0,0.0,73.09375,73.09375,N/A (GPTCache eviction path is CPU-only),5.340576171875e-05
LRU,size_varying,100000,0.0823,0.0746616847420993,4.842978869570874,0.0016996636986732,0.0062002800405025,0.0152021087706089,212002.2990207838,56,10000,9135,12,54,0.0,0.0,73.38671875,73.38671875,N/A (GPTCache eviction path is CPU-only),5.340576171875e-05
LRU,size_varying,100000,0.0787,0.0752466499330036,5.0788599418733735,0.0017001293599605,0.0057993689551949,0.0109011912718415,220754.4487474272,56,10000,9140,13,55,0.0,0.0,73.203125,73.203125,N/A (GPTCache eviction path is CPU-only),5.340576171875e-05
LFU,size_varying,100000,0.0988,0.0789602882838197,5.419827074037737,0.0020000152289867,0.1819995697587728,0.6416177656501536,21967.226659336306,56,10000,8919,6,48,59.675,87.08,72.9677734375,72.96875,N/A (GPTCache eviction path is CPU-only),5.340576171875e-05
FIFO,size_varying,100000,0.0815,0.073545673670852,4.770588083655349,0.0017001293599605,0.0058999517932534,0.0155000062659382,147830.14893524206,56,10000,9145,12,54,0.0,0.0,73.14453125,73.14453125,N/A (GPTCache eviction path is CPU-only),5.340576171875e-05
Random,size_varying,100000,0.0826,0.0752071575786175,4.878361320828276,0.0014002434909343,0.0180001370608806,0.0495178019627932,155287.459523446,56,10000,9136,12,54,0.0,0.0,73.16015625,73.16015625,N/A (GPTCache eviction path is CPU-only),5.340576171875e-05
FIFO,size_varying,100000,0.0778,0.0751819557304801,5.074493331612841,0.0017001293599605,0.005899928510189,0.0125002115964889,128950.89395475108,56,10000,9148,13,55,20.05,38.095,73.125,73.125,N/A (GPTCache eviction path is CPU-only),5.340576171875e-05
FIFO,size_varying,100000,0.0813,0.0741476107873954,5.096875480494921,0.0016004778444766,0.0059996033087372,0.0124997459352016,165910.94253074683,56,10000,9114,14,56,0.0,0.0,73.09375,73.09375,N/A (GPTCache eviction path is CPU-only),5.340576171875e-05
GDSF,size_varying,100000,0.2504,0.2529787165713881,16.24755401721041,0.0079004094004631,0.0555003061890602,0.1647062040865422,47287.047507182266,56,10000,7227,10,52,44.35,84.265,73.18359375,73.18359375,N/A (GPTCache eviction path is CPU-only),5.340576171875e-05
LRU,size_varying,100000,0.0809,0.0738287523511476,5.074957286122883,0.0016000121831893,0.0059003941714763,0.0144997658208012,172959.21078517902,56,10000,9117,14,56,0.0,0.0,73.0390625,73.0390625,N/A (GPTCache eviction path is CPU-only),5.340576171875e-05
Random,size_varying,100000,0.0809,0.0690056219110724,4.901948262585799,0.0016004778444766,0.018399697728455,0.0843025185167789,73702.72151061727,56,10000,9110,11,53,18.75,35.625,73.34375,73.34375,N/A (GPTCache eviction path is CPU-only),5.340576171875e-05
LFU,size_varying,100000,0.0765,0.0758712547380202,5.12341687375773,0.0021001324057579,0.1812249887734648,0.4874622169882072,22593.75902471703,56,10000,9188,9,51,69.16666666666666,100.2,73.3203125,73.3203125,N/A (GPTCache eviction path is CPU-only),5.340576171875e-05
LFU,size_varying,100000,0.0995,0.0890908720867857,5.89475056508218,0.0021001324057579,0.2109198831021783,0.6596518959850084,19845.636662542955,56,10000,8892,8,50,66.36666666666666,100.075,73.2109375,73.2109375,N/A (GPTCache eviction path is CPU-only),5.340576171875e-05
Random,size_varying,100000,0.081,0.078029776221671,5.266710279838887,0.0016000121831893,0.0201999209821224,0.0557020772248506,97022.8538970896,56,10000,9116,13,55,74.05,95.335,73.34765625,73.34765625,N/A (GPTCache eviction path is CPU-only),5.340576171875e-05
LFU,size_varying,100000,0.0971,0.084981507172945,5.737081402411337,0.0021001324057579,0.2161153359338639,0.4935164563357833,21450.98311548148,56,10000,8905,7,49,72.06,111.82,72.984375,72.984375,N/A (GPTCache eviction path is CPU-only),5.340576171875e-05
LRU,size_varying,100000,0.092,0.0894222685925168,5.5901908904818445,0.0017997808754444,0.0060000456869602,0.0152016570791602,179305.29960114768,56,10000,9008,15,57,0.0,0.0,73.14453125,73.14453125,N/A (GPTCache eviction path is CPU-only),5.340576171875e-05
Random,size_varying,100000,0.0826,0.0744464363134622,5.11741662107359,0.0016004778444766,0.0203000614419579,0.0542081799358131,94352.08420310362,56,10000,9110,14,56,78.9,95.82,73.203125,73.203125,N/A (GPTCache eviction path is CPU-only),5.340576171875e-05
FIFO,size_varying,100000,0.0921,0.0888709695423262,5.5557266907157885,0.0017001293599605,0.005899928510189,0.0147009966894984,201721.89884058668,56,10000,9010,15,57,0.0,0.0,73.16015625,73.16015625,N/A (GPTCache eviction path is CPU-only),5.340576171875e-05
GDSF,size_varying,100000,0.2335,0.2109060612161235,14.9821213361357,0.0079004094004631,0.0507048098370432,0.196602325886488,38400.7028860956,56,10000,7421,11,53,35.166666666666664,60.55,73.15234375,73.15234375,N/A (GPTCache eviction path is CPU-only),5.340576171875e-05
FIFO,size_varying,100000,0.0806,0.0788789689579286,5.365256162260308,0.0016000121831893,0.0061998143792152,0.0147009966894984,231066.9530821193,56,10000,9094,16,58,0.0,0.0,73.34375,73.34375,N/A (GPTCache eviction path is CPU-only),5.340576171875e-05
GDSF,size_varying,100000,0.247,0.235622205806219,15.283788034825331,0.0076997093856334,0.0505997100844979,0.1469033025205136,47950.47680810026,56,10000,7300,12,54,38.8,64.84,73.16015625,73.16015625,N/A (GPTCache eviction path is CPU-only),5.340576171875e-05
Random,size_varying,100000,0.093,0.09018061933687,5.637598829126207,0.0017001293599605,0.0212993938475847,0.0618047732859851,114568.01030544832,56,10000,9008,15,57,33.25,63.175,73.09375,73.09375,N/A (GPTCache eviction path is CPU-only),5.340576171875e-05
LRU,size_varying,100000,0.0812,0.0807229117027443,5.490679013308908,0.0017001293599605,0.0062999548390507,0.0149012263864279,187743.36155181983,56,10000,9100,16,58,0.0,0.0,73.0390625,73.0390625,N/A (GPTCache eviction path is CPU-only),5.340576171875e-05
LFU,size_varying,100000,0.0934,0.0849107624462903,5.453392357215613,0.002000480890274,0.1716649159789076,0.542611167766154,22880.9390322791,56,10000,8969,10,52,76.63333333333334,100.2,72.9609375,72.9609375,N/A (GPTCache eviction path is CPU-only),5.340576171875e-05
LRU,size_varying,100000,0.0885,0.0804392836443693,5.210436441274504,0.0016004778444766,0.0058002769947052,0.0128000974655151,234779.261863686,56,10000,9055,17,59,0.0,0.0,72.984375,72.984375,N/A (GPTCache eviction path is CPU-only),5.340576171875e-05
Random,size_varying,100000,0.0823,0.0786860710204952,5.352135467844867,0.0016000121831893,0.0182003714144229,0.0560009619221091,122678.0116347284,56,10000,9094,16,58,30.05,57.095,73.2109375,73.2109375,N/A (GPTCache eviction path is CPU-only),5.340576171875e-05
GDSF,size_varying,100000,0.2432,0.2339543047661132,16.081920197506147,0.0078999437391757,0.0538151711225507,0.1457308325916535,49416.90525644686,56,10000,7322,14,56,58.15,80.60499999999999,72.96875,72.96875,N/A (GPTCache eviction path is CPU-only),5.340576171875e-05
LRU,size_varying,100000,0.0838,0.0786277836125632,5.103891640331031,0.001599546521902,0.0056996941566467,0.0127009768038988,225566.11412578973,56,10000,9098,18,60,0.0,0.0,73.34375,73.34375,N/A (GPTCache eviction path is CPU-only),5.340576171875e-05
FIFO,size_varying,100000,0.0879,0.0802046690614248,5.195239334621577,0.0016000121831893,0.0057993689551949,0.0145998783409595,132210.60167178884,56,10000,9061,17,59,104.2,104.2,73.14453125,73.14453125,N/A (GPTCache eviction path is CPU-only),5.340576171875e-05
GDSF,size_varying,100000,0.2339,0.2385916870877158,16.104022745101574,0.0081998296082019,0.0578998588025569,0.1405062526464463,33377.603195048185,56,10000,7404,13,55,57.02,111.04,73.25,73.25,N/A (GPTCache eviction path is CPU-only),5.340576171875e-05
FIFO,size_varying,100000,0.084,0.0787401786458319,5.111187433807057,0.0014002434909343,0.0049998052418231,0.0114999711513519,261115.69439350607,56,10000,9098,18,60,0.0,0.0,73.16015625,73.16015625,N/A (GPTCache eviction path is CPU-only),5.340576171875e-05
LFU,size_varying,100000,0.0847,0.0771876106337441,5.006824699752631,0.0020000152289867,0.1775244250893589,0.6127142393961574,21912.66444406443,56,10000,9103,12,54,69.65,99.95,73.19140625,73.19140625,N/A (GPTCache eviction path is CPU-only),5.340576171875e-05
Random,size_varying,100000,0.095,0.0889453987476609,5.761418127086274,0.0014002434909343,0.0181002542376518,0.0453104590997102,146618.10647107678,56,10000,8995,17,59,0.0,0.0,73.16015625,73.16015625,N/A (GPTCache eviction path is CPU-only),5.340576171875e-05
LFU,size_varying,100000,0.0947,0.0797701190531234,5.666625206314933,0.0018998980522155,0.1640198519453403,0.6441694358363763,20523.00413478751,56,10000,8980,11,53,67.85000000000001,96.45,73.3125,73.3125,N/A (GPTCache eviction path is CPU-only),5.340576171875e-05
LRU,size_varying,100000,0.0863,0.0823984681594817,5.341401336083981,0.0016000121831893,0.0061993487179279,0.0138008734211325,234063.76804466915,56,10000,9027,19,61,0.0,0.0,72.984375,72.984375,N/A (GPTCache eviction path is CPU-only),5.340576171875e-05
FIFO,size_varying,100000,0.0861,0.0808616563944032,5.241778993598049,0.0017001293599605,0.0056005083024501,0.0134008703753352,207883.3538114113,56,10000,9030,19,61,0.0,0.0,73.2109375,73.2109375,N/A (GPTCache eviction path is CPU-only),5.340576171875e-05
Random,size_varying,100000,0.0841,0.0806261207736875,5.233607827950939,0.0016000121831893,0.0194995896890759,0.0601031072437763,125872.45355889472,56,10000,9072,18,60,0.0,0.0,73.0390625,73.0390625,N/A (GPTCache eviction path is CPU-only),5.340576171875e-05
LFU,size_varying,100000,0.0857,0.0797214266476139,5.480017230971539,0.0020000152289867,0.1811995403841138,0.5064801312983053,24417.91953056837,56,10000,9080,14,56,81.41666666666667,118.05,73.38671875,73.38671875,N/A (GPTCache eviction path is CPU-only),5.340576171875e-05
GDSF,size_varying,100000,0.2414,0.2308674277796352,15.703335197250546,0.0074002891778945,0.0510097015649078,0.1369007630273699,44878.4691414843,56,10000,7336,16,58,64.875,100.05,73.34765625,73.34765625,N/A (GPTCache eviction path is CPU-only),5.340576171875e-05
FIFO,size_varying,100000,0.0869,0.083459277173586,5.254374279947398,0.0017001293599605,0.0058002769947052,0.0118999741971492,222494.158512552,56,10000,9046,20,62,0.0,0.0,73.16015625,73.16015625,N/A (GPTCache eviction path is CPU-only),5.340576171875e-05
LFU,size_varying,100000,0.1001,0.0735788178739521,4.966287681951756,0.002000480890274,0.2097052987664937,0.5832062475383283,19834.69761824957,56,10000,8897,13,55,71.32857142857142,99.55,73.2578125,73.2578125,N/A (GPTCache eviction path is CPU-only),5.340576171875e-05
GDSF,size_varying,100000,0.248,0.2544462569754987,15.90658758998055,0.0077001750469207,0.0523999333381652,0.1474079582840206,29793.19647484659,56,10000,7278,15,57,42.0,82.6,73.18359375,73.18359375,N/A (GPTCache eviction path is CPU-only),5.340576171875e-05
LRU,size_varying,100000,0.0727,0.0719259078797562,4.982501384168262,0.001599546521902,0.0056000426411628,0.0129012065008282,253883.1439401888,56,10000,9198,21,63,0.0,0.0,72.984375,72.984375,N/A (GPTCache eviction path is CPU-only),5.340576171875e-05
GDSF,size_varying,100000,0.2418,0.2403577876456269,15.60211984478427,0.0077998265624046,0.0534051796421407,0.1338018570095301,49062.51350443116,56,10000,7324,18,60,92.93333333333334,103.8,72.9609375,72.9609375,N/A (GPTCache eviction path is CPU-only),5.340576171875e-05
FIFO,size_varying,100000,0.073,0.0718962928079227,4.980449868368847,0.0016000121831893,0.0055053504183887,0.0130013283342123,221724.0815610113,56,10000,9195,21,63,0.0,0.0,73.2109375,73.2109375,N/A (GPTCache eviction path is CPU-only),5.340576171875e-05
LFU,size_varying,100000,0.0844,0.0774702951053802,5.26943979741873,0.0021001324057579,0.1872100168839095,0.5552790407091396,23282.58893015454,56,10000,9076,16,58,74.1,118.05,73.3203125,73.3203125,N/A (GPTCache eviction path is CPU-only),5.340576171875e-05
Random,size_varying,100000,0.0921,0.086293481846041,5.59389184682,0.0016000121831893,0.0196051318198441,0.0527028227224946,48287.927379153225,56,10000,8970,19,61,16.733333333333334,31.9,73.34375,73.34375,N/A (GPTCache eviction path is CPU-only),5.340576171875e-05
LRU,size_varying,100000,0.0822,0.0778186972908365,5.001126334954266,0.0016000121831893,0.0055995769798755,0.0143019948154688,195867.5854992235,56,10000,9089,22,64,0.0,0.0,73.16015625,73.16015625,N/A (GPTCache eviction path is CPU-only),5.340576171875e-05
Random,size_varying,100000,0.0756,0.0730889536890263,5.063068700248961,0.0016000121831893,0.020800158381462,0.0612050015479327,119490.44479523062,56,10000,9169,21,63,37.2,70.68,73.38671875,73.38671875,N/A (GPTCache eviction path is CPU-only),5.340576171875e-05
Random,size_varying,100000,0.0894,0.0851174452482189,5.358768134989542,0.0014002434909343,0.0183050055056809,0.0487022520974278,160325.26799141863,56,10000,9028,20,62,0.0,0.0,73.16015625,73.16015625,N/A (GPTCache eviction path is CPU-only),5.340576171875e-05
GDSF,size_varying,100000,0.2533,0.2391252351646152,15.489283132337553,0.0076498836278915,0.0506051350384949,0.1304080616682769,30391.118487946747,56,10000,7209,17,59,33.34,61.22,73.15234375,73.15234375,N/A (GPTCache eviction path is CPU-only),5.340576171875e-05
LFU,size_varying,100000,0.1,0.0864027797070879,5.5967205526542125,0.002000480890274,0.1966148847714064,0.6338789360597747,21092.96577846361,56,10000,8889,17,59,69.65714285714286,116.86,73.203125,73.203125,N/A (GPTCache eviction path is CPU-only),5.340576171875e-05
Random,size_varying,100000,0.0884,0.0877961551697353,5.642341481072289,0.0016000121831893,0.0192997977137565,0.0514031574130058,94000.60000634965,56,10000,8995,22,64,37.2,70.68,72.984375,72.984375,N/A (GPTCache eviction path is CPU-only),5.340576171875e-05
FIFO,size_varying,100000,0.0676,0.0627093670811437,4.496692806286047,0.0016000121831893,0.0060992548242211,0.0124010955914855,175451.52378827456,56,10000,9228,23,65,0.0,0.0,73.3203125,73.3203125,N/A (GPTCache eviction path is CPU-only),5.340576171875e-05
FIFO,size_varying,100000,0.0837,0.0769617577613461,4.9460539295093335,0.0017001293599605,0.0056000426411628,0.0127014424651861,178468.49051024078,56,10000,9076,22,64,0.0,0.0,73.2578125,73.2578125,N/A (GPTCache eviction path is CPU-only),5.340576171875e-05
LRU,size_varying,100000,0.0875,0.0846106092471207,5.326859087385606,0.0017001293599605,0.0061998143792152,0.0134008703753352,145969.63274256952,56,10000,9049,20,62,0.0,0.0,73.25,73.25,N/A (GPTCache eviction path is CPU-only),5.340576171875e-05
GDSF,size_varying,100000,0.2581,0.2631491765585094,17.058391917414284,0.0070002861320972,0.0441099749878047,0.1307014096528292,61963.97287061285,56,10000,7133,19,61,69.7,121.71,73.14453125,73.14453125,N/A (GPTCache eviction path is CPU-only),5.340576171875e-05
Random,size_varying,100000,0.0715,0.0686912069443894,4.925631855321679,0.0016000121831893,0.0207996927201747,0.0486071361228825,135041.51839864932,56,10000,9213,23,65,0.0,0.0,73.16015625,73.16015625,N/A (GPTCache eviction path is CPU-only),5.340576171875e-05
LRU,size_varying,100000,0.0672,0.0622237761611465,4.46187259842262,0.0016996636986732,0.0058002769947052,0.0123009784147143,216027.980619844,56,10000,9231,23,65,0.0,0.0,73.2109375,73.2109375,N/A (GPTCache eviction path is CPU-only),5.340576171875e-05
LFU,size_varying,100000,0.1077,0.103074594507847,6.690784568357759,0.0020000152289867,0.1988400937989348,0.6573189981281762,19401.59279011193,56,10000,8831,18,60,67.60000000000001,100.32,73.09375,73.09375,N/A (GPTCache eviction path is CPU-only),5.340576171875e-05
GDSF,size_varying,100000,0.2399,0.223439936506376,15.4782862773544,0.0078994780778884,0.0541000626981258,0.1600077422335745,32993.086644350755,56,10000,7343,21,63,45.85,80.295,73.34765625,73.34765625,N/A (GPTCache eviction path is CPU-only),5.340576171875e-05
LFU,size_varying,100000,0.1277,0.1017690309347977,6.36204290742496,0.0020996667444705,0.2182195894420144,0.7522073714062573,14081.4190491778,56,10000,8596,15,57,61.64444444444444,126.0,73.125,73.125,N/A (GPTCache eviction path is CPU-only),5.340576171875e-05
GDSF,size_varying,100000,0.2407,0.2457767784044164,15.79518498497513,0.0078999437391757,0.0546001829206943,0.1507066376507284,43272.35970628937,56,10000,7307,22,64,70.875,119.56499999999998,72.9609375,72.9609375,N/A (GPTCache eviction path is CPU-only),5.340576171875e-05
LFU,size_varying,100000,0.1018,0.0939826224808386,6.092332982649774,0.0020996667444705,0.2042099367827175,0.7273080665618183,20034.04586022714,56,10000,8843,19,61,75.65714285714286,118.25999999999998,72.96875,72.96875,N/A (GPTCache eviction path is CPU-only),5.340576171875e-05
Random,size_varying,100000,0.0879,0.080335330814736,5.426383694421202,0.001599546521902,0.0189052429050206,0.0615053484216333,119380.46299025705,56,10000,9044,24,66,50.1,95.19,72.984375,72.984375,N/A (GPTCache eviction path is CPU-only),5.340576171875e-05
Random,size_varying,100000,0.0867,0.0834505296795782,5.453613074451384,0.0016004778444766,0.0211000442504882,0.0539038330316544,132587.30931538486,56,10000,9018,25,67,0.0,0.0,73.16015625,73.16015625,N/A (GPTCache eviction path is CPU-only),5.340576171875e-05
LRU,size_varying,100000,0.0821,0.0749593513088181,4.891699183747249,0.0015003606677055,0.0056000426411628,0.0128010939806699,230446.0748859404,56,10000,9110,26,68,0.0,0.0,73.09375,73.09375,N/A (GPTCache eviction path is CPU-only),5.340576171875e-05
GDSF,size_varying,100000,0.2264,0.2056378684961916,14.745649127191855,0.0077001750469207,0.0548044918105005,0.14890031889081,46726.439176636144,56,10000,7461,23,65,53.4,80.1,73.38671875,73.38671875,N/A (GPTCache eviction path is CPU-only),5.340576171875e-05
LFU,size_varying,100000,0.113,0.101332601119773,6.379631253413445,0.0021001324057579,0.2335202647373077,0.6165401497855791,18869.334389454725,56,10000,8760,20,62,73.14285714285714,100.62,73.19140625,73.19140625,N/A (GPTCache eviction path is CPU-only),5.340576171875e-05
GDSF,size_varying,100000,0.2573,0.2553709906015424,17.249458804421966,0.0074002891778945,0.0478051137179135,0.140601908788085,56776.05131910952,56,10000,7152,24,66,61.29999999999999,99.03,73.3203125,73.3203125,N/A (GPTCache eviction path is CPU-only),5.340576171875e-05
LFU,size_varying,100000,0.0803,0.0818187049861365,5.667802087751165,0.0019003637135028,0.1691097859293221,0.6136114755645398,23752.280815615624,56,10000,9117,21,63,60.14,95.98,73.0390625,73.0390625,N/A (GPTCache eviction path is CPU-only),5.340576171875e-05
FIFO,size_varying,100000,0.0822,0.0756733153945129,4.938291069539182,0.0013005919754505,0.004699919372797,0.0104997353628277,305030.5637270516,56,10000,9106,26,68,0.0,0.0,73.34765625,73.34765625,N/A (GPTCache eviction path is CPU-only),5.340576171875e-05
LRU,size_varying,100000,0.0909,0.0957412218269112,5.892874458494117,0.0014002434909343,0.0052996911108493,0.0118013191968202,215758.11060002705,56,10000,9017,27,69,0.0,0.0,72.984375,72.984375,N/A (GPTCache eviction path is CPU-only),5.340576171875e-05
Random,size_varying,100000,0.082,0.0732679659493923,4.781322716533455,0.0016000121831893,0.0199050176888703,0.0545040611177683,131601.45811236172,56,10000,9107,26,68,49.6,94.24,72.9609375,72.9609375,N/A (GPTCache eviction path is CPU-only),5.340576171875e-05
LRU,size_varying,100000,0.0888,0.0819291170840716,5.534038641959289,0.0017001293599605,0.006299465894699,0.0156031176447869,38683.746875763776,56,10000,9001,24,66,12.2,19.66,73.16015625,73.16015625,N/A (GPTCache eviction path is CPU-only),5.340576171875e-05
LRU,size_varying,100000,0.0884,0.0926729874555347,6.0563140578801375,0.0016004778444766,0.0061001628637313,0.0125994021072983,240353.4161156721,56,10000,9007,25,67,0.0,0.0,73.2578125,73.2578125,N/A (GPTCache eviction path is CPU-only),5.340576171875e-05
LFU,size_varying,100000,0.0546,0.0719074824670122,4.621233929193306,0.0020996667444705,0.1325998455286026,0.3955026343464852,19105.06158694497,56,10000,9362,22,64,43.22857142857142,88.58999999999997,73.18359375,73.18359375,N/A (GPTCache eviction path is CPU-only),5.340576171875e-05
GDSF,size_varying,100000,0.2498,0.257006516291266,16.180447215844094,0.0085998326539993,0.0646052416414021,0.1914068311452867,17945.927118473704,56,10000,7236,20,62,27.616666666666664,48.075,73.3125,73.3125,N/A (GPTCache eviction path is CPU-only),5.340576171875e-05
LRU,size_varying,100000,0.0854,0.0850837504436174,5.630248897469645,0.0017997808754444,0.0064997002482414,0.0130013236775994,209670.4198038954,56,10000,9046,28,70,0.0,0.0,73.3203125,73.3203125,N/A (GPTCache eviction path is CPU-only),5.340576171875e-05
FIFO,size_varying,100000,0.0848,0.0841453750676819,5.568153762990651,0.0017001293599605,0.0060997204855084,0.0126013252884149,218384.9547433777,56,10000,9051,28,70,0.0,0.0,73.0390625,73.0390625,N/A (GPTCache eviction path is CPU-only),5.340576171875e-05
FIFO,size_varying,100000,0.0926,0.0967781394153344,5.956696760484678,0.0012996606528759,0.0045998021960258,0.0096005387604236,313729.42850612145,56,10000,8976,27,69,104.2,104.2,73.16015625,73.16015625,N/A (GPTCache eviction path is CPU-only),5.340576171875e-05
GDSF,size_varying,100000,0.2381,0.2249921621010568,14.682544025294888,0.0076997093856334,0.0526001676917076,0.1393027836456895,50600.70630547024,56,10000,7365,26,68,69.03333333333333,119.91,72.96875,72.96875,N/A (GPTCache eviction path is CPU-only),5.340576171875e-05
Random,size_varying,100000,0.0942,0.0951228173413763,5.854811647843809,0.0016000121831893,0.0218003988265991,0.0527088157832624,135183.91106959886,56,10000,8934,27,69,0.0,0.0,73.38671875,73.38671875,N/A (GPTCache eviction path is CPU-only),5.340576171875e-05
FIFO,size_varying,100000,0.0884,0.0841165483361984,5.681792328398713,0.0014998950064182,0.0054999254643917,0.013899989426136,234682.8391093673,56,10000,9007,24,66,0.0,0.0,73.15234375,73.15234375,N/A (GPTCache eviction path is CPU-only),5.340576171875e-05
Random,size_varying,100000,0.0861,0.0869423054441781,5.753235098574255,0.0016000121831893,0.0208051642403005,0.0576996291056275,129814.32625854676,56,10000,9028,28,70,0.0,0.0,72.984375,72.984375,N/A (GPTCache eviction path is CPU-only),5.340576171875e-05
FIFO,size_varying,100000,0.0881,0.0922836270928486,6.030868793808458,0.0017001293599605,0.0062002800405025,0.0144001096487045,94491.25466108888,56,10000,9007,25,67,16.8,31.92,73.25,73.25,N/A (GPTCache eviction path is CPU-only),5.340576171875e-05
GDSF,size_varying,100000,0.2643,0.2750953752345894,16.932126825167618,0.0080000609159469,0.0544996233657002,0.1333002001047134,50996.184943386535,56,10000,7065,27,69,66.56666666666666,100.61,73.19140625,73.19140625,N/A (GPTCache eviction path is CPU-only),5.340576171875e-05
FIFO,size_varying,250000,0.2059,0.2031985867881895,12.60357709369907,0.0016996636986732,0.005500391125679,0.0130013283342123,226277.62143751228,56,10000,7683,0,42,0.0,0.0,73.16015625,73.16015625,N/A (GPTCache eviction path is CPU-only),5.340576171875e-05
LRU,size_varying,250000,0.206,0.2035707218347327,12.626659108306107,0.0017997808754444,0.0063003972172737,0.0166038936004043,179967.78673603764,56,10000,7701,0,42,0.0,0.0,73.0390625,73.0390625,N/A (GPTCache eviction path is CPU-only),5.340576171875e-05
LRU,size_varying,100000,0.0878,0.080735344037052,4.9575125476995,0.0016000121831893,0.0052000395953655,0.0115009676665067,88613.28186420162,56,10000,9053,29,71,10.0,19.0,73.16015625,73.16015625,N/A (GPTCache eviction path is CPU-only),5.340576171875e-05
GDSF,size_varying,100000,0.2512,0.2515581646766516,16.439690690199523,0.006299465894699,0.0442993361502885,0.1032999716699123,66264.30984038665,56,10000,7209,25,67,0.0,0.0,73.2109375,73.2109375,N/A (GPTCache eviction path is CPU-only),5.340576171875e-05
FIFO,size_varying,100000,0.0881,0.0834592141138211,5.124770397962557,0.0016004778444766,0.0056000426411628,0.0124000944197177,217823.63813139388,56,10000,9051,29,71,0.0,0.0,73.2578125,73.2578125,N/A (GPTCache eviction path is CPU-only),5.340576171875e-05
LFU,size_varying,100000,0.1114,0.0917240286444158,6.195652253807388,0.0020000152289867,0.2115055453032254,0.6648139422759417,19677.094938116334,56,10000,8767,24,66,76.1285714285714,100.62,73.203125,73.203125,N/A (GPTCache eviction path is CPU-only),5.340576171875e-05
GDSF,size_varying,100000,0.2414,0.2363463734453778,15.639753790514868,0.0076000578701496,0.0515102408826349,0.1290002837777137,51932.08118114732,56,10000,7317,28,70,75.23333333333333,123.37,72.9609375,72.9609375,N/A (GPTCache eviction path is CPU-only),5.340576171875e-05
Random,size_varying,100000,0.09,0.0887008103078275,5.44662793398588,0.0014998950064182,0.0180051196366547,0.0543018337339163,99093.00156426936,56,10000,9028,29,71,40.05,76.09499999999998,73.3125,73.3125,N/A (GPTCache eviction path is CPU-only),5.340576171875e-05
FIFO,size_varying,250000,0.2183,0.216866514941677,13.92396898848247,0.0014002434909343,0.0052996911108493,0.0146013358607888,234697.7074881237,56,10000,7638,1,43,0.0,0.0,73.25,73.25,N/A (GPTCache eviction path is CPU-only),5.340576171875e-05
Random,size_varying,250000,0.2122,0.2129021208444431,13.205447615991671,0.0016000121831893,0.0290996627882123,0.0795060209929944,97068.0593394244,56,10000,7665,0,42,50.1,95.19,73.40234375,73.40234375,N/A (GPTCache eviction path is CPU-only),5.340576171875e-05
LRU,size_varying,250000,0.2163,0.2154089763001047,13.83038735440574,0.0017001293599605,0.0064000487327575,0.0143019901588559,176940.7310365057,56,10000,7647,1,43,0.0,0.0,72.984375,72.984375,N/A (GPTCache eviction path is CPU-only),5.340576171875e-05
LFU,size_varying,100000,0.08,0.0720491639587815,5.166420462403236,0.0019003637135028,0.1788149820640681,0.5524030188098551,16208.500969348574,56,10000,9085,23,65,43.1375,91.17,73.34375,73.34375,N/A (GPTCache eviction path is CPU-only),5.340576171875e-05
GDSF,size_varying,100000,0.2352,0.23859689238927,14.650920262618396,0.0080000609159469,0.0540049280971287,0.1415030332282186,49745.205042285575,56,10000,7397,29,71,66.63333333333334,100.15,73.3203125,73.3203125,N/A (GPTCache eviction path is CPU-only),5.340576171875e-05
Random,size_varying,250000,0.2142,0.2127893718439789,13.662194993224505,0.0014002434909343,0.0276998849585652,0.0827050441876054,105935.68229973035,56,10000,7666,1,43,50.1,95.19,73.16015625,73.16015625,N/A (GPTCache eviction path is CPU-only),5.340576171875e-05
LFU,size_varying,100000,0.0808,0.0871561634088881,5.364463910656008,0.0020996667444705,0.179904862307012,0.4951299307867891,23535.30390086533,56,10000,9116,27,69,80.66666666666666,100.65,73.09375,73.09375,N/A (GPTCache eviction path is CPU-only),5.340576171875e-05
FIFO,size_varying,250000,0.1881,0.1714333263588222,11.14930330979735,0.0009997747838497,0.0036000274121761,0.009301183745265,397645.9418010782,56,10000,7968,3,45,0.0,0.0,73.25,73.25,N/A (GPTCache eviction path is CPU-only),5.340576171875e-05
FIFO,size_varying,250000,0.2,0.1994087783153249,13.116417678000692,0.0016000121831893,0.0056005083024501,0.0125012127682566,225144.59902720648,56,10000,7757,2,44,0.0,0.0,73.2578125,73.2578125,N/A (GPTCache eviction path is CPU-only),5.340576171875e-05
Random,size_varying,250000,0.2053,0.2050539259243491,13.487735904407169,0.0014498364180326,0.0268002040684223,0.0662008067592978,123307.29861486694,56,10000,7715,2,44,0.0,0.0,73.203125,73.203125,N/A (GPTCache eviction path is CPU-only),5.340576171875e-05
LRU,size_varying,250000,0.1988,0.201738182205026,13.269637785040144,0.0017997808754444,0.0059003941714763,0.0156001187860965,98091.24261530043,56,10000,7769,2,44,20.05,38.095,73.16015625,73.16015625,N/A (GPTCache eviction path is CPU-only),5.340576171875e-05
LFU,size_varying,100000,0.0943,0.0892728422106371,5.834109637682847,0.0020000152289867,0.1921051647514104,0.4905706644058243,14556.858656224773,56,10000,8962,25,67,45.925,100.025,73.14453125,73.14453125,N/A (GPTCache eviction path is CPU-only),5.340576171875e-05
FIFO,size_varying,250000,0.1985,0.1968490721511119,13.001409708647351,0.0016004778444766,0.0054999254643917,0.0136011047288775,195158.8874893585,56,10000,7800,4,46,0.0,0.0,73.16015625,73.16015625,N/A (GPTCache eviction path is CPU-only),5.340576171875e-05
Random,size_varying,250000,0.1877,0.1689783252409007,10.989640351194378,0.0016000121831893,0.0284998677670955,0.0869083870202304,91115.75805722736,56,10000,7992,3,45,37.2,70.68,72.984375,72.984375,N/A (GPTCache eviction path is CPU-only),5.340576171875e-05
LRU,size_varying,250000,0.1997,0.1927223520333414,12.728849729482889,0.001599546521902,0.005500391125679,0.0148021103814244,167426.7847035916,56,10000,7777,4,46,0.0,0.0,73.3203125,73.3203125,N/A (GPTCache eviction path is CPU-only),5.340576171875e-05
GDSF,size_varying,250000,0.4558,0.4524910225720755,29.052299602613694,0.0077998265624046,0.0479052308946847,0.1341072050854565,46787.171657683815,56,10000,4951,1,43,55.46666666666667,96.0,73.0390625,73.0390625,N/A (GPTCache eviction path is CPU-only),5.340576171875e-05
GDSF,size_varying,250000,0.431,0.3998400835364509,26.300093628665152,0.0073998235166072,0.0446055317297577,0.0992012862116098,57951.12638687749,56,10000,5204,2,44,67.0,100.74,72.9609375,72.9609375,N/A (GPTCache eviction path is CPU-only),5.340576171875e-05
LRU,size_varying,250000,0.2399,0.2372883838766398,14.30338241431587,0.001599546521902,0.0052000395953655,0.0121998600661754,256323.5009356446,56,10000,7372,5,47,0.0,0.0,73.203125,73.203125,N/A (GPTCache eviction path is CPU-only),5.340576171875e-05
LRU,size_varying,250000,0.1894,0.1694630607232528,11.021165510465062,0.0014002434909343,0.0048000365495681,0.0120000913739204,254015.9936311348,56,10000,7955,3,45,0.0,0.0,73.3125,73.3125,N/A (GPTCache eviction path is CPU-only),5.340576171875e-05
Random,size_varying,250000,0.1934,0.1883058496762321,12.437150327517172,0.0014994293451309,0.0276051694527267,0.0846009468659758,72104.60351392868,56,10000,7877,4,46,29.65,56.335,73.25,73.25,N/A (GPTCache eviction path is CPU-only),5.340576171875e-05
LFU,size_varying,100000,0.0963,0.0833929276000667,5.518362040095784,0.0021001324057579,0.1854102360084651,0.5221188999712472,15761.285871198334,56,10000,8924,28,70,52.625,100.135,73.34765625,73.34765625,N/A (GPTCache eviction path is CPU-only),5.340576171875e-05
LRU,size_varying,250000,0.1851,0.1847156154296624,12.678863201521184,0.0016996636986732,0.0056996941566467,0.0173012446612119,235607.89054035948,56,10000,7967,6,48,0.0,0.0,73.3203125,73.3203125,N/A (GPTCache eviction path is CPU-only),5.340576171875e-05
GDSF,size_varying,250000,0.4313,0.399740501033614,26.401902606319343,0.0076000578701496,0.0478001311421394,0.1240320131182677,46010.92205407209,56,10000,5194,4,46,59.76666666666667,98.09,73.2578125,73.2578125,N/A (GPTCache eviction path is CPU-only),5.340576171875e-05
FIFO,size_varying,250000,0.2419,0.2392811474509294,14.423503167800376,0.0016000121831893,0.005500391125679,0.0145998829975724,247217.5664573941,56,10000,7356,5,47,0.0,0.0,73.16015625,73.16015625,N/A (GPTCache eviction path is CPU-only),5.340576171875e-05
Random,size_varying,250000,0.2261,0.2252087094178482,13.57523803403991,0.0016996636986732,0.0356999225914478,0.1047012070193886,64238.94842813679,56,10000,7530,5,47,47.36666666666667,74.69,73.16015625,73.16015625,N/A (GPTCache eviction path is CPU-only),5.340576171875e-05
LFU,size_varying,100000,0.0885,0.0670566029254069,4.375981436174572,0.0021997839212417,0.2174450317397707,0.6686027394607663,13006.135382055756,56,10000,9004,26,68,47.62222222222223,108.83999999999996,73.125,73.125,N/A (GPTCache eviction path is CPU-only),5.340576171875e-05
GDSF,size_varying,250000,0.4452,0.4235496229984357,26.27105045780877,0.0082999467849731,0.0566998729482293,0.1778101874515416,20006.534132562338,56,10000,5031,0,42,29.666666666666668,49.9,73.15234375,73.15234375,N/A (GPTCache eviction path is CPU-only),5.340576171875e-05
LRU,size_varying,250000,0.1944,0.185167950696852,12.50064445319386,0.0009001232683658,0.0032000243663787,0.0066999392583966,441051.2853205185,56,10000,7896,7,49,0.0,0.0,73.25,73.25,N/A (GPTCache eviction path is CPU-only),5.340576171875e-05
FIFO,size_varying,250000,0.1853,0.1844348985674348,12.659594821388488,0.0016996636986732,0.0060005113482475,0.018700030632317,168059.03546056998,56,10000,7974,6,48,0.0,0.0,73.0390625,73.0390625,N/A (GPTCache eviction path is CPU-only),5.340576171875e-05
Random,size_varying,250000,0.1813,0.1763124902063307,12.10207344325386,0.0016000121831893,0.0305053312331437,0.0988138280808928,73726.03254000383,56,10000,8027,6,48,33.25,63.175,73.203125,73.203125,N/A (GPTCache eviction path is CPU-only),5.340576171875e-05
FIFO,size_varying,250000,0.194,0.1858673051051289,12.547857703498472,0.0015003606677055,0.0052997143939137,0.0118999741971492,158506.48860385764,56,10000,7876,7,49,0.0,0.0,73.34765625,73.34765625,N/A (GPTCache eviction path is CPU-only),5.340576171875e-05
GDSF,size_varying,250000,0.4473,0.3868016308835201,25.155953017082155,0.0075004063546657,0.0527999363839626,0.1783048454672099,31317.86190105212,56,10000,5057,3,45,31.440000000000005,63.84,73.34375,73.34375,N/A (GPTCache eviction path is CPU-only),5.340576171875e-05
GDSF,size_varying,250000,0.4768,0.4772587030207195,28.76842780224184,0.0077001750469207,0.0491999089717865,0.1323099574074151,40644.062125116,56,10000,4709,5,47,33.233333333333334,63.17,72.984375,72.984375,N/A (GPTCache eviction path is CPU-only),5.340576171875e-05
LRU,size_varying,250000,0.2047,0.1998228241735608,13.22139606587291,0.0017997808754444,0.0065001659095287,0.0229999423027038,172628.98338986243,56,10000,7741,8,50,0.0,0.0,73.16015625,73.16015625,N/A (GPTCache eviction path is CPU-only),5.340576171875e-05
FIFO,size_varying,250000,0.2053,0.2037472599973201,13.481058697384684,0.0015003606677055,0.0052996911108493,0.0130999833345413,250007.50004927427,56,10000,7738,8,50,0.0,0.0,73.125,73.125,N/A (GPTCache eviction path is CPU-only),5.340576171875e-05
Random,size_varying,250000,0.1927,0.1822357681391114,12.302693503862567,0.0016000121831893,0.0295001082122325,0.0729052023962141,89857.59377264685,56,10000,7853,7,49,37.2,70.68,73.2578125,73.2578125,N/A (GPTCache eviction path is CPU-only),5.340576171875e-05
FIFO,size_varying,250000,0.1859,0.1871291333728516,12.636413656326289,0.001599546521902,0.005899928510189,0.0136011000722646,247987.5811030939,56,10000,8002,9,51,0.0,0.0,73.34765625,73.34765625,N/A (GPTCache eviction path is CPU-only),5.340576171875e-05
LRU,size_varying,250000,0.1858,0.1871403540383417,12.637171362879387,0.0018998980522155,0.008005485869944,0.0295011047273874,92022.64853389173,56,10000,8007,9,51,16.6,31.540000000000003,73.203125,73.203125,N/A (GPTCache eviction path is CPU-only),5.340576171875e-05
LRU,size_varying,250000,0.2235,0.215697489859523,13.853167829161402,0.0015003606677055,0.0051003880798816,0.0131014455109834,252613.28498146887,56,10000,7538,10,52,33.2,33.2,73.125,73.125,N/A (GPTCache eviction path is CPU-only),5.340576171875e-05
Random,size_varying,250000,0.1926,0.1911578279669465,12.648071435762445,0.0016996636986732,0.0297999940812587,0.089109097607434,83363.27471231096,56,10000,7875,8,50,28.65,54.435,73.25,73.25,N/A (GPTCache eviction path is CPU-only),5.340576171875e-05
LFU,size_varying,250000,0.2032,0.2088449637598408,12.95379875905186,0.0021001324057579,0.348964985460042,1.152535043656827,11105.167379169116,56,10000,7754,0,42,79.16666666666667,124.9,72.96875,72.96875,N/A (GPTCache eviction path is CPU-only),5.340576171875e-05
LFU,size_varying,250000,0.2279,0.2132339218761645,13.690737439547515,0.0021997839212417,0.375320157036185,1.208002343773842,11059.331320699954,56,10000,7470,1,43,74.52499999999999,126.0,73.19140625,73.19140625,N/A (GPTCache eviction path is CPU-only),5.340576171875e-05
Random,size_varying,250000,0.1845,0.1831985923687779,12.370992975294945,0.0017001293599605,0.0319998012855649,0.08391906041652,71293.62275863012,56,10000,8010,9,51,36.56666666666667,59.05,72.984375,72.984375,N/A (GPTCache eviction path is CPU-only),5.340576171875e-05
FIFO,size_varying,250000,0.2226,0.2172793246037464,13.954761140256478,0.0013993121683597,0.0046999426558613,0.0117998570203781,302625.8865632012,56,10000,7554,10,52,0.0,0.0,73.2578125,73.2578125,N/A (GPTCache eviction path is CPU-only),5.340576171875e-05
GDSF,size_varying,250000,0.4296,0.4112062264681441,27.760434862906177,0.0080000609159469,0.0527052674442529,0.1344096334651114,36299.24808040931,56,10000,5228,7,49,41.650000000000006,90.15,73.16015625,73.16015625,N/A (GPTCache eviction path is CPU-only),5.340576171875e-05
GDSF,size_varying,250000,0.413,0.3848692843374453,26.417393002921106,0.0081998296082019,0.0582097563892601,0.1976121077314021,25569.45738147788,56,10000,5415,6,48,40.05,76.09499999999998,73.3125,73.3125,N/A (GPTCache eviction path is CPU-only),5.340576171875e-05
FIFO,size_varying,250000,0.1829,0.1658214427391341,11.779447972834552,0.0017997808754444,0.006900168955326,0.0299031101167202,132013.20159280626,56,10000,7973,11,53,49.6,94.24,72.97265625,72.97265625,N/A (GPTCache eviction path is CPU-only),5.340576171875e-05
GDSF,size_varying,250000,0.4408,0.4158091560358626,27.512260236055106,0.0082999467849731,0.0554051715880631,0.1450179424136881,33425.17460405221,56,10000,5088,8,50,33.25,63.175,73.0390625,73.0390625,N/A (GPTCache eviction path is CPU-only),5.340576171875e-05
Random,size_varying,250000,0.2212,0.2181712210832588,14.012043177358391,0.0017997808754444,0.0354050192981957,0.0979071622714401,74638.45138635175,56,10000,7549,10,52,40.05,76.09499999999998,73.203125,73.203125,N/A (GPTCache eviction path is CPU-only),5.340576171875e-05
GDSF,size_varying,250000,0.4191,0.3923061230050025,26.49155885483321,0.0085001811385154,0.0604050001129507,0.1581089245155455,36639.04209722184,56,10000,5354,9,51,48.025,95.655,73.16015625,73.16015625,N/A (GPTCache eviction path is CPU-only),5.340576171875e-05
LFU,size_varying,100000,0.0835,0.0858145228057072,5.269396924708666,0.002200249582529,0.1937994034960866,0.6709101004526021,9551.65213153748,56,10000,9084,29,71,35.391666666666666,69.09999999999998,73.18359375,73.18359375,N/A (GPTCache eviction path is CPU-only),5.340576171875e-05
LFU,size_varying,250000,0.2163,0.2098999853508612,13.806492882247095,0.0021001324057579,0.3652399871498341,0.9870097180828477,11727.200916392028,56,10000,7611,2,44,63.81999999999999,96.18,73.2109375,73.2109375,N/A (GPTCache eviction path is CPU-only),5.340576171875e-05
Random,size_varying,250000,0.1779,0.1609091517353094,11.430493848740923,0.0015003606677055,0.0245999544858932,0.0794995669275522,118653.51944350936,56,10000,8051,11,53,20.05,38.095,72.984375,72.984375,N/A (GPTCache eviction path is CPU-only),5.340576171875e-05
LFU,size_varying,250000,0.2517,0.2086867234120203,13.572107742799256,0.0021001324057579,0.4030295880511398,1.37954102829099,9876.643685742509,56,10000,7237,3,45,71.51538461538462,110.51999999999995,73.40234375,73.40234375,N/A (GPTCache eviction path is CPU-only),5.340576171875e-05
LRU,size_varying,250000,0.1846,0.1704604976014505,12.108992237382695,0.0018998980522155,0.005899928510189,0.0201999256387352,90687.31895521923,56,10000,7950,11,53,0.0,0.0,73.25,73.25,N/A (GPTCache eviction path is CPU-only),5.340576171875e-05
LFU,size_varying,250000,0.2377,0.1936354772922175,12.789159465648924,0.0021001324057579,0.3750298172235484,1.3318051258102062,11076.493378314812,56,10000,7398,4,46,75.0,112.2,73.09375,73.09375,N/A (GPTCache eviction path is CPU-only),5.340576171875e-05
LRU,size_varying,250000,0.1981,0.1870523124373674,12.13327022779781,0.0015003606677055,0.0056005083024501,0.0154023477807641,246133.2485123238,56,10000,7912,12,54,97.7,97.7,73.16015625,73.16015625,N/A (GPTCache eviction path is CPU-only),5.340576171875e-05
LFU,size_varying,250000,0.1867,0.1661335037102697,11.403388727218942,0.0021001324057579,0.3235050477087496,1.1221161577850605,11498.951578921791,56,10000,7936,6,48,60.42727272727273,103.05,72.9609375,72.9609375,N/A (GPTCache eviction path is CPU-only),5.340576171875e-05
GDSF,size_varying,250000,0.4415,0.3824174998830273,27.16576921152595,0.0076997093856334,0.0466055469587444,0.1835178816691045,48679.49562073089,56,10000,5101,11,53,44.96666666666666,73.97,73.2578125,73.2578125,N/A (GPTCache eviction path is CPU-only),5.340576171875e-05
LRU,size_varying,250000,0.1878,0.1860564212840546,12.558094025837008,0.0019003637135028,0.0083053950220345,0.0294039910659194,139914.1480250575,56,10000,7953,13,55,0.0,0.0,73.16015625,73.16015625,N/A (GPTCache eviction path is CPU-only),5.340576171875e-05
Random,size_varying,250000,0.1877,0.1874964177707232,12.65528825945526,0.0017001293599605,0.0308052403852342,0.0836007064208388,86490.15184419311,56,10000,7967,13,55,40.05,76.09499999999998,72.984375,72.984375,N/A (GPTCache eviction path is CPU-only),5.340576171875e-05
FIFO,size_varying,250000,0.1885,0.1880580714350668,12.693197725186703,0.001599546521902,0.0054999254643917,0.0126999849453568,162877.0604598033,56,10000,7941,13,55,50.4,50.4,73.18359375,73.18359375,N/A (GPTCache eviction path is CPU-only),5.340576171875e-05
Random,size_varying,250000,0.1935,0.1868087017159924,12.841151335940127,0.0017001293599605,0.0281999818980693,0.0834029400721192,112260.91225934985,56,10000,7923,14,56,0.0,0.0,73.0234375,73.0234375,N/A (GPTCache eviction path is CPU-only),5.340576171875e-05
FIFO,size_varying,250000,0.1981,0.190244045041329,12.340304044563409,0.001599546521902,0.0053001567721366,0.0179010163992643,184970.4143275806,56,10000,7913,12,54,0.0,0.0,73.3125,73.3125,N/A (GPTCache eviction path is CPU-only),5.340576171875e-05
LFU,size_varying,250000,0.2088,0.1901910328867516,12.83975154099603,0.0022999010980129,0.3991846693679678,1.1539968242868803,10731.93284326372,56,10000,7680,7,49,73.92,109.38,73.3203125,73.3203125,N/A (GPTCache eviction path is CPU-only),5.340576171875e-05
GDSF,size_varying,250000,0.431,0.4141895128388427,27.95620173089712,0.0072000548243522,0.0501996837556362,0.1383996615186333,43683.2682752465,56,10000,5191,13,55,32.53333333333333,57.84,73.40234375,73.40234375,N/A (GPTCache eviction path is CPU-only),5.340576171875e-05
GDSF,size_varying,250000,0.4438,0.4044590876410931,26.23550247784901,0.0081001780927181,0.0582047505304216,0.1711087906733157,43658.361060534175,56,10000,5128,12,54,65.5,112.77,73.203125,73.203125,N/A (GPTCache eviction path is CPU-only),5.340576171875e-05
LRU,size_varying,250000,0.2264,0.2240190742076571,14.00444662879666,0.0014998950064182,0.0049001537263393,0.0132997566834092,237939.4444544225,56,10000,7563,15,57,0.0,0.0,73.16015625,73.16015625,N/A (GPTCache eviction path is CPU-only),5.340576171875e-05
LFU,size_varying,250000,0.205,0.1902618438300633,12.847958617227436,0.0020000152289867,0.3509350121021265,1.0890501411631712,11853.91425993948,56,10000,7755,9,51,73.83,100.2,73.34375,73.34375,N/A (GPTCache eviction path is CPU-only),5.340576171875e-05
FIFO,size_varying,250000,0.2258,0.2243127533425081,14.022805841218895,0.0017997808754444,0.0061001628637313,0.0146008748561144,186041.32026945712,56,10000,7563,15,57,0.0,0.0,72.984375,72.984375,N/A (GPTCache eviction path is CPU-only),5.340576171875e-05
FIFO,size_varying,250000,0.203,0.1985448574833764,13.647889731565108,0.0018002465367317,0.0062999315559864,0.0206995755434036,138791.92738123567,56,10000,7828,14,56,0.0,0.0,73.09375,73.09375,N/A (GPTCache eviction path is CPU-only),5.340576171875e-05
Random,size_varying,250000,0.2231,0.2169881098192447,13.564909210499774,0.0013001263141632,0.0241994857788085,0.0663023814558983,119850.61861416671,56,10000,7555,15,57,50.1,95.19,73.3125,73.3125,N/A (GPTCache eviction path is CPU-only),5.340576171875e-05
FIFO,size_varying,250000,0.1972,0.1927994626162548,13.113996272365831,0.0017001293599605,0.0060000456869602,0.0158013496547937,206515.13901647192,56,10000,7853,16,58,0.0,0.0,73.40234375,73.40234375,N/A (GPTCache eviction path is CPU-only),5.340576171875e-05
Random,size_varying,250000,0.1907,0.1899507470247041,12.321279077447972,0.0014002434909343,0.0267993193119764,0.0895136361941698,107018.25733411916,56,10000,7952,12,54,0.0,0.0,73.0390625,73.0390625,N/A (GPTCache eviction path is CPU-only),5.340576171875e-05
GDSF,size_varying,250000,0.4534,0.4463415635083528,28.6662797626364,0.0084000639617443,0.0569997588172555,0.1653389772400268,17010.916597053267,56,10000,4967,10,52,53.23333333333333,100.025,73.125,73.125,N/A (GPTCache eviction path is CPU-only),5.340576171875e-05
LRU,size_varying,250000,0.2017,0.1993987037578462,13.706582764209616,0.0018002465367317,0.005700159817934,0.0156016554683447,97060.99325361074,56,10000,7850,14,56,0.0,0.0,73.25,73.25,N/A (GPTCache eviction path is CPU-only),5.340576171875e-05
LFU,size_varying,250000,0.2037,0.2082269490774416,13.777459991006722,0.0020000152289867,0.3313052933663128,1.0242021130397916,9422.846858304223,56,10000,7739,8,50,55.50769230769232,99.84,73.1875,73.1875,N/A (GPTCache eviction path is CPU-only),5.340576171875e-05
Random,size_varying,250000,0.1895,0.1893126753046466,12.876829035556804,0.0015003606677055,0.0301153399050233,0.0864061946049333,116171.94853823172,56,10000,7934,16,58,0.0,0.0,73.16015625,73.16015625,N/A (GPTCache eviction path is CPU-only),5.340576171875e-05
GDSF,size_varying,250000,0.4398,0.4109738352762764,28.250168035093235,0.0081998296082019,0.051605375483632,0.1353032141923905,34272.89037027211,56,10000,5155,14,56,48.975,114.58499999999997,73.2578125,73.2578125,N/A (GPTCache eviction path is CPU-only),5.340576171875e-05
LFU,size_varying,250000,0.2095,0.212594138328716,13.65385512683393,0.0018998980522155,0.2809349214658136,0.956907947547734,10123.05279292932,56,10000,7658,10,52,57.025000000000006,109.2,73.34765625,73.34765625,N/A (GPTCache eviction path is CPU-only),5.340576171875e-05
LRU,size_varying,250000,0.1979,0.1944887089722314,13.228896854114224,0.0017997808754444,0.006900168955326,0.021300814114511,126229.31599348428,56,10000,7846,16,58,0.0,0.0,73.3203125,73.3203125,N/A (GPTCache eviction path is CPU-only),5.340576171875e-05
FIFO,size_varying,250000,0.2129,0.213553011008706,13.862166496076856,0.0009997747838497,0.0032000243663787,0.0083996076136827,429580.9446483889,56,10000,7697,18,60,0.0,0.0,73.25,73.25,N/A (GPTCache eviction path is CPU-only),5.340576171875e-05
LRU,size_varying,250000,0.2117,0.2038698850323639,13.20562578537369,0.0018998980522155,0.0070002861320972,0.0263010803610086,158245.62501860643,56,10000,7717,17,59,0.0,0.0,72.984375,72.984375,N/A (GPTCache eviction path is CPU-only),5.340576171875e-05
Random,size_varying,250000,0.2125,0.2020131958851227,13.085359164953813,0.0014002434909343,0.0257003121078014,0.0709998421370983,110213.3618113485,56,10000,7676,17,59,50.4,95.76,73.40234375,73.40234375,N/A (GPTCache eviction path is CPU-only),5.340576171875e-05
GDSF,size_varying,250000,0.4443,0.4322560085293866,27.02228023590125,0.0084997154772281,0.055809738114476,0.162403304129839,35089.824671077404,56,10000,5093,15,57,43.525000000000006,91.69499999999998,73.1875,73.32421875,N/A (GPTCache eviction path is CPU-only),5.340576171875e-05
LFU,size_varying,250000,0.2183,0.1960989845730808,13.930271912651389,0.0021001324057579,0.3207250032573934,1.4416793454438466,10979.05985979527,56,10000,7611,11,53,72.01666666666667,100.195,73.19140625,73.19140625,N/A (GPTCache eviction path is CPU-only),5.340576171875e-05
FIFO,size_varying,250000,0.208,0.1994642603301462,12.920252439727037,0.0017997808754444,0.0060000456869602,0.0157007668167352,169002.27740467753,56,10000,7755,17,59,0.0,0.0,73.09375,73.09375,N/A (GPTCache eviction path is CPU-only),5.340576171875e-05
Random,size_varying,250000,0.2077,0.199578059625949,12.955023572044476,0.0016000121831893,0.0255997292697429,0.0846029445528984,95656.98174111464,56,10000,7736,18,60,58.0,66.28,73.16015625,73.16015625,N/A (GPTCache eviction path is CPU-only),5.340576171875e-05
LRU,size_varying,250000,0.2122,0.20659138501443,13.392087554391464,0.0017997808754444,0.0060997204855084,0.0186009099707007,67817.62215439432,56,10000,7705,19,61,8.266666666666667,22.32,73.34765625,73.34765625,N/A (GPTCache eviction path is CPU-only),5.340576171875e-05
LFU,size_varying,250000,0.2584,0.2430362358072669,14.649854175307606,0.0021001324057579,0.4056999459862709,1.4368591131642496,5978.86447546762,56,10000,7164,5,47,44.75,100.29,73.14453125,73.14453125,N/A (GPTCache eviction path is CPU-only),5.340576171875e-05
LRU,size_varying,250000,0.2211,0.2184502169503759,13.753045080963837,0.0018998980522155,0.0065998174250125,0.0170008977875113,115882.50914529062,56,10000,7570,20,62,10.0,19.0,73.384765625,73.38671875,N/A (GPTCache eviction path is CPU-only),5.340576171875e-05
FIFO,size_varying,250000,0.2105,0.2051348068089883,13.297666275131771,0.0017001293599605,0.0054999254643917,0.0145998783409595,229007.45929096147,56,10000,7719,19,61,0.0,0.0,73.3203125,73.3203125,N/A (GPTCache eviction path is CPU-only),5.340576171875e-05
LRU,size_varying,250000,0.2114,0.208137815603991,13.51065499102067,0.0019003637135028,0.0067996094003319,0.0173042435199023,53549.78873842784,56,10000,7738,18,60,18.9,37.75,73.125,73.125,N/A (GPTCache eviction path is CPU-only),5.340576171875e-05
LFU,size_varying,250000,0.2377,0.219975063389601,14.84747212872902,0.0021001324057579,0.371440127491949,1.2009124038740997,11974.659707439956,56,10000,7386,13,55,76.47,100.8,73.2109375,73.2109375,N/A (GPTCache eviction path is CPU-only),5.340576171875e-05
GDSF,size_varying,250000,0.4531,0.4159810230275157,26.94507687119282,0.0082002952694892,0.05080490373075,0.1348165515810254,40578.700935756126,56,10000,4986,17,59,38.96666666666667,64.89,73.0390625,73.0390625,N/A (GPTCache eviction path is CPU-only),5.340576171875e-05
GDSF,size_varying,250000,0.4399,0.4178852471289184,27.12579347204396,0.0081998296082019,0.0507052522152661,0.1424006884917617,41206.05165796905,56,10000,5135,18,60,53.43333333333334,96.19,73.2578125,73.2578125,N/A (GPTCache eviction path is CPU-only),5.340576171875e-05
Random,size_varying,250000,0.2106,0.2060433514696048,13.356561807688475,0.0017001293599605,0.0299001112580299,0.0911061093211175,99261.79024575547,56,10000,7702,19,61,42.0,79.8,72.984375,72.984375,N/A (GPTCache eviction path is CPU-only),5.340576171875e-05
LFU,size_varying,250000,0.2193,0.2092052884834594,13.570237465544023,0.0021997839212417,0.3817052347585558,1.3916721194982589,10835.751782642204,56,10000,7594,12,54,66.96666666666668,99.425,72.97265625,72.97265625,N/A (GPTCache eviction path is CPU-only),5.340576171875e-05
FIFO,size_varying,250000,0.2198,0.2188677972381954,13.779334826075916,0.0016000121831893,0.0052996911108493,0.0122999772429466,257586.5697478073,56,10000,7573,20,62,0.0,0.0,73.19140625,73.19140625,N/A (GPTCache eviction path is CPU-only),5.340576171875e-05
GDSF,size_varying,250000,0.4554,0.4423471161645942,28.67472575729641,0.0074999406933784,0.0454997876659035,0.1236130110919478,46221.55005879125,56,10000,4965,19,61,68.03333333333333,119.61,73.40234375,73.40234375,N/A (GPTCache eviction path is CPU-only),5.340576171875e-05
LRU,size_varying,250000,0.1737,0.1682935685292485,11.65814882094248,0.0015003606677055,0.0051003880798816,0.013801334425807,259570.3592542772,56,10000,8089,21,63,0.0,0.0,73.14453125,73.14453125,N/A (GPTCache eviction path is CPU-only),5.340576171875e-05
GDSF,size_varying,250000,0.4299,0.3969006112299307,26.99672014402288,0.0079004094004631,0.0546001829206943,0.1676088804379107,30311.00298365154,56,10000,5222,16,58,47.925,95.145,73.34375,73.34375,N/A (GPTCache eviction path is CPU-only),5.340576171875e-05
FIFO,size_varying,250000,0.2058,0.2071656090789425,13.313784724375497,0.0017993152141571,0.0054999254643917,0.0153037672862411,145275.77692554987,56,10000,7738,22,64,0.0,0.0,73.2578125,73.2578125,N/A (GPTCache eviction path is CPU-only),5.340576171875e-05
FIFO,size_varying,250000,0.1741,0.1700067720762049,11.776827045461276,0.0017001293599605,0.0058002769947052,0.0176006695255637,126840.1327220366,56,10000,8083,21,63,30.05,57.095,73.38671875,73.38671875,N/A (GPTCache eviction path is CPU-only),5.340576171875e-05
LRU,size_varying,250000,0.2049,0.2103733683409948,13.519935815053447,0.0018002465367317,0.0060000456869602,0.0177027890458703,121603.75939738077,56,10000,7735,22,64,20.05,38.095,73.0390625,73.0390625,N/A (GPTCache eviction path is CPU-only),5.340576171875e-05
Random,size_varying,250000,0.2208,0.2197901510141715,13.837403768458694,0.0016000121831893,0.0315993325784802,0.0797022553160787,79672.76774265296,56,10000,7551,20,62,0.0,0.0,73.16015625,73.16015625,N/A (GPTCache eviction path is CPU-only),5.340576171875e-05
Random,size_varying,250000,0.1813,0.1814988539992373,12.572914516254254,0.0017001293599605,0.0302054453641175,0.0890069827437402,60632.84919208661,56,10000,7995,21,63,26.633333333333336,56.07,73.125,73.125,N/A (GPTCache eviction path is CPU-only),5.340576171875e-05
LRU,size_varying,250000,0.1769,0.1695517702167561,12.158027754293936,0.0016996636986732,0.005700159817934,0.0145022198557854,170133.1279878843,56,10000,8031,23,65,0.0,0.0,73.40234375,73.40234375,N/A (GPTCache eviction path is CPU-only),5.340576171875e-05
Random,size_varying,250000,0.1981,0.2007824714752262,12.903563547705383,0.0016996636986732,0.0288051785901188,0.0852041831240058,67806.72380887253,56,10000,7823,22,64,20.05,38.095,72.97265625,72.97265625,N/A (GPTCache eviction path is CPU-only),5.340576171875e-05
LRU,size_varying,250000,0.2104,0.2007104077006354,13.557318711477548,0.0016000121831893,0.0052054645493625,0.014199879951775,232226.5425399226,56,10000,7716,24,66,0.0,0.0,73.0390625,73.0390625,N/A (GPTCache eviction path is CPU-only),5.340576171875e-05
FIFO,size_varying,250000,0.2088,0.2016161767769302,13.618500392024206,0.0016000121831893,0.0056000426411628,0.0141012202948332,206451.61330017663,56,10000,7728,24,66,0.0,0.0,73.16015625,73.16015625,N/A (GPTCache eviction path is CPU-only),5.340576171875e-05
Random,size_varying,250000,0.1734,0.1653390555068171,11.855947143169187,0.0016000121831893,0.0282996566966176,0.0801052525639535,105060.66718772262,56,10000,8088,23,65,37.8,71.82,73.2578125,73.2578125,N/A (GPTCache eviction path is CPU-only),5.340576171875e-05
FIFO,size_varying,250000,0.1763,0.1725710161592615,12.374528448560303,0.001599546521902,0.005700159817934,0.0142013374716043,247738.7649989516,56,10000,8043,23,65,0.0,0.0,73.14453125,73.14453125,N/A (GPTCache eviction path is CPU-only),5.340576171875e-05
GDSF,size_varying,250000,0.4243,0.3707086711778125,25.67998822280404,0.0076997093856334,0.0474101165309546,0.1454184064641599,44505.129644346925,56,10000,5282,21,63,56.86666666666667,77.13,73.2109375,73.2109375,N/A (GPTCache eviction path is CPU-only),5.340576171875e-05
LRU,size_varying,250000,0.2104,0.215235416940895,14.06594647656396,0.0016004778444766,0.0058994628489017,0.0141002237796783,240713.86355507973,56,10000,7705,25,67,0.0,0.0,73.0390625,73.0390625,N/A (GPTCache eviction path is CPU-only),5.340576171875e-05
GDSF,size_varying,250000,0.4176,0.3601226110867565,25.82326740053633,0.0076000578701496,0.0492098741233347,0.1216039946302772,49212.622590464336,56,10000,5360,23,65,74.9,121.98,73.38671875,73.38671875,N/A (GPTCache eviction path is CPU-only),5.340576171875e-05
LFU,size_varying,250000,0.2319,0.1945939971873078,13.376309261796068,0.0020000152289867,0.3645150922238824,1.272352142259482,8253.156667282597,56,10000,7441,14,56,45.15833333333333,86.0,73.16015625,73.16015625,N/A (GPTCache eviction path is CPU-only),5.340576171875e-05
GDSF,size_varying,250000,0.4333,0.429537300740086,27.604809401369547,0.0077001750469207,0.0479998998343944,0.1354298694059259,42100.70739588141,56,10000,5161,22,64,48.74999999999999,73.27499999999998,73.19140625,73.19140625,N/A (GPTCache eviction path is CPU-only),5.340576171875e-05
GDSF,size_varying,250000,0.4573,0.4574314754686254,28.79866997340138,0.0074999406933784,0.0494051259011029,0.1372101111337544,28406.185712492763,56,10000,4935,20,62,30.040000000000003,56.1,73.34765625,73.34765625,N/A (GPTCache eviction path is CPU-only),5.340576171875e-05
Random,size_varying,250000,0.2,0.2001149686508908,13.51709878933636,0.0016000121831893,0.0284002162516117,0.0805012602359056,80542.46949554977,56,10000,7774,24,66,40.05,76.09499999999998,73.40234375,73.40234375,N/A (GPTCache eviction path is CPU-only),5.340576171875e-05
LFU,size_varying,250000,0.234,0.1974549939710469,13.430660126113931,0.0020996667444705,0.3613150678575036,1.0922287032008178,10355.196709593278,56,10000,7421,16,58,63.72222222222224,93.72,73.203125,73.203125,N/A (GPTCache eviction path is CPU-only),5.340576171875e-05
FIFO,size_varying,250000,0.2116,0.2127403816360311,13.90289230288682,0.0017001293599605,0.005700159817934,0.0144011108204722,115232.06551768986,56,10000,7692,25,67,25.2,25.2,73.16015625,73.16015625,N/A (GPTCache eviction path is CPU-only),5.340576171875e-05
GDSF,size_varying,250000,0.471,0.4440658365585811,29.99516638959288,0.0074999406933784,0.0465996796265244,0.1411020243540406,49045.16418455632,56,10000,4772,24,66,55.76666666666667,97.37,72.97265625,72.97265625,N/A (GPTCache eviction path is CPU-only),5.340576171875e-05
Random,size_varying,250000,0.212,0.2120921772208871,13.860531204797688,0.001599546521902,0.032404763624072,0.0950090214610101,75874.72156017565,56,10000,7669,25,67,25.2,47.88,73.14453125,73.14453125,N/A (GPTCache eviction path is CPU-only),5.340576171875e-05
LRU,size_varying,250000,0.2057,0.2009239759776311,13.111901745731988,0.0017001293599605,0.0058002769947052,0.0147019932046533,135224.67601447913,56,10000,7753,26,68,20.05,38.095,73.0390625,73.0390625,N/A (GPTCache eviction path is CPU-only),5.340576171875e-05
LRU,size_varying,250000,0.2238,0.2260042710149535,13.910568204178183,0.0017001293599605,0.005700159817934,0.0145012233406305,164268.07931610168,56,10000,7517,27,69,0.0,0.0,73.40234375,73.40234375,N/A (GPTCache eviction path is CPU-only),5.340576171875e-05
Random,size_varying,250000,0.2039,0.2005677475719099,13.08865498370606,0.001399777829647,0.0260001979768276,0.0711054215207697,132584.31983969887,56,10000,7774,26,68,40.05,76.09499999999998,73.19140625,73.19140625,N/A (GPTCache eviction path is CPU-only),5.340576171875e-05
FIFO,size_varying,250000,0.2056,0.2020320813352262,13.184214512299596,0.0016000121831893,0.0056054675951599,0.0145012279972434,171169.86033134465,56,10000,7750,26,68,0.0,0.0,73.38671875,73.38671875,N/A (GPTCache eviction path is CPU-only),5.340576171875e-05
FIFO,size_varying,250000,0.2234,0.2283141997477594,14.052744372089462,0.0016996636986732,0.0052054412662982,0.012701521627605,169405.3867457794,56,10000,7495,27,69,33.2,33.2,73.203125,73.203125,N/A (GPTCache eviction path is CPU-only),5.340576171875e-05
LFU,size_varying,250000,0.1959,0.2063965901685174,13.36929254023907,0.0020000152289867,0.3017100738361476,0.987347182817758,10813.538163021103,56,10000,7828,17,59,54.28181818181818,99.95,73.3125,73.3125,N/A (GPTCache eviction path is CPU-only),5.340576171875e-05
LFU,size_varying,250000,0.3078,0.2402682567217438,15.02025659982244,0.0020000152289867,0.4148249048739668,1.6212998889386654,7894.299748121139,56,10000,6601,15,57,54.66470588235296,104.95999999999998,73.18359375,73.18359375,N/A (GPTCache eviction path is CPU-only),5.340576171875e-05
GDSF,size_varying,250000,0.4365,0.4084511868111847,26.65471755342982,0.0072000548243522,0.0465050106868147,0.1218012301251292,46984.8637726896,56,10000,5162,26,68,63.0,78.1,73.34765625,73.34765625,N/A (GPTCache eviction path is CPU-only),5.340576171875e-05
LFU,size_varying,250000,0.1464,0.1792116973898225,12.414477017053414,0.0019995495676994,0.2830150537192819,0.9111202973872428,15330.01929082211,56,10000,8387,21,63,54.7,92.055,73.3203125,73.3203125,N/A (GPTCache eviction path is CPU-only),5.340576171875e-05
LFU,size_varying,250000,0.2565,0.2350732160803966,15.238394820873896,0.0020000152289867,0.3468152834102509,1.22530413325876,10909.075039377323,56,10000,7159,19,61,62.94545454545455,99.7,73.25,73.25,N/A (GPTCache eviction path is CPU-only),5.340576171875e-05
LRU,size_varying,250000,0.2181,0.220476237091746,14.58957890704003,0.0017001293599605,0.0059053534641861,0.014001103118062,164788.62588091413,56,10000,7594,28,70,0.0,0.0,73.0390625,73.0390625,N/A (GPTCache eviction path is CPU-only),5.340576171875e-05
GDSF,size_varying,250000,0.448,0.4363387212382437,28.515367897258745,0.0070999376475811,0.0439994037151336,0.1095157908275726,44411.086832980334,56,10000,5028,25,67,53.4,80.1,73.2109375,73.2109375,N/A (GPTCache eviction path is CPU-only),5.340576171875e-05
LFU,size_varying,250000,0.2471,0.2450989278771836,15.43077709625964,0.0020996667444705,0.3746098140254615,1.132946782745424,11902.666186322578,56,10000,7294,20,62,77.18333333333334,107.225,73.09375,73.09375,N/A (GPTCache eviction path is CPU-only),5.340576171875e-05
FIFO,size_varying,250000,0.2164,0.2179195142732573,14.420392831498251,0.0016996636986732,0.0058052362874149,0.014001103118062,197394.3951018021,56,10000,7604,28,70,0.0,0.0,73.40234375,73.40234375,N/A (GPTCache eviction path is CPU-only),5.340576171875e-05
Random,size_varying,250000,0.2231,0.2284660857348721,14.062092958173704,0.0016000121831893,0.0314054312184452,0.0817072717472912,104865.55145092032,56,10000,7530,27,69,40.05,76.09499999999998,72.97265625,72.97265625,N/A (GPTCache eviction path is CPU-only),5.340576171875e-05
Random,size_varying,250000,0.2075,0.2048483740148666,13.555435978459156,0.0014994293451309,0.0259000808000564,0.0777022400870919,96795.86297055914,56,10000,7703,28,70,68.7,100.65,73.38671875,73.38671875,N/A (GPTCache eviction path is CPU-only),5.340576171875e-05
LRU,size_varying,250000,0.2152,0.2116145474744356,12.994083160143695,0.0017001293599605,0.0064000487327575,0.0233018305152655,108823.40159490056,56,10000,7643,29,71,10.0,19.0,73.3125,73.3125,N/A (GPTCache eviction path is CPU-only),5.340576171875e-05
GDSF,size_varying,250000,0.4551,0.4539356441393472,27.93974958858256,0.0068997032940387,0.0442055286839603,0.1129996962845325,58289.93650933055,56,10000,4920,27,69,53.0,95.02,73.14453125,73.14453125,N/A (GPTCache eviction path is CPU-only),5.340576171875e-05
FIFO,size_varying,500000,0.4128,0.4145314781349498,25.71169182335345,0.0009001232683658,0.0028004869818687,0.0066999346017837,477479.6743303683,56,10000,5390,0,42,0.0,0.0,73.2109375,73.2109375,N/A (GPTCache eviction path is CPU-only),5.340576171875e-05
LRU,size_varying,500000,0.4124,0.414038868631533,25.68113727102345,0.0014998950064182,0.0049001537263393,0.0122003257274627,274068.7122741066,56,10000,5475,0,42,0.0,0.0,73.0390625,73.0390625,N/A (GPTCache eviction path is CPU-only),5.340576171875e-05
LFU,size_varying,250000,0.2403,0.2263754388488453,14.69449673934697,0.0021001324057579,0.3779254155233498,1.2778541818261158,7351.086107434877,56,10000,7346,18,60,55.576470588235296,100.32,73.1875,73.1875,N/A (GPTCache eviction path is CPU-only),5.340576171875e-05
GDSF,size_varying,250000,0.4375,0.4198912997386,27.78547625233051,0.0075995922088623,0.0482051167637109,0.125902914442122,54446.21393522197,56,10000,5139,28,70,63.0,119.7,73.203125,73.203125,N/A (GPTCache eviction path is CPU-only),5.340576171875e-05
Random,size_varying,500000,0.4088,0.406120076553576,25.18996699262216,0.0013001263141632,0.0319001264870166,0.1140033965930343,112385.05788902903,56,10000,5512,0,42,0.0,0.0,73.40234375,73.40234375,N/A (GPTCache eviction path is CPU-only),5.340576171875e-05
Random,size_varying,250000,0.2217,0.2243623599816432,13.776856073468975,0.0016000121831893,0.0287051079794763,0.0783034740015864,74402.10474156878,56,10000,7566,29,71,14.35,27.265,73.322265625,73.32421875,N/A (GPTCache eviction path is CPU-only),5.340576171875e-05
LRU,size_varying,500000,0.4201,0.419222841981516,26.91630772313537,0.0016000121831893,0.0053001567721366,0.014300993643701,230471.0366962374,56,10000,5380,1,43,0.0,0.0,73.38671875,73.38671875,N/A (GPTCache eviction path is CPU-only),5.340576171875e-05
GDSF,size_varying,500000,0.6245,0.6277084658655395,38.93418830786735,0.0064000487327575,0.0351001508533954,0.1061055297031999,59808.32626471051,56,10000,3064,0,42,41.55,78.945,72.97265625,72.97265625,N/A (GPTCache eviction path is CPU-only),5.340576171875e-05
LFU,size_varying,250000,0.2088,0.2011536456783809,12.927417571826538,0.0021001324057579,0.3515202319249508,1.1155789904296414,10388.55804144707,56,10000,7658,22,64,61.21,83.595,72.98671875,73.0078125,N/A (GPTCache eviction path is CPU-only),5.340576171875e-05
FIFO,size_varying,500000,0.3718,0.3656346021527122,24.05017572386389,0.0014998950064182,0.0045993365347385,0.0103996181860566,263477.5333849128,56,10000,5836,2,44,0.0,0.0,73.203125,73.203125,N/A (GPTCache eviction path is CPU-only),5.340576171875e-05
GDSF,size_varying,500000,0.6357,0.62583205202089,40.18170387752455,0.0059003941714763,0.033205235376954,0.0916998833417892,77574.52372121831,56,10000,2951,1,43,40.05,76.09499999999998,73.0390625,73.0390625,N/A (GPTCache eviction path is CPU-only),5.340576171875e-05
FIFO,size_varying,250000,0.2182,0.2172050620258286,13.337365849617443,0.0016000121831893,0.0053998082876205,0.0157042313367129,191793.90622849,56,10000,7597,29,71,0.0,0.0,73.18359375,73.18359375,N/A (GPTCache eviction path is CPU-only),5.340576171875e-05
FIFO,size_varying,500000,0.4195,0.4173852840713616,26.79832685659906,0.0013993121683597,0.0046002678573131,0.0113007426261902,278351.4912780116,56,10000,5396,1,43,0.0,0.0,73.3125,73.3125,N/A (GPTCache eviction path is CPU-only),5.340576171875e-05
LFU,size_varying,250000,0.1982,0.186073815847366,12.142809632214885,0.0018998980522155,0.2878997707739472,0.9455181006342176,15439.40627087142,56,10000,7812,26,68,75.71428571428571,109.57999999999998,73.16015625,73.16015625,N/A (GPTCache eviction path is CPU-only),5.340576171875e-05
LFU,size_varying,250000,0.1934,0.209451815545678,13.687979742170793,0.002000480890274,0.3051098901778458,0.8981959708035013,12912.716232573388,56,10000,7884,25,67,67.75555555555555,94.2,73.2578125,73.2578125,N/A (GPTCache eviction path is CPU-only),5.340576171875e-05
Random,size_varying,500000,0.4179,0.4194935380144599,26.933687829829257,0.0014998950064182,0.0374000519514083,0.120104099623859,83140.10186360257,56,10000,5455,1,43,39.55,75.145,73.2109375,73.2109375,N/A (GPTCache eviction path is CPU-only),5.340576171875e-05
LRU,size_varying,500000,0.3701,0.3372412545752193,21.932754358191385,0.001599546521902,0.0050002709031105,0.013801334425807,207320.91673518284,56,10000,5969,3,45,0.0,0.0,73.0703125,73.0703125,N/A (GPTCache eviction path is CPU-only),5.340576171875e-05
Random,size_varying,500000,0.3716,0.3581117119686444,23.5553461048592,0.0014998950064182,0.0363051192834972,0.0929013546556234,83014.9018392048,56,10000,5932,2,44,98.95,100.075,73.32421875,73.32421875,N/A (GPTCache eviction path is CPU-only),5.340576171875e-05
LRU,size_varying,500000,0.3812,0.3780685351403009,24.8680367018174,0.0016000121831893,0.0060000456869602,0.0161007698625326,123144.0649215178,56,10000,5766,2,44,20.05,38.095,73.1875,73.1875,N/A (GPTCache eviction path is CPU-only),5.340576171875e-05
FIFO,size_varying,500000,0.3651,0.3386759299404539,22.02605961649696,0.001599546521902,0.0048997113481163,0.0142008811235428,178495.88604370144,56,10000,6024,3,45,0.0,0.0,73.1171875,73.1171875,N/A (GPTCache eviction path is CPU-only),5.340576171875e-05
GDSF,size_varying,500000,0.6047,0.5726899369300221,37.66955735962584,0.0068000517785549,0.035599828697741,0.0907051051035524,69364.38617890693,56,10000,3259,2,44,50.15,95.285,73.38671875,73.38671875,N/A (GPTCache eviction path is CPU-only),5.340576171875e-05
Random,size_varying,500000,0.3595,0.3381452474455346,21.99154625656442,0.0011995434761047,0.0309995608404278,0.1100074453279377,120367.650612676,56,10000,6058,3,45,49.45,93.955,73.11328125,73.11328125,N/A (GPTCache eviction path is CPU-only),5.340576171875e-05
GDSF,size_varying,250000,0.428,0.4143169081082392,25.440918041149583,0.0074999406933784,0.0486101256683467,0.1330043142661453,30931.3299484824,56,10000,5251,29,71,35.059999999999995,68.49999999999999,73.25,73.25,N/A (GPTCache eviction path is CPU-only),5.340576171875e-05
LFU,size_varying,250000,0.1835,0.2197227099093245,13.523937970173524,0.0020000152289867,0.3013997571542859,0.881889504380526,14593.895668447814,56,10000,7975,27,69,70.02000000000001,96.32,73.16015625,73.16015625,N/A (GPTCache eviction path is CPU-only),5.340576171875e-05
FIFO,size_varying,500000,0.3969,0.3952247199917296,26.10364608502362,0.0016000121831893,0.0055995769798755,0.0170009024441242,102893.7851924879,56,10000,5655,4,46,8.4,15.96,73.16015625,73.16015625,N/A (GPTCache eviction path is CPU-only),5.340576171875e-05
LRU,size_varying,500000,0.4669,0.4657266103901643,28.07329082066124,0.0014998950064182,0.0049001537263393,0.0121998600661754,224459.8373907532,56,10000,4812,5,47,0.0,0.0,73.32421875,73.32421875,N/A (GPTCache eviction path is CPU-only),5.340576171875e-05
LRU,size_varying,500000,0.393,0.3992901078385489,26.37215521459919,0.0016996636986732,0.0057998113334178,0.0165007775649428,91133.27885410216,56,10000,5683,4,46,8.4,15.96,73.3125,73.3125,N/A (GPTCache eviction path is CPU-only),5.340576171875e-05
Random,size_varying,500000,0.3922,0.4046276716495112,26.724688519399823,0.0015003606677055,0.0379998469725251,0.1107212575152521,95089.03179672585,56,10000,5711,4,46,49.85,94.715,73.2109375,73.2109375,N/A (GPTCache eviction path is CPU-only),5.340576171875e-05
FIFO,size_varying,500000,0.4757,0.4773178113104653,28.771990759931874,0.0013001263141632,0.0046002678573131,0.0109021971002221,303105.62026178616,56,10000,4750,5,47,0.0,0.0,73.1875,73.1875,N/A (GPTCache eviction path is CPU-only),5.340576171875e-05
GDSF,size_varying,500000,0.6067,0.5881532375232856,38.84611255184127,0.0071995891630649,0.0384048093110322,0.1114006899297237,59266.564565858265,56,10000,3234,4,46,69.7,121.71,73.0703125,73.0703125,N/A (GPTCache eviction path is CPU-only),5.340576171875e-05
LFU,size_varying,250000,0.229,0.2032909911794882,13.45237924969356,0.0020000152289867,0.3550701541826119,1.0806010803207755,12659.578737687776,56,10000,7460,28,70,72.4888888888889,108.9,73.19140625,73.19140625,N/A (GPTCache eviction path is CPU-only),5.340576171875e-05
LFU,size_varying,250000,0.2751,0.2379310655653536,16.071450026857516,0.0020000152289867,0.3644200041890141,1.3409910770133158,8977.852625289437,56,10000,6951,24,66,63.27692307692309,100.2,73.125,73.125,N/A (GPTCache eviction path is CPU-only),5.340576171875e-05
GDSF,size_varying,500000,0.6134,0.5398866949977177,35.11196243637397,0.0057998113334178,0.0351051334291695,0.1164009515196085,69264.74096749049,56,10000,3217,3,45,30.05,57.095,73.18359375,73.18359375,N/A (GPTCache eviction path is CPU-only),5.340576171875e-05
LRU,size_varying,500000,0.38,0.3688019241349148,24.897730465311685,0.0016996636986732,0.0056000426411628,0.013199639506638,230659.2242491532,56,10000,5812,7,49,0.0,0.0,73.2109375,73.2109375,N/A (GPTCache eviction path is CPU-only),5.340576171875e-05
LFU,size_varying,250000,0.1905,0.1747487039651893,12.530683637921111,0.0019995495676994,0.3235050244256853,1.107114935293794,8901.844435546844,56,10000,7871,23,65,49.1923076923077,119.3,73.34375,73.34375,N/A (GPTCache eviction path is CPU-only),5.340576171875e-05
Random,size_varying,500000,0.3544,0.3537970861649399,24.284600119745672,0.001200009137392,0.0322050182148813,0.1074071181938053,112745.41868037336,56,10000,6129,6,48,59.35,112.765,73.32421875,73.32421875,N/A (GPTCache eviction path is CPU-only),5.340576171875e-05
Random,size_varying,500000,0.4698,0.4712529319688621,28.406409069406592,0.0014002434909343,0.0388048123568295,0.1306072948500515,77616.67157646302,56,10000,4814,5,47,49.6,94.24,73.38671875,73.38671875,N/A (GPTCache eviction path is CPU-only),5.340576171875e-05
GDSF,size_varying,500000,0.6548,0.668543853213567,40.29880534828528,0.0068000517785549,0.0347051303833722,0.0898015266284347,68046.28234425237,56,10000,2717,5,47,41.55,78.945,73.11328125,73.11328125,N/A (GPTCache eviction path is CPU-only),5.340576171875e-05
FIFO,size_varying,500000,0.3556,0.3541134364416398,24.30631437423743,0.0016000121831893,0.0049001537263393,0.0130018685013056,223511.13679909965,56,10000,6082,6,48,0.0,0.0,73.16015625,73.16015625,N/A (GPTCache eviction path is CPU-only),5.340576171875e-05
FIFO,size_varying,500000,0.4063,0.4050670575196978,26.80150289565498,0.0016000121831893,0.0049001537263393,0.0112010817974806,267847.34024692804,56,10000,5546,8,50,0.0,0.0,73.2109375,73.2109375,N/A (GPTCache eviction path is CPU-only),5.340576171875e-05
Random,size_varying,500000,0.3733,0.3719454486054899,25.109949057074942,0.0014998950064182,0.0375001691281795,0.1049009850248694,98915.09913061142,56,10000,5909,7,49,25.2,47.88,73.19140625,73.19140625,N/A (GPTCache eviction path is CPU-only),5.340576171875e-05
LRU,size_varying,500000,0.4105,0.4069487978343767,26.926009363303947,0.0015003606677055,0.0054999254643917,0.0162003561854362,108378.05691153504,56,10000,5490,8,50,19.8,37.62,73.18359375,73.18359375,N/A (GPTCache eviction path is CPU-only),5.340576171875e-05
FIFO,size_varying,500000,0.3771,0.3707097020404568,25.0265240994319,0.0016000121831893,0.0054002739489078,0.0138014135882258,57658.688241886026,56,10000,5868,7,49,16.8,45.35999999999999,73.1875,73.1875,N/A (GPTCache eviction path is CPU-only),5.340576171875e-05
GDSF,size_varying,500000,0.5855,0.5585662328952568,38.3399359030624,0.0068000517785549,0.0388999469578266,0.1227093534544112,51489.11670628841,56,10000,3524,6,48,31.46666666666667,68.96,73.3125,73.3125,N/A (GPTCache eviction path is CPU-only),5.340576171875e-05
LRU,size_varying,500000,0.3692,0.3639000451765238,24.57335967694652,0.0017001293599605,0.005899928510189,0.0161007745191455,156181.182110805,56,10000,5972,9,51,0.0,0.0,73.1171875,73.1171875,N/A (GPTCache eviction path is CPU-only),5.340576171875e-05
LRU,size_varying,500000,0.3604,0.3514659014012362,24.12458780758832,0.0017001293599605,0.0060000456869602,0.0216017011553049,73371.82421776942,56,10000,6032,6,48,64.5,100.23,73.25,73.25,N/A (GPTCache eviction path is CPU-only),5.340576171875e-05
Random,size_varying,500000,0.408,0.4008274574721575,26.520987235738485,0.0014998950064182,0.0367001630365848,0.1113045727834106,76363.80031309076,56,10000,5483,8,50,10.0,19.0,73.32421875,73.32421875,N/A (GPTCache eviction path is CPU-only),5.340576171875e-05
FIFO,size_varying,500000,0.3694,0.3654794117244638,24.680010782816645,0.0016000121831893,0.0053001567721366,0.014099758118391,180977.46034347027,56,10000,5943,9,51,0.0,0.0,73.16015625,73.16015625,N/A (GPTCache eviction path is CPU-only),5.340576171875e-05
FIFO,size_varying,500000,0.426,0.4256855165610381,27.339645478507503,0.0009001232683658,0.0038999132812023,0.0103996181860566,278776.7274922524,56,10000,5341,10,52,0.0,0.0,73.3125,73.3125,N/A (GPTCache eviction path is CPU-only),5.340576171875e-05
GDSF,size_varying,500000,0.6103,0.6090784790348233,40.30003999705438,0.0074999406933784,0.040099979378283,0.1017009606584906,53279.14490844153,56,10000,3217,8,50,43.0,81.7,73.38671875,73.38671875,N/A (GPTCache eviction path is CPU-only),5.340576171875e-05
LFU,size_varying,500000,0.4007,0.4168461976492498,25.855264405770967,0.0018002465367317,0.4076999612152576,1.5354231605306294,10201.78831076665,56,10000,5588,0,42,74.67500000000001,100.2,73.09375,73.09375,N/A (GPTCache eviction path is CPU-only),5.340576171875e-05
LRU,size_varying,500000,0.4232,0.4291610834840739,27.56286370843523,0.0016996636986732,0.0061001628637313,0.020701577886939,105484.1190104126,56,10000,5371,10,52,30.05,57.095,73.1875,73.1875,N/A (GPTCache eviction path is CPU-only),5.340576171875e-05
Random,size_varying,500000,0.3734,0.3723998909739878,25.147335335230213,0.0014998950064182,0.0378150260075924,0.1220024609938264,80289.36274866361,56,10000,5913,9,51,37.8,71.82,73.19140625,73.19140625,N/A (GPTCache eviction path is CPU-only),5.340576171875e-05
GDSF,size_varying,500000,0.5962,0.5875426382615502,39.66486421844921,0.006700400263071,0.0384002923965454,0.1080058934167028,51593.41097705494,56,10000,3380,7,49,33.25,63.175,73.125,73.125,N/A (GPTCache eviction path is CPU-only),5.340576171875e-05
FIFO,size_varying,500000,0.3624,0.3482200403103535,24.73648630826993,0.0013001263141632,0.0041001476347446,0.0132030993700028,276316.37195526634,56,10000,6029,11,53,0.0,0.0,73.3125,73.3125,N/A (GPTCache eviction path is CPU-only),5.340576171875e-05
GDSF,size_varying,500000,0.5948,0.5706336985634601,38.53362291225899,0.0065998174250125,0.0388052780181168,0.1100009121000767,50645.27137525484,56,10000,3407,9,51,35.6,64.44,73.18359375,73.18359375,N/A (GPTCache eviction path is CPU-only),5.340576171875e-05
LRU,size_varying,500000,0.3642,0.3480754174313575,24.726212741409864,0.0016000121831893,0.0049001537263393,0.0162023538723588,200579.67528560592,56,10000,6030,11,53,0.0,0.0,73.16015625,73.16015625,N/A (GPTCache eviction path is CPU-only),5.340576171875e-05
GDSF,size_varying,500000,0.6273,0.6303433642168563,40.48379246407255,0.0061001628637313,0.0318996608257293,0.0994070572778584,74106.57103672573,56,10000,3047,10,52,49.6,94.24,73.32421875,73.32421875,N/A (GPTCache eviction path is CPU-only),5.340576171875e-05
Random,size_varying,500000,0.444,0.4428324689208282,28.440908218994235,0.0010998919606208,0.0371051719412206,0.1194092119112612,70017.27322165816,56,10000,5139,10,52,63.0,119.7,73.25,73.25,N/A (GPTCache eviction path is CPU-only),5.340576171875e-05
LFU,size_varying,250000,0.1927,0.1968596412968996,12.088065685545534,0.0021997839212417,0.339599815197289,1.1036049062386175,8024.199058229409,56,10000,7871,29,71,42.607692307692304,82.67999999999995,73.34765625,73.34765625,N/A (GPTCache eviction path is CPU-only),5.340576171875e-05
LFU,size_varying,500000,0.4209,0.3927491811155066,25.83367866613036,0.0018002465367317,0.4320550244301549,1.3355108117684724,9985.655606931265,56,10000,5328,2,44,67.94545454545454,99.95,73.40234375,73.40234375,N/A (GPTCache eviction path is CPU-only),5.340576171875e-05
LRU,size_varying,500000,0.3842,0.3831289568039438,24.85190963117905,0.0016000121831893,0.0053001567721366,0.0145002268254756,197514.8685910467,56,10000,5886,12,54,104.2,104.2,73.19140625,73.19140625,N/A (GPTCache eviction path is CPU-only),5.340576171875e-05
Random,size_varying,500000,0.3606,0.3515487593416516,24.972948324265328,0.0014998950064182,0.0328002497553825,0.1213151030242446,88580.39272204752,56,10000,6040,11,53,88.9,96.82,73.09375,73.09375,N/A (GPTCache eviction path is CPU-only),5.340576171875e-05
LRU,size_varying,500000,0.3805,0.3866118968027564,26.09481853971519,0.001599546521902,0.0051995972171425,0.011600088328123,210052.26003085184,56,10000,5753,13,55,0.0,0.0,73.32421875,73.32421875,N/A (GPTCache eviction path is CPU-only),5.340576171875e-05
LFU,size_varying,500000,0.4561,0.3931888560594035,25.57135130810548,0.0017001293599605,0.4190451465547078,1.8600133061409063,10752.127440646243,56,10000,4968,3,45,75.36666666666666,100.375,73.203125,73.203125,N/A (GPTCache eviction path is CPU-only),5.340576171875e-05
LRU,size_varying,500000,0.3948,0.3852429090087845,26.481435020091,0.0016996636986732,0.0053001567721366,0.0139009905979037,188308.6678521624,56,10000,5727,14,56,0.0,0.0,73.09375,73.09375,N/A (GPTCache eviction path is CPU-only),5.340576171875e-05
GDSF,size_varying,500000,0.6136,0.5816865881970384,37.73147987594984,0.0066994689404964,0.0359001569449901,0.1084043551236391,66345.90639489258,56,10000,3226,12,54,30.05,57.095,73.16015625,73.16015625,N/A (GPTCache eviction path is CPU-only),5.340576171875e-05
Random,size_varying,500000,0.3887,0.3844983320158602,24.940735047304248,0.0015003606677055,0.0364052830263971,0.1337002776563167,48556.37053273835,56,10000,5832,12,54,64.8,95.94,73.18359375,73.18359375,N/A (GPTCache eviction path is CPU-only),5.340576171875e-05
LFU,size_varying,500000,0.3911,0.3738431973772798,24.691447730886747,0.0018998980522155,0.436544721014797,1.6820152290165429,10141.414931124662,56,10000,5701,4,46,72.69230769230771,100.44,73.2578125,73.2578125,N/A (GPTCache eviction path is CPU-only),5.340576171875e-05
FIFO,size_varying,500000,0.3823,0.376725054095766,24.43651630586604,0.0016000121831893,0.0056996941566467,0.0244051823392511,94375.77028079664,56,10000,5841,12,54,0.0,0.0,73.125,73.125,N/A (GPTCache eviction path is CPU-only),5.340576171875e-05
GDSF,size_varying,500000,0.5976,0.6008006679837374,40.55173816229942,0.0062999315559864,0.0366050517186521,0.0897123292088511,68616.18993803827,56,10000,3353,13,55,50.1,95.19,73.19140625,73.19140625,N/A (GPTCache eviction path is CPU-only),5.340576171875e-05
Random,size_varying,500000,0.3658,0.3694077497952654,24.933604676397103,0.0015003606677055,0.0384052749723195,0.106009333394468,86930.82079232507,56,10000,5915,13,55,30.05,57.095,73.40234375,73.40234375,N/A (GPTCache eviction path is CPU-only),5.340576171875e-05
FIFO,size_varying,500000,0.3878,0.3793447116639847,26.07599542323024,0.0015003606677055,0.0049001537263393,0.0127005157992244,225438.47939658744,56,10000,5781,14,56,0.0,0.0,73.32421875,73.32421875,N/A (GPTCache eviction path is CPU-only),5.340576171875e-05
LFU,size_varying,500000,0.5081,0.4681386173507543,28.218682927007443,0.0014998950064182,0.4483800381422031,1.702279155142607,10303.721777698634,56,10000,4410,5,47,73.51818181818182,99.95,73.1171875,73.1171875,N/A (GPTCache eviction path is CPU-only),5.340576171875e-05
GDSF,size_varying,500000,0.5943,0.552841110284695,39.272141095089935,0.0063003972172737,0.0346000306308269,0.1114131510257723,45336.09461913227,56,10000,3414,11,53,45.633333333333326,77.77,73.1875,73.1875,N/A (GPTCache eviction path is CPU-only),5.340576171875e-05
LFU,size_varying,500000,0.4231,0.4033192643266932,25.895214530711325,0.0017997808754444,0.467104604467748,1.75256695598364,7386.31755649922,56,10000,5326,1,43,50.553333333333335,89.69999999999999,73.14453125,73.14453125,N/A (GPTCache eviction path is CPU-only),5.340576171875e-05
LRU,size_varying,500000,0.4366,0.4283939360537632,26.780844598990807,0.0014002434909343,0.0048000365495681,0.0155030004680157,235134.7781459924,56,10000,5214,15,57,0.0,0.0,73.16015625,73.16015625,N/A (GPTCache eviction path is CPU-only),5.340576171875e-05
FIFO,size_varying,500000,0.4324,0.4223140939268486,26.40076613969426,0.0014002434909343,0.0049001537263393,0.0123009737581014,208089.69434700249,56,10000,5262,15,57,0.0,0.0,73.2578125,73.2578125,N/A (GPTCache eviction path is CPU-only),5.340576171875e-05
FIFO,size_varying,500000,0.3883,0.3951419917180738,26.67056719303539,0.001599546521902,0.0052000395953655,0.0129007501527667,88799.53665599595,56,10000,5682,13,55,24.95,47.405,73.25,73.25,N/A (GPTCache eviction path is CPU-only),5.340576171875e-05
Random,size_varying,500000,0.3911,0.3750285651394687,25.77930533224259,0.0014994293451309,0.0360047910362481,0.1280080433934928,86386.67005758215,56,10000,5745,14,56,39.55,75.145,73.162109375,73.171875,N/A (GPTCache eviction path is CPU-only),5.340576171875e-05
LFU,size_varying,500000,0.3544,0.3762035776216093,25.39741433746508,0.0019003637135028,0.480925058946013,1.2798461969941866,11033.810680289896,56,10000,6086,7,49,80.66666666666669,111.23999999999998,73.0703125,73.0703125,N/A (GPTCache eviction path is CPU-only),5.340576171875e-05
FIFO,size_varying,500000,0.3859,0.3861685285740316,26.26673630467831,0.0016000121831893,0.0053001567721366,0.0136011000722646,160770.67016358575,56,10000,5742,16,58,0.0,0.0,73.1171875,73.1171875,N/A (GPTCache eviction path is CPU-only),5.340576171875e-05
LRU,size_varying,500000,0.421,0.4234305196945899,27.42761633629897,0.0016000121831893,0.0050999224185943,0.0117002055048942,198677.20661513635,56,10000,5330,17,59,0.0,0.0,73.2578125,73.2578125,N/A (GPTCache eviction path is CPU-only),5.340576171875e-05
LRU,size_varying,500000,0.3812,0.3823891038033645,26.00966420664625,0.0016000121831893,0.005500391125679,0.0152001157402992,150267.24983725356,56,10000,5777,16,58,0.0,0.0,73.32421875,73.32421875,N/A (GPTCache eviction path is CPU-only),5.340576171875e-05
GDSF,size_varying,500000,0.6192,0.5940926488346995,40.83767801595304,0.006099697202444,0.0339001417160034,0.104102436453104,68142.77537861025,56,10000,3152,14,56,49.85,94.715,73.18359375,73.18359375,N/A (GPTCache eviction path is CPU-only),5.340576171875e-05
Random,size_varying,500000,0.425,0.4124560411086931,25.78449462333336,0.0015003606677055,0.0390050467103718,0.134508744813502,49693.98449679349,56,10000,5393,15,57,35.73333333333333,56.56,73.19140625,73.19140625,N/A (GPTCache eviction path is CPU-only),5.340576171875e-05
FIFO,size_varying,500000,0.4222,0.4225736206009244,27.37211089092642,0.0016000121831893,0.0053001567721366,0.0162018882110715,123985.64238215444,56,10000,5294,17,59,29.65,56.335,73.25,73.25,N/A (GPTCache eviction path is CPU-only),5.340576171875e-05
GDSF,size_varying,500000,0.6467,0.6293673580767434,39.34460316500692,0.0065998174250125,0.0337053555995225,0.1006096042692663,56808.98253594192,56,10000,2854,15,57,40.05,76.09499999999998,73.40234375,73.40234375,N/A (GPTCache eviction path is CPU-only),5.340576171875e-05
Random,size_varying,500000,0.3727,0.3748423858191658,25.4963451850556,0.0008996576070785,0.0260051572695373,0.0785052496939898,159162.6765447148,56,10000,5889,16,58,20.0,20.0,73.14453125,73.14453125,N/A (GPTCache eviction path is CPU-only),5.340576171875e-05
Random,size_varying,500000,0.4313,0.4257321625390529,27.57670473202125,0.0014002434909343,0.0347997993230819,0.1053039869293571,71850.90062084235,56,10000,5278,17,59,78.9,95.82,73.0703125,73.0703125,N/A (GPTCache eviction path is CPU-only),5.340576171875e-05
GDSF,size_varying,500000,0.6083,0.5711770420847032,38.850801237286376,0.0072997063398361,0.0394150614738462,0.1144029339775443,41825.14911865005,56,10000,3249,16,58,33.875,70.27499999999998,73.16015625,73.16015625,N/A (GPTCache eviction path is CPU-only),5.340576171875e-05
LRU,size_varying,500000,0.4163,0.4132808125796586,26.82691012668328,0.0016000121831893,0.0050999224185943,0.0140006467700004,161675.21461390646,56,10000,5439,18,60,0.0,0.0,73.2578125,73.2578125,N/A (GPTCache eviction path is CPU-only),5.340576171875e-05
FIFO,size_varying,500000,0.4118,0.4086561522813987,26.52671388623008,0.0016000121831893,0.004899688065052,0.0121002085506916,149547.0221374802,56,10000,5419,18,60,0.0,0.0,73.32421875,73.32421875,N/A (GPTCache eviction path is CPU-only),5.340576171875e-05
LFU,size_varying,500000,0.4167,0.4093779857611423,27.086738027964937,0.0016000121831893,0.4385551903396837,1.4110497990623214,8471.334188596014,56,10000,5413,8,50,67.10714285714288,122.23,73.34375,73.34375,N/A (GPTCache eviction path is CPU-only),5.340576171875e-05
LRU,size_varying,500000,0.4222,0.4173604400653398,27.05498854516115,0.0015003606677055,0.0052000395953655,0.013100984506309,141031.3908056881,56,10000,5381,19,61,104.2,104.2,73.40625,73.40625,N/A (GPTCache eviction path is CPU-only),5.340576171875e-05
FIFO,size_varying,500000,0.4298,0.4275062947326717,27.7126838019578,0.0012004747986793,0.0041998224332928,0.010501192882657,330314.258225426,56,10000,5326,19,61,0.0,0.0,73.14453125,73.14453125,N/A (GPTCache eviction path is CPU-only),5.340576171875e-05
LFU,size_varying,500000,0.3598,0.3642529413780249,24.59718997156466,0.0020000152289867,0.4639151506125925,1.7095562070608177,8856.493803441044,56,10000,6062,9,51,71.89333333333335,107.33999999999996,73.2109375,73.2109375,N/A (GPTCache eviction path is CPU-only),5.340576171875e-05
GDSF,size_varying,500000,0.63,0.6113596865620168,39.60068570068459,0.0074002891778945,0.0367001630365848,0.109207364730537,41876.0469128007,56,10000,3011,17,59,30.0,48.92,73.1171875,73.1171875,N/A (GPTCache eviction path is CPU-only),5.340576171875e-05
LFU,size_varying,500000,0.4514,0.4264350775828181,27.387786023117823,0.0017993152141571,0.4386103013530372,1.89108396414668,9081.762930735253,56,10000,5021,10,52,73.80000000000001,100.8,73.1171875,73.1171875,N/A (GPTCache eviction path is CPU-only),5.340576171875e-05
Random,size_varying,500000,0.4108,0.4064293192611649,26.382165561017352,0.0014002434909343,0.0360999489203095,0.1187068549916149,91151.2219157339,56,10000,5474,18,60,50.4,95.76,73.19140625,73.19140625,N/A (GPTCache eviction path is CPU-only),5.340576171875e-05
FIFO,size_varying,500000,0.4345,0.4348314684274002,27.375833594444263,0.0013001263141632,0.0045998021960258,0.0108000868931412,305271.7380542421,56,10000,5162,20,62,0.0,0.0,73.34375,73.34375,N/A (GPTCache eviction path is CPU-only),5.340576171875e-05
GDSF,size_varying,500000,0.6202,0.6099209273116706,39.59122563479699,0.0049998052418231,0.0281053129583596,0.0866009620949626,90683.20720691686,56,10000,3144,18,60,66.45,96.375,73.25,73.25,N/A (GPTCache eviction path is CPU-only),5.340576171875e-05
LRU,size_varying,500000,0.4394,0.4430864573891936,27.89554576007784,0.0016000121831893,0.005500391125679,0.0133002176880836,155618.52915927564,56,10000,5138,20,62,0.0,0.0,73.32421875,73.32421875,N/A (GPTCache eviction path is CPU-only),5.340576171875e-05
LRU,size_varying,500000,0.3574,0.3622838584431771,25.0963787509312,0.0016000121831893,0.0049998052418231,0.0129032135009766,238373.33904826897,56,10000,5993,21,63,0.0,0.0,73.1171875,73.1171875,N/A (GPTCache eviction path is CPU-only),5.340576171875e-05
Random,size_varying,500000,0.432,0.4321893046429305,28.016255408934,0.0014998950064182,0.0374000519514083,0.1088268961757427,78222.90086746306,56,10000,5293,19,61,20.05,38.095,73.16015625,73.16015625,N/A (GPTCache eviction path is CPU-only),5.340576171875e-05
FIFO,size_varying,500000,0.3616,0.3672668359638376,25.44156302633133,0.0016000121831893,0.0049998052418231,0.0125002115964889,206070.42198189264,56,10000,5969,21,63,0.0,0.0,73.1171875,73.1171875,N/A (GPTCache eviction path is CPU-only),5.340576171875e-05
GDSF,size_varying,500000,0.6404,0.6143631323813148,39.82549833075604,0.0069998204708099,0.0348999164998531,0.0942040234804154,62016.38845575675,56,10000,2922,19,61,35.5,67.45,73.2578125,73.2578125,N/A (GPTCache eviction path is CPU-only),5.340576171875e-05
LFU,size_varying,500000,0.394,0.3678000290783984,25.24576085975933,0.0019003637135028,0.4655147204175589,2.1032130625098966,7047.673281180859,56,10000,5655,6,48,52.63571428571429,104.755,73.16015625,73.16015625,N/A (GPTCache eviction path is CPU-only),5.340576171875e-05
LRU,size_varying,500000,0.404,0.404756076795529,26.01220973064597,0.0016000121831893,0.0053001567721366,0.0148021103814244,147820.31507133375,56,10000,5488,22,64,0.0,0.0,73.32421875,73.32421875,N/A (GPTCache eviction path is CPU-only),5.340576171875e-05
FIFO,size_varying,500000,0.409,0.4101877713850801,26.361285104571973,0.0016000121831893,0.0047003850340843,0.0106013100594282,245402.3867577921,56,10000,5454,22,64,0.0,0.0,73.1171875,73.1171875,N/A (GPTCache eviction path is CPU-only),5.340576171875e-05
GDSF,size_varying,500000,0.6403,0.64574725560766,40.654531001442166,0.0063995830714702,0.0352048315107821,0.0914044631645084,76178.28765272409,56,10000,2884,20,62,40.05,76.09499999999998,73.2109375,73.2109375,N/A (GPTCache eviction path is CPU-only),5.340576171875e-05
LFU,size_varying,500000,0.399,0.3740611584048629,26.572160278571907,0.0017993152141571,0.353505229577422,1.6000310750678188,9121.690652563891,56,10000,5577,11,53,59.25,97.145,73.38671875,73.38671875,N/A (GPTCache eviction path is CPU-only),5.340576171875e-05
FIFO,size_varying,500000,0.3373,0.3280531329624191,23.52366531084442,0.0014998950064182,0.0049001537263393,0.0124010909348726,281825.1003862746,56,10000,6321,23,65,0.0,0.0,73.32421875,73.32421875,N/A (GPTCache eviction path is CPU-only),5.340576171875e-05
LFU,size_varying,500000,0.4205,0.418139013829534,28.222777882657635,0.0017001293599605,0.443785195238887,1.625387682579464,9527.42359596163,56,10000,5371,13,55,68.45454545454545,103.1,73.34765625,73.34765625,N/A (GPTCache eviction path is CPU-only),5.340576171875e-05
LFU,size_varying,500000,0.4306,0.393526290257022,25.52633944597732,0.0016000121831893,0.3559602657333007,1.7791800340637822,8609.864976074405,56,10000,5272,12,54,61.92142857142858,109.23,73.3125,73.3125,N/A (GPTCache eviction path is CPU-only),5.340576171875e-05
LRU,size_varying,500000,0.3419,0.3336568910494754,23.92549329685531,0.0014998950064182,0.0052000395953655,0.0130995223298668,186839.05652474795,56,10000,6261,23,65,0.0,0.0,73.16015625,73.16015625,N/A (GPTCache eviction path is CPU-only),5.340576171875e-05
Random,size_varying,500000,0.3955,0.4025764769384885,25.872134727797125,0.0014998950064182,0.0370997004210948,0.1107102585956456,81326.20244612447,56,10000,5634,22,64,37.5,71.25,73.1171875,73.1171875,N/A (GPTCache eviction path is CPU-only),5.340576171875e-05
Random,size_varying,500000,0.3554,0.3618577239560826,25.06685926714047,0.0016004778444766,0.0425049569457768,0.1700143562629822,51116.77368938331,56,10000,6038,21,63,43.333333333333336,77.08,73.34375,73.34375,N/A (GPTCache eviction path is CPU-only),5.340576171875e-05
GDSF,size_varying,500000,0.5912,0.5453203078120799,37.77580664023118,0.0054002739489078,0.0322000123560428,0.0971993524581193,76482.7714914832,56,10000,3432,21,63,37.5,71.25,73.28515625,73.28515625,N/A (GPTCache eviction path is CPU-only),5.340576171875e-05
Random,size_varying,500000,0.4324,0.430166135851951,27.082116654614364,0.0016000121831893,0.0460053095594047,0.1588008180260658,43998.379077128295,56,10000,5233,20,62,33.46666666666667,50.36,73.14453125,73.14453125,N/A (GPTCache eviction path is CPU-only),5.340576171875e-05
LRU,size_varying,500000,0.4062,0.3988238042258368,26.93921797856265,0.0015499535948038,0.0046002678573131,0.0121012050658464,253620.4309340957,56,10000,5577,24,66,0.0,0.0,73.32421875,73.32421875,N/A (GPTCache eviction path is CPU-only),5.340576171875e-05
GDSF,size_varying,500000,0.6138,0.6118543990013137,39.32167017094757,0.0066999346017837,0.035599386319518,0.0991096301004292,54755.48669006626,56,10000,3167,22,64,53.26666666666667,95.74,73.2578125,73.2578125,N/A (GPTCache eviction path is CPU-only),5.340576171875e-05
Random,size_varying,500000,0.3361,0.3400387091661938,24.38311353689601,0.0014994293451309,0.0365099171176551,0.1172039657831193,92639.08383626996,56,10000,6284,23,65,49.85,94.715,73.26171875,73.26171875,N/A (GPTCache eviction path is CPU-only),5.340576171875e-05
LRU,size_varying,500000,0.4078,0.4089248182997305,26.72382960431723,0.0014002434909343,0.0047995941713452,0.011400394141674,270640.3869132158,56,10000,5495,25,67,0.0,0.0,73.34375,73.34375,N/A (GPTCache eviction path is CPU-only),5.340576171875e-05
FIFO,size_varying,500000,0.409,0.4039691091511764,27.28676616771589,0.0014998950064182,0.0045998021960258,0.0124997552484273,115349.56679797907,56,10000,5572,24,66,16.6,31.540000000000003,73.34765625,73.34765625,N/A (GPTCache eviction path is CPU-only),5.340576171875e-05
GDSF,size_varying,500000,0.5819,0.525407710594426,37.67534552756781,0.006900168955326,0.0393049558624624,0.1031002029776573,65685.67304882396,56,10000,3547,23,65,40.05,76.09499999999998,73.38671875,73.38671875,N/A (GPTCache eviction path is CPU-only),5.340576171875e-05
LFU,size_varying,500000,0.4193,0.3928167171953699,27.002055399227224,0.0018002465367317,0.4684398649260395,1.6778619680553688,9279.163922946074,56,10000,5374,14,56,68.67,99.975,73.203125,73.203125,N/A (GPTCache eviction path is CPU-only),5.340576171875e-05
FIFO,size_varying,500000,0.408,0.4073752680304775,26.622564248179103,0.001399777829647,0.0045001506805419,0.0106999697163701,248212.86795930748,56,10000,5540,25,67,0.0,0.0,73.28515625,73.28515625,N/A (GPTCache eviction path is CPU-only),5.340576171875e-05
LRU,size_varying,500000,0.4006,0.4002367541426286,26.118659905142835,0.0016000121831893,0.0051003880798816,0.0136997550725936,190426.49830571888,56,10000,5555,26,68,0.0,0.0,73.26171875,73.26171875,N/A (GPTCache eviction path is CPU-only),5.340576171875e-05
GDSF,size_varying,500000,0.641,0.6144672676646077,41.5052148064243,0.0068000517785549,0.0343998195603489,0.1035062037408353,66352.94983808877,56,10000,2891,24,66,60.1,114.19,73.1171875,73.1171875,N/A (GPTCache eviction path is CPU-only),5.340576171875e-05
Random,size_varying,500000,0.4014,0.4014784396756614,26.237197967855888,0.0014002434909343,0.0383998500183224,0.1156079536303879,105077.99956485878,56,10000,5615,25,67,0.0,0.0,73.32421875,73.32421875,N/A (GPTCache eviction path is CPU-only),5.340576171875e-05
Random,size_varying,500000,0.3988,0.3995372909876685,26.987411629990035,0.001399777829647,0.033205235376954,0.1139182783663276,71530.91166516337,56,10000,5595,24,66,0.0,0.0,73.16015625,73.16015625,N/A (GPTCache eviction path is CPU-only),5.340576171875e-05
FIFO,size_varying,500000,0.4006,0.3975864582780356,25.94570683269552,0.001599546521902,0.0048000365495681,0.0116010894998908,97207.99219914748,56,10000,5530,26,68,14.35,27.265,73.34375,73.34375,N/A (GPTCache eviction path is CPU-only),5.340576171875e-05
Random,size_varying,500000,0.3968,0.3956210887953317,25.817450702853936,0.0014994293451309,0.036710128188133,0.1157040661200881,93151.58830631772,56,10000,5584,26,68,41.55,78.945,73.38671875,73.38671875,N/A (GPTCache eviction path is CPU-only),5.340576171875e-05
GDSF,size_varying,500000,0.6234,0.6156555290891421,40.233981206478525,0.0072000548243522,0.0377045013010501,0.1007061870768667,56171.85429832342,56,10000,3095,25,67,53.36666666666667,96.65,73.2578125,73.2578125,N/A (GPTCache eviction path is CPU-only),5.340576171875e-05
FIFO,size_varying,500000,0.436,0.4345522109678206,26.74669882032601,0.0015003606677055,0.0048054382205008,0.0116006238386035,261311.5224790827,56,10000,5238,27,69,0.0,0.0,73.26171875,73.26171875,N/A (GPTCache eviction path is CPU-only),5.340576171875e-05
GDSF,size_varying,500000,0.6024,0.5983054431106456,39.04423126126471,0.0065998174250125,0.0372999347746372,0.0967061519622804,72779.3033023341,56,10000,3298,26,68,41.55,78.945,73.203125,73.203125,N/A (GPTCache eviction path is CPU-only),5.340576171875e-05
LFU,size_varying,500000,0.4106,0.4362618738787058,28.258764407276324,0.0018998980522155,0.4840145120397208,1.6008080821484327,9154.861624994835,56,10000,5472,17,59,73.84666666666668,107.75999999999996,73.171875,73.171875,N/A (GPTCache eviction path is CPU-only),5.340576171875e-05
LFU,size_varying,500000,0.3848,0.3643303026082572,24.78132545329919,0.0018002465367317,0.487184873782097,1.805260661058132,8623.763730234205,56,10000,5753,16,58,71.20666666666668,124.6,73.25,73.25,N/A (GPTCache eviction path is CPU-only),5.340576171875e-05
LFU,size_varying,500000,0.4819,0.4458797063952044,27.873959274052428,0.0016000121831893,0.4400048637762636,1.931606810539961,7493.164174158892,56,10000,4676,15,57,58.14615384615385,86.12,73.125,73.125,N/A (GPTCache eviction path is CPU-only),5.340576171875e-05
LRU,size_varying,500000,0.4372,0.4303073692637066,26.485428713456606,0.0011003576219081,0.0044996850192546,0.0108997384086251,316500.76565028983,56,10000,5202,27,69,0.0,0.0,73.28515625,73.28515625,N/A (GPTCache eviction path is CPU-only),5.340576171875e-05
LRU,size_varying,500000,0.4224,0.4304610624136809,28.48490939129781,0.0009997747838497,0.0040000304579734,0.0095014134421944,360349.9732164382,56,10000,5358,28,70,0.0,0.0,73.34375,73.34375,N/A (GPTCache eviction path is CPU-only),5.340576171875e-05
FIFO,size_varying,500000,0.4204,0.4250137249152695,28.12444260669245,0.0015003606677055,0.004699919372797,0.0105998525395989,191808.253094574,56,10000,5378,28,70,0.0,0.0,73.38671875,73.38671875,N/A (GPTCache eviction path is CPU-only),5.340576171875e-05
Random,size_varying,500000,0.4386,0.4370491047042564,26.9003826886144,0.0013993121683597,0.0365053769201039,0.1056018751114607,108891.65678347983,56,10000,5190,27,69,0.0,0.0,73.32421875,73.32421875,N/A (GPTCache eviction path is CPU-only),5.340576171875e-05
LRU,size_varying,500000,0.4344,0.4296574850346494,26.38289832882539,0.0016000121831893,0.0053001567721366,0.0133007485419512,213112.83249812148,56,10000,5242,29,71,97.7,97.7,73.171875,73.171875,N/A (GPTCache eviction path is CPU-only),5.340576171875e-05
Random,size_varying,500000,0.4159,0.4226485530029503,27.96793203349568,0.001399777829647,0.0379051780328153,0.1168039534240961,99164.14531153036,56,10000,5461,28,70,50.1,95.19,73.26171875,73.26171875,N/A (GPTCache eviction path is CPU-only),5.340576171875e-05
LFU,size_varying,500000,0.4732,0.4333706236000477,28.09283327253789,0.0017001293599605,0.373614835552868,2.018316886387766,10071.26223830005,56,10000,4754,19,61,81.34166666666668,121.91,73.0703125,73.0703125,N/A (GPTCache eviction path is CPU-only),5.340576171875e-05
LFU,size_varying,500000,0.3147,0.3459416924888721,23.964312894720443,0.0018998980522155,0.4251098725944756,1.4210683386772889,11188.731069829324,56,10000,6537,21,63,82.13000000000001,100.575,73.19140625,73.19140625,N/A (GPTCache eviction path is CPU-only),5.340576171875e-05
GDSF,size_varying,500000,0.6373,0.6399249783975732,39.38739749288948,0.0065998174250125,0.0367001630365848,0.0965093821287157,55654.713795262665,56,10000,2906,27,69,31.25,59.375,73.16015625,73.16015625,N/A (GPTCache eviction path is CPU-only),5.340576171875e-05
Random,size_varying,500000,0.4208,0.416765216488955,25.591255166268738,0.0013001263141632,0.0352047849446534,0.1071032276377082,97433.31419239978,56,10000,5434,29,71,40.05,76.09499999999998,73.28515625,73.28515625,N/A (GPTCache eviction path is CPU-only),5.340576171875e-05
FIFO,size_varying,500000,0.432,0.4300203169026805,26.405177834287635,0.001399777829647,0.0044054351747035,0.0108997337520122,295291.8634062255,56,10000,5287,29,71,0.0,0.0,73.25,73.25,N/A (GPTCache eviction path is CPU-only),5.340576171875e-05
GDSF,size_varying,500000,0.6098,0.6071388188775517,40.17621047231098,0.0064000487327575,0.0370050547644495,0.0948077952489258,72791.69995973089,56,10000,3237,28,70,41.55,78.945,73.203125,73.203125,N/A (GPTCache eviction path is CPU-only),5.340576171875e-05
LFU,size_varying,500000,0.4898,0.4658554433968682,29.329020605664816,0.0016996636986732,0.4903448978438967,1.6145657189190423,11134.45015751945,56,10000,4586,20,62,76.30000000000001,100.3,73.40625,73.40625,N/A (GPTCache eviction path is CPU-only),5.340576171875e-05
GDSF,size_varying,500000,0.6118,0.6094025694411697,37.42005339344839,0.0068000517785549,0.0387051608413457,0.1248074835166336,62326.34320633855,56,10000,3201,29,71,60.1,98.19,73.34375,73.34375,N/A (GPTCache eviction path is CPU-only),5.340576171875e-05
LFU,size_varying,500000,0.3975,0.399270996042157,25.65970342097958,0.0018002465367317,0.4200996132567525,1.3909184606745844,11327.851937016769,56,10000,5593,22,64,84.96363636363637,124.0,73.16015625,73.16015625,N/A (GPTCache eviction path is CPU-only),5.340576171875e-05
LFU,size_varying,500000,0.4497,0.437361834839591,28.39005895978171,0.0017001293599605,0.4593098768964408,1.9828637363389148,7480.428580135543,56,10000,5047,18,60,56.73333333333334,99.865,73.4140625,73.4140625,N/A (GPTCache eviction path is CPU-only),5.340576171875e-05
LFU,size_varying,500000,0.3541,0.3329261288661269,23.87309262362388,0.0019003637135028,0.4678850760683405,1.5869999770075127,10889.021060385032,56,10000,6047,23,65,79.93846153846154,100.44,73.1171875,73.1171875,N/A (GPTCache eviction path is CPU-only),5.340576171875e-05
LFU,size_varying,500000,0.3831,0.3827853117003147,24.97981324679087,0.0016000121831893,0.3971346653997893,1.3585545169189628,11332.605627983045,56,10000,5761,26,68,73.49166666666667,122.81,73.34765625,73.34765625,N/A (GPTCache eviction path is CPU-only),5.340576171875e-05
LFU,size_varying,500000,0.4452,0.4111557282478957,27.77219832177506,0.0016000121831893,0.3878248156979662,1.4335494302213223,9308.322740627018,56,10000,5073,24,66,66.54666666666668,108.35999999999996,73.3125,73.3125,N/A (GPTCache eviction path is CPU-only),5.340576171875e-05
LFU,size_varying,500000,0.372,0.3832441420272923,25.045560186281463,0.0017001293599605,0.3944097785279153,1.2636435357853824,10375.497555942473,56,10000,5894,25,67,72.20909090909092,126.0,73.14453125,73.14453125,N/A (GPTCache eviction path is CPU-only),5.340576171875e-05
LFU,size_varying,500000,0.4429,0.459101384387402,28.25770102252196,0.0014998950064182,0.3995151259005067,1.3579329801723368,12828.375953337938,56,10000,5105,27,69,85.9,113.1,73.1953125,73.1953125,N/A (GPTCache eviction path is CPU-only),5.340576171875e-05
LFU,size_varying,500000,0.424,0.4085671183810881,27.0361209492268,0.0015003606677055,0.4282202338799831,1.2587036890909078,13640.949480452611,56,10000,5305,28,70,90.0,125.0,73.2578125,73.2578125,N/A (GPTCache eviction path is CPU-only),5.340576171875e-05
LFU,size_varying,500000,0.3483,0.3806346696099257,23.372677396589204,0.0016000121831893,0.3575448179617517,1.0568315908312804,14386.547535722404,56,10000,6165,29,71,78.55,114.65999999999995,73.125,73.125,N/A (GPTCache eviction path is CPU-only),5.340576171875e-05
