policy_name,workload_name,cache_size,hit_rate,cost_weighted_hit_rate,dollar_savings,latency_p50,latency_p95,latency_p99,throughput,memory_overhead_bytes,n_queries,n_evictions,run_id,seed,cpu_percent_mean,cpu_percent_p95,rss_mean_mb,rss_peak_mb,gpu_utilization,grid_regime
LRU,high_variance_cost,10000,0.0248,0.025874716080118664,7.887723551420932,0.000600004568696022,0.0011050076864193396,0.001600012183189392,867912.4102845074,56,10000,9726,0,42,0.0,0.0,91.49609375,91.49609375,N/A (GPTCache eviction path is CPU-only),stress
LFU,high_variance_cost,10000,0.0251,0.025460112483406742,7.761334587609219,0.0040000013541430235,0.011799987987615168,0.01750000228639692,202192.57626844067,56,10000,9724,0,42,0.0,0.0,92.125,92.125,N/A (GPTCache eviction path is CPU-only),stress
FIFO,high_variance_cost,10000,0.0248,0.02584500019255988,7.878664874006926,0.0008999923011288047,0.0016999983927235007,0.0023999891709536314,581141.9438877201,56,10000,9726,0,42,0.0,0.0,92.1328125,92.1328125,N/A (GPTCache eviction path is CPU-only),stress
Random,high_variance_cost,10000,0.022,0.022954423575445068,6.997493108125328,0.001500011421740055,0.0033999967854470015,0.0048000074457377195,448201.3679829518,56,10000,9758,0,42,0.0,0.0,92.13671875,92.13671875,N/A (GPTCache eviction path is CPU-only),stress
"GDSF(a=1.0,b=1.0)",high_variance_cost,10000,0.0169,0.037931075366706105,11.563019110017535,0.0040000013541430235,0.008300004992634058,0.01279999574762769,198099.43401793938,56,10000,9814,0,42,0.0,0.0,92.1484375,92.1484375,N/A (GPTCache eviction path is CPU-only),stress
LRU,high_variance_cost,10000,0.0254,0.024225211646077,7.374736793126686,0.0007999915396794677,0.0014999968698248267,0.0022000021999701858,685598.3215020563,56,10000,9717,1,43,0.0,0.0,93.69921875,93.69921875,N/A (GPTCache eviction path is CPU-only),stress
LFU,high_variance_cost,10000,0.0224,0.02192095612742122,6.673266019518485,0.0040000013541430235,0.010900010238401592,0.017201000009663424,204062.05932953447,56,10000,9752,1,43,0.0,0.0,93.90625,93.90625,N/A (GPTCache eviction path is CPU-only),stress
FIFO,high_variance_cost,10000,0.0255,0.02438431978289685,7.423173134894671,0.0007999915396794677,0.0013999961083754897,0.0018999999156221747,714117.3870443704,56,10000,9716,1,43,0.0,0.0,93.91015625,93.91015625,N/A (GPTCache eviction path is CPU-only),stress
Random,high_variance_cost,10000,0.0235,0.024735646289841914,7.530125369410567,0.001100008375942707,0.0025999906938523054,0.003500012098811567,574874.5335226139,56,10000,9739,1,43,0.0,0.0,93.91015625,93.91015625,N/A (GPTCache eviction path is CPU-only),stress
"GDSF(a=1.0,b=1.0)",high_variance_cost,10000,0.0166,0.031957145451796856,9.728523317352828,0.0040000013541430235,0.007499998901039362,0.011299998732283711,209457.86023144488,56,10000,9816,1,43,0.0,0.0,93.91015625,93.91015625,N/A (GPTCache eviction path is CPU-only),stress
LRU,high_variance_cost,10000,0.0258,0.023696293206646898,6.907440162964292,0.0006999907782301307,0.0012999953469261527,0.0017999991541728377,794697.7760310535,56,10000,9715,2,44,0.0,0.0,94.71484375,94.71484375,N/A (GPTCache eviction path is CPU-only),stress
LFU,high_variance_cost,10000,0.0256,0.026277684429803883,7.659912511937272,0.0041000021155923605,0.011299998732283711,0.01780000457074493,199670.5435816308,56,10000,9720,2,44,0.0,0.0,94.71484375,94.71484375,N/A (GPTCache eviction path is CPU-only),stress
FIFO,high_variance_cost,10000,0.0262,0.023966133371446364,6.986098237274155,0.000700005330145359,0.001300009898841381,0.0017999991541728377,761962.8159469693,56,10000,9711,2,44,0.0,0.0,94.71484375,94.71484375,N/A (GPTCache eviction path is CPU-only),stress
Random,high_variance_cost,10000,0.0252,0.025554434732920652,7.4490861197865526,0.0011999945854768157,0.002700006007216871,0.0037999998312443495,566536.9296232673,56,10000,9725,2,44,0.0,0.0,94.71484375,94.71484375,N/A (GPTCache eviction path is CPU-only),stress
"GDSF(a=1.0,b=1.0)",high_variance_cost,10000,0.0184,0.039188842751752224,11.423499194701666,0.0040000013541430235,0.007399998139590025,0.010500007192604244,210446.12477134546,56,10000,9800,2,44,0.0,0.0,94.71875,94.71875,N/A (GPTCache eviction path is CPU-only),stress
LRU,high_variance_cost,10000,0.0228,0.02082825516484597,6.615500967081509,0.0006999907782301307,0.001200009137392044,0.001600012183189392,791132.9814433304,56,10000,9753,3,45,0.0,0.0,95.05078125,95.05078125,N/A (GPTCache eviction path is CPU-only),stress
LFU,high_variance_cost,10000,0.03,0.013419846304564201,4.262431274405133,0.0048000074457377195,0.013104997924528943,0.020499996171565726,172995.4156094871,56,10000,9672,3,45,0.0,0.0,95.0546875,95.0546875,N/A (GPTCache eviction path is CPU-only),stress
FIFO,high_variance_cost,10000,0.0226,0.020267158857648404,6.437284734684069,0.0007999915396794677,0.001300009898841381,0.001700012944638729,673155.8892456763,56,10000,9755,3,45,0.0,0.0,95.07421875,95.07421875,N/A (GPTCache eviction path is CPU-only),stress
Random,high_variance_cost,10000,0.0217,0.02196415888575937,6.9762883736472405,0.0011999945854768157,0.0026000052457675338,0.0034999976924154907,573115.1674107421,56,10000,9762,3,45,0.0,0.0,95.07421875,95.07421875,N/A (GPTCache eviction path is CPU-only),stress
"GDSF(a=1.0,b=1.0)",high_variance_cost,10000,0.0157,0.030436986445820206,9.667440295585578,0.0043000036384910345,0.007900002674432471,0.011800002539530396,185597.27991049457,56,10000,9826,3,45,0.0,0.0,95.07421875,95.07421875,N/A (GPTCache eviction path is CPU-only),stress
LRU,high_variance_cost,10000,0.0249,0.02617151710449546,8.031225040523491,0.000600004568696022,0.0011999945854768157,0.0014999968698248267,854569.3834120044,56,10000,9732,4,46,0.0,0.0,95.078125,95.078125,N/A (GPTCache eviction path is CPU-only),stress
LFU,high_variance_cost,10000,0.0272,0.016238727659535705,4.983160727167131,0.004299989086575806,0.011800002539530396,0.018900998402386925,194860.36310358054,56,10000,9701,4,46,0.0,0.0,95.078125,95.078125,N/A (GPTCache eviction path is CPU-only),stress
FIFO,high_variance_cost,10000,0.0251,0.02651286801794178,8.135975024742203,0.0007999915396794677,0.0014999968698248267,0.0020000006770715117,670075.1153975985,56,10000,9730,4,46,0.0,0.0,95.078125,95.078125,N/A (GPTCache eviction path is CPU-only),stress
Random,high_variance_cost,10000,0.0252,0.023906675607288846,7.336215589120383,0.0011999945854768157,0.0026000052457675338,0.0036999990697950125,574811.7495253518,56,10000,9727,4,46,0.0,0.0,95.078125,95.078125,N/A (GPTCache eviction path is CPU-only),stress
"GDSF(a=1.0,b=1.0)",high_variance_cost,10000,0.0194,0.03949132603297608,12.118660345641016,0.0037999998312443495,0.007000009645707905,0.010100004146806896,220055.89421925612,56,10000,9791,4,46,0.0,0.0,95.078125,95.078125,N/A (GPTCache eviction path is CPU-only),stress
LRU,high_variance_cost,10000,0.0226,0.026076124854660123,8.416918317151502,0.000600004568696022,0.001100008375942707,0.0014999968698248267,869512.2906637333,56,10000,9750,5,47,0.0,0.0,95.078125,95.078125,N/A (GPTCache eviction path is CPU-only),stress
LFU,high_variance_cost,10000,0.0183,0.02761399064479849,8.913314572748623,0.0037999998312443495,0.010299991117790341,0.015600002370774746,215518.17031362583,56,10000,9796,5,47,0.0,0.0,95.078125,95.078125,N/A (GPTCache eviction path is CPU-only),stress
FIFO,high_variance_cost,10000,0.0225,0.025225626738031807,8.142392358388408,0.0006999907782301307,0.001200009137392044,0.0015999976312741637,761220.3885146468,56,10000,9751,5,47,0.0,0.0,95.078125,95.078125,N/A (GPTCache eviction path is CPU-only),stress
Random,high_variance_cost,10000,0.0243,0.027022201655611238,8.72229540825461,0.0010999938240274787,0.0025999906938523054,0.0035999983083456755,599329.9492126359,56,10000,9731,5,47,0.0,0.0,95.078125,95.078125,N/A (GPTCache eviction path is CPU-only),stress
"GDSF(a=1.0,b=1.0)",high_variance_cost,10000,0.0191,0.040202262642971255,12.976589225453408,0.0039000005926936865,0.00790000194683671,0.014101005508564435,205458.624736246,56,10000,9793,5,47,0.0,0.0,95.078125,95.078125,N/A (GPTCache eviction path is CPU-only),stress
LRU,high_variance_cost,10000,0.0259,0.02517199788420285,7.314194679834172,0.000600004568696022,0.001100008375942707,0.001500011421740055,861319.0237941906,56,10000,9717,6,48,0.0,0.0,95.078125,95.078125,N/A (GPTCache eviction path is CPU-only),stress
LFU,high_variance_cost,10000,0.0249,0.022803456626576565,6.625970727758842,0.003700013621710241,0.010200004908256233,0.015700003132224083,222513.96275062775,56,10000,9728,6,48,0.0,0.0,95.078125,95.078125,N/A (GPTCache eviction path is CPU-only),stress
FIFO,high_variance_cost,10000,0.0261,0.024571840042568703,7.13980759651505,0.000600004568696022,0.001200009137392044,0.0016999983927235007,825934.3378042958,56,10000,9715,6,48,0.0,0.0,95.078125,95.078125,N/A (GPTCache eviction path is CPU-only),stress
Random,high_variance_cost,10000,0.0263,0.027796435217069693,8.076774021605825,0.0010999938240274787,0.0024999899324029684,0.0033999969309661537,621654.720379328,56,10000,9712,6,48,0.0,0.0,95.078125,95.078125,N/A (GPTCache eviction path is CPU-only),stress
"GDSF(a=1.0,b=1.0)",high_variance_cost,10000,0.0185,0.03831911673916598,11.134335902890058,0.0036999990697950125,0.006800008122809231,0.009699986694613472,227475.90461090882,56,10000,9799,6,48,0.0,0.0,95.078125,95.078125,N/A (GPTCache eviction path is CPU-only),stress
LRU,high_variance_cost,10000,0.0228,0.024107048370035692,7.308136989183568,0.000600004568696022,0.001100008375942707,0.001500011421740055,866325.9117683202,56,10000,9747,7,49,0.0,0.0,95.078125,95.078125,N/A (GPTCache eviction path is CPU-only),stress
LFU,high_variance_cost,10000,0.0249,0.021445595108716776,6.501308018441382,0.0040000013541430235,0.01239999255631119,0.020199993887217715,188259.0369098791,56,10000,9725,7,49,0.0,0.0,95.078125,95.078125,N/A (GPTCache eviction path is CPU-only),stress
FIFO,high_variance_cost,10000,0.0228,0.02457451695031248,7.449851742908802,0.0006999907782301307,0.0012999953469261527,0.001700012944638729,790501.3355887487,56,10000,9747,7,49,0.0,0.0,95.078125,95.078125,N/A (GPTCache eviction path is CPU-only),stress
Random,high_variance_cost,10000,0.0248,0.024097701164323203,7.305303350707202,0.001300009898841381,0.0030999945010989904,0.00449999060947448,472493.7747267924,56,10000,9727,7,49,0.0,0.0,95.078125,95.078125,N/A (GPTCache eviction path is CPU-only),stress
"GDSF(a=1.0,b=1.0)",high_variance_cost,10000,0.0177,0.036873652463361446,11.178378180413988,0.0049000082071870565,0.011299998732283711,0.02090001362375915,147703.94220099208,56,10000,9805,7,49,50.4,95.75999999999999,95.078125,95.078125,N/A (GPTCache eviction path is CPU-only),stress
LRU,high_variance_cost,10000,0.0251,0.024693841348152702,7.208302020979851,0.000600004568696022,0.001200009137392044,0.0016999983927235007,810872.17401388,56,10000,9728,8,50,0.0,0.0,95.08203125,95.08203125,N/A (GPTCache eviction path is CPU-only),stress
LFU,high_variance_cost,10000,0.0257,0.02078691212190951,6.067842525824765,0.00449999060947448,0.012200005585327744,0.01889999839477241,188885.23712075566,56,10000,9712,8,50,0.0,0.0,95.08203125,95.08203125,N/A (GPTCache eviction path is CPU-only),stress
FIFO,high_variance_cost,10000,0.0253,0.02550841173584403,7.446080716041606,0.000700005330145359,0.001300009898841381,0.0018999999156221747,725926.46424489,56,10000,9726,8,50,0.0,0.0,95.08203125,95.08203125,N/A (GPTCache eviction path is CPU-only),stress
Random,high_variance_cost,10000,0.0253,0.02388593673903877,6.97246911250162,0.0013999961083754897,0.0031999952625483274,0.004601005784934408,472929.514483395,56,10000,9723,8,50,0.0,0.0,95.08203125,95.08203125,N/A (GPTCache eviction path is CPU-only),stress
"GDSF(a=1.0,b=1.0)",high_variance_cost,10000,0.0188,0.0408273813761772,11.917793247960144,0.004399989848025143,0.009399998816661537,0.0159009902563412,175951.63441105935,56,10000,9793,8,50,0.0,0.0,95.08203125,95.08203125,N/A (GPTCache eviction path is CPU-only),stress
LRU,high_variance_cost,10000,0.0216,0.02203106884554593,6.737816921688097,0.000900006853044033,0.0017999991541728377,0.0024999899324029684,564187.6264013732,56,10000,9760,9,51,0.0,0.0,95.08203125,95.08203125,N/A (GPTCache eviction path is CPU-only),stress
LFU,high_variance_cost,10000,0.0269,0.01938393857451643,5.928238445986439,0.007800001185387373,0.021700005163438618,0.0322030120878481,110187.25222321843,56,10000,9702,9,51,62.0,117.8,95.08203125,95.08203125,N/A (GPTCache eviction path is CPU-only),stress
FIFO,high_variance_cost,10000,0.0214,0.021797014426880246,6.666235473064901,0.0011999945854768157,0.0020999868866056204,0.002700006007216871,460806.13443530176,56,10000,9762,9,51,0.0,0.0,95.08203125,95.08203125,N/A (GPTCache eviction path is CPU-only),stress
Random,high_variance_cost,10000,0.0223,0.022113833542295756,6.763129056028419,0.0020000006770715117,0.004405003710417004,0.006100002792663872,337779.63943793706,56,10000,9753,9,51,0.0,0.0,95.08203125,95.08203125,N/A (GPTCache eviction path is CPU-only),stress
"GDSF(a=1.0,b=1.0)",high_variance_cost,10000,0.017,0.036786297562014236,11.250445447620821,0.006199989002197981,0.012100004823878407,0.019803005125140837,133053.38901907377,56,10000,9811,9,51,0.0,0.0,95.12109375,95.12109375,N/A (GPTCache eviction path is CPU-only),stress
LRU,high_variance_cost,10000,0.0252,0.024203418005143536,6.919474925078904,0.001100008375942707,0.0020000006770715117,0.0026000052457675338,480683.7245878462,56,10000,9722,10,52,0.0,0.0,95.12109375,95.12109375,N/A (GPTCache eviction path is CPU-only),stress
LFU,high_variance_cost,10000,0.0264,0.022954648083666478,6.562466168835592,0.00650000583846122,0.01829999382607639,0.028500998741947135,126291.0098668635,56,10000,9709,10,52,50.1,95.19,95.12109375,95.12109375,N/A (GPTCache eviction path is CPU-only),stress
FIFO,high_variance_cost,10000,0.0257,0.024442615004767684,6.987858557535347,0.000800006091594696,0.0015999976312741637,0.002201002062065549,641276.396104922,56,10000,9717,10,52,0.0,0.0,95.12109375,95.12109375,N/A (GPTCache eviction path is CPU-only),stress
Random,high_variance_cost,10000,0.0243,0.02607128193790492,7.4534754387028475,0.0015999976312741637,0.0035999983083456755,0.004899993655271828,423405.87675639807,56,10000,9734,10,52,0.0,0.0,95.12109375,95.12109375,N/A (GPTCache eviction path is CPU-only),stress
"GDSF(a=1.0,b=1.0)",high_variance_cost,10000,0.0178,0.038557047217846294,11.02301011172362,0.00650000583846122,0.012999997852602974,0.02270101264002735,124208.48145464179,56,10000,9805,10,52,40.05,76.09499999999998,95.12109375,95.12109375,N/A (GPTCache eviction path is CPU-only),stress
LRU,high_variance_cost,10000,0.0249,0.026685771888487076,8.452731384703794,0.000900006853044033,0.0017999991541728377,0.0024000037228688598,569852.5219565177,56,10000,9729,11,53,0.0,0.0,95.125,95.125,N/A (GPTCache eviction path is CPU-only),stress
LFU,high_variance_cost,10000,0.0215,0.026349809522042526,8.346315139717815,0.0049000082071870565,0.015700003132224083,0.02530098892748358,149458.28844317174,56,10000,9767,11,53,0.0,0.0,95.125,95.125,N/A (GPTCache eviction path is CPU-only),stress
FIFO,high_variance_cost,10000,0.025,0.026681428141082843,8.451355500574813,0.0011999945854768157,0.0020000006770715117,0.0026000052457675338,461953.5089366034,56,10000,9728,11,53,0.0,0.0,95.125,95.125,N/A (GPTCache eviction path is CPU-only),stress
Random,high_variance_cost,10000,0.025,0.028844812198037674,9.13660846578056,0.0020000006770715117,0.0045000051613897085,0.00689999433234334,324881.01227892505,56,10000,9732,11,53,0.0,0.0,95.125,95.125,N/A (GPTCache eviction path is CPU-only),stress
"GDSF(a=1.0,b=1.0)",high_variance_cost,10000,0.0193,0.04122496971754671,13.058029455588155,0.006999995093792677,0.01379998866468668,0.023100001271814108,118952.45707496628,56,10000,9788,11,53,50.1,95.19,95.125,95.125,N/A (GPTCache eviction path is CPU-only),stress
LRU,high_variance_cost,10000,0.0251,0.02332114861736255,6.930145873949785,0.000900006853044033,0.0018999999156221747,0.0026000052457675338,556145.688033484,56,10000,9723,12,54,0.0,0.0,95.1484375,95.1484375,N/A (GPTCache eviction path is CPU-only),stress
LFU,high_variance_cost,10000,0.0252,0.018499586452878775,5.497363565992925,0.00790000194683671,0.022499996703118086,0.03559999473509379,103075.03760672334,56,10000,9722,12,54,40.05,76.09499999999998,95.1484375,95.1484375,N/A (GPTCache eviction path is CPU-only),stress
FIFO,high_variance_cost,10000,0.025,0.023116641241718236,6.86937416974399,0.0011999945854768157,0.0021000014385208488,0.0027999922167509794,460028.1538436715,56,10000,9724,12,54,0.0,0.0,95.1484375,95.1484375,N/A (GPTCache eviction path is CPU-only),stress
Random,high_variance_cost,10000,0.0243,0.021186694046128784,6.295868301148063,0.0015999976312741637,0.0035999983083456755,0.005500012775883079,398622.3611639008,56,10000,9735,12,54,0.0,0.0,95.1484375,95.1484375,N/A (GPTCache eviction path is CPU-only),stress
"GDSF(a=1.0,b=1.0)",high_variance_cost,10000,0.0195,0.03999639274052093,11.885385264310509,0.005399997462518513,0.011299998732283711,0.0208009983180091,143640.59973730522,56,10000,9787,12,54,49.6,94.24,95.1484375,95.1484375,N/A (GPTCache eviction path is CPU-only),stress
LRU,high_variance_cost,10000,0.0239,0.023222565997102363,7.431088188605489,0.0009999930625781417,0.001700012944638729,0.0023000029614195228,560522.4072071906,56,10000,9739,13,55,0.0,0.0,95.1484375,95.1484375,N/A (GPTCache eviction path is CPU-only),stress
LFU,high_variance_cost,10000,0.028,0.02060428853846054,6.593254389367584,0.006349997420329601,0.018600010662339628,0.03029999788850546,130221.05023892147,56,10000,9692,13,55,50.1,95.19,95.1484375,95.1484375,N/A (GPTCache eviction path is CPU-only),stress
FIFO,high_variance_cost,10000,0.0242,0.023608532145923133,7.554595146883116,0.0009999930625781417,0.0016999983927235007,0.0023000029614195228,563971.2599304979,56,10000,9734,13,55,0.0,0.0,95.1484375,95.1484375,N/A (GPTCache eviction path is CPU-only),stress
Random,high_variance_cost,10000,0.0232,0.024814510877856973,7.940501437846018,0.001700012944638729,0.0037999998312443495,0.00549999822396785,381493.01100259315,56,10000,9748,13,55,0.0,0.0,95.1484375,95.1484375,N/A (GPTCache eviction path is CPU-only),stress
"GDSF(a=1.0,b=1.0)",high_variance_cost,10000,0.0175,0.034463783787803265,11.028213534721095,0.00650000583846122,0.013799989392282441,0.024800999526632974,118967.5991797112,56,10000,9807,13,55,50.1,95.19,95.1484375,95.1484375,N/A (GPTCache eviction path is CPU-only),stress
LRU,high_variance_cost,10000,0.0224,0.018411517273597727,5.803284062163098,0.001100008375942707,0.0020000006770715117,0.002700006007216871,471471.27340602636,56,10000,9752,14,56,0.0,0.0,95.1484375,95.1484375,N/A (GPTCache eviction path is CPU-only),stress
LFU,high_variance_cost,10000,0.0272,0.014816412313802974,4.670112091328369,0.00790000194683671,0.02140500218956724,0.03559999473509379,106340.66870630799,56,10000,9700,14,56,37.8,71.82,95.1484375,95.1484375,N/A (GPTCache eviction path is CPU-only),stress
FIFO,high_variance_cost,10000,0.0224,0.01805767190127906,5.6917525040013075,0.0011999945854768157,0.0021000014385208488,0.003101008915109582,431995.29996598733,56,10000,9752,14,56,0.0,0.0,95.1484375,95.1484375,N/A (GPTCache eviction path is CPU-only),stress
Random,high_variance_cost,10000,0.0247,0.022469178485578556,7.082253105899294,0.0021000014385208488,0.0047000066842883825,0.006799993570894003,312093.3035177261,56,10000,9732,14,56,0.0,0.0,95.1484375,95.1484375,N/A (GPTCache eviction path is CPU-only),stress
"GDSF(a=1.0,b=1.0)",high_variance_cost,10000,0.0161,0.031778207938048995,10.016445951222147,0.007299997378140688,0.014699995517730713,0.02750600557192242,111064.46404448416,56,10000,9819,14,56,49.6,94.24,95.1484375,95.1484375,N/A (GPTCache eviction path is CPU-only),stress
LRU,high_variance_cost,10000,0.0254,0.027774887164073093,8.793681932437478,0.00100000761449337,0.0020000006770715117,0.0028999929782003164,503765.64820123254,56,10000,9723,15,57,0.0,0.0,95.1484375,95.1484375,N/A (GPTCache eviction path is CPU-only),stress
LFU,high_variance_cost,10000,0.0266,0.020652750295784263,6.538774255259578,0.005999987479299307,0.01679999695625156,0.025300003471784294,141367.73280372453,56,10000,9712,15,57,50.4,95.75999999999999,95.1484375,95.1484375,N/A (GPTCache eviction path is CPU-only),stress
FIFO,high_variance_cost,10000,0.0254,0.027771103165562083,8.792483897711286,0.000900006853044033,0.0018999999156221747,0.0026999914553016424,552611.3645907133,56,10000,9723,15,57,0.0,0.0,95.1484375,95.1484375,N/A (GPTCache eviction path is CPU-only),stress
Random,high_variance_cost,10000,0.0243,0.02600068755134724,8.231960583695301,0.0021000014385208488,0.0047000066842883825,0.006300004315562546,318813.50368611875,56,10000,9734,15,57,0.0,0.0,95.1484375,95.1484375,N/A (GPTCache eviction path is CPU-only),stress
"GDSF(a=1.0,b=1.0)",high_variance_cost,10000,0.0186,0.040674324718933175,12.877714760174948,0.005599998985417187,0.011105011071776898,0.01780200458597396,146039.5533745693,56,10000,9797,15,57,0.0,0.0,95.15234375,95.15234375,N/A (GPTCache eviction path is CPU-only),stress
LRU,high_variance_cost,10000,0.0214,0.022866423648128124,7.085130939393963,0.000900006853044033,0.0017999991541728377,0.0024999899324029684,567714.0991638345,56,10000,9762,16,58,0.0,0.0,95.15234375,95.15234375,N/A (GPTCache eviction path is CPU-only),stress
LFU,high_variance_cost,10000,0.0249,0.01947552324924003,6.03446496301457,0.005800000508315861,0.0168999977177009,0.027399990503909066,138490.7280367243,56,10000,9726,16,58,49.6,94.24,95.15234375,95.15234375,N/A (GPTCache eviction path is CPU-only),stress
FIFO,high_variance_cost,10000,0.0216,0.022878428355002277,7.088850581844451,0.000900006853044033,0.001700012944638729,0.0024000037228688598,562363.2755516408,56,10000,9761,16,58,0.0,0.0,95.15234375,95.15234375,N/A (GPTCache eviction path is CPU-only),stress
Random,high_variance_cost,10000,0.0211,0.025106884448037315,7.779334736901031,0.0016999983927235007,0.0037999998312443495,0.005299996701069176,392546.33028210665,56,10000,9763,16,58,0.0,0.0,95.15234375,95.15234375,N/A (GPTCache eviction path is CPU-only),stress
"GDSF(a=1.0,b=1.0)",high_variance_cost,10000,0.0173,0.036783829068486186,11.397420489226572,0.005599998985417187,0.011805016401922257,0.02320100204087796,137775.0161651703,56,10000,9810,16,58,62.0,117.8,95.15234375,95.15234375,N/A (GPTCache eviction path is CPU-only),stress
LRU,high_variance_cost,10000,0.0215,0.02293828394376267,7.085831634080284,0.000800006091594696,0.0017999853298533708,0.0028999929782003164,613068.1608260213,56,10000,9767,17,59,0.0,0.0,95.15234375,95.15234375,N/A (GPTCache eviction path is CPU-only),stress
LFU,high_variance_cost,10000,0.0229,0.029966689400096426,9.25696605031347,0.0041000021155923605,0.013600001693703234,0.023301002802327296,174725.89875936374,56,10000,9751,17,59,0.0,0.0,95.15234375,95.15234375,N/A (GPTCache eviction path is CPU-only),stress
FIFO,high_variance_cost,10000,0.0214,0.022803170886081622,7.044094057693102,0.000800006091594696,0.0015999976312741637,0.0021010013006162115,638936.8093843127,56,10000,9768,17,59,0.0,0.0,95.15234375,95.15234375,N/A (GPTCache eviction path is CPU-only),stress
Random,high_variance_cost,10000,0.0241,0.025015415976922556,7.727475442519057,0.0015999976312741637,0.0036999990697950125,0.0051000097300857306,413250.4628028496,56,10000,9739,17,59,0.0,0.0,95.15234375,95.15234375,N/A (GPTCache eviction path is CPU-only),stress
"GDSF(a=1.0,b=1.0)",high_variance_cost,10000,0.0168,0.037918033437048235,11.713204069191473,0.0048000074457377195,0.00999998883344233,0.0158020037633833,165072.34295146505,56,10000,9818,17,59,0.0,0.0,95.15234375,95.15234375,N/A (GPTCache eviction path is CPU-only),stress
LRU,high_variance_cost,10000,0.021,0.020817318219153644,6.492585101238128,0.000900006853044033,0.0017999991541728377,0.002700006007216871,556179.713156983,56,10000,9764,18,60,0.0,0.0,95.15234375,95.15234375,N/A (GPTCache eviction path is CPU-only),stress
LFU,high_variance_cost,10000,0.0192,0.02826504445167939,8.815410542360821,0.0051000097300857306,0.014105004811426552,0.0225009967107326,159822.78848237402,56,10000,9788,18,60,0.0,0.0,95.15234375,95.15234375,N/A (GPTCache eviction path is CPU-only),stress
FIFO,high_variance_cost,10000,0.0209,0.020808605270046417,6.4898676732310285,0.000900006853044033,0.0016999983927235007,0.0023000029614195228,583689.3839724298,56,10000,9765,18,60,0.0,0.0,95.15234375,95.15234375,N/A (GPTCache eviction path is CPU-only),stress
Random,high_variance_cost,10000,0.0201,0.021738184527570245,6.779788419711532,0.0015999976312741637,0.003600012860260904,0.00549999822396785,414609.1687530213,56,10000,9772,18,60,0.0,0.0,95.15234375,95.15234375,N/A (GPTCache eviction path is CPU-only),stress
"GDSF(a=1.0,b=1.0)",high_variance_cost,10000,0.0148,0.03162806182438131,9.864281307525943,0.004999994416721165,0.00999998883344233,0.0168999977177009,162493.03310190124,56,10000,9837,18,60,0.0,0.0,95.15234375,95.15234375,N/A (GPTCache eviction path is CPU-only),stress
LRU,high_variance_cost,10000,0.0225,0.021629607189282186,6.9886656339488695,0.0008999923011288047,0.0017999991541728377,0.0025999906938523054,579898.4016171221,56,10000,9754,19,61,0.0,0.0,95.15234375,95.15234375,N/A (GPTCache eviction path is CPU-only),stress
LFU,high_variance_cost,10000,0.0203,0.023629233859294448,7.634757912331392,0.0042000028770416975,0.013500000932253897,0.02409999433439225,171248.7113623246,56,10000,9776,19,61,0.0,0.0,95.15234375,95.15234375,N/A (GPTCache eviction path is CPU-only),stress
FIFO,high_variance_cost,10000,0.0225,0.02162991512057884,6.988765128537548,0.0006999907782301307,0.0012999953469261527,0.0018999999156221747,770754.4915855316,56,10000,9754,19,61,0.0,0.0,95.15234375,95.15234375,N/A (GPTCache eviction path is CPU-only),stress
Random,high_variance_cost,10000,0.0244,0.02229569359078533,7.2038824477674925,0.0012999953469261527,0.0035050114092881994,0.005800000508315861,431609.34187296923,56,10000,9735,19,61,0.0,0.0,95.15234375,95.15234375,N/A (GPTCache eviction path is CPU-only),stress
"GDSF(a=1.0,b=1.0)",high_variance_cost,10000,0.0161,0.03256539588578929,10.522089517914562,0.005900001269765198,0.01200000406242907,0.021901006693951806,135631.10509670386,56,10000,9827,19,61,0.0,0.0,95.15234375,95.15234375,N/A (GPTCache eviction path is CPU-only),stress
LRU,high_variance_cost,10000,0.0229,0.023481865176679252,7.530042564825788,0.0011999945854768157,0.0022000021999701858,0.0030999945010989904,428526.1272956843,56,10000,9742,20,62,0.0,0.0,95.15234375,95.15234375,N/A (GPTCache eviction path is CPU-only),stress
LFU,high_variance_cost,10000,0.0284,0.02500598622835496,8.018789787702405,0.006700007361359894,0.018699996871873736,0.032601000857539496,122478.92442207574,56,10000,9689,20,62,50.4,95.75999999999999,95.15234375,95.15234375,N/A (GPTCache eviction path is CPU-only),stress
FIFO,high_variance_cost,10000,0.0228,0.02344056300041792,7.516797997457407,0.00100000761449337,0.0017999991541728377,0.0025000044843181968,517076.4498837743,56,10000,9742,20,62,0.0,0.0,95.15234375,95.15234375,N/A (GPTCache eviction path is CPU-only),stress
Random,high_variance_cost,10000,0.0246,0.02587597475897579,8.297773191158413,0.0020000006770715117,0.0044000043999403715,0.006399990525096655,337241.96774256014,56,10000,9725,20,62,0.0,0.0,95.15234375,95.15234375,N/A (GPTCache eviction path is CPU-only),stress
"GDSF(a=1.0,b=1.0)",high_variance_cost,10000,0.0174,0.037123809930343546,11.90467055494446,0.007399998139590025,0.014299992471933365,0.025201002572430322,110888.3487507633,56,10000,9807,20,62,62.0,117.8,95.15234375,95.15234375,N/A (GPTCache eviction path is CPU-only),stress
LRU,high_variance_cost,10000,0.0246,0.02657362135506918,8.324760893768016,0.00100000761449337,0.0018999999156221747,0.0024000037228688598,515876.0864822908,56,10000,9722,21,63,0.0,0.0,95.15234375,95.15234375,N/A (GPTCache eviction path is CPU-only),stress
LFU,high_variance_cost,10000,0.0253,0.02047488639808722,6.414200432588929,0.006800008122809231,0.018799997633323073,0.02969999346532859,124620.37519025007,56,10000,9720,21,63,50.1,95.19,95.15234375,95.15234375,N/A (GPTCache eviction path is CPU-only),stress
FIFO,high_variance_cost,10000,0.0246,0.026463299228100954,8.290200104478858,0.0008999923011288047,0.0018999999156221747,0.0025999906938523054,562936.2759540667,56,10000,9722,21,63,0.0,0.0,95.15234375,95.15234375,N/A (GPTCache eviction path is CPU-only),stress
Random,high_variance_cost,10000,0.0235,0.023110218988317985,7.239775291058133,0.0018999853637069464,0.0041000021155923605,0.005999987624818459,358543.73872320616,56,10000,9742,21,63,0.0,0.0,95.15234375,95.15234375,N/A (GPTCache eviction path is CPU-only),stress
"GDSF(a=1.0,b=1.0)",high_variance_cost,10000,0.0191,0.039356640246561,12.329317681504776,0.0041000021155923605,0.00859999272506684,0.012999997270526364,191747.9358249383,56,10000,9792,21,63,0.0,0.0,95.15234375,95.15234375,N/A (GPTCache eviction path is CPU-only),stress
LRU,high_variance_cost,10000,0.0228,0.020874392570916354,6.307251331195854,0.0011999945854768157,0.0021999876480549574,0.003100009053014219,438592.6437775362,56,10000,9748,22,64,0.0,0.0,95.15234375,95.15234375,N/A (GPTCache eviction path is CPU-only),stress
LFU,high_variance_cost,10000,0.0275,0.015484668469436733,4.678732350423259,0.004399989848025143,0.012899996363557875,0.021200001356191933,177912.51684298026,56,10000,9693,22,64,0.0,0.0,95.15234375,95.15234375,N/A (GPTCache eviction path is CPU-only),stress
FIFO,high_variance_cost,10000,0.0233,0.021517073900494014,6.501439145655237,0.0008999923011288047,0.0015999976312741637,0.0022000021999701858,622525.461571313,56,10000,9743,22,64,0.0,0.0,95.15234375,95.15234375,N/A (GPTCache eviction path is CPU-only),stress
Random,high_variance_cost,10000,0.023,0.021200807610695396,6.405878473862374,0.0015999976312741637,0.0035999983083456755,0.005399997462518513,412078.8553721765,56,10000,9746,22,64,0.0,0.0,95.15234375,95.15234375,N/A (GPTCache eviction path is CPU-only),stress
"GDSF(a=1.0,b=1.0)",high_variance_cost,10000,0.0167,0.033518500453814645,10.127701004414458,0.0051000097300857306,0.010799994925037026,0.01740101579343902,153192.37591113127,56,10000,9815,22,64,0.0,0.0,95.15234375,95.15234375,N/A (GPTCache eviction path is CPU-only),stress
LRU,high_variance_cost,10000,0.0227,0.024270398756980116,7.685876484196133,0.0007999915396794677,0.0015999976312741637,0.0022999884095042944,668726.3439453678,56,10000,9751,23,65,0.0,0.0,95.15234375,95.15234375,N/A (GPTCache eviction path is CPU-only),stress
LFU,high_variance_cost,10000,0.0235,0.02106362488800791,6.670365032717416,0.0044000043999403715,0.014899997768225148,0.026200995780527616,158609.81665519738,56,10000,9739,23,65,0.0,0.0,95.15234375,95.15234375,N/A (GPTCache eviction path is CPU-only),stress
FIFO,high_variance_cost,10000,0.0228,0.024278558344092715,7.688460437568199,0.000600004568696022,0.0011999945854768157,0.0015999976312741637,837373.6613804725,56,10000,9750,23,65,0.0,0.0,95.15234375,95.15234375,N/A (GPTCache eviction path is CPU-only),stress
Random,high_variance_cost,10000,0.0223,0.022890951175126392,7.249037195451379,0.001300009898841381,0.0032999960239976645,0.0051000097300857306,456662.7087911594,56,10000,9749,23,65,0.0,0.0,95.15234375,95.15234375,N/A (GPTCache eviction path is CPU-only),stress
"GDSF(a=1.0,b=1.0)",high_variance_cost,10000,0.0169,0.0363330133222097,11.50582878712878,0.0043000036384910345,0.010100004146806896,0.016099991771625355,170394.90724127894,56,10000,9816,23,65,0.0,0.0,95.15234375,95.15234375,N/A (GPTCache eviction path is CPU-only),stress
LRU,high_variance_cost,10000,0.0237,0.022183760535853105,6.812105646888324,0.000800006091594696,0.0016999983927235007,0.0023999893164727837,624052.2207242181,56,10000,9738,24,66,0.0,0.0,95.15625,95.15625,N/A (GPTCache eviction path is CPU-only),stress
LFU,high_variance_cost,10000,0.0238,0.025895389992517174,7.951858843377921,0.004699992132373154,0.015204999363049792,0.025900008040480316,158114.01601355514,56,10000,9735,24,66,0.0,0.0,95.15625,95.15625,N/A (GPTCache eviction path is CPU-only),stress
FIFO,high_variance_cost,10000,0.024,0.022351950912223147,6.86375291430139,0.0009999930625781417,0.0017999991541728377,0.0024000037228688598,558247.5495958836,56,10000,9735,24,66,0.0,0.0,95.15625,95.15625,N/A (GPTCache eviction path is CPU-only),stress
Random,high_variance_cost,10000,0.024,0.023653494278516304,7.263425949937803,0.0011999945854768157,0.0030999945010989904,0.0048000074457377195,510474.9460669493,56,10000,9739,24,66,0.0,0.0,95.15625,95.15625,N/A (GPTCache eviction path is CPU-only),stress
"GDSF(a=1.0,b=1.0)",high_variance_cost,10000,0.017,0.036297895563176315,11.146221080796892,0.00549999822396785,0.010900010238401592,0.016901012131711492,148022.93173814027,56,10000,9815,24,66,49.6,94.24,95.15625,95.15625,N/A (GPTCache eviction path is CPU-only),stress
LRU,high_variance_cost,10000,0.0224,0.020967509573084277,6.736244670380254,0.0008999923011288047,0.0016999983927235007,0.0026000052457675338,548555.3794320875,56,10000,9748,25,67,0.0,0.0,95.15625,95.15625,N/A (GPTCache eviction path is CPU-only),stress
LFU,high_variance_cost,10000,0.0239,0.02002537957559835,6.4335659878095415,0.005699999746866524,0.017005012341542097,0.03060000017285347,137591.32623441177,56,10000,9735,25,67,50.1,95.19,95.15625,95.15625,N/A (GPTCache eviction path is CPU-only),stress
FIFO,high_variance_cost,10000,0.0224,0.02111455913379635,6.783487373009088,0.0009999930625781417,0.0018999999156221747,0.0027999923622701317,517303.81283424934,56,10000,9748,25,67,0.0,0.0,95.15625,95.15625,N/A (GPTCache eviction path is CPU-only),stress
Random,high_variance_cost,10000,0.0219,0.018561536658544136,5.963276275342282,0.0017999991541728377,0.0040000013541430235,0.005699999746866524,384511.86229274684,56,10000,9753,25,67,0.0,0.0,95.15625,95.15625,N/A (GPTCache eviction path is CPU-only),stress
"GDSF(a=1.0,b=1.0)",high_variance_cost,10000,0.0164,0.03289395516538318,10.567861166257966,0.005900001269765198,0.011900003300979733,0.018902998272096804,137496.16730466872,56,10000,9818,25,67,0.0,0.0,95.15625,95.15625,N/A (GPTCache eviction path is CPU-only),stress
LRU,high_variance_cost,10000,0.0232,0.022619868682161003,7.0577404310526,0.0011999945854768157,0.0022000021999701858,0.0029999937396496534,424518.4898873261,56,10000,9738,26,68,0.0,0.0,95.15625,95.15625,N/A (GPTCache eviction path is CPU-only),stress
LFU,high_variance_cost,10000,0.0222,0.022076787084911068,6.888290775967099,0.005800000508315861,0.016299993149004877,0.026502012478886217,139315.15457074088,56,10000,9752,26,68,0.0,0.0,95.15625,95.15625,N/A (GPTCache eviction path is CPU-only),stress
FIFO,high_variance_cost,10000,0.0235,0.02327199302356202,7.26121306809798,0.0010999938240274787,0.0020000006770715117,0.0027999922167509794,471789.35547190707,56,10000,9735,26,68,0.0,0.0,95.15625,95.15625,N/A (GPTCache eviction path is CPU-only),stress
Random,high_variance_cost,10000,0.0227,0.020766159215917467,6.479355099503361,0.0018999999156221747,0.004399989848025143,0.006201003416208572,351427.14569479256,56,10000,9745,26,68,0.0,0.0,95.15625,95.15625,N/A (GPTCache eviction path is CPU-only),stress
"GDSF(a=1.0,b=1.0)",high_variance_cost,10000,0.0174,0.0346807044795969,10.8209032343354,0.006100002792663872,0.012699994840659201,0.020499996026046574,131499.00980644723,56,10000,9807,26,68,49.6,94.24,95.15625,95.15625,N/A (GPTCache eviction path is CPU-only),stress
LRU,high_variance_cost,10000,0.0235,0.020712346015024932,6.504704285544828,0.001100008375942707,0.0020000006770715117,0.0026000052457675338,468660.66185119987,56,10000,9747,27,69,0.0,0.0,95.15625,95.15625,N/A (GPTCache eviction path is CPU-only),stress
LFU,high_variance_cost,10000,0.027,0.020290771950227805,6.372309112927916,0.006000002031214535,0.01660500929574475,0.02370000584051013,148451.64929430993,56,10000,9705,27,69,0.0,0.0,95.15625,95.15625,N/A (GPTCache eviction path is CPU-only),stress
FIFO,high_variance_cost,10000,0.0233,0.020364573164009196,6.3954863556803305,0.000800006091594696,0.001600012183189392,0.0022999884095042944,621114.1547934931,56,10000,9749,27,69,0.0,0.0,95.15625,95.15625,N/A (GPTCache eviction path is CPU-only),stress
Random,high_variance_cost,10000,0.0236,0.021359363311018214,6.707899818055541,0.001900014467537403,0.004399989848025143,0.005900001269765198,347834.55606445635,56,10000,9746,27,69,0.0,0.0,95.15625,95.15625,N/A (GPTCache eviction path is CPU-only),stress
"GDSF(a=1.0,b=1.0)",high_variance_cost,10000,0.0159,0.03158816962407511,9.920252499508614,0.005699999746866524,0.011100011761300266,0.018101006862707457,142778.2069136109,56,10000,9825,27,69,50.4,95.75999999999999,95.15625,95.15625,N/A (GPTCache eviction path is CPU-only),stress
LRU,high_variance_cost,10000,0.0265,0.028241159218477967,8.856485329627096,0.0010999938240274787,0.0020999868866056204,0.0027010058693122336,482912.1532486108,56,10000,9716,28,70,0.0,0.0,95.15625,95.15625,N/A (GPTCache eviction path is CPU-only),stress
LFU,high_variance_cost,10000,0.0272,0.020130169622957467,6.312862392418332,0.006299989763647318,0.01750000228639692,0.028100995696149787,141130.71104365028,56,10000,9702,28,70,0.0,0.0,95.15625,95.15625,N/A (GPTCache eviction path is CPU-only),stress
FIFO,high_variance_cost,10000,0.0269,0.028446096682777092,8.9207541378589,0.000800006091594696,0.001800013706088066,0.0027999922167509794,600640.282661931,56,10000,9712,28,70,0.0,0.0,95.15625,95.15625,N/A (GPTCache eviction path is CPU-only),stress
Random,high_variance_cost,10000,0.026,0.026498280424154946,8.30991497272969,0.0014999968698248267,0.0035999983083456755,0.00549999822396785,418334.77652219275,56,10000,9717,28,70,0.0,0.0,95.15625,95.15625,N/A (GPTCache eviction path is CPU-only),stress
"GDSF(a=1.0,b=1.0)",high_variance_cost,10000,0.0201,0.04026450206098996,12.627030252163859,0.005299996701069176,0.010799994925037026,0.017602002917556137,150185.10313069812,56,10000,9785,28,70,0.0,0.0,95.15625,95.15625,N/A (GPTCache eviction path is CPU-only),stress
LRU,high_variance_cost,10000,0.0246,0.023264881345923277,7.025924710799448,0.0010999938240274787,0.0018999999156221747,0.0026000052457675338,501165.20913010737,56,10000,9724,29,71,0.0,0.0,95.15625,95.15625,N/A (GPTCache eviction path is CPU-only),stress
LFU,high_variance_cost,10000,0.0248,0.018989826749755176,5.734870985631944,0.0045000051613897085,0.015700003132224083,0.03010201078723189,149909.0801617306,56,10000,9722,29,71,0.0,0.0,95.15625,95.15625,N/A (GPTCache eviction path is CPU-only),stress
FIFO,high_variance_cost,10000,0.0247,0.023286581322123297,7.032478038828098,0.0008999923011288047,0.0017999991541728377,0.002700006007216871,555697.5674503901,56,10000,9723,29,71,0.0,0.0,95.15625,95.15625,N/A (GPTCache eviction path is CPU-only),stress
Random,high_variance_cost,10000,0.0252,0.024998705892501256,7.549534547654578,0.001600012183189392,0.0040000013541430235,0.006100002792663872,372854.6873441572,56,10000,9720,29,71,0.0,0.0,95.15625,95.15625,N/A (GPTCache eviction path is CPU-only),stress
"GDSF(a=1.0,b=1.0)",high_variance_cost,10000,0.0195,0.03988425673542752,12.04492646245167,0.006000002031214535,0.012200005585327744,0.025200988166034246,131694.52663968224,56,10000,9780,29,71,0.0,0.0,95.15625,95.15625,N/A (GPTCache eviction path is CPU-only),stress
LRU,high_variance_cost,25000,0.0618,0.06068982392591684,18.500862078245785,0.0009999930625781417,0.0017999991541728377,0.0027999922167509794,532943.9292301532,56,10000,9321,0,42,0.0,0.0,95.15625,95.15625,N/A (GPTCache eviction path is CPU-only),stress
LFU,high_variance_cost,25000,0.06,0.06402014622701595,19.516087194798303,0.009800001862458885,0.030805014830548243,0.04750199776026425,88661.83577931952,56,10000,9340,0,42,50.1,95.19,95.15625,95.15625,N/A (GPTCache eviction path is CPU-only),stress
FIFO,high_variance_cost,25000,0.0621,0.06079765025484781,18.53373216932383,0.000900006853044033,0.0016999983927235007,0.0026999914553016424,576554.9688957804,56,10000,9319,0,42,0.0,0.0,95.15625,95.15625,N/A (GPTCache eviction path is CPU-only),stress
Random,high_variance_cost,25000,0.0648,0.07033298229335351,21.44051046431469,0.001900014467537403,0.0046000059228390455,0.007099996000761166,358471.76316477894,56,10000,9297,0,42,0.0,0.0,95.16015625,95.16015625,N/A (GPTCache eviction path is CPU-only),stress
"GDSF(a=1.0,b=1.0)",high_variance_cost,25000,0.0441,0.09882030276184531,30.12466792059113,0.00549999822396785,0.01200000406242907,0.019700989942066396,147558.35193454332,56,10000,9513,0,42,0.0,0.0,95.16015625,95.16015625,N/A (GPTCache eviction path is CPU-only),stress
LRU,high_variance_cost,25000,0.0585,0.055732478232228294,16.966306168801,0.00100000761449337,0.0018999999156221747,0.0030999945010989904,491912.9509682555,56,10000,9349,1,43,0.0,0.0,95.1875,95.1875,N/A (GPTCache eviction path is CPU-only),stress
LFU,high_variance_cost,25000,0.062,0.05979396558843576,18.202720557176118,0.01170000177808106,0.033800009987317026,0.05300299613736577,78042.263008891,56,10000,9316,1,43,39.55,75.145,95.1875,95.1875,N/A (GPTCache eviction path is CPU-only),stress
FIFO,high_variance_cost,25000,0.058,0.055525779268000744,16.90338203509846,0.0011999945854768157,0.0020999868866056204,0.0032999961695168167,444717.2045545495,56,10000,9353,1,43,0.0,0.0,95.1875,95.1875,N/A (GPTCache eviction path is CPU-only),stress
Random,high_variance_cost,25000,0.0575,0.05781691667040749,17.600859338764202,0.0024000037228688598,0.005699999746866524,0.008499991963617504,294025.1155530498,56,10000,9357,1,43,0.0,0.0,95.1875,95.1875,N/A (GPTCache eviction path is CPU-only),stress
"GDSF(a=1.0,b=1.0)",high_variance_cost,25000,0.0434,0.09025022030759272,27.47433665447356,0.00689999433234334,0.015300000086426735,0.027401004917919657,115058.77777714551,56,10000,9514,1,43,50.1,95.19,95.1875,95.1875,N/A (GPTCache eviction path is CPU-only),stress
LRU,high_variance_cost,25000,0.0654,0.06473405160088869,18.86989598077539,0.001100008375942707,0.0023000029614195228,0.0035999984538648278,446105.9413575227,56,10000,9280,2,44,0.0,0.0,95.1875,95.1875,N/A (GPTCache eviction path is CPU-only),stress
LFU,high_variance_cost,25000,0.0712,0.06132726560738872,17.87682207706774,0.010100004146806896,0.03199999628122896,0.051399998483248055,84357.8595366381,56,10000,9220,2,44,49.6,94.24,95.1875,95.1875,N/A (GPTCache eviction path is CPU-only),stress
FIFO,high_variance_cost,25000,0.0651,0.06502911016161474,18.95590518630859,0.001100008375942707,0.0021000014385208488,0.0030999945010989904,470519.5947942858,56,10000,9281,2,44,0.0,0.0,95.1875,95.1875,N/A (GPTCache eviction path is CPU-only),stress
Random,high_variance_cost,25000,0.064,0.061326786688251374,17.876682472731513,0.0022000021999701858,0.0052000104915350676,0.007600999670103214,313843.6431312898,56,10000,9292,2,44,0.0,0.0,95.1875,95.1875,N/A (GPTCache eviction path is CPU-only),stress
"GDSF(a=1.0,b=1.0)",high_variance_cost,25000,0.0457,0.10413045679957039,30.353899372050787,0.005599998985417187,0.011800002539530396,0.018199993210146204,149273.78304617686,56,10000,9500,2,44,0.0,0.0,95.1875,95.1875,N/A (GPTCache eviction path is CPU-only),stress
LRU,high_variance_cost,25000,0.058,0.05566675129595109,17.68095522731098,0.001100008375942707,0.0020000006770715117,0.0033010104380082556,469851.94971983286,56,10000,9363,3,45,0.0,0.0,95.1875,95.1875,N/A (GPTCache eviction path is CPU-only),stress
LFU,high_variance_cost,25000,0.0673,0.048472277801943436,15.395835999581283,0.011699987226165831,0.03409999844734557,0.051602999883471126,78126.52591329375,56,10000,9261,3,45,62.0,117.8,95.1875,95.1875,N/A (GPTCache eviction path is CPU-only),stress
FIFO,high_variance_cost,25000,0.0573,0.05489403683000437,17.435524524821016,0.0009999930625781417,0.001800013706088066,0.0027999922167509794,537570.8250143967,56,10000,9370,3,45,0.0,0.0,95.1875,95.1875,N/A (GPTCache eviction path is CPU-only),stress
Random,high_variance_cost,25000,0.0567,0.0548412493052856,17.418758073763883,0.0022000021999701858,0.005199995939619839,0.007199996616691351,323453.97097603016,56,10000,9376,3,45,0.0,0.0,95.1875,95.1875,N/A (GPTCache eviction path is CPU-only),stress
"GDSF(a=1.0,b=1.0)",high_variance_cost,25000,0.0408,0.08422258809931289,26.75090201321876,0.005599998985417187,0.013899990153731778,0.026701013994170374,127922.55055311332,56,10000,9550,3,45,50.1,95.19,95.1875,95.1875,N/A (GPTCache eviction path is CPU-only),stress
LRU,high_variance_cost,25000,0.0622,0.063811988487283,19.581915629057452,0.0006999907782301307,0.0011999945854768157,0.0017999991541728377,822206.1433806055,56,10000,9326,4,46,0.0,0.0,95.1875,95.1875,N/A (GPTCache eviction path is CPU-only),stress
LFU,high_variance_cost,25000,0.056,0.05629873246645977,17.276330910778555,0.00890000956133008,0.025999994250014424,0.04050000279676169,99962.91376171324,56,10000,9382,4,46,50.1,95.19,95.1875,95.1875,N/A (GPTCache eviction path is CPU-only),stress
FIFO,high_variance_cost,25000,0.062,0.06347926633505722,19.479813543426598,0.000700005330145359,0.0013999961083754897,0.0020999868866056204,764923.6608443671,56,10000,9328,4,46,0.0,0.0,95.1875,95.1875,N/A (GPTCache eviction path is CPU-only),stress
Random,high_variance_cost,25000,0.0679,0.0730952219912075,22.430651415984325,0.001400010660290718,0.0041000021155923605,0.006300004315562546,423597.78546988533,56,10000,9266,4,46,0.0,0.0,95.19140625,95.19140625,N/A (GPTCache eviction path is CPU-only),stress
"GDSF(a=1.0,b=1.0)",high_variance_cost,25000,0.0463,0.09660948444625522,29.646447607103195,0.0047000066842883825,0.011800002539530396,0.020501010440057164,154189.6409442205,56,10000,9498,4,46,0.0,0.0,95.19140625,95.19140625,N/A (GPTCache eviction path is CPU-only),stress
LRU,high_variance_cost,25000,0.0629,0.06582308164759539,21.24654275506711,0.00100000761449337,0.0018999999156221747,0.0028999929782003164,523404.01019196317,56,10000,9310,5,47,0.0,0.0,95.19140625,95.19140625,N/A (GPTCache eviction path is CPU-only),stress
LFU,high_variance_cost,25000,0.0615,0.05653483287587845,18.248458045139337,0.009700001101009548,0.030800001695752144,0.05140099849086257,86169.9029244175,56,10000,9324,5,47,50.1,95.19,95.19140625,95.19140625,N/A (GPTCache eviction path is CPU-only),stress
FIFO,high_variance_cost,25000,0.0619,0.06499347068999173,20.978758806950456,0.0009999930625781417,0.0018999999156221747,0.0032010096765589186,523878.3762872911,56,10000,9319,5,47,0.0,0.0,95.19140625,95.19140625,N/A (GPTCache eviction path is CPU-only),stress
Random,high_variance_cost,25000,0.0631,0.06101381528828842,19.694195451266058,0.0014999968698248267,0.00420500218751833,0.00650000583846122,403981.64315304434,56,10000,9306,5,47,0.0,0.0,95.19140625,95.19140625,N/A (GPTCache eviction path is CPU-only),stress
"GDSF(a=1.0,b=1.0)",high_variance_cost,25000,0.0434,0.09463801719418558,30.547501396791493,0.0047000066842883825,0.011199997970834374,0.017300000763498247,159812.5718025713,56,10000,9523,5,47,0.0,0.0,95.19140625,95.19140625,N/A (GPTCache eviction path is CPU-only),stress
LRU,high_variance_cost,25000,0.0651,0.059875842449983216,17.398045650285702,0.000800006091594696,0.0014999968698248267,0.0023000029614195228,652302.955712182,56,10000,9286,6,48,0.0,0.0,95.19140625,95.19140625,N/A (GPTCache eviction path is CPU-only),stress
LFU,high_variance_cost,25000,0.064,0.06138250517093658,17.835834677147865,0.01069999416358769,0.03169999472447671,0.05000000252039172,83975.74780071295,56,10000,9300,6,48,50.1,95.19,95.19140625,95.19140625,N/A (GPTCache eviction path is CPU-only),stress
FIFO,high_variance_cost,25000,0.0642,0.05924770973452773,17.215529944271857,0.000900006853044033,0.0016999983927235007,0.002700006007216871,578472.7165230564,56,10000,9296,6,48,0.0,0.0,95.19140625,95.19140625,N/A (GPTCache eviction path is CPU-only),stress
Random,high_variance_cost,25000,0.0628,0.06540776360948447,19.005448785317686,0.0020000006770715117,0.0046000059228390455,0.007099996000761166,349827.7098950909,56,10000,9311,6,48,0.0,0.0,95.19140625,95.19140625,N/A (GPTCache eviction path is CPU-only),stress
"GDSF(a=1.0,b=1.0)",high_variance_cost,25000,0.0448,0.0968184303835791,28.132405368819818,0.005099995178170502,0.012599994079209864,0.025101001956500134,143468.7295455814,56,10000,9510,6,48,0.0,0.0,95.19140625,95.19140625,N/A (GPTCache eviction path is CPU-only),stress
LRU,high_variance_cost,25000,0.0604,0.0594710533107202,18.028860182900058,0.0008999923011288047,0.0017999991541728377,0.0025999906938523054,583927.966593784,56,10000,9328,7,49,0.0,0.0,95.1953125,95.1953125,N/A (GPTCache eviction path is CPU-only),stress
LFU,high_variance_cost,25000,0.0639,0.0574701008223541,17.42226435792119,0.013699987903237343,0.03999999898951501,0.060399994399631396,66608.71708354095,56,10000,9294,7,49,74.73333333333333,121.62,95.1953125,95.1953125,N/A (GPTCache eviction path is CPU-only),stress
FIFO,high_variance_cost,25000,0.0595,0.05828059964804475,17.667969943972203,0.0010999938240274787,0.0018999999156221747,0.002800006768666208,499745.1301227945,56,10000,9337,7,49,0.0,0.0,95.1953125,95.1953125,N/A (GPTCache eviction path is CPU-only),stress
Random,high_variance_cost,25000,0.0621,0.0641037907807401,19.43329093469263,0.0020000006770715117,0.004599991370923817,0.006699992809444666,357753.593564078,56,10000,9312,7,49,0.0,0.0,95.1953125,95.1953125,N/A (GPTCache eviction path is CPU-only),stress
"GDSF(a=1.0,b=1.0)",high_variance_cost,25000,0.0457,0.09772797039457391,29.626579926149823,0.006299989763647318,0.013805016351398008,0.02190200655604717,126156.22178498609,56,10000,9495,7,49,50.4,95.75999999999999,95.203125,95.203125,N/A (GPTCache eviction path is CPU-only),stress
LRU,high_variance_cost,25000,0.0644,0.06409368875727875,18.70938829189926,0.0010999938240274787,0.0018999999156221747,0.0028999929782003164,492460.43062671745,56,10000,9296,8,50,0.0,0.0,95.203125,95.203125,N/A (GPTCache eviction path is CPU-only),stress
LFU,high_variance_cost,25000,0.0637,0.06552482236546135,19.127146028928156,0.00859999272506684,0.030199997127056122,0.04960099933668973,88785.7395943463,56,10000,9298,8,50,49.45,93.955,95.23046875,95.23046875,N/A (GPTCache eviction path is CPU-only),stress
FIFO,high_variance_cost,25000,0.0659,0.06610993484042807,19.2979443821021,0.000900006853044033,0.0015999976312741637,0.00250100434641356,590677.9206932972,56,10000,9281,8,50,0.0,0.0,95.23046875,95.23046875,N/A (GPTCache eviction path is CPU-only),stress
Random,high_variance_cost,25000,0.0643,0.06171807301822884,18.015929729035932,0.0020000006770715117,0.0047000066842883825,0.007399998139590025,339325.82749717886,56,10000,9293,8,50,0.0,0.0,95.23046875,95.23046875,N/A (GPTCache eviction path is CPU-only),stress
"GDSF(a=1.0,b=1.0)",high_variance_cost,25000,0.048,0.104660984690952,30.551260811512744,0.006799993570894003,0.013999990187585354,0.023801006464054832,120064.16228768407,56,10000,9478,8,50,50.1,95.19,95.23046875,95.23046875,N/A (GPTCache eviction path is CPU-only),stress
LRU,high_variance_cost,25000,0.0573,0.06194339419225655,18.94430327014123,0.00100000761449337,0.0018999999156221747,0.0033010104380082556,453278.3355653196,56,10000,9361,9,51,0.0,0.0,95.23046875,95.23046875,N/A (GPTCache eviction path is CPU-only),stress
LFU,high_variance_cost,25000,0.0594,0.06980573829348362,21.348863643529217,0.008000002708286047,0.0290050025796517,0.04569999873638153,92203.88492152929,56,10000,9346,9,51,50.1,95.19,95.23046875,95.23046875,N/A (GPTCache eviction path is CPU-only),stress
FIFO,high_variance_cost,25000,0.0562,0.060837730950392924,18.606155513763838,0.0007999915396794677,0.0016999983927235007,0.0027999923622701317,625273.5568620096,56,10000,9372,9,51,0.0,0.0,95.23046875,95.23046875,N/A (GPTCache eviction path is CPU-only),stress
Random,high_variance_cost,25000,0.0605,0.06280088758150233,19.206552619403467,0.0014999968698248267,0.0040000013541430235,0.00630100417765791,412943.29448525887,56,10000,9328,9,51,0.0,0.0,95.23046875,95.23046875,N/A (GPTCache eviction path is CPU-only),stress
"GDSF(a=1.0,b=1.0)",high_variance_cost,25000,0.0426,0.09600397579541915,29.361136184479136,0.0048000074457377195,0.011099997209385037,0.018800997640937588,160021.76297644683,56,10000,9529,9,51,0.0,0.0,95.23046875,95.23046875,N/A (GPTCache eviction path is CPU-only),stress
LRU,high_variance_cost,25000,0.0634,0.06407306603678106,18.3177423007037,0.000900006853044033,0.0016999983927235007,0.0026000052457675338,581020.3880304539,56,10000,9305,10,52,0.0,0.0,95.23046875,95.23046875,N/A (GPTCache eviction path is CPU-only),stress
LFU,high_variance_cost,25000,0.0619,0.055207501844213074,15.783180896437782,0.00689999433234334,0.023300002794712782,0.03549999397364445,113613.2536564793,56,10000,9316,10,52,49.45,93.955,95.23046875,95.23046875,N/A (GPTCache eviction path is CPU-only),stress
FIFO,high_variance_cost,25000,0.0642,0.06445748898485508,18.42764433806296,0.0009999930625781417,0.0017999991541728377,0.003000008291564882,538314.5370096256,56,10000,9296,10,52,0.0,0.0,95.23046875,95.23046875,N/A (GPTCache eviction path is CPU-only),stress
Random,high_variance_cost,25000,0.0624,0.06016578018684461,17.200694846579438,0.001500011421740055,0.0044000043999403715,0.007099995855242014,386137.65824229404,56,10000,9309,10,52,0.0,0.0,95.23046875,95.23046875,N/A (GPTCache eviction path is CPU-only),stress
"GDSF(a=1.0,b=1.0)",high_variance_cost,25000,0.0439,0.10073431692345271,28.798766351870427,0.006300004315562546,0.014005017874296682,0.02590100790257568,126347.49605296251,56,10000,9520,10,52,50.1,95.19,95.23046875,95.23046875,N/A (GPTCache eviction path is CPU-only),stress
LRU,high_variance_cost,25000,0.0627,0.06700400409265606,21.22355128648763,0.0009999930625781417,0.001700012944638729,0.0025999906938523054,551486.8083286776,56,10000,9319,11,53,0.0,0.0,95.23046875,95.23046875,N/A (GPTCache eviction path is CPU-only),stress
LFU,high_variance_cost,25000,0.0521,0.06429290230885919,20.36480846162998,0.006100002792663872,0.023899992811493576,0.039500995189882836,112719.87421150965,56,10000,9428,11,53,50.1,95.19,95.23046875,95.23046875,N/A (GPTCache eviction path is CPU-only),stress
FIFO,high_variance_cost,25000,0.063,0.06790906091051539,21.51022847915899,0.000900006853044033,0.001800013706088066,0.0034999975468963385,521604.87355600053,56,10000,9314,11,53,0.0,0.0,95.23046875,95.23046875,N/A (GPTCache eviction path is CPU-only),stress
Random,high_variance_cost,25000,0.06,0.057872781081908645,18.331231901977972,0.0017999991541728377,0.0046000059228390455,0.007299997378140688,358339.45506531815,56,10000,9345,11,53,0.0,0.0,95.23046875,95.23046875,N/A (GPTCache eviction path is CPU-only),stress
"GDSF(a=1.0,b=1.0)",high_variance_cost,25000,0.0455,0.10055585919592049,31.85111791006174,0.006000002031214535,0.013899990153731778,0.026801000349223635,128548.91413676254,56,10000,9505,11,53,50.1,95.19,95.23046875,95.23046875,N/A (GPTCache eviction path is CPU-only),stress
LRU,high_variance_cost,25000,0.0614,0.06191207350145979,18.397880300131668,0.0010999938240274787,0.0021000014385208488,0.0034999975468963385,469012.3535545891,56,10000,9328,12,54,0.0,0.0,95.23046875,95.23046875,N/A (GPTCache eviction path is CPU-only),stress
LFU,high_variance_cost,25000,0.0621,0.06616138783103129,19.660612623113025,0.011999989510513842,0.03579999611247331,0.056201005791081136,74349.60820789382,56,10000,9318,12,54,50.1,95.19,95.23046875,95.23046875,N/A (GPTCache eviction path is CPU-only),stress
FIFO,high_variance_cost,25000,0.0627,0.06273747610956623,18.64315811953794,0.0011999945854768157,0.0021000014385208488,0.0030999945010989904,451108.82534291013,56,10000,9312,12,54,0.0,0.0,95.23046875,95.23046875,N/A (GPTCache eviction path is CPU-only),stress
Random,high_variance_cost,25000,0.0632,0.062177913758732745,18.476877771152385,0.0021000014385208488,0.004999994416721165,0.008001002570381409,318494.6667645733,56,10000,9308,12,54,0.0,0.0,95.23046875,95.23046875,N/A (GPTCache eviction path is CPU-only),stress
"GDSF(a=1.0,b=1.0)",high_variance_cost,25000,0.0458,0.09695667678804172,28.811784728917004,0.00650000583846122,0.015199999324977398,0.028501998749561653,116246.35857560081,56,10000,9495,12,54,50.1,95.19,95.23046875,95.23046875,N/A (GPTCache eviction path is CPU-only),stress
LRU,high_variance_cost,25000,0.0607,0.06242581261992953,19.975902700930668,0.0009999930625781417,0.0017999991541728377,0.0028999929782003164,532314.1292200437,56,10000,9338,13,55,0.0,0.0,95.23046875,95.23046875,N/A (GPTCache eviction path is CPU-only),stress
LFU,high_variance_cost,25000,0.0644,0.057793835917384524,18.493696670448383,0.011200012522749603,0.033200005418621004,0.04930099705234172,79300.2545523512,56,10000,9292,13,55,63.0,119.69999999999999,95.23046875,95.23046875,N/A (GPTCache eviction path is CPU-only),stress
FIFO,high_variance_cost,25000,0.0603,0.06124321644959674,19.59747869583379,0.00100000761449337,0.0017999991541728377,0.0026000052457675338,534008.3199331802,56,10000,9342,13,55,0.0,0.0,95.23046875,95.23046875,N/A (GPTCache eviction path is CPU-only),stress
Random,high_variance_cost,25000,0.0583,0.059198382666963666,18.943143590415975,0.00200001522898674,0.004899993655271828,0.007001009507803268,331330.9897527045,56,10000,9358,13,55,0.0,0.0,95.23046875,95.23046875,N/A (GPTCache eviction path is CPU-only),stress
"GDSF(a=1.0,b=1.0)",high_variance_cost,25000,0.0458,0.09492767504450263,30.37631262983613,0.006000002031214535,0.012899996363557875,0.02160099000320772,130260.4035823874,56,10000,9500,13,55,50.1,95.19,95.23046875,95.23046875,N/A (GPTCache eviction path is CPU-only),stress
LRU,high_variance_cost,25000,0.0577,0.05152561026918035,16.240799083797164,0.000900006853044033,0.001600012183189392,0.0024999899324029684,600716.0537084977,56,10000,9367,14,56,0.0,0.0,95.23046875,95.23046875,N/A (GPTCache eviction path is CPU-only),stress
LFU,high_variance_cost,25000,0.0693,0.041156559320697526,12.972488970356466,0.011399999493733048,0.029905009432695733,0.04679999256040901,87936.5168613597,56,10000,9238,14,56,49.45,93.955,95.23046875,95.23046875,N/A (GPTCache eviction path is CPU-only),stress
FIFO,high_variance_cost,25000,0.0579,0.05197704455733153,16.383090529451046,0.0009999930625781417,0.0017999991541728377,0.0027999922167509794,552699.9390182822,56,10000,9365,14,56,0.0,0.0,95.23046875,95.23046875,N/A (GPTCache eviction path is CPU-only),stress
Random,high_variance_cost,25000,0.0567,0.05371646043904655,16.931351941795672,0.001400010660290718,0.0036999990697950125,0.005900001269765198,450294.2674541843,56,10000,9378,14,56,0.0,0.0,95.23046875,95.23046875,N/A (GPTCache eviction path is CPU-only),stress
"GDSF(a=1.0,b=1.0)",high_variance_cost,25000,0.041,0.08706417270410066,27.442503424944086,0.0049000082071870565,0.011600001016631722,0.0206010112015065,150054.1695659091,56,10000,9547,14,56,0.0,0.0,95.23046875,95.23046875,N/A (GPTCache eviction path is CPU-only),stress
LRU,high_variance_cost,25000,0.0574,0.060436047658429456,19.13438485717057,0.0010999938240274787,0.0020000006770715117,0.0030999945010989904,494789.8629307593,56,10000,9370,15,57,0.0,0.0,95.23046875,95.23046875,N/A (GPTCache eviction path is CPU-only),stress
LFU,high_variance_cost,25000,0.0491,0.055840278716936316,17.679339151035684,0.009199997293762863,0.026699999580159783,0.04200199968181555,98037.67782964489,56,10000,9461,15,57,50.4,95.75999999999999,95.23046875,95.23046875,N/A (GPTCache eviction path is CPU-only),stress
FIFO,high_variance_cost,25000,0.0577,0.0600906440890612,19.025028188702017,0.000800006091594696,0.001500011421740055,0.0023000029614195228,653936.6990811942,56,10000,9367,15,57,0.0,0.0,95.23046875,95.23046875,N/A (GPTCache eviction path is CPU-only),stress
Random,high_variance_cost,25000,0.0608,0.05957702271641774,18.8624128391581,0.001800006430130452,0.004599991370923817,0.007001009507803268,362939.5196839886,56,10000,9334,15,57,0.0,0.0,95.23046875,95.23046875,N/A (GPTCache eviction path is CPU-only),stress
"GDSF(a=1.0,b=1.0)",high_variance_cost,25000,0.0439,0.09679187490324084,30.64483958171941,0.005599998985417187,0.012699994840659201,0.022400995949283267,141197.26811311123,56,10000,9519,15,57,0.0,0.0,95.23046875,95.23046875,N/A (GPTCache eviction path is CPU-only),stress
LRU,high_variance_cost,25000,0.0581,0.06202508114850064,19.218388858094894,0.0008999923011288047,0.0016999983927235007,0.0026000052457675338,588931.6191646435,56,10000,9360,16,58,0.0,0.0,95.23046875,95.23046875,N/A (GPTCache eviction path is CPU-only),stress
LFU,high_variance_cost,25000,0.0519,0.06259519549276504,19.395038029023322,0.008800008799880743,0.029399991035461426,0.04539999645203352,94442.52935272147,56,10000,9428,16,58,49.45,93.955,95.234375,95.234375,N/A (GPTCache eviction path is CPU-only),stress
FIFO,high_variance_cost,25000,0.0567,0.06088198584497633,18.86420229939624,0.00100000761449337,0.0018999999156221747,0.0030999945010989904,502689.38848782063,56,10000,9375,16,58,0.0,0.0,95.234375,95.234375,N/A (GPTCache eviction path is CPU-only),stress
Random,high_variance_cost,25000,0.0584,0.06063050986986144,18.786282803141887,0.0023000029614195228,0.00549999822396785,0.008000002708286047,301069.7006251031,56,10000,9357,16,58,0.0,0.0,95.234375,95.234375,N/A (GPTCache eviction path is CPU-only),stress
"GDSF(a=1.0,b=1.0)",high_variance_cost,25000,0.0454,0.10346886438859713,32.0596899464696,0.007000009645707905,0.014899997040629387,0.026100995019078276,116269.74114248794,56,10000,9499,16,58,49.6,94.24,95.234375,95.234375,N/A (GPTCache eviction path is CPU-only),stress
LRU,high_variance_cost,25000,0.059,0.05908623719761865,18.252242831247308,0.0009999930625781417,0.001700012944638729,0.0024999899324029684,554575.8047914328,56,10000,9363,17,59,0.0,0.0,95.234375,95.234375,N/A (GPTCache eviction path is CPU-only),stress
LFU,high_variance_cost,25000,0.0607,0.05836575067278921,18.029678396083742,0.011999989510513842,0.03569999535102397,0.05269999383017421,74207.59276815667,56,10000,9333,17,59,50.4,95.75999999999999,95.234375,95.234375,N/A (GPTCache eviction path is CPU-only),stress
FIFO,high_variance_cost,25000,0.0591,0.058623363629493365,18.109257236525277,0.000800006091594696,0.0016999983927235007,0.0025000044843181968,622378.2314216435,56,10000,9361,17,59,0.0,0.0,95.234375,95.234375,N/A (GPTCache eviction path is CPU-only),stress
Random,high_variance_cost,25000,0.0598,0.056105914561396124,17.331595738932737,0.0018999999156221747,0.0045000051613897085,0.006800008122809231,371067.1521029456,56,10000,9357,17,59,0.0,0.0,95.27734375,95.27734375,N/A (GPTCache eviction path is CPU-only),stress
"GDSF(a=1.0,b=1.0)",high_variance_cost,25000,0.0423,0.09520520114791867,29.409698985190943,0.005599998985417187,0.012600008631125093,0.021102000464452476,140267.01228884957,56,10000,9537,17,59,0.0,0.0,95.27734375,95.27734375,N/A (GPTCache eviction path is CPU-only),stress
LRU,high_variance_cost,25000,0.0583,0.0596803423676109,18.613334225550147,0.000700005330145359,0.0013999961083754897,0.0021000014385208488,752445.4475579272,56,10000,9355,18,60,0.0,0.0,95.27734375,95.27734375,N/A (GPTCache eviction path is CPU-only),stress
LFU,high_variance_cost,25000,0.0526,0.06928008248175421,21.60733801531298,0.009000010322779417,0.027400004910305142,0.04189999890513718,96610.0499505232,56,10000,9420,18,60,40.05,76.09499999999998,95.27734375,95.27734375,N/A (GPTCache eviction path is CPU-only),stress
FIFO,high_variance_cost,25000,0.0594,0.060600952373090156,18.900457607279783,0.0008999923011288047,0.0018999999156221747,0.0031999952625483274,535139.9658258199,56,10000,9344,18,60,0.0,0.0,95.27734375,95.27734375,N/A (GPTCache eviction path is CPU-only),stress
Random,high_variance_cost,25000,0.0582,0.05942152074647175,18.5326119450145,0.0014999968698248267,0.0039000005926936865,0.006100002792663872,425522.8612247745,56,10000,9353,18,60,0.0,0.0,95.27734375,95.27734375,N/A (GPTCache eviction path is CPU-only),stress
"GDSF(a=1.0,b=1.0)",high_variance_cost,25000,0.0415,0.09213172936521984,28.734397347952402,0.005500005499925464,0.013299999409355223,0.025299989065388218,139024.43773605648,56,10000,9546,18,60,0.0,0.0,95.27734375,95.27734375,N/A (GPTCache eviction path is CPU-only),stress
LRU,high_variance_cost,25000,0.0596,0.056743854790373256,18.334305585899415,0.000900006853044033,0.0016999983927235007,0.0026000052457675338,582468.8526986353,56,10000,9347,19,61,0.0,0.0,95.27734375,95.27734375,N/A (GPTCache eviction path is CPU-only),stress
LFU,high_variance_cost,25000,0.0526,0.06428797690975677,20.771860116255116,0.008700008038431406,0.02899998871725984,0.04439998883754015,94341.22466176,56,10000,9418,19,61,39.55,75.145,95.27734375,95.27734375,N/A (GPTCache eviction path is CPU-only),stress
FIFO,high_variance_cost,25000,0.059,0.057079293684838266,18.442688056904206,0.0009999930625781417,0.0018999853637069464,0.0029999938851688057,531821.5419263486,56,10000,9352,19,61,0.0,0.0,95.27734375,95.27734375,N/A (GPTCache eviction path is CPU-only),stress
Random,high_variance_cost,25000,0.0587,0.05772019894787058,18.649768682417847,0.001400010660290718,0.0036999990697950125,0.005699999746866524,442736.4655863772,56,10000,9356,19,61,0.0,0.0,95.27734375,95.27734375,N/A (GPTCache eviction path is CPU-only),stress
"GDSF(a=1.0,b=1.0)",high_variance_cost,25000,0.0423,0.09029732728268366,29.175649030308055,0.005299996701069176,0.012400007108226418,0.021399988618213683,143222.7701297004,56,10000,9531,19,61,50.4,95.75999999999999,95.27734375,95.27734375,N/A (GPTCache eviction path is CPU-only),stress
LRU,high_variance_cost,25000,0.06,0.05845693112067008,18.745665058365887,0.0007999915396794677,0.001500011421740055,0.0023000029614195228,676384.0513989335,56,10000,9340,20,62,0.0,0.0,95.27734375,95.27734375,N/A (GPTCache eviction path is CPU-only),stress
LFU,high_variance_cost,25000,0.0635,0.06864063444986603,22.011322149888628,0.009800001862458885,0.030800001695752144,0.046601005451520926,89955.64287116309,56,10000,9302,20,62,41.55,78.945,95.27734375,95.27734375,N/A (GPTCache eviction path is CPU-only),stress
FIFO,high_variance_cost,25000,0.0601,0.05895386812174278,18.90502023488017,0.000700005330145359,0.0015999976312741637,0.0025999906938523054,677015.9843636884,56,10000,9340,20,62,0.0,0.0,95.27734375,95.27734375,N/A (GPTCache eviction path is CPU-only),stress
Random,high_variance_cost,25000,0.0592,0.06357528734385572,20.38699294831586,0.001500011421740055,0.0041000021155923605,0.00650000583846122,399536.5376687105,56,10000,9344,20,62,0.0,0.0,95.30078125,95.30078125,N/A (GPTCache eviction path is CPU-only),stress
"GDSF(a=1.0,b=1.0)",high_variance_cost,25000,0.0454,0.09773335996053222,31.340626264949975,0.0041000021155923605,0.009499999578110874,0.01600200528628197,187129.6003650166,56,10000,9499,20,62,0.0,0.0,95.30078125,95.30078125,N/A (GPTCache eviction path is CPU-only),stress
LRU,high_variance_cost,25000,0.0637,0.06240141878232899,19.548592337253197,0.000800006091594696,0.0015999976312741637,0.0024999899324029684,617737.7211128309,56,10000,9297,21,63,0.0,0.0,95.30078125,95.30078125,N/A (GPTCache eviction path is CPU-only),stress
LFU,high_variance_cost,25000,0.0641,0.052626694786004256,16.48644890619022,0.008000002708286047,0.028399997972883284,0.04560101238894279,94481.34464829965,56,10000,9294,21,63,50.1,95.19,95.30078125,95.30078125,N/A (GPTCache eviction path is CPU-only),stress
FIFO,high_variance_cost,25000,0.0632,0.06200386574994282,19.424050262502217,0.0006999907782301307,0.001300009898841381,0.0021000014385208488,766565.4799518744,56,10000,9301,21,63,0.0,0.0,95.30078125,95.30078125,N/A (GPTCache eviction path is CPU-only),stress
Random,high_variance_cost,25000,0.0628,0.06696133996383864,20.977086144073198,0.0014999968698248267,0.0041000021155923605,0.00689999433234334,413221.4329590663,56,10000,9311,21,63,0.0,0.0,95.30078125,95.30078125,N/A (GPTCache eviction path is CPU-only),stress
"GDSF(a=1.0,b=1.0)",high_variance_cost,25000,0.0432,0.09376007736332685,29.372369501381236,0.0043000036384910345,0.010000003385357559,0.016599995433352888,177210.3894980338,56,10000,9523,21,63,0.0,0.0,95.30078125,95.30078125,N/A (GPTCache eviction path is CPU-only),stress
LRU,high_variance_cost,25000,0.0599,0.05489312052625292,16.586097360029886,0.000800006091594696,0.0016999983927235007,0.0027999923622701317,609953.2167202249,56,10000,9341,22,64,0.0,0.0,95.30078125,95.30078125,N/A (GPTCache eviction path is CPU-only),stress
LFU,high_variance_cost,25000,0.0602,0.05642335265634859,17.048460928540702,0.0092999980552122,0.031199990917230025,0.04930201146635231,88354.67687670059,56,10000,9334,22,64,49.45,93.955,95.30078125,95.30078125,N/A (GPTCache eviction path is CPU-only),stress
FIFO,high_variance_cost,25000,0.0601,0.05586872240971199,16.880877974951236,0.00100000761449337,0.0017999991541728377,0.002900007530115545,528493.739973592,56,10000,9338,22,64,0.0,0.0,95.30078125,95.30078125,N/A (GPTCache eviction path is CPU-only),stress
Random,high_variance_cost,25000,0.0606,0.059536257754390726,17.98903319941329,0.0016999983927235007,0.0044000043999403715,0.006699992954963818,377119.4110309654,56,10000,9331,22,64,0.0,0.0,95.30078125,95.30078125,N/A (GPTCache eviction path is CPU-only),stress
"GDSF(a=1.0,b=1.0)",high_variance_cost,25000,0.0435,0.09099931890184822,27.49567793801448,0.004999994416721165,0.010799994925037026,0.017201000009663424,159976.45147327008,56,10000,9522,22,64,0.0,0.0,95.30078125,95.30078125,N/A (GPTCache eviction path is CPU-only),stress
LRU,high_variance_cost,25000,0.0595,0.06025331372909305,19.080837184520583,0.000700005330145359,0.001500011421740055,0.0023000029614195228,710848.2551340043,56,10000,9350,23,65,0.0,0.0,95.30078125,95.30078125,N/A (GPTCache eviction path is CPU-only),stress
LFU,high_variance_cost,25000,0.0598,0.056394725534251705,17.858911143424997,0.007599999662488699,0.029700007871724665,0.046800992568023524,94275.40862688191,56,10000,9340,23,65,50.1,95.19,95.30078125,95.30078125,N/A (GPTCache eviction path is CPU-only),stress
FIFO,high_variance_cost,25000,0.0592,0.060054652173240505,19.017925643769658,0.000700005330145359,0.0013999961083754897,0.0021010013006162115,727420.8562913572,56,10000,9354,23,65,0.0,0.0,95.30078125,95.30078125,N/A (GPTCache eviction path is CPU-only),stress
Random,high_variance_cost,25000,0.0549,0.05879905599555619,18.620307243168185,0.0014999968698248267,0.003699999797390774,0.0053999976080376655,448277.71708025323,56,10000,9399,23,65,0.0,0.0,95.30078125,95.30078125,N/A (GPTCache eviction path is CPU-only),stress
"GDSF(a=1.0,b=1.0)",high_variance_cost,25000,0.043,0.09388437558351,29.73102015158326,0.005599998985417187,0.011800002539530396,0.018399994587525725,149191.82789322344,56,10000,9528,23,65,0.0,0.0,95.30078125,95.30078125,N/A (GPTCache eviction path is CPU-only),stress
LRU,high_variance_cost,25000,0.06,0.06047111674756999,18.569242811830737,0.000700005330145359,0.0014999968698248267,0.0022000021999701858,704999.8595888526,56,10000,9344,24,66,0.0,0.0,95.30078125,95.30078125,N/A (GPTCache eviction path is CPU-only),stress
LFU,high_variance_cost,25000,0.0638,0.062346414964298005,19.145102326322256,0.008899995009414852,0.03229999856557697,0.048799993382999673,88889.28395308176,56,10000,9301,24,66,40.05,76.09499999999998,95.306640625,95.3125,N/A (GPTCache eviction path is CPU-only),stress
FIFO,high_variance_cost,25000,0.0604,0.06090020278335228,18.701004935868696,0.000600004568696022,0.001200009137392044,0.0020000006770715117,807558.7502994289,56,10000,9340,24,66,0.0,0.0,95.35546875,95.35546875,N/A (GPTCache eviction path is CPU-only),stress
Random,high_variance_cost,25000,0.0598,0.058859139928463367,18.074243040518652,0.0012999953469261527,0.0031999952625483274,0.0048000074457377195,528426.715019002,56,10000,9347,24,66,0.0,0.0,95.35546875,95.35546875,N/A (GPTCache eviction path is CPU-only),stress
"GDSF(a=1.0,b=1.0)",high_variance_cost,25000,0.0434,0.09658042058219096,29.657551854811857,0.0042000028770416975,0.010299991117790341,0.017801004578359446,176272.02298458986,56,10000,9525,24,66,0.0,0.0,95.35546875,95.35546875,N/A (GPTCache eviction path is CPU-only),stress
LRU,high_variance_cost,25000,0.0615,0.05810408418765672,18.667134791194638,0.000700005330145359,0.0014999968698248267,0.0024999899324029684,698090.0252272375,56,10000,9321,25,67,0.0,0.0,95.35546875,95.35546875,N/A (GPTCache eviction path is CPU-only),stress
LFU,high_variance_cost,25000,0.0586,0.051926960744558076,16.682606551118422,0.00890000956133008,0.02570000651758164,0.03789999755099416,103525.24153091652,56,10000,9351,25,67,49.6,94.24,95.35546875,95.35546875,N/A (GPTCache eviction path is CPU-only),stress
FIFO,high_variance_cost,25000,0.0606,0.056756452042126586,18.234180184624968,0.0008999923011288047,0.0015999976312741637,0.0023999893164727837,607024.487289275,56,10000,9328,25,67,0.0,0.0,95.35546875,95.35546875,N/A (GPTCache eviction path is CPU-only),stress
Random,high_variance_cost,25000,0.0597,0.06195001440676501,19.90271915331551,0.0012999953469261527,0.0033999967854470015,0.005299996701069176,487343.6844913076,56,10000,9340,25,67,0.0,0.0,95.35546875,95.35546875,N/A (GPTCache eviction path is CPU-only),stress
"GDSF(a=1.0,b=1.0)",high_variance_cost,25000,0.0444,0.09364030846230717,30.083879376008916,0.005800000508315861,0.013199999375501648,0.024201995111070615,132637.07708254748,56,10000,9509,25,67,50.4,95.75999999999999,95.35546875,95.35546875,N/A (GPTCache eviction path is CPU-only),stress
LRU,high_variance_cost,25000,0.0575,0.058395424775734034,18.220253893570117,0.000700005330145359,0.0014999968698248267,0.0022000021999701858,688667.2909121087,56,10000,9359,26,68,0.0,0.0,95.359375,95.359375,N/A (GPTCache eviction path is CPU-only),stress
LFU,high_variance_cost,25000,0.0627,0.06287576413918458,19.618187396835726,0.007599999662488699,0.02649999805726111,0.041401009511901087,103342.08296047202,56,10000,9306,26,68,50.4,95.75999999999999,95.359375,95.359375,N/A (GPTCache eviction path is CPU-only),stress
FIFO,high_variance_cost,25000,0.0587,0.059134965720557243,18.451001830264104,0.000800006091594696,0.0016999983927235007,0.002700006007216871,612929.1269479227,56,10000,9349,26,68,0.0,0.0,95.359375,95.359375,N/A (GPTCache eviction path is CPU-only),stress
Random,high_variance_cost,25000,0.0556,0.05306596057500727,16.557380625212875,0.0016999983927235007,0.00449999060947448,0.00910101109184327,382273.2261314041,56,10000,9380,26,68,0.0,0.0,95.359375,95.359375,N/A (GPTCache eviction path is CPU-only),stress
"GDSF(a=1.0,b=1.0)",high_variance_cost,25000,0.0436,0.09192935801037541,28.6833471912336,0.005199995939619839,0.012899996363557875,0.022801998857175976,146109.75472314068,56,10000,9516,26,68,50.4,95.75999999999999,95.359375,95.359375,N/A (GPTCache eviction path is CPU-only),stress
LRU,high_variance_cost,25000,0.0587,0.055097097666330336,17.303222293181136,0.000800006091594696,0.0016999983927235007,0.0026000052457675338,624395.1170403577,56,10000,9361,27,69,0.0,0.0,95.37109375,95.37109375,N/A (GPTCache eviction path is CPU-only),stress
LFU,high_variance_cost,25000,0.0641,0.05522844968147171,17.34447334292631,0.010900010238401592,0.03280500168330029,0.05120101137435997,82645.72093409156,56,10000,9297,27,69,63.0,119.69999999999999,95.37109375,95.37109375,N/A (GPTCache eviction path is CPU-only),stress
FIFO,high_variance_cost,25000,0.0583,0.05398046792242604,16.952545152345802,0.0008999923011288047,0.0016999983927235007,0.0026999914553016424,598544.3400206754,56,10000,9365,27,69,0.0,0.0,95.37109375,95.37109375,N/A (GPTCache eviction path is CPU-only),stress
Random,high_variance_cost,25000,0.0568,0.05280252223645115,16.58261176352825,0.0015999976312741637,0.0042000028770416975,0.006599992047995329,399002.4936951581,56,10000,9382,27,69,0.0,0.0,95.37109375,95.37109375,N/A (GPTCache eviction path is CPU-only),stress
"GDSF(a=1.0,b=1.0)",high_variance_cost,25000,0.0407,0.0860772298682368,27.032520874534704,0.006400005077011883,0.01309999788645655,0.02130000211764127,131912.7212812726,56,10000,9550,27,69,0.0,0.0,95.37109375,95.37109375,N/A (GPTCache eviction path is CPU-only),stress
LRU,high_variance_cost,25000,0.0646,0.06509005034699054,20.412373002933666,0.0008999923011288047,0.0015999976312741637,0.0024999900779221207,616876.5077822845,56,10000,9293,28,70,0.0,0.0,95.37109375,95.37109375,N/A (GPTCache eviction path is CPU-only),stress
LFU,high_variance_cost,25000,0.0647,0.06431785442217716,20.170210780526276,0.007499998901039362,0.02820501031237647,0.04490300707402646,99326.66453934369,56,10000,9289,28,70,63.0,119.69999999999999,95.373046875,95.375,N/A (GPTCache eviction path is CPU-only),stress
FIFO,high_variance_cost,25000,0.0635,0.06411405436311426,20.106298664904383,0.000800006091594696,0.0017999991541728377,0.0026999914553016424,601087.9690762727,56,10000,9304,28,70,0.0,0.0,95.375,95.375,N/A (GPTCache eviction path is CPU-only),stress
Random,high_variance_cost,25000,0.0648,0.06316462016641472,19.80855415769541,0.0020000006770715117,0.0048000074457377195,0.008001002570381409,347010.1604202365,56,10000,9292,28,70,0.0,0.0,95.375,95.375,N/A (GPTCache eviction path is CPU-only),stress
"GDSF(a=1.0,b=1.0)",high_variance_cost,25000,0.0477,0.10452487628299371,32.77921512427606,0.0045000051613897085,0.011500000255182385,0.020099992980249226,160635.60293135745,56,10000,9483,28,70,0.0,0.0,95.375,95.375,N/A (GPTCache eviction path is CPU-only),stress
LRU,high_variance_cost,25000,0.0608,0.060101574278673006,18.15049600313013,0.000800006091594696,0.0014999968698248267,0.0023000029614195228,638048.0832964374,56,10000,9320,29,71,0.0,0.0,95.375,95.375,N/A (GPTCache eviction path is CPU-only),stress
LFU,high_variance_cost,25000,0.0557,0.05510118853338926,16.640394436354907,0.008799994247965515,0.024305009719682785,0.037699996173614636,105029.43975681017,56,10000,9381,29,71,40.05,76.09499999999998,95.375,95.375,N/A (GPTCache eviction path is CPU-only),stress
FIFO,high_variance_cost,25000,0.0609,0.06019437074371541,18.178520258535606,0.000600004568696022,0.001200009137392044,0.0017999991541728377,817106.9512630946,56,10000,9319,29,71,0.0,0.0,95.375,95.375,N/A (GPTCache eviction path is CPU-only),stress
Random,high_variance_cost,25000,0.0626,0.06532554211326753,19.72811869338858,0.0016999983927235007,0.004099987563677132,0.005900001269765198,415814.2474390984,56,10000,9306,29,71,0.0,0.0,95.375,95.375,N/A (GPTCache eviction path is CPU-only),stress
"GDSF(a=1.0,b=1.0)",high_variance_cost,25000,0.0445,0.09785602388041428,29.552227069598178,0.006199989002197981,0.01309999788645655,0.0206010112015065,135885.81244415347,56,10000,9504,29,71,0.0,0.0,95.375,95.375,N/A (GPTCache eviction path is CPU-only),stress
LRU,high_variance_cost,50000,0.1201,0.12114464679280074,36.93008575156363,0.000800006091594696,0.0014999968698248267,0.0020000006770715117,648264.5958205875,56,10000,8675,0,42,0.0,0.0,95.375,95.375,N/A (GPTCache eviction path is CPU-only),stress
LFU,high_variance_cost,50000,0.1277,0.11846136400765553,36.11210603909155,0.015500001609325409,0.04910499555990093,0.07829999973182566,59454.19857003514,56,10000,8596,0,42,74.73333333333333,121.62,95.375,95.375,N/A (GPTCache eviction path is CPU-only),stress
FIFO,high_variance_cost,50000,0.1216,0.12400989288368953,37.80353568630845,0.000600004568696022,0.001200009137392044,0.002201002062065549,799226.3487720434,56,10000,8660,0,42,0.0,0.0,95.4140625,95.4140625,N/A (GPTCache eviction path is CPU-only),stress
Random,high_variance_cost,50000,0.1213,0.12560431056039922,38.2895825986859,0.0015999976312741637,0.0043000036384910345,0.00689999433234334,435716.55786517763,56,10000,8663,0,42,0.0,0.0,95.42578125,95.42578125,N/A (GPTCache eviction path is CPU-only),stress
"GDSF(a=1.0,b=1.0)",high_variance_cost,50000,0.0891,0.19812546571596137,60.39714202950442,0.005900001269765198,0.013199998647905886,0.02110100045683796,143769.87618714286,56,10000,9020,0,42,50.4,95.75999999999999,95.42578125,95.42578125,N/A (GPTCache eviction path is CPU-only),stress
LRU,high_variance_cost,50000,0.1222,0.11605940054957588,35.33127156640504,0.000800006091594696,0.001500011421740055,0.0026000052457675338,634055.0995881123,56,10000,8643,1,43,0.0,0.0,95.4375,95.4375,N/A (GPTCache eviction path is CPU-only),stress
LFU,high_variance_cost,50000,0.1175,0.11936465767911913,36.33747129419707,0.012599994079209864,0.04639998951461166,0.07600099677802066,61774.91691312663,56,10000,8705,1,43,60.1,98.19,95.4375,95.4375,N/A (GPTCache eviction path is CPU-only),stress
FIFO,high_variance_cost,50000,0.1195,0.11307659140432877,34.42323275660208,0.0008999923011288047,0.001700012944638729,0.0026010051078628965,563202.5952992825,56,10000,8673,1,43,0.0,0.0,95.4375,95.4375,N/A (GPTCache eviction path is CPU-only),stress
Random,high_variance_cost,50000,0.1177,0.11652545087654341,35.47314848966787,0.0020999941625632346,0.005399997462518513,0.008700008038431406,352352.12669377826,56,10000,8700,1,43,0.0,0.0,95.4375,95.4375,N/A (GPTCache eviction path is CPU-only),stress
"GDSF(a=1.0,b=1.0)",high_variance_cost,50000,0.0854,0.18354779646218247,55.876361686449414,0.005999987479299307,0.013900003978051245,0.02239999594166875,139593.25318154748,56,10000,9049,1,43,0.0,0.0,95.4375,95.4375,N/A (GPTCache eviction path is CPU-only),stress
LRU,high_variance_cost,50000,0.1244,0.12760636093601424,37.19709639362063,0.000600004568696022,0.001200009137392044,0.0018999999156221747,815820.3890211213,56,10000,8626,2,44,0.0,0.0,95.45703125,95.45703125,N/A (GPTCache eviction path is CPU-only),stress
LFU,high_variance_cost,50000,0.1308,0.1218318350039284,35.513829226155806,0.017600003047846258,0.05329999839887023,0.08020199951715773,56478.85939923716,56,10000,8559,2,44,66.8,100.2,95.45703125,95.45703125,N/A (GPTCache eviction path is CPU-only),stress
FIFO,high_variance_cost,50000,0.1253,0.12749400989462867,37.1643462040087,0.0008999923011288047,0.001500011421740055,0.0023000029614195228,625226.6445511377,56,10000,8618,2,44,0.0,0.0,95.45703125,95.45703125,N/A (GPTCache eviction path is CPU-only),stress
Random,high_variance_cost,50000,0.1254,0.12376109248943742,36.07620539714134,0.0022000021999701858,0.005399997462518513,0.008499992109136656,344451.065689989,56,10000,8610,2,44,0.0,0.0,95.45703125,95.45703125,N/A (GPTCache eviction path is CPU-only),stress
"GDSF(a=1.0,b=1.0)",high_variance_cost,50000,0.0903,0.20491406623282463,59.73219687608794,0.005299996701069176,0.011500000255182385,0.01829999397159554,160823.9331951073,56,10000,9001,2,44,0.0,0.0,95.45703125,95.45703125,N/A (GPTCache eviction path is CPU-only),stress
LRU,high_variance_cost,50000,0.1184,0.11287029544707304,35.850028856241416,0.0008999923011288047,0.0015999976312741637,0.0023000029614195228,611658.205480226,56,10000,8697,3,45,0.0,0.0,95.45703125,95.45703125,N/A (GPTCache eviction path is CPU-only),stress
LFU,high_variance_cost,50000,0.1228,0.09280576019993945,29.47710173004184,0.013700002455152571,0.0500050016853492,0.07920300631667493,57849.14562502283,56,10000,8647,3,45,66.8,100.2,95.45703125,95.45703125,N/A (GPTCache eviction path is CPU-only),stress
FIFO,high_variance_cost,50000,0.118,0.11585628024601549,36.79844172946351,0.0008999923011288047,0.0016999983927235007,0.0030010081536602446,578737.1956936525,56,10000,8702,3,45,0.0,0.0,95.45703125,95.45703125,N/A (GPTCache eviction path is CPU-only),stress
Random,high_variance_cost,50000,0.1177,0.11937967905274399,37.91754882839455,0.0022000021999701858,0.00549999822396785,0.008800008799880743,338117.69880514103,56,10000,8711,3,45,0.0,0.0,95.45703125,95.45703125,N/A (GPTCache eviction path is CPU-only),stress
"GDSF(a=1.0,b=1.0)",high_variance_cost,50000,0.0871,0.18347785098256253,58.2765042489893,0.005700014298781753,0.013500000932253897,0.022002992918714947,141085.11381201065,56,10000,9042,3,45,40.05,76.09499999999998,95.45703125,95.45703125,N/A (GPTCache eviction path is CPU-only),stress
LRU,high_variance_cost,50000,0.1208,0.12331767528722178,37.8423611344931,0.000900006853044033,0.0017999991541728377,0.0027999923622701317,541961.358152729,56,10000,8676,4,46,0.0,0.0,95.45703125,95.45703125,N/A (GPTCache eviction path is CPU-only),stress
LFU,high_variance_cost,50000,0.1166,0.1136203796857031,34.86656256120759,0.014500008546747267,0.047604998690076096,0.07490000280085951,61690.162391501566,56,10000,8716,4,46,66.8,100.2,95.45703125,95.45703125,N/A (GPTCache eviction path is CPU-only),stress
FIFO,high_variance_cost,50000,0.121,0.12521652103556763,38.425057867789754,0.0009999930625781417,0.0017999991541728377,0.002900007530115545,545283.029073719,56,10000,8669,4,46,0.0,0.0,95.45703125,95.45703125,N/A (GPTCache eviction path is CPU-only),stress
Random,high_variance_cost,50000,0.1255,0.12462991033233553,38.24504527814788,0.0021999876480549574,0.005199995939619839,0.00729999752365984,368620.1076457441,56,10000,8624,4,46,0.0,0.0,95.45703125,95.45703125,N/A (GPTCache eviction path is CPU-only),stress
"GDSF(a=1.0,b=1.0)",high_variance_cost,50000,0.0928,0.202186491493204,62.04474913901304,0.0048000074457377195,0.012100004823878407,0.022199994418770075,155481.33911361062,56,10000,8988,4,46,0.0,0.0,95.45703125,95.45703125,N/A (GPTCache eviction path is CPU-only),stress
LRU,high_variance_cost,50000,0.1198,0.11828297297692286,38.17968073882252,0.0008999923011288047,0.0016999983927235007,0.0025999906938523054,598386.7495433633,56,10000,8678,5,47,0.0,0.0,95.4609375,95.4609375,N/A (GPTCache eviction path is CPU-only),stress
LFU,high_variance_cost,50000,0.1217,0.11166288519405393,36.04283186149317,0.01410000550094992,0.04801000104635008,0.07720000576227903,60874.35047045173,56,10000,8660,5,47,66.36666666666667,100.07000000000001,95.4609375,95.4609375,N/A (GPTCache eviction path is CPU-only),stress
FIFO,high_variance_cost,50000,0.1218,0.12096532544464778,39.045497333293056,0.000600004568696022,0.0012999953469261527,0.0020000006770715117,812823.0975538335,56,10000,8660,5,47,0.0,0.0,95.4609375,95.4609375,N/A (GPTCache eviction path is CPU-only),stress
Random,high_variance_cost,50000,0.1244,0.1233734364288858,39.82279355985812,0.0015999976312741637,0.004699992132373154,0.008000002708286047,409713.48724557477,56,10000,8631,5,47,0.0,0.0,95.4609375,95.4609375,N/A (GPTCache eviction path is CPU-only),stress
"GDSF(a=1.0,b=1.0)",high_variance_cost,50000,0.0882,0.1879443083825283,60.665144865133826,0.0041000021155923605,0.00960000033956021,0.015300000086426735,193406.01535699135,56,10000,9027,5,47,0.0,0.0,95.4609375,95.4609375,N/A (GPTCache eviction path is CPU-only),stress
LRU,high_variance_cost,50000,0.1227,0.11802945547624279,34.29566533730853,0.000800006091594696,0.001500011421740055,0.0023999891709536314,644940.7619698826,56,10000,8645,6,48,0.0,0.0,95.47265625,95.47265625,N/A (GPTCache eviction path is CPU-only),stress
LFU,high_variance_cost,50000,0.1254,0.12990467788977192,37.746233265942884,0.014599994756281376,0.05040000542066991,0.07960099494084719,59009.82690625071,56,10000,8623,6,48,66.36666666666667,100.07000000000001,95.47265625,95.47265625,N/A (GPTCache eviction path is CPU-only),stress
FIFO,high_variance_cost,50000,0.1237,0.11999211489965246,34.86595273281313,0.0009999930625781417,0.0017999991541728377,0.002700006007216871,543009.0300781977,56,10000,8633,6,48,0.0,0.0,95.47265625,95.47265625,N/A (GPTCache eviction path is CPU-only),stress
Random,high_variance_cost,50000,0.1265,0.12028504097742125,34.951067882173035,0.0022000021999701858,0.005800000508315861,0.009201011707773453,323226.0546371344,56,10000,8612,6,48,0.0,0.0,95.47265625,95.47265625,N/A (GPTCache eviction path is CPU-only),stress
"GDSF(a=1.0,b=1.0)",high_variance_cost,50000,0.0936,0.20795814375556923,60.4261273055221,0.005699999746866524,0.012500007869675756,0.019099999917671084,148725.20192272184,56,10000,8970,6,48,63.0,119.69999999999999,95.47265625,95.47265625,N/A (GPTCache eviction path is CPU-only),stress
LRU,high_variance_cost,50000,0.1265,0.1246718640757643,37.79471660641175,0.000900006853044033,0.0018999853637069464,0.003999986802227795,532045.0748767903,56,10000,8599,7,49,0.0,0.0,95.47265625,95.47265625,N/A (GPTCache eviction path is CPU-only),stress
LFU,high_variance_cost,50000,0.1249,0.1263275290751446,38.29663730769127,0.01990000600926578,0.06270499725360416,0.10140300073544502,46652.779688052535,56,10000,8621,7,49,59.666666666666664,97.02,95.47265625,95.47265625,N/A (GPTCache eviction path is CPU-only),stress
FIFO,high_variance_cost,50000,0.1261,0.12717687100464842,38.55411831806609,0.0011999945854768157,0.0021999876480549574,0.0032999960239976645,421948.0497179008,56,10000,8607,7,49,0.0,0.0,95.47265625,95.47265625,N/A (GPTCache eviction path is CPU-only),stress
Random,high_variance_cost,50000,0.1211,0.12238823608219333,37.10242670209915,0.0030999945010989904,0.007299997378140688,0.0109999964479357,255588.44127657334,56,10000,8656,7,49,0.0,0.0,95.47265625,95.47265625,N/A (GPTCache eviction path is CPU-only),stress
"GDSF(a=1.0,b=1.0)",high_variance_cost,50000,0.089,0.200787040404728,60.869301558891586,0.00859999272506684,0.01899998533190228,0.03090001700911671,98158.35299331059,56,10000,9014,7,49,50.1,95.19,95.47265625,95.47265625,N/A (GPTCache eviction path is CPU-only),stress
LRU,high_variance_cost,50000,0.1281,0.12488902001014685,36.45596335722306,0.0009999930625781417,0.0017999991541728377,0.0025999906938523054,545753.2213416535,56,10000,8596,8,50,0.0,0.0,95.4765625,95.4765625,N/A (GPTCache eviction path is CPU-only),stress
LFU,high_variance_cost,50000,0.1269,0.12924860836933633,37.72855716460721,0.02400000812485814,0.07270001515280455,0.11530299030710017,38705.32244686078,56,10000,8603,8,50,69.8,100.00500000000001,95.4765625,95.4765625,N/A (GPTCache eviction path is CPU-only),stress
FIFO,high_variance_cost,50000,0.128,0.12524971147914715,36.561251676212756,0.0013999961083754897,0.0026999914553016424,0.010301005677320086,310064.0592351178,56,10000,8593,8,50,0.0,0.0,95.55078125,95.55078125,N/A (GPTCache eviction path is CPU-only),stress
Random,high_variance_cost,50000,0.1281,0.12558173741865064,36.65817233011174,0.0025000044843181968,0.006999995093792677,0.01309999788645655,260170.047203448,56,10000,8589,8,50,0.0,0.0,95.55078125,95.55078125,N/A (GPTCache eviction path is CPU-only),stress
"GDSF(a=1.0,b=1.0)",high_variance_cost,50000,0.0942,0.20634488136111653,60.23348916694378,0.007299997378140688,0.017799990746425465,0.03210099705029281,107023.41136323693,56,10000,8972,8,50,50.1,95.19,95.55078125,95.55078125,N/A (GPTCache eviction path is CPU-only),stress
LRU,high_variance_cost,50000,0.1187,0.12487082803817659,38.18955785029602,0.00100000761449337,0.001800013706088066,0.0025999908393714577,521566.7868088565,56,10000,8685,9,51,0.0,0.0,95.61328125,95.61328125,N/A (GPTCache eviction path is CPU-only),stress
LFU,high_variance_cost,50000,0.1264,0.11793325674334972,36.06782305869727,0.02200000744778663,0.0720000098226592,0.11779999491409399,40943.92115797574,56,10000,8609,9,51,75.15,100.20000000000002,95.6171875,95.6171875,N/A (GPTCache eviction path is CPU-only),stress
FIFO,high_variance_cost,50000,0.1177,0.12217567551897994,37.36529261025321,0.0013999961083754897,0.0025999906938523054,0.011601001024246237,351508.6751922321,56,10000,8698,9,51,0.0,0.0,95.6171875,95.6171875,N/A (GPTCache eviction path is CPU-only),stress
Random,high_variance_cost,50000,0.117,0.12013350565767923,36.74073069067957,0.0028999929782003164,0.007499998901039362,0.01260099408682438,249077.1690788017,56,10000,8701,9,51,0.0,0.0,95.6171875,95.6171875,N/A (GPTCache eviction path is CPU-only),stress
"GDSF(a=1.0,b=1.0)",high_variance_cost,50000,0.0874,0.1970683466347426,60.269905649771076,0.008100003469735384,0.019905005319742413,0.03700000524986535,95574.33484475035,56,10000,9039,9,51,50.4,95.75999999999999,95.6171875,95.6171875,N/A (GPTCache eviction path is CPU-only),stress
LRU,high_variance_cost,50000,0.1266,0.1202159446578732,34.36833650842423,0.00100000761449337,0.0020000006770715117,0.003000008291564882,488483.9899375854,56,10000,8612,10,52,0.0,0.0,95.6171875,95.6171875,N/A (GPTCache eviction path is CPU-only),stress
LFU,high_variance_cost,50000,0.1218,0.12203398727360494,34.88809368857156,0.019500002963468432,0.07090501458151259,0.11079999967478216,43165.7595382113,56,10000,8657,10,52,66.8,100.2,95.6171875,95.6171875,N/A (GPTCache eviction path is CPU-only),stress
FIFO,high_variance_cost,50000,0.1262,0.12103142318519608,34.601472308522865,0.001100008375942707,0.0022000021999701858,0.0033999967854470015,448766.56508156453,56,10000,8615,10,52,0.0,0.0,95.6171875,95.6171875,N/A (GPTCache eviction path is CPU-only),stress
Random,high_variance_cost,50000,0.1269,0.12288834107454942,35.132343475999306,0.0018999999156221747,0.005599998985417187,0.0092999980552122,341651.40628339385,56,10000,8615,10,52,0.0,0.0,95.6171875,95.6171875,N/A (GPTCache eviction path is CPU-only),stress
"GDSF(a=1.0,b=1.0)",high_variance_cost,50000,0.0851,0.19868666809267194,56.80220114045686,0.004899993655271828,0.012499993317760527,0.019899991602869704,153580.10587900272,56,10000,9063,10,52,0.0,0.0,95.6171875,95.6171875,N/A (GPTCache eviction path is CPU-only),stress
LRU,high_variance_cost,50000,0.1245,0.13046578029497793,41.32510014465808,0.000900006853044033,0.0016999983927235007,0.0023000029614195228,596904.4533516339,56,10000,8642,11,53,0.0,0.0,95.6171875,95.6171875,N/A (GPTCache eviction path is CPU-only),stress
LFU,high_variance_cost,50000,0.1085,0.133281544010763,42.21699468800442,0.010899995686486363,0.04329999501351267,0.07000100900768305,67369.05644743984,56,10000,8810,11,53,50.1,95.19,95.6171875,95.6171875,N/A (GPTCache eviction path is CPU-only),stress
FIFO,high_variance_cost,50000,0.1245,0.1317500949490475,41.73190744368068,0.000800006091594696,0.0017999991541728377,0.0029999937396496534,599746.9069377778,56,10000,8643,11,53,0.0,0.0,95.6171875,95.6171875,N/A (GPTCache eviction path is CPU-only),stress
Random,high_variance_cost,50000,0.1233,0.13067293565753338,41.390716707742676,0.0020999868866056204,0.006100002792663872,0.009899988217512146,310487.6519098779,56,10000,8655,11,53,0.0,0.0,95.6171875,95.6171875,N/A (GPTCache eviction path is CPU-only),stress
"GDSF(a=1.0,b=1.0)",high_variance_cost,50000,0.0895,0.19977188348997466,63.27784245527526,0.006099988240748644,0.014499993994832039,0.024900986027205384,131317.176934836,56,10000,9019,11,53,50.1,95.19,95.6171875,95.6171875,N/A (GPTCache eviction path is CPU-only),stress
LRU,high_variance_cost,50000,0.1255,0.12311061278304869,36.58372575108448,0.0009999930625781417,0.0017999991541728377,0.0034999975468963385,520085.71008138225,56,10000,8625,12,54,0.0,0.0,95.6328125,95.6328125,N/A (GPTCache eviction path is CPU-only),stress
LFU,high_variance_cost,50000,0.1287,0.1318791779003735,39.18940510098783,0.014700010069645941,0.055104997591115465,0.09429999059648253,54867.095433133574,56,10000,8586,12,54,67.0,100.74,95.6328125,95.6328125,N/A (GPTCache eviction path is CPU-only),stress
FIFO,high_variance_cost,50000,0.125,0.12345277778556997,36.685403992552715,0.000800006091594696,0.0017999991541728377,0.0026999914553016424,586806.2482372036,56,10000,8627,12,54,0.0,0.0,95.6328125,95.6328125,N/A (GPTCache eviction path is CPU-only),stress
Random,high_variance_cost,50000,0.1239,0.12094883670969968,35.9413292816426,0.0026999914553016424,0.006800008122809231,0.01190100330859425,261895.28380031293,56,10000,8638,12,54,0.0,0.0,95.6328125,95.6328125,N/A (GPTCache eviction path is CPU-only),stress
"GDSF(a=1.0,b=1.0)",high_variance_cost,50000,0.0925,0.20824545059963814,61.88251590521822,0.007400012691505253,0.016000005416572094,0.02420200951746669,114536.64773203568,56,10000,8985,12,54,50.1,95.19,95.6328125,95.6328125,N/A (GPTCache eviction path is CPU-only),stress
LRU,high_variance_cost,50000,0.1184,0.1241369371901373,39.723109316963246,0.000900006853044033,0.001700012944638729,0.002900007530115545,561781.9722507906,56,10000,8699,13,55,0.0,0.0,95.63671875,95.63671875,N/A (GPTCache eviction path is CPU-only),stress
LFU,high_variance_cost,50000,0.1256,0.12160913302737666,38.914226454520644,0.012999997125007212,0.05060500625404522,0.0815009950019885,58686.1348130919,56,10000,8619,13,55,75.39999999999999,123.42,95.63671875,95.63671875,N/A (GPTCache eviction path is CPU-only),stress
FIFO,high_variance_cost,50000,0.1181,0.12286949730236775,39.31753580794848,0.000700005330145359,0.0012999953469261527,0.0017999991541728377,759019.0438289938,56,10000,8703,13,55,0.0,0.0,95.63671875,95.63671875,N/A (GPTCache eviction path is CPU-only),stress
Random,high_variance_cost,50000,0.1205,0.12540677448617044,40.12944998289913,0.0020000006770715117,0.005399997462518513,0.008899995009414852,335405.0183365665,56,10000,8672,13,55,0.0,0.0,95.63671875,95.63671875,N/A (GPTCache eviction path is CPU-only),stress
"GDSF(a=1.0,b=1.0)",high_variance_cost,50000,0.0895,0.18883673347062965,60.42667377255095,0.0053000112529844046,0.01309999788645655,0.021501003502635306,145351.3724096479,56,10000,9015,13,55,0.0,0.0,95.63671875,95.63671875,N/A (GPTCache eviction path is CPU-only),stress
LRU,high_variance_cost,50000,0.1207,0.11971360533017728,37.73355815888964,0.0009999930625781417,0.0018999999156221747,0.0036009983159601905,516035.81285773695,56,10000,8678,14,56,0.0,0.0,95.63671875,95.63671875,N/A (GPTCache eviction path is CPU-only),stress
LFU,high_variance_cost,50000,0.129,0.11433998611205907,36.03980102300396,0.013999990187585354,0.05129999772179872,0.0783010140003171,59578.70704491949,56,10000,8586,14,56,60.29999999999999,98.72999999999999,95.63671875,95.63671875,N/A (GPTCache eviction path is CPU-only),stress
FIFO,high_variance_cost,50000,0.1199,0.11780729934423358,37.132693223021626,0.000700005330145359,0.001500011421740055,0.0022010022075847012,677717.9880111386,56,10000,8683,14,56,0.0,0.0,95.63671875,95.63671875,N/A (GPTCache eviction path is CPU-only),stress
Random,high_variance_cost,50000,0.12,0.12487935237710679,39.36179428202553,0.0017999991541728377,0.0047000066842883825,0.007701000431552551,406210.1407239564,56,10000,8681,14,56,0.0,0.0,95.63671875,95.63671875,N/A (GPTCache eviction path is CPU-only),stress
"GDSF(a=1.0,b=1.0)",high_variance_cost,50000,0.0852,0.18776473740729013,59.183178216090674,0.005200003215577453,0.012799995602108538,0.021100000594742596,149193.3859630745,56,10000,9064,14,56,0.0,0.0,95.63671875,95.63671875,N/A (GPTCache eviction path is CPU-only),stress
LRU,high_variance_cost,50000,0.1155,0.1174725233707589,37.1924465514838,0.000700005330145359,0.0015999976312741637,0.0028999929782003164,673881.693380273,56,10000,8717,15,57,0.0,0.0,95.63671875,95.63671875,N/A (GPTCache eviction path is CPU-only),stress
LFU,high_variance_cost,50000,0.1102,0.1299573934217409,41.14522502894819,0.0109999964479357,0.0408000050811097,0.06381000552210048,73283.48101833537,56,10000,8788,15,57,41.55,78.945,95.63671875,95.63671875,N/A (GPTCache eviction path is CPU-only),stress
FIFO,high_variance_cost,50000,0.1149,0.11752111683261521,37.207831508586814,0.0007999915396794677,0.0014999968698248267,0.0023000029614195228,664593.1364363948,56,10000,8723,15,57,0.0,0.0,95.63671875,95.63671875,N/A (GPTCache eviction path is CPU-only),stress
Random,high_variance_cost,50000,0.1166,0.11220219643917388,35.523832078181236,0.0016999983927235007,0.0045000051613897085,0.007499998901039362,401134.40819855954,56,10000,8713,15,57,0.0,0.0,95.63671875,95.63671875,N/A (GPTCache eviction path is CPU-only),stress
"GDSF(a=1.0,b=1.0)",high_variance_cost,50000,0.0835,0.18431455838971386,58.35500221557458,0.004999994416721165,0.011500000255182385,0.01819999306462705,163215.47544995352,56,10000,9074,15,57,0.0,0.0,95.63671875,95.63671875,N/A (GPTCache eviction path is CPU-only),stress
LRU,high_variance_cost,50000,0.1215,0.12401256049050847,38.425126846484105,0.000900006853044033,0.0017999991541728377,0.004003001376986569,526745.5029484612,56,10000,8663,16,58,0.0,0.0,95.63671875,95.63671875,N/A (GPTCache eviction path is CPU-only),stress
LFU,high_variance_cost,50000,0.1125,0.12345875737813672,38.25353168905252,0.012600008631125093,0.04701000798377194,0.07520100509282203,62278.75472574418,56,10000,8762,16,58,53.166666666666664,96.11,95.63671875,95.63671875,N/A (GPTCache eviction path is CPU-only),stress
FIFO,high_variance_cost,50000,0.1196,0.12133811326034312,37.59645293106086,0.000800006091594696,0.001600012183189392,0.002900007530115545,620112.7363793317,56,10000,8684,16,58,0.0,0.0,95.63671875,95.63671875,N/A (GPTCache eviction path is CPU-only),stress
Random,high_variance_cost,50000,0.1238,0.12356636497997446,38.28687376129026,0.0020000006770715117,0.006000002031214535,0.010999996593454853,313946.11424320657,56,10000,8643,16,58,0.0,0.0,95.63671875,95.63671875,N/A (GPTCache eviction path is CPU-only),stress
"GDSF(a=1.0,b=1.0)",high_variance_cost,50000,0.0854,0.19183591261919788,59.44010225212548,0.00549999822396785,0.013800003216601908,0.02519998830393888,135480.42714673968,56,10000,9056,16,58,30.05,57.095,95.63671875,95.63671875,N/A (GPTCache eviction path is CPU-only),stress
LRU,high_variance_cost,50000,0.1211,0.12085605531030995,37.33346670515917,0.000700005330145359,0.0015999976312741637,0.0024000037228688598,675506.7988143916,56,10000,8683,17,59,0.0,0.0,95.63671875,95.63671875,N/A (GPTCache eviction path is CPU-only),stress
LFU,high_variance_cost,50000,0.1158,0.11260497206553088,34.78463668742006,0.018300008377991617,0.05610000516753644,0.0881000014487654,52018.14809313901,56,10000,8727,17,59,59.666666666666664,97.02,95.63671875,95.63671875,N/A (GPTCache eviction path is CPU-only),stress
FIFO,high_variance_cost,50000,0.1202,0.1190481262136131,36.77498198080244,0.0010999938240274787,0.0020000006770715117,0.0031999952625483274,484252.1211570657,56,10000,8690,17,59,0.0,0.0,95.63671875,95.63671875,N/A (GPTCache eviction path is CPU-only),stress
Random,high_variance_cost,50000,0.1182,0.1165530452010791,36.00423016643169,0.0024000037228688598,0.006000002031214535,0.008499991963617504,326109.99680462445,56,10000,8707,17,59,0.0,0.0,95.63671875,95.63671875,N/A (GPTCache eviction path is CPU-only),stress
"GDSF(a=1.0,b=1.0)",high_variance_cost,50000,0.087,0.19543756188641798,60.37233046279672,0.006200018106028438,0.014500008546747267,0.02170099076465706,131335.4583462728,56,10000,9048,17,59,49.45,93.955,95.63671875,95.63671875,N/A (GPTCache eviction path is CPU-only),stress
LRU,high_variance_cost,50000,0.1221,0.1237615460657718,38.59922597299351,0.0009999930625781417,0.0017999991541728377,0.00250100434641356,529812.5521561331,56,10000,8662,18,60,0.0,0.0,95.63671875,95.63671875,N/A (GPTCache eviction path is CPU-only),stress
LFU,high_variance_cost,50000,0.1097,0.13034389589743609,40.65215450097651,0.011399999493733048,0.045105008030077366,0.07299998847884126,65946.70451446464,56,10000,8791,18,60,66.8,100.2,95.63671875,95.63671875,N/A (GPTCache eviction path is CPU-only),stress
FIFO,high_variance_cost,50000,0.1219,0.12447382941815259,38.8213756386153,0.0008999923011288047,0.0015999976312741637,0.0024000037228688598,602747.322127935,56,10000,8666,18,60,0.0,0.0,95.63671875,95.63671875,N/A (GPTCache eviction path is CPU-only),stress
Random,high_variance_cost,50000,0.1179,0.11310906877431386,35.27689047205648,0.0022999884095042944,0.005599999713012949,0.008199989824788645,345605.79503334983,56,10000,8702,18,60,0.0,0.0,95.63671875,95.63671875,N/A (GPTCache eviction path is CPU-only),stress
"GDSF(a=1.0,b=1.0)",high_variance_cost,50000,0.0856,0.19385782349219902,60.46112200013599,0.005400012014433742,0.012699994840659201,0.021000999840907773,151805.4219029684,56,10000,9058,18,60,0.0,0.0,95.63671875,95.63671875,N/A (GPTCache eviction path is CPU-only),stress
LRU,high_variance_cost,50000,0.1187,0.11720573031773666,37.86992766005146,0.0009999930625781417,0.0017999991541728377,0.0027999923622701317,536040.6963572998,56,10000,8692,19,61,0.0,0.0,95.63671875,95.63671875,N/A (GPTCache eviction path is CPU-only),stress
LFU,high_variance_cost,50000,0.112,0.12937699389400664,41.802541448773454,0.013700002455152571,0.04130000888835639,0.06600499327760201,68323.93196195133,56,10000,8766,19,61,50.1,95.19,95.63671875,95.63671875,N/A (GPTCache eviction path is CPU-only),stress
FIFO,high_variance_cost,50000,0.1176,0.1137181215523407,36.74305876640557,0.000800006091594696,0.0016999983927235007,0.002700006007216871,603143.5845668424,56,10000,8703,19,61,0.0,0.0,95.63671875,95.63671875,N/A (GPTCache eviction path is CPU-only),stress
Random,high_variance_cost,50000,0.1183,0.11709247008506268,37.833332548135886,0.0016999983927235007,0.004699992132373154,0.007199996616691351,406576.7860937365,56,10000,8697,19,61,0.0,0.0,95.63671875,95.63671875,N/A (GPTCache eviction path is CPU-only),stress
"GDSF(a=1.0,b=1.0)",high_variance_cost,50000,0.0869,0.18664406121281593,60.305900378301985,0.005800000508315861,0.013499986380338669,0.024000993580557427,139641.7908815323,56,10000,9041,19,61,50.1,95.19,95.63671875,95.63671875,N/A (GPTCache eviction path is CPU-only),stress
LRU,high_variance_cost,50000,0.1205,0.12246288092168874,39.27076060667155,0.000900006853044033,0.0016999983927235007,0.0024000037228688598,568889.6979826201,56,10000,8671,20,62,0.0,0.0,95.69921875,95.69921875,N/A (GPTCache eviction path is CPU-only),stress
LFU,high_variance_cost,50000,0.1207,0.1287494282784238,41.28669796198101,0.012899996363557875,0.04881500790361293,0.07730200639343825,61427.66492752387,56,10000,8672,20,62,60.1,114.19,95.69921875,95.69921875,N/A (GPTCache eviction path is CPU-only),stress
FIFO,high_variance_cost,50000,0.1181,0.11871776350655937,38.06979580536599,0.000800006091594696,0.0017999991541728377,0.0030999945010989904,576402.0980518399,56,10000,8694,20,62,0.0,0.0,95.69921875,95.69921875,N/A (GPTCache eviction path is CPU-only),stress
Random,high_variance_cost,50000,0.1176,0.11992549104609856,38.457083600054226,0.0018999999156221747,0.00549999822396785,0.009000995778478705,338399.16890461615,56,10000,8694,20,62,0.0,0.0,95.69921875,95.69921875,N/A (GPTCache eviction path is CPU-only),stress
"GDSF(a=1.0,b=1.0)",high_variance_cost,50000,0.0874,0.1921966191941941,61.63261361304523,0.00549999822396785,0.014699995517730713,0.028300997219048465,130191.21183380137,56,10000,9035,20,62,50.1,95.19,95.69921875,95.69921875,N/A (GPTCache eviction path is CPU-only),stress
LRU,high_variance_cost,50000,0.1204,0.12289466784439572,38.499409292157864,0.0007999915396794677,0.001400010660290718,0.0021000014385208488,697160.4656743542,56,10000,8674,21,63,0.0,0.0,95.69921875,95.69921875,N/A (GPTCache eviction path is CPU-only),stress
LFU,high_variance_cost,50000,0.1245,0.11590194924200088,36.30878914353307,0.016600009985268116,0.0501000031363219,0.07800301173119813,56727.321409759104,56,10000,8629,21,63,66.8,100.2,95.69921875,95.69921875,N/A (GPTCache eviction path is CPU-only),stress
FIFO,high_variance_cost,50000,0.1214,0.12546297324079983,39.303986434337986,0.0008999923011288047,0.001600012183189392,0.0024000037228688598,604313.5899748523,56,10000,8663,21,63,0.0,0.0,95.69921875,95.69921875,N/A (GPTCache eviction path is CPU-only),stress
Random,high_variance_cost,50000,0.1226,0.12470661544810346,39.06704101804702,0.0021000014385208488,0.005900001269765198,0.0098010018700734,313861.3737344129,56,10000,8647,21,63,0.0,0.0,95.69921875,95.69921875,N/A (GPTCache eviction path is CPU-only),stress
"GDSF(a=1.0,b=1.0)",high_variance_cost,50000,0.0899,0.1996454388063377,62.54324615328021,0.005299996701069176,0.013500000932253897,0.023702005855739162,140639.26169693316,56,10000,9010,21,63,0.0,0.0,95.69921875,95.69921875,N/A (GPTCache eviction path is CPU-only),stress
LRU,high_variance_cost,50000,0.1195,0.12076096797617257,36.488236648640274,0.00100000761449337,0.0017999991541728377,0.0025000044843181968,540894.3146375049,56,10000,8678,22,64,0.0,0.0,95.70703125,95.70703125,N/A (GPTCache eviction path is CPU-only),stress
LFU,high_variance_cost,50000,0.1264,0.10849051463696352,32.780687655529356,0.014299992471933365,0.05289999608066864,0.08950101197115147,52005.081937161885,56,10000,8606,22,64,66.43333333333334,116.09,95.70703125,95.70703125,N/A (GPTCache eviction path is CPU-only),stress
FIFO,high_variance_cost,50000,0.1205,0.1199154086928856,36.23274873937544,0.00100000761449337,0.0018999999156221747,0.0027999922167509794,513286.41918995464,56,10000,8668,22,64,0.0,0.0,95.70703125,95.70703125,N/A (GPTCache eviction path is CPU-only),stress
Random,high_variance_cost,50000,0.1219,0.1217772101985463,36.79529684634943,0.0018999999156221747,0.005399997462518513,0.008899995009414852,344824.01909423154,56,10000,8651,22,64,0.0,0.0,95.70703125,95.70703125,N/A (GPTCache eviction path is CPU-only),stress
"GDSF(a=1.0,b=1.0)",high_variance_cost,50000,0.0917,0.19482137425446444,58.86577862983702,0.0053000112529844046,0.01409999094903469,0.025599991204217076,135322.758314868,56,10000,8992,22,64,0.0,0.0,95.70703125,95.70703125,N/A (GPTCache eviction path is CPU-only),stress
LRU,high_variance_cost,50000,0.1203,0.12495087306162934,39.56906462725325,0.000900006853044033,0.0018999999156221747,0.0030999945010989904,528868.2747654949,56,10000,8686,23,65,0.0,0.0,95.70703125,95.70703125,N/A (GPTCache eviction path is CPU-only),stress
LFU,high_variance_cost,50000,0.1171,0.1164231590586587,36.86853394476777,0.01610000617802143,0.051700000767596066,0.08090300470939844,58526.010714519616,56,10000,8708,23,65,66.8,100.2,95.70703125,95.70703125,N/A (GPTCache eviction path is CPU-only),stress
FIFO,high_variance_cost,50000,0.1194,0.12222483585820522,38.70579140926314,0.000800006091594696,0.0016999983927235007,0.0031999952625483274,599502.413360618,56,10000,8696,23,65,0.0,0.0,95.70703125,95.70703125,N/A (GPTCache eviction path is CPU-only),stress
Random,high_variance_cost,50000,0.1225,0.13046566007041374,41.315470700370454,0.0016999983927235007,0.004999994416721165,0.007999988301889971,398821.08504226396,56,10000,8654,23,65,0.0,0.0,95.70703125,95.70703125,N/A (GPTCache eviction path is CPU-only),stress
"GDSF(a=1.0,b=1.0)",high_variance_cost,50000,0.086,0.19170123266348837,60.707366651566545,0.0045000051613897085,0.01200000406242907,0.023501004325225974,162022.82254635324,56,10000,9055,23,65,0.0,0.0,95.70703125,95.70703125,N/A (GPTCache eviction path is CPU-only),stress
LRU,high_variance_cost,50000,0.1199,0.12292236905401839,37.74653819438948,0.000700005330145359,0.0013999961083754897,0.002100001584040001,728836.4123241869,56,10000,8677,24,66,0.0,0.0,95.70703125,95.70703125,N/A (GPTCache eviction path is CPU-only),stress
LFU,high_variance_cost,50000,0.1282,0.11697031399469011,35.91880354071296,0.015199999324977398,0.05230499155004501,0.08080200408585374,57702.20583733295,56,10000,8587,24,66,72.96666666666667,116.85000000000001,95.70703125,95.70703125,N/A (GPTCache eviction path is CPU-only),stress
FIFO,high_variance_cost,50000,0.1205,0.12357309924532162,37.946361971048674,0.000800006091594696,0.0016999983927235007,0.0028999929782003164,615043.9752317506,56,10000,8672,24,66,0.0,0.0,95.70703125,95.70703125,N/A (GPTCache eviction path is CPU-only),stress
Random,high_variance_cost,50000,0.1158,0.11475497549793016,35.23852573753538,0.0018999999156221747,0.004999994416721165,0.00790000194683671,376060.01930775354,56,10000,8718,24,66,0.0,0.0,95.70703125,95.70703125,N/A (GPTCache eviction path is CPU-only),stress
"GDSF(a=1.0,b=1.0)",high_variance_cost,50000,0.0876,0.19479853094022334,59.817999318861396,0.004899993655271828,0.013600016245618463,0.02580100714112634,147412.17920499746,56,10000,9039,24,66,40.05,76.09499999999998,95.70703125,95.70703125,N/A (GPTCache eviction path is CPU-only),stress
LRU,high_variance_cost,50000,0.1189,0.11832287001937346,38.0136610775781,0.000800006091594696,0.0015999976312741637,0.0026000052457675338,620305.0662603327,56,10000,8682,25,67,0.0,0.0,95.70703125,95.70703125,N/A (GPTCache eviction path is CPU-only),stress
LFU,high_variance_cost,50000,0.1153,0.12107993772185474,38.899425910639536,0.01309999788645655,0.05119999768794514,0.08080100407823922,57502.49417315037,56,10000,8728,25,67,53.0,95.02,95.70703125,95.70703125,N/A (GPTCache eviction path is CPU-only),stress
FIFO,high_variance_cost,50000,0.1189,0.11943284002155236,38.37026182147654,0.0010999938240274787,0.0017999991541728377,0.0025999906938523054,500588.19113066257,56,10000,8683,25,67,0.0,0.0,95.70703125,95.70703125,N/A (GPTCache eviction path is CPU-only),stress
Random,high_variance_cost,50000,0.1185,0.1193381639609324,38.3398451853691,0.0027999922167509794,0.00689999433234334,0.01030000566970557,274092.0017414021,56,10000,8689,25,67,0.0,0.0,95.70703125,95.70703125,N/A (GPTCache eviction path is CPU-only),stress
"GDSF(a=1.0,b=1.0)",high_variance_cost,50000,0.0922,0.20323526757405688,65.29351915911214,0.006400005077011883,0.014499993994832039,0.022299995180219412,130022.779990441,56,10000,8984,25,67,40.05,76.09499999999998,95.70703125,95.70703125,N/A (GPTCache eviction path is CPU-only),stress
LRU,high_variance_cost,50000,0.1217,0.12063748260430728,37.64071535695062,0.0007999915396794677,0.001600012183189392,0.0023999891709536314,636431.9082456763,56,10000,8655,26,68,0.0,0.0,95.70703125,95.70703125,N/A (GPTCache eviction path is CPU-only),stress
LFU,high_variance_cost,50000,0.125,0.1351727890182766,42.17595033983598,0.012699994840659201,0.04811000180779942,0.07700700414716281,62413.6351318717,56,10000,8624,26,68,61.1,98.49,95.70703125,95.70703125,N/A (GPTCache eviction path is CPU-only),stress
FIFO,high_variance_cost,50000,0.1224,0.120905689197661,37.7243998621255,0.000800006091594696,0.001500011421740055,0.0022000021999701858,653342.8285660077,56,10000,8648,26,68,0.0,0.0,95.70703125,95.70703125,N/A (GPTCache eviction path is CPU-only),stress
Random,high_variance_cost,50000,0.122,0.12311525044078687,38.4138163189414,0.0016999983927235007,0.00549999822396785,0.009199997293762863,344525.82911057863,56,10000,8664,26,68,0.0,0.0,95.70703125,95.70703125,N/A (GPTCache eviction path is CPU-only),stress
"GDSF(a=1.0,b=1.0)",high_variance_cost,50000,0.0902,0.19793367880402155,61.75829520459718,0.006300004315562546,0.014899997040629387,0.02680101461010056,126486.69296525785,56,10000,9002,26,68,40.05,76.09499999999998,95.70703125,95.70703125,N/A (GPTCache eviction path is CPU-only),stress
LRU,high_variance_cost,50000,0.1197,0.1112179275288692,34.92794728813721,0.000800006091594696,0.0016999983927235007,0.0027999923622701317,589880.0185636106,56,10000,8696,27,69,0.0,0.0,95.7109375,95.7109375,N/A (GPTCache eviction path is CPU-only),stress
LFU,high_variance_cost,50000,0.1256,0.10549512275644438,33.13070265435576,0.01069999416358769,0.035105004644719814,0.06019999273121357,80760.50552783451,56,10000,8618,27,69,50.1,95.19,95.7109375,95.7109375,N/A (GPTCache eviction path is CPU-only),stress
FIFO,high_variance_cost,50000,0.1188,0.1117618113992449,35.098753808070065,0.000600004568696022,0.0011999945854768157,0.0018999999156221747,852108.1156710509,56,10000,8705,27,69,0.0,0.0,95.7109375,95.7109375,N/A (GPTCache eviction path is CPU-only),stress
Random,high_variance_cost,50000,0.1199,0.11874006873237343,37.290272834814225,0.0014999968698248267,0.0037999998312443495,0.005400012014433742,501454.21725532936,56,10000,8698,27,69,0.0,0.0,95.7109375,95.7109375,N/A (GPTCache eviction path is CPU-only),stress
"GDSF(a=1.0,b=1.0)",high_variance_cost,50000,0.0848,0.1794772891084592,56.364773491852915,0.0043000036384910345,0.010899995686486363,0.017499987880000845,171890.71185665802,56,10000,9067,27,69,0.0,0.0,95.7109375,95.7109375,N/A (GPTCache eviction path is CPU-only),stress
LRU,high_variance_cost,50000,0.1284,0.13652616434272916,42.814884554048575,0.000900006853044033,0.001700012944638729,0.0026000052457675338,567134.5524608382,56,10000,8596,28,70,0.0,0.0,95.71484375,95.71484375,N/A (GPTCache eviction path is CPU-only),stress
LFU,high_variance_cost,50000,0.1198,0.1377596338550425,43.20170311754429,0.016299993149004877,0.053199998365016654,0.0803050003014506,57961.90859183315,56,10000,8684,28,70,60.1,98.19,95.71484375,95.71484375,N/A (GPTCache eviction path is CPU-only),stress
FIFO,high_variance_cost,50000,0.1284,0.13323676860820496,41.78332331958302,0.0006999907782301307,0.0013999961083754897,0.0021000014385208488,757937.5006507371,56,10000,8598,28,70,0.0,0.0,95.71484375,95.71484375,N/A (GPTCache eviction path is CPU-only),stress
Random,high_variance_cost,50000,0.1292,0.13302146900800074,41.715804924324104,0.0017999991541728377,0.004899993655271828,0.007599985256092623,394197.4140285233,56,10000,8591,28,70,0.0,0.0,95.71484375,95.71484375,N/A (GPTCache eviction path is CPU-only),stress
"GDSF(a=1.0,b=1.0)",high_variance_cost,50000,0.0961,0.20864485879791173,65.43145473422288,0.005700014298781753,0.013199998647905886,0.020199993887217715,146125.76752083274,56,10000,8958,28,70,0.0,0.0,95.71484375,95.71484375,N/A (GPTCache eviction path is CPU-only),stress
LRU,high_variance_cost,50000,0.1213,0.12262012065039533,37.03091036266071,0.0009999930625781417,0.0017999991541728377,0.002900007530115545,527473.4548190708,56,10000,8655,29,71,0.0,0.0,95.71484375,95.71484375,N/A (GPTCache eviction path is CPU-only),stress
LFU,high_variance_cost,50000,0.1228,0.11892155637767135,35.91395499410196,0.01479999627918005,0.052400006097741425,0.08340300919371663,54976.3793995347,56,10000,8644,29,71,61.1,98.49,95.71484375,95.71484375,N/A (GPTCache eviction path is CPU-only),stress
FIFO,high_variance_cost,50000,0.1202,0.11959040747187157,36.11594602774245,0.0009999930625781417,0.0017999991541728377,0.0026999916008207947,536904.1035794658,56,10000,8662,29,71,0.0,0.0,95.71484375,95.71484375,N/A (GPTCache eviction path is CPU-only),stress
Random,high_variance_cost,50000,0.1249,0.1216253404469031,36.73048971105249,0.0023999891709536314,0.006400005077011883,0.010600993409752867,292066.3107436994,56,10000,8620,29,71,0.0,0.0,95.71484375,95.71484375,N/A (GPTCache eviction path is CPU-only),stress
"GDSF(a=1.0,b=1.0)",high_variance_cost,50000,0.0888,0.19761989801252688,59.680619219456304,0.007400012691505253,0.0168999977177009,0.03199999628122896,108934.59785144092,56,10000,9014,29,71,40.05,76.09499999999998,95.71484375,95.71484375,N/A (GPTCache eviction path is CPU-only),stress
LRU,high_variance_cost,100000,0.243,0.23869915777713097,72.76574408287699,0.000900006853044033,0.0018999999156221747,0.002800006768666208,537374.3885602356,56,10000,7330,0,42,0.0,0.0,95.71484375,95.71484375,N/A (GPTCache eviction path is CPU-only),stress
LFU,high_variance_cost,100000,0.2415,0.24722424305253438,75.36455582235494,0.020199993741698563,0.08869999146554619,0.14870201164740143,37086.7332596788,56,10000,7342,0,42,70.125,100.20000000000002,95.794921875,95.84765625,N/A (GPTCache eviction path is CPU-only),stress
FIFO,high_variance_cost,100000,0.244,0.24023040030036813,73.23253249810352,0.000900006853044033,0.0017999991541728377,0.0024000037228688598,572455.72069808,56,10000,7326,0,42,0.0,0.0,96.0,96.0,N/A (GPTCache eviction path is CPU-only),stress
Random,high_variance_cost,100000,0.2481,0.2525713695921227,76.99458939675795,0.0024000037228688598,0.008100003469735384,0.013700002455152571,277187.9833928316,56,10000,7276,0,42,0.0,0.0,96.0,96.0,N/A (GPTCache eviction path is CPU-only),stress
"GDSF(a=1.0,b=1.0)",high_variance_cost,100000,0.1714,0.3811220084286696,116.18233925888464,0.0048000074457377195,0.013299999409355223,0.02849999873433262,147929.65055978714,56,10000,8108,0,42,0.0,0.0,96.0,96.0,N/A (GPTCache eviction path is CPU-only),stress
LRU,high_variance_cost,100000,0.2394,0.23675738071777896,72.07463827902018,0.000800006091594696,0.0017999991541728377,0.0026010051078628965,588439.5175461717,56,10000,7345,1,43,0.0,0.0,96.01171875,96.01171875,N/A (GPTCache eviction path is CPU-only),stress
LFU,high_variance_cost,100000,0.2453,0.2308939495028457,70.28966886176688,0.01959998917300254,0.08719999459572136,0.14970000484026968,37781.78600471852,56,10000,7297,1,43,70.125,100.20000000000002,96.15234375,96.15234375,N/A (GPTCache eviction path is CPU-only),stress
FIFO,high_variance_cost,100000,0.2428,0.2401106404278011,73.09545114628007,0.000600004568696022,0.001300009898841381,0.0020010149455629506,811912.3785759517,56,10000,7312,1,43,0.0,0.0,96.171875,96.171875,N/A (GPTCache eviction path is CPU-only),stress
Random,high_variance_cost,100000,0.2374,0.2359632458249789,71.8328845268466,0.0021000014385208488,0.006999995093792677,0.01210100468597377,337661.02214554144,56,10000,7381,1,43,0.0,0.0,96.171875,96.171875,N/A (GPTCache eviction path is CPU-only),stress
"GDSF(a=1.0,b=1.0)",high_variance_cost,100000,0.1766,0.37838073639835546,115.18819233842297,0.004999994416721165,0.012799995602108538,0.02109998618834652,156761.18841321868,56,10000,8039,1,43,0.0,0.0,96.171875,96.171875,N/A (GPTCache eviction path is CPU-only),stress
LRU,high_variance_cost,100000,0.2488,0.25339585381598884,73.86457799594662,0.000700005330145359,0.0014999968698248267,0.0020000006770715117,697418.1573611225,56,10000,7238,2,44,0.0,0.0,96.1875,96.1875,N/A (GPTCache eviction path is CPU-only),stress
LFU,high_variance_cost,100000,0.2463,0.24717846302148383,72.05221626880687,0.019099999917671084,0.08680500613991164,0.14230200657038955,38795.944582423755,56,10000,7289,2,44,75.15,100.20000000000002,96.216796875,96.2265625,N/A (GPTCache eviction path is CPU-only),stress
FIFO,high_variance_cost,100000,0.2493,0.25429682600284786,74.12721027412412,0.000900006853044033,0.0017999991541728377,0.0024000037228688598,558546.8842850389,56,10000,7228,2,44,0.0,0.0,96.38671875,96.38671875,N/A (GPTCache eviction path is CPU-only),stress
Random,high_variance_cost,100000,0.2512,0.2550349545354495,74.34237382848512,0.0023999891709536314,0.00790000194683671,0.013300999416969737,290473.9081630141,56,10000,7226,2,44,0.0,0.0,96.38671875,96.38671875,N/A (GPTCache eviction path is CPU-only),stress
"GDSF(a=1.0,b=1.0)",high_variance_cost,100000,0.176,0.39362899683410885,114.74236575012443,0.006699992809444666,0.016405007772846075,0.028099995688535273,116736.10520273763,56,10000,8045,2,44,50.1,95.19,96.38671875,96.38671875,N/A (GPTCache eviction path is CPU-only),stress
LRU,high_variance_cost,100000,0.2381,0.2337829360927481,74.25447919512115,0.00100000761449337,0.0018999999156221747,0.002900007530115545,495248.09464204346,56,10000,7387,3,45,0.0,0.0,96.3984375,96.3984375,N/A (GPTCache eviction path is CPU-only),stress
LFU,high_variance_cost,100000,0.2391,0.21055634243556962,66.87721443698557,0.01930000144056976,0.09730499878060064,0.1597140081867113,34854.47559313236,56,10000,7365,3,45,75.15,100.20000000000002,96.3984375,96.3984375,N/A (GPTCache eviction path is CPU-only),stress
FIFO,high_variance_cost,100000,0.2356,0.23293917794580418,73.98648349442935,0.0008999923011288047,0.0017050122551153617,0.0026010051078628965,573726.7571633843,56,10000,7415,3,45,0.0,0.0,96.3984375,96.3984375,N/A (GPTCache eviction path is CPU-only),stress
Random,high_variance_cost,100000,0.2455,0.24748768541550997,78.60740178420886,0.0022000021999701858,0.007699985872022808,0.014300007023848593,308090.4553434782,56,10000,7308,3,45,0.0,0.0,96.3984375,96.3984375,N/A (GPTCache eviction path is CPU-only),stress
"GDSF(a=1.0,b=1.0)",high_variance_cost,100000,0.1738,0.3700583307714497,117.53847001197899,0.004899993655271828,0.01340000017080456,0.024299995857290924,150033.9076505919,56,10000,8075,3,45,0.0,0.0,96.3984375,96.3984375,N/A (GPTCache eviction path is CPU-only),stress
LRU,high_variance_cost,100000,0.2443,0.24781525680235011,76.04679881216853,0.000700005330145359,0.0014999968698248267,0.0021000014385208488,709245.008131367,56,10000,7314,4,46,0.0,0.0,96.41015625,96.41015625,N/A (GPTCache eviction path is CPU-only),stress
LFU,high_variance_cost,100000,0.2378,0.2427076666197629,74.47943815793728,0.01920000067912042,0.08801500080153325,0.14400100495549853,38466.65748695885,56,10000,7376,4,46,74.825,100.20000000000002,96.41015625,96.41015625,N/A (GPTCache eviction path is CPU-only),stress
FIFO,high_variance_cost,100000,0.2466,0.251116160043445,77.05974340610928,0.000800006091594696,0.0014999968698248267,0.0020999870321247727,661100.2029270798,56,10000,7293,4,46,0.0,0.0,96.41015625,96.41015625,N/A (GPTCache eviction path is CPU-only),stress
Random,high_variance_cost,100000,0.2416,0.240074718806855,73.67146832107271,0.0026000052457675338,0.00800500201876268,0.013900003978051245,275849.1325691993,56,10000,7342,4,46,0.0,0.0,96.41015625,96.41015625,N/A (GPTCache eviction path is CPU-only),stress
"GDSF(a=1.0,b=1.0)",high_variance_cost,100000,0.1836,0.40247672308591287,123.50759506105204,0.006399990525096655,0.016300007700920105,0.03220099781174215,91973.55944270009,56,10000,7986,4,46,25.2,47.879999999999995,96.41015625,96.41015625,N/A (GPTCache eviction path is CPU-only),stress
LRU,high_variance_cost,100000,0.2425,0.2407095191888575,77.69683465107926,0.000900006853044033,0.0018999999156221747,0.0028999929782003164,539534.3820671362,56,10000,7329,5,47,0.0,0.0,96.4140625,96.4140625,N/A (GPTCache eviction path is CPU-only),stress
LFU,high_variance_cost,100000,0.2369,0.19965260639565321,64.44437926282954,0.020799998310394585,0.09970500177587376,0.15641099758795488,33489.977119719515,56,10000,7382,5,47,75.15,100.20000000000002,96.4140625,96.4140625,N/A (GPTCache eviction path is CPU-only),stress
FIFO,high_variance_cost,100000,0.2426,0.24016142712698554,77.51992009261753,0.0008999923011288047,0.0018999999156221747,0.0028999929782003164,550333.5020469663,56,10000,7334,5,47,0.0,0.0,96.4140625,96.4140625,N/A (GPTCache eviction path is CPU-only),stress
Random,high_variance_cost,100000,0.2353,0.2349504911602374,75.83792084493453,0.0022999884095042944,0.007899988122517243,0.012200005585327744,297796.3074283686,56,10000,7406,5,47,0.0,0.0,96.4140625,96.4140625,N/A (GPTCache eviction path is CPU-only),stress
"GDSF(a=1.0,b=1.0)",high_variance_cost,100000,0.1753,0.3746415722065009,120.92776549609887,0.005299996701069176,0.014499993994832039,0.023899992811493576,139074.12790578217,56,10000,8068,5,47,0.0,0.0,96.4140625,96.4140625,N/A (GPTCache eviction path is CPU-only),stress
LRU,high_variance_cost,100000,0.2515,0.24802992937086188,72.06973392376216,0.0009999930625781417,0.0020000006770715117,0.002801006630761571,503575.38524383726,56,10000,7240,6,48,0.0,0.0,96.4140625,96.4140625,N/A (GPTCache eviction path is CPU-only),stress
LFU,high_variance_cost,100000,0.2547,0.2471861065210248,71.82454541598486,0.02370000584051013,0.10372000397182972,0.16610099875833842,32359.4958788237,56,10000,7199,6,48,84.91999999999999,119.24,96.4453125,96.4453125,N/A (GPTCache eviction path is CPU-only),stress
FIFO,high_variance_cost,100000,0.249,0.24761588360527673,71.94942518427385,0.0010999938240274787,0.0021000014385208488,0.002900007530115545,486248.88154564466,56,10000,7265,6,48,0.0,0.0,96.4453125,96.4453125,N/A (GPTCache eviction path is CPU-only),stress
Random,high_variance_cost,100000,0.2463,0.23876266081818442,69.37695575587878,0.0028999929782003164,0.009499999578110874,0.01610000617802143,231349.20543665104,56,10000,7290,6,48,0.0,0.0,96.4453125,96.4453125,N/A (GPTCache eviction path is CPU-only),stress
"GDSF(a=1.0,b=1.0)",high_variance_cost,100000,0.1843,0.4162666662712517,120.95406371157473,0.006199989002197981,0.016300007700920105,0.031199990189634264,116083.21309773489,56,10000,7967,6,48,49.6,94.24,96.4453125,96.4453125,N/A (GPTCache eviction path is CPU-only),stress
LRU,high_variance_cost,100000,0.2406,0.24124496834516118,73.13426552912671,0.0008999923011288047,0.0018999999156221747,0.002700006007216871,545387.115619214,56,10000,7327,7,49,0.0,0.0,96.5078125,96.5078125,N/A (GPTCache eviction path is CPU-only),stress
LFU,high_variance_cost,100000,0.2365,0.2639543566114845,80.01869691381401,0.01920000067912042,0.0928050074435304,0.15320300241000956,35057.115052865294,56,10000,7398,7,49,75.15,100.20000000000002,96.5078125,96.5078125,N/A (GPTCache eviction path is CPU-only),stress
FIFO,high_variance_cost,100000,0.2445,0.244802789320447,74.2128315431518,0.000900006853044033,0.0020000006770715117,0.002800006768666208,490309.0417448701,56,10000,7291,7,49,0.0,0.0,96.5078125,96.5078125,N/A (GPTCache eviction path is CPU-only),stress
Random,high_variance_cost,100000,0.2428,0.2479288635070633,75.16051199093897,0.0025999906938523054,0.00890000956133008,0.015901004517218122,259815.84255012227,56,10000,7315,7,49,0.0,0.0,96.5078125,96.5078125,N/A (GPTCache eviction path is CPU-only),stress
"GDSF(a=1.0,b=1.0)",high_variance_cost,100000,0.1814,0.4108610469397823,124.55397975172619,0.00449999060947448,0.010899995686486363,0.01790000533219427,180700.14078504604,56,10000,7999,7,49,0.0,0.0,96.5078125,96.5078125,N/A (GPTCache eviction path is CPU-only),stress
LRU,high_variance_cost,100000,0.2555,0.2509485592518482,73.25360932362193,0.00100000761449337,0.0018999999156221747,0.0026000052457675338,515405.46930008347,56,10000,7191,8,50,0.0,0.0,96.5078125,96.5078125,N/A (GPTCache eviction path is CPU-only),stress
LFU,high_variance_cost,100000,0.2471,0.23408999401134833,68.33247825370815,0.024950000806711614,0.11420999653637394,0.17280500600463722,29389.376916718218,56,10000,7274,8,50,77.66,119.24,96.5078125,96.5078125,N/A (GPTCache eviction path is CPU-only),stress
FIFO,high_variance_cost,100000,0.2573,0.25148568614555417,73.41040035580019,0.00100000761449337,0.0021000014385208488,0.0029999937396496534,489313.39549866214,56,10000,7172,8,50,0.0,0.0,96.5078125,96.5078125,N/A (GPTCache eviction path is CPU-only),stress
Random,high_variance_cost,100000,0.2533,0.24704341196905066,72.1136699900067,0.0033999967854470015,0.011500000255182385,0.02050299604889012,192959.6733692152,56,10000,7209,8,50,0.0,0.0,96.5078125,96.5078125,N/A (GPTCache eviction path is CPU-only),stress
"GDSF(a=1.0,b=1.0)",high_variance_cost,100000,0.1907,0.4362023024483688,127.33045029180356,0.007299997378140688,0.01960501685971387,0.03730100739630873,98645.30403964578,56,10000,7909,8,50,40.05,76.09499999999998,96.5078125,96.5078125,N/A (GPTCache eviction path is CPU-only),stress
LRU,high_variance_cost,100000,0.2382,0.2408312653349348,73.65402860031186,0.00100000761449337,0.0018999999156221747,0.0025000044843181968,530307.0477032177,56,10000,7364,9,51,0.0,0.0,96.5078125,96.5078125,N/A (GPTCache eviction path is CPU-only),stress
LFU,high_variance_cost,100000,0.247,0.2343555098164982,71.67353208338238,0.02370000584051013,0.1321999887295533,0.20460300074773846,26179.490777942283,56,10000,7273,9,51,84.11666666666666,118.05,96.5078125,96.5078125,N/A (GPTCache eviction path is CPU-only),stress
FIFO,high_variance_cost,100000,0.2412,0.24281924760940354,74.26201819459065,0.0008999923011288047,0.0016999983927235007,0.0023000029614195228,587261.131914132,56,10000,7326,9,51,0.0,0.0,96.5078125,96.5078125,N/A (GPTCache eviction path is CPU-only),stress
Random,high_variance_cost,100000,0.2436,0.25166305607329387,76.96674227030047,0.0024000037228688598,0.0092999980552122,0.015900004655122757,255377.61412668508,56,10000,7319,9,51,0.0,0.0,96.5078125,96.5078125,N/A (GPTCache eviction path is CPU-only),stress
"GDSF(a=1.0,b=1.0)",high_variance_cost,100000,0.1726,0.3869705745624305,118.34817928088135,0.007800015737302601,0.019800005247816443,0.03120301902526996,102369.86231186664,56,10000,8090,9,51,50.4,95.75999999999999,96.5078125,96.5078125,N/A (GPTCache eviction path is CPU-only),stress
LRU,high_variance_cost,100000,0.2492,0.23786574727818766,68.00304293702645,0.0009999930625781417,0.0021000014385208488,0.0031999952625483274,506221.46189124434,56,10000,7263,10,52,0.0,0.0,96.5078125,96.5078125,N/A (GPTCache eviction path is CPU-only),stress
LFU,high_variance_cost,100000,0.2442,0.23670357770486486,67.67079221030728,0.020699997548945248,0.10490499844308936,0.1765089906984942,32345.88882225813,56,10000,7309,10,52,75.94,100.2,96.5078125,96.5078125,N/A (GPTCache eviction path is CPU-only),stress
FIFO,high_variance_cost,100000,0.2482,0.2390032887994476,68.32825279089592,0.000800006091594696,0.0017999991541728377,0.0026000052457675338,592645.2720215123,56,10000,7272,10,52,0.0,0.0,96.5078125,96.5078125,N/A (GPTCache eviction path is CPU-only),stress
Random,high_variance_cost,100000,0.2442,0.24192279141511805,69.16290453878297,0.0024000037228688598,0.00829999044071883,0.014499994140351191,286674.2348768166,56,10000,7319,10,52,0.0,0.0,96.5078125,96.5078125,N/A (GPTCache eviction path is CPU-only),stress
"GDSF(a=1.0,b=1.0)",high_variance_cost,100000,0.1785,0.41823616022968735,119.56884035368878,0.006100002792663872,0.015700003132224083,0.029300004825927317,124775.24857165497,56,10000,8030,10,52,40.05,76.09499999999998,96.5078125,96.5078125,N/A (GPTCache eviction path is CPU-only),stress
LRU,high_variance_cost,100000,0.2463,0.2563003760084715,81.18327029291767,0.000800006091594696,0.0017999991541728377,0.0026999916008207947,593700.8338433602,56,10000,7304,11,53,0.0,0.0,96.5078125,96.5078125,N/A (GPTCache eviction path is CPU-only),stress
LFU,high_variance_cost,100000,0.2144,0.25729659759149137,81.49882396983959,0.018100006855092943,0.07921000578789957,0.12890800644527206,41015.864526236095,56,10000,7642,11,53,70.125,100.20000000000002,96.5078125,96.5078125,N/A (GPTCache eviction path is CPU-only),stress
FIFO,high_variance_cost,100000,0.2455,0.25427853206906975,80.54285022963566,0.0006999907782301307,0.0013999961083754897,0.0020000006770715117,771861.033921456,56,10000,7310,11,53,0.0,0.0,96.5078125,96.5078125,N/A (GPTCache eviction path is CPU-only),stress
Random,high_variance_cost,100000,0.2516,0.25948747801081,82.1927864213622,0.002049993781838566,0.008400005754083395,0.014699995663249865,275700.0714654369,56,10000,7242,11,53,0.0,0.0,96.5078125,96.5078125,N/A (GPTCache eviction path is CPU-only),stress
"GDSF(a=1.0,b=1.0)",high_variance_cost,100000,0.1787,0.4070200468233756,128.92380023198223,0.006999995093792677,0.018099992303177714,0.03220099781174215,109045.18941733653,56,10000,8040,11,53,40.05,76.09499999999998,96.5078125,96.5078125,N/A (GPTCache eviction path is CPU-only),stress
LRU,high_variance_cost,100000,0.2498,0.25064672646957475,74.48253967941086,0.0009999930625781417,0.0018999999156221747,0.0026000052457675338,525599.3147919431,56,10000,7253,12,54,0.0,0.0,96.5078125,96.5078125,N/A (GPTCache eviction path is CPU-only),stress
LFU,high_variance_cost,100000,0.2547,0.25420193217083936,75.53900968978242,0.020099992980249226,0.09900999721139654,0.16160499362740677,34337.22797498031,56,10000,7204,12,54,70.125,100.20000000000002,96.5078125,96.5078125,N/A (GPTCache eviction path is CPU-only),stress
FIFO,high_variance_cost,100000,0.2508,0.25209245035711536,74.91215305731502,0.0006999907782301307,0.0015999976312741637,0.0023000029614195228,700947.6811981989,56,10000,7239,12,54,0.0,0.0,96.5078125,96.5078125,N/A (GPTCache eviction path is CPU-only),stress
Random,high_variance_cost,100000,0.2523,0.25394715399718315,75.46329944334877,0.0021000014385208488,0.007299997378140688,0.012099990271963179,330725.01542260166,56,10000,7225,12,54,0.0,0.0,96.5078125,96.5078125,N/A (GPTCache eviction path is CPU-only),stress
"GDSF(a=1.0,b=1.0)",high_variance_cost,100000,0.1915,0.42801545020213017,127.18968327300631,0.0052000104915350676,0.014899997040629387,0.0282010108639952,129768.84274137068,56,10000,7901,12,54,50.1,95.19,96.5078125,96.5078125,N/A (GPTCache eviction path is CPU-only),stress
LRU,high_variance_cost,100000,0.2336,0.2365222928737379,75.68577982016423,0.0007999915396794677,0.0015999976312741637,0.0023000029614195228,639459.784429449,56,10000,7408,13,55,0.0,0.0,96.5078125,96.5078125,N/A (GPTCache eviction path is CPU-only),stress
LFU,high_variance_cost,100000,0.2395,0.23754423705530617,76.01279610845957,0.018499995348975062,0.07700000423938036,0.12940699583850815,43813.990331429886,56,10000,7360,13,55,66.8,100.2,96.578125,96.578125,N/A (GPTCache eviction path is CPU-only),stress
FIFO,high_variance_cost,100000,0.2347,0.2398534558217519,76.75173289530656,0.000600004568696022,0.001300009898841381,0.0018999999156221747,812803.2774445844,56,10000,7399,13,55,0.0,0.0,96.578125,96.578125,N/A (GPTCache eviction path is CPU-only),stress
Random,high_variance_cost,100000,0.2372,0.24515475312315285,78.44811768610195,0.0020000006770715117,0.006000002031214535,0.009399998962180689,387367.18143023713,56,10000,7369,13,55,0.0,0.0,96.578125,96.578125,N/A (GPTCache eviction path is CPU-only),stress
"GDSF(a=1.0,b=1.0)",high_variance_cost,100000,0.1832,0.3874611862624136,123.98536170106945,0.005099995178170502,0.013700002455152571,0.022599997464567423,149948.19288890992,56,10000,7981,13,55,0.0,0.0,96.58203125,96.58203125,N/A (GPTCache eviction path is CPU-only),stress
LRU,high_variance_cost,100000,0.241,0.23942290847025297,75.46576027357729,0.000700005330145359,0.001500011421740055,0.0022000021999701858,674277.0062340798,56,10000,7345,14,56,0.0,0.0,96.64453125,96.64453125,N/A (GPTCache eviction path is CPU-only),stress
LFU,high_variance_cost,100000,0.2382,0.23065483640643003,72.7020764278766,0.01930000144056976,0.08949999755714089,0.13860300750820903,37528.54984242114,56,10000,7375,14,56,74.825,100.20000000000002,96.64453125,96.64453125,N/A (GPTCache eviction path is CPU-only),stress
FIFO,high_variance_cost,100000,0.2408,0.2379150968241468,74.99050018693903,0.000900006853044033,0.0018999999156221747,0.002700006007216871,547360.3543530866,56,10000,7348,14,56,0.0,0.0,96.64453125,96.64453125,N/A (GPTCache eviction path is CPU-only),stress
Random,high_variance_cost,100000,0.2374,0.22595479994611964,71.2206316193698,0.0025000044843181968,0.008899995009414852,0.014700995525345227,265171.8048104951,56,10000,7393,14,56,0.0,0.0,96.6484375,96.6484375,N/A (GPTCache eviction path is CPU-only),stress
"GDSF(a=1.0,b=1.0)",high_variance_cost,100000,0.1728,0.3763199993284679,118.61552863477716,0.0053000112529844046,0.015199999324977398,0.02660099882632496,131255.64399221484,56,10000,8095,14,56,49.45,93.955,96.6484375,96.6484375,N/A (GPTCache eviction path is CPU-only),stress
LRU,high_variance_cost,100000,0.2313,0.22695423902568013,71.85495946106836,0.00100000761449337,0.0021000014385208488,0.0033010104380082556,467742.1618049816,56,10000,7442,15,57,0.0,0.0,96.6484375,96.6484375,N/A (GPTCache eviction path is CPU-only),stress
LFU,high_variance_cost,100000,0.2225,0.2458002335281876,77.82170490188811,0.026599998818710446,0.10659999679774046,0.16280300260405065,30927.178248547967,56,10000,7546,15,57,76.14,100.2,96.6484375,96.6484375,N/A (GPTCache eviction path is CPU-only),stress
FIFO,high_variance_cost,100000,0.2342,0.2289964049969583,72.50152043172449,0.000700005330145359,0.0014999968698248267,0.0021000014385208488,716075.9037609707,56,10000,7419,15,57,0.0,0.0,96.65234375,96.65234375,N/A (GPTCache eviction path is CPU-only),stress
Random,high_variance_cost,100000,0.2312,0.2360768202677446,74.74321882182291,0.0021999876480549574,0.008600007276982069,0.015199999324977398,278828.8074208369,56,10000,7449,15,57,0.0,0.0,96.65625,96.65625,N/A (GPTCache eviction path is CPU-only),stress
"GDSF(a=1.0,b=1.0)",high_variance_cost,100000,0.1659,0.3699642133521914,117.13270334404186,0.006200003554113209,0.016200006939470768,0.027101002488052493,123434.69379001908,56,10000,8159,15,57,63.0,119.69999999999999,96.65625,96.65625,N/A (GPTCache eviction path is CPU-only),stress
LRU,high_variance_cost,100000,0.2394,0.24090843973661208,74.6451594794415,0.0010999938240274787,0.0022000021999701858,0.003200009814463556,452900.60172079486,56,10000,7363,16,58,0.0,0.0,96.65625,96.65625,N/A (GPTCache eviction path is CPU-only),stress
LFU,high_variance_cost,100000,0.2366,0.23673566021858575,73.35222929843097,0.021500003640539944,0.09210500211338506,0.1489059987943621,35190.586941526184,56,10000,7397,16,58,74.9,100.20000000000002,96.65625,96.65625,N/A (GPTCache eviction path is CPU-only),stress
FIFO,high_variance_cost,100000,0.2366,0.23415063874446695,72.55126383452135,0.0010999938240274787,0.0020000006770715117,0.0027999922167509794,508830.7575548439,56,10000,7395,16,58,0.0,0.0,96.65625,96.65625,N/A (GPTCache eviction path is CPU-only),stress
Random,high_variance_cost,100000,0.2403,0.23528910724702537,72.90401678509753,0.002700006007216871,0.008499991963617504,0.013901003840146609,269489.47914532945,56,10000,7348,16,58,0.0,0.0,96.65625,96.65625,N/A (GPTCache eviction path is CPU-only),stress
"GDSF(a=1.0,b=1.0)",high_variance_cost,100000,0.1701,0.3764214547426563,116.63368685409634,0.0047000066842883825,0.012800010154023767,0.02379999219556339,158290.9641150111,56,10000,8119,16,58,0.0,0.0,96.65625,96.65625,N/A (GPTCache eviction path is CPU-only),stress
LRU,high_variance_cost,100000,0.2426,0.23960516419791766,74.01607968255483,0.00100000761449337,0.0021000014385208488,0.0028999929782003164,493973.52303464204,56,10000,7350,17,59,0.0,0.0,96.65625,96.65625,N/A (GPTCache eviction path is CPU-only),stress
LFU,high_variance_cost,100000,0.239,0.23973595118361435,74.05648089839327,0.01930000144056976,0.09029998982441612,0.1416000013705343,37916.474557801885,56,10000,7368,17,59,70.625,100.05000000000001,96.65625,96.65625,N/A (GPTCache eviction path is CPU-only),stress
FIFO,high_variance_cost,100000,0.2447,0.2425030159824889,74.91125082510119,0.0008999923011288047,0.0021000014385208488,0.0032999960239976645,522498.7983937793,56,10000,7329,17,59,0.0,0.0,96.65625,96.65625,N/A (GPTCache eviction path is CPU-only),stress
Random,high_variance_cost,100000,0.2419,0.24036528911294647,74.25088875467063,0.0022000021999701858,0.0092999980552122,0.016804011393105698,247675.56482472317,56,10000,7363,17,59,0.0,0.0,96.65625,96.65625,N/A (GPTCache eviction path is CPU-only),stress
"GDSF(a=1.0,b=1.0)",high_variance_cost,100000,0.1759,0.38942686017675593,120.29727994326929,0.005800000508315861,0.016405007772846075,0.03150099248159679,123469.28948155841,56,10000,8067,17,59,50.4,95.75999999999999,96.65625,96.65625,N/A (GPTCache eviction path is CPU-only),stress
LRU,high_variance_cost,100000,0.2386,0.2381533779431399,74.27618952476325,0.000800006091594696,0.001800013706088066,0.00250100434641356,590064.4935871295,56,10000,7373,18,60,0.0,0.0,96.65625,96.65625,N/A (GPTCache eviction path is CPU-only),stress
LFU,high_variance_cost,100000,0.2396,0.23580640361642308,73.54420616426441,0.02020000829361379,0.10081499640364178,0.16180499515030544,33690.76994230775,56,10000,7360,18,60,81.1,120.42999999999998,96.65625,96.65625,N/A (GPTCache eviction path is CPU-only),stress
FIFO,high_variance_cost,100000,0.2377,0.23803409025095768,74.23898562150973,0.0009999930625781417,0.0021000014385208488,0.002900007530115545,471566.8754880925,56,10000,7383,18,60,0.0,0.0,96.65625,96.65625,N/A (GPTCache eviction path is CPU-only),stress
Random,high_variance_cost,100000,0.2363,0.24442103040875968,76.2309690304433,0.0026999987312592566,0.008500006515532732,0.013900003978051245,269413.2448563255,56,10000,7406,18,60,0.0,0.0,96.65625,96.65625,N/A (GPTCache eviction path is CPU-only),stress
"GDSF(a=1.0,b=1.0)",high_variance_cost,100000,0.1673,0.3897895081283293,121.56904777313913,0.005099995178170502,0.013899989426136017,0.023600005079060793,147531.79310519993,56,10000,8146,18,60,0.0,0.0,96.65625,96.65625,N/A (GPTCache eviction path is CPU-only),stress
LRU,high_variance_cost,100000,0.2376,0.2336615231272785,75.49754567271702,0.000800006091594696,0.0017999846022576094,0.0025000044843181968,613911.2281910519,56,10000,7382,19,61,0.0,0.0,96.65625,96.65625,N/A (GPTCache eviction path is CPU-only),stress
LFU,high_variance_cost,100000,0.2392,0.24605992620048223,79.50354969836944,0.023599990527145565,0.10570500453468405,0.16240399971138694,32402.580022458515,56,10000,7369,19,61,75.15,100.20000000000002,96.65625,96.65625,N/A (GPTCache eviction path is CPU-only),stress
FIFO,high_variance_cost,100000,0.2397,0.2348214636171404,75.87232992875938,0.000900006853044033,0.0016999983927235007,0.0022999884095042944,598125.4745546416,56,10000,7358,19,61,0.0,0.0,96.65625,96.65625,N/A (GPTCache eviction path is CPU-only),stress
Random,high_variance_cost,100000,0.2426,0.24068350598880478,77.7663936400922,0.0021999876480549574,0.007399998139590025,0.012099990417482331,319248.1069310685,56,10000,7329,19,61,0.0,0.0,96.65625,96.65625,N/A (GPTCache eviction path is CPU-only),stress
"GDSF(a=1.0,b=1.0)",high_variance_cost,100000,0.1784,0.3777960168879885,122.06833054167333,0.006600006599910557,0.0168999977177009,0.027901008579647193,117069.15040573028,56,10000,8037,19,61,49.45,93.955,96.65625,96.65625,N/A (GPTCache eviction path is CPU-only),stress
LRU,high_variance_cost,100000,0.2377,0.2350862097486147,75.38622475222687,0.0009999930625781417,0.0018999999156221747,0.0025000044843181968,546310.7633546329,56,10000,7372,20,62,0.0,0.0,96.65625,96.65625,N/A (GPTCache eviction path is CPU-only),stress
LFU,high_variance_cost,100000,0.2401,0.23726670206456654,76.08545370307272,0.019349994545336813,0.08909999451134354,0.14250299369450664,38415.115272129995,56,10000,7355,20,62,69.94999999999999,100.515,96.65625,96.65625,N/A (GPTCache eviction path is CPU-only),stress
FIFO,high_variance_cost,100000,0.2362,0.2335732196868598,74.90104695738596,0.000800006091594696,0.001700012944638729,0.0025000044843181968,567552.9954249694,56,10000,7383,20,62,0.0,0.0,96.65625,96.65625,N/A (GPTCache eviction path is CPU-only),stress
Random,high_variance_cost,100000,0.2371,0.23659841531194892,75.87115097818877,0.0021000014385208488,0.008200004231184721,0.013899989571655169,280663.15091081255,56,10000,7390,20,62,0.0,0.0,96.65625,96.65625,N/A (GPTCache eviction path is CPU-only),stress
"GDSF(a=1.0,b=1.0)",high_variance_cost,100000,0.1743,0.3785960396353512,121.4062116394378,0.006399997801054269,0.017099999240599573,0.03220201222575274,117222.43779019905,56,10000,8068,20,62,49.6,94.24,96.65625,96.65625,N/A (GPTCache eviction path is CPU-only),stress
LRU,high_variance_cost,100000,0.2364,0.2373639368558194,74.35938040681101,0.0009999930625781417,0.0021000014385208488,0.0036010127223562666,484883.74928020465,56,10000,7402,21,63,0.0,0.0,96.65625,96.65625,N/A (GPTCache eviction path is CPU-only),stress
LFU,high_variance_cost,100000,0.2469,0.24408107108355667,76.4636677973059,0.02110000787070021,0.10290501159033731,0.1606040005572141,32772.8412776644,56,10000,7280,21,63,73.05,119.56499999999998,96.65625,96.65625,N/A (GPTCache eviction path is CPU-only),stress
FIFO,high_variance_cost,100000,0.2379,0.2379614249889671,74.54655647057959,0.0010999938240274787,0.0022000021999701858,0.0030010081536602446,466263.5043163957,56,10000,7380,21,63,0.0,0.0,96.65625,96.65625,N/A (GPTCache eviction path is CPU-only),stress
Random,high_variance_cost,100000,0.2426,0.24262490062943992,76.00749094850094,0.0030999945010989904,0.010499993368284777,0.01799999168724753,210605.23734873353,56,10000,7335,21,63,0.0,0.0,96.65625,96.65625,N/A (GPTCache eviction path is CPU-only),stress
"GDSF(a=1.0,b=1.0)",high_variance_cost,100000,0.1777,0.38803682269313755,121.56091650946965,0.007499998901039362,0.019099999917671084,0.03070000107982196,105997.10416112635,56,10000,8042,21,63,40.05,76.09499999999998,96.65625,96.65625,N/A (GPTCache eviction path is CPU-only),stress
LRU,high_variance_cost,100000,0.2449,0.2403045562161636,72.6086388831525,0.001100008375942707,0.0021000014385208488,0.003000008291564882,455890.3310678901,56,10000,7298,22,64,0.0,0.0,96.65625,96.65625,N/A (GPTCache eviction path is CPU-only),stress
LFU,high_variance_cost,100000,0.2536,0.23089482362393743,69.76546401150591,0.020699997548945248,0.09349999891128391,0.1573010045103729,35733.51800403524,56,10000,7208,22,64,81.6,122.13,96.65625,96.65625,N/A (GPTCache eviction path is CPU-only),stress
FIFO,high_variance_cost,100000,0.2424,0.24266188785852896,73.32091269370135,0.000900006853044033,0.0018999999156221747,0.0026000052457675338,541682.465748531,56,10000,7325,22,64,0.0,0.0,96.65625,96.65625,N/A (GPTCache eviction path is CPU-only),stress
Random,high_variance_cost,100000,0.2508,0.2444111806847284,73.84946601419747,0.0026000052457675338,0.008999995770864189,0.015901004517218122,246332.7215926188,56,10000,7241,22,64,0.0,0.0,96.65625,96.65625,N/A (GPTCache eviction path is CPU-only),stress
"GDSF(a=1.0,b=1.0)",high_variance_cost,100000,0.1797,0.3905670262615886,118.01083015664831,0.005099995178170502,0.013900003978051245,0.024101008893921996,142527.49714113527,56,10000,8020,22,64,0.0,0.0,96.65625,96.65625,N/A (GPTCache eviction path is CPU-only),stress
LRU,high_variance_cost,100000,0.2395,0.24421318516251284,77.33669297177799,0.0009999930625781417,0.0020000006770715117,0.002900007530115545,501814.0580212873,56,10000,7381,23,65,0.0,0.0,96.65625,96.65625,N/A (GPTCache eviction path is CPU-only),stress
LFU,high_variance_cost,100000,0.2353,0.24027352372915137,76.08909290267492,0.01930000144056976,0.0849050054966937,0.13840200612321502,38598.861332244735,56,10000,7411,23,65,75.125,117.19999999999999,96.65625,96.65625,N/A (GPTCache eviction path is CPU-only),stress
FIFO,high_variance_cost,100000,0.2414,0.24586882823335982,77.86099701275653,0.000800006091594696,0.0017999991541728377,0.0026000052457675338,615657.3988203192,56,10000,7358,23,65,0.0,0.0,96.65625,96.65625,N/A (GPTCache eviction path is CPU-only),stress
Random,high_variance_cost,100000,0.2351,0.24383696594911253,77.2175530089727,0.0032999960239976645,0.010099989594891667,0.015400000847876072,236085.6990962146,56,10000,7421,23,65,0.0,0.0,96.65625,96.65625,N/A (GPTCache eviction path is CPU-only),stress
"GDSF(a=1.0,b=1.0)",high_variance_cost,100000,0.1709,0.3809150215723826,120.62701713700719,0.006000002031214535,0.015300000086426735,0.024500997387804115,131604.57561982804,56,10000,8126,23,65,0.0,0.0,96.65625,96.65625,N/A (GPTCache eviction path is CPU-only),stress
LRU,high_variance_cost,100000,0.2368,0.23979111882230755,73.63415377492456,0.000900006853044033,0.0018999999156221747,0.0027010058693122336,531592.5448110999,56,10000,7403,24,66,0.0,0.0,96.6796875,96.6796875,N/A (GPTCache eviction path is CPU-only),stress
LFU,high_variance_cost,100000,0.2457,0.24008689044948064,73.72497821239533,0.018999999156221747,0.08910000906325877,0.14871099716401684,39592.37276733027,56,10000,7292,24,66,80.15,117.19999999999999,96.689453125,96.69921875,N/A (GPTCache eviction path is CPU-only),stress
FIFO,high_variance_cost,100000,0.2353,0.23931975110238607,73.48940795054332,0.000600004568696022,0.001100008375942707,0.001500011421740055,911926.1704471094,56,10000,7404,24,66,0.0,0.0,96.703125,96.703125,N/A (GPTCache eviction path is CPU-only),stress
Random,high_variance_cost,100000,0.2408,0.24571226163877943,75.45239601347247,0.0024000037228688598,0.007405012001981887,0.01200000406242907,317690.26471633307,56,10000,7359,24,66,0.0,0.0,96.703125,96.703125,N/A (GPTCache eviction path is CPU-only),stress
"GDSF(a=1.0,b=1.0)",high_variance_cost,100000,0.1718,0.3839517607420366,117.90246082292371,0.0050000089686363935,0.012999997125007212,0.021801005786983317,151912.19474602834,56,10000,8109,24,66,0.0,0.0,96.73046875,96.73046875,N/A (GPTCache eviction path is CPU-only),stress
LRU,high_variance_cost,100000,0.2375,0.2464542814280868,79.17851826778188,0.0007999915396794677,0.0016999983927235007,0.0025000044843181968,631572.2991805944,56,10000,7379,25,67,0.0,0.0,96.73046875,96.73046875,N/A (GPTCache eviction path is CPU-only),stress
LFU,high_variance_cost,100000,0.2347,0.23927764136270085,76.87287470896116,0.01930000144056976,0.08350499556399875,0.13730199774727228,39821.10765670983,56,10000,7407,25,67,74.825,100.20000000000002,96.732421875,96.734375,N/A (GPTCache eviction path is CPU-only),stress
FIFO,high_variance_cost,100000,0.237,0.24486451212128418,78.66777210678666,0.0006999907782301307,0.0014999968698248267,0.0022000021999701858,728045.7793332315,56,10000,7379,25,67,0.0,0.0,96.734375,96.734375,N/A (GPTCache eviction path is CPU-only),stress
Random,high_variance_cost,100000,0.2369,0.23967785329337768,77.00145104157937,0.0021000014385208488,0.006800008122809231,0.010900010238401592,330472.5427187224,56,10000,7382,25,67,0.0,0.0,96.734375,96.734375,N/A (GPTCache eviction path is CPU-only),stress
"GDSF(a=1.0,b=1.0)",high_variance_cost,100000,0.1803,0.4005251501292282,128.6769608239358,0.0052000104915350676,0.014399993233382702,0.024099994479911402,139408.1843567797,56,10000,8012,25,67,63.0,119.69999999999999,96.734375,96.734375,N/A (GPTCache eviction path is CPU-only),stress
LRU,high_variance_cost,100000,0.2375,0.23922461318038102,74.64168993508024,0.000700005330145359,0.0014999968698248267,0.0021000014385208488,716655.7970366438,56,10000,7376,26,68,0.0,0.0,96.734375,96.734375,N/A (GPTCache eviction path is CPU-only),stress
LFU,high_variance_cost,100000,0.2467,0.26585038081012935,82.94933129890859,0.01979999797185883,0.09039999058586545,0.1436080019630028,37560.47706232128,56,10000,7291,26,68,74.825,100.20000000000002,96.734375,96.734375,N/A (GPTCache eviction path is CPU-only),stress
FIFO,high_variance_cost,100000,0.2395,0.2412647412501731,75.27824068455706,0.000800006091594696,0.001700012944638729,0.0025999906938523054,576811.0421457323,56,10000,7358,26,68,0.0,0.0,96.734375,96.734375,N/A (GPTCache eviction path is CPU-only),stress
Random,high_variance_cost,100000,0.2362,0.23394307262537403,72.9937695675003,0.0024999899324029684,0.008899995009414852,0.015601002378389262,264621.6703935619,56,10000,7396,26,68,0.0,0.0,96.734375,96.734375,N/A (GPTCache eviction path is CPU-only),stress
"GDSF(a=1.0,b=1.0)",high_variance_cost,100000,0.1766,0.39781189521129323,124.1233154903609,0.005099995178170502,0.012599994079209864,0.020699997548945248,157887.83961830373,56,10000,8053,26,68,0.0,0.0,96.734375,96.734375,N/A (GPTCache eviction path is CPU-only),stress
LRU,high_variance_cost,100000,0.2329,0.22864749730976427,71.80665843217534,0.0010999938240274787,0.0020999868866056204,0.0027999922167509794,483255.2071081768,56,10000,7445,27,69,0.0,0.0,96.796875,96.796875,N/A (GPTCache eviction path is CPU-only),stress
LFU,high_variance_cost,100000,0.2452,0.22293491710511298,70.01262481996363,0.024250010028481483,0.12430000133463182,0.1944220103905541,27227.294818922805,56,10000,7300,27,69,79.96000000000001,100.2,96.796875,96.796875,N/A (GPTCache eviction path is CPU-only),stress
FIFO,high_variance_cost,100000,0.2334,0.23171612002072012,72.77035821220967,0.0013999961083754897,0.0026000052457675338,0.00420100273913706,354826.3479771139,56,10000,7443,27,69,0.0,0.0,96.796875,96.796875,N/A (GPTCache eviction path is CPU-only),stress
Random,high_variance_cost,100000,0.2298,0.22458835180579817,70.53188535064488,0.0028999929782003164,0.010500007192604244,0.01840400902437986,207333.81159863318,56,10000,7472,27,69,0.0,0.0,96.796875,96.796875,N/A (GPTCache eviction path is CPU-only),stress
"GDSF(a=1.0,b=1.0)",high_variance_cost,100000,0.1681,0.36078877906122175,113.3055770521411,0.008000002708286047,0.02160501753678538,0.04039998762891628,94398.22078812809,56,10000,8140,27,69,49.6,94.24,96.796875,96.796875,N/A (GPTCache eviction path is CPU-only),stress
LRU,high_variance_cost,100000,0.2514,0.2503871899179445,78.52193520384614,0.0010999938240274787,0.0022000021999701858,0.0032999960239976645,455014.94726213446,56,10000,7244,28,70,0.0,0.0,96.796875,96.796875,N/A (GPTCache eviction path is CPU-only),stress
LFU,high_variance_cost,100000,0.2462,0.24660743735933366,77.33659706577656,0.026150002668146044,0.11989999620709568,0.19291199903818804,28338.478184184547,56,10000,7287,28,70,80.02,100.68,96.796875,96.796875,N/A (GPTCache eviction path is CPU-only),stress
FIFO,high_variance_cost,100000,0.251,0.2520053176597204,79.0293833753477,0.0011999945854768157,0.0023000029614195228,0.0032999960239976645,438206.33382276417,56,10000,7252,28,70,0.0,0.0,96.796875,96.796875,N/A (GPTCache eviction path is CPU-only),stress
Random,high_variance_cost,100000,0.2482,0.2488121075586398,78.02798615238478,0.0036999990697950125,0.01239999255631119,0.021201001218287295,185395.29989675886,56,10000,7274,28,70,0.0,0.0,96.796875,96.796875,N/A (GPTCache eviction path is CPU-only),stress
"GDSF(a=1.0,b=1.0)",high_variance_cost,100000,0.1819,0.38709783919413165,121.39467461059634,0.007350005034822971,0.02169999061152339,0.03350100756506438,98964.14232088104,56,10000,8009,28,70,49.6,94.24,96.796875,96.796875,N/A (GPTCache eviction path is CPU-only),stress
LRU,high_variance_cost,100000,0.2447,0.23809510076850257,71.90400961588568,0.001200009137392044,0.0024999899324029684,0.0037999854248482734,415805.6024785882,56,10000,7288,29,71,0.0,0.0,96.796875,96.796875,N/A (GPTCache eviction path is CPU-only),stress
LFU,high_variance_cost,100000,0.2418,0.2307036856618015,69.67182432021266,0.028049995307810605,0.12040500005241475,0.18471199480700332,27871.61220571273,56,10000,7334,29,71,84.91999999999999,119.24,96.796875,96.796875,N/A (GPTCache eviction path is CPU-only),stress
FIFO,high_variance_cost,100000,0.2447,0.24032760509846582,72.5782192585497,0.0010999938240274787,0.0023000029614195228,0.0033999967854470015,455819.6775458362,56,10000,7293,29,71,0.0,0.0,96.80078125,96.80078125,N/A (GPTCache eviction path is CPU-only),stress
Random,high_variance_cost,100000,0.244,0.24082254637024633,72.727690045015,0.0029999937396496534,0.010100004146806896,0.0185999961104244,224500.65442635087,56,10000,7298,29,71,0.0,0.0,96.80078125,96.80078125,N/A (GPTCache eviction path is CPU-only),stress
"GDSF(a=1.0,b=1.0)",high_variance_cost,100000,0.1836,0.40574816919476586,122.53473576415556,0.007399998139590025,0.019500002963468432,0.0299999957496766,105435.9618771762,56,10000,7968,29,71,50.1,95.19,96.80078125,96.80078125,N/A (GPTCache eviction path is CPU-only),stress
LRU,high_variance_cost,200000,0.4806,0.4710614488964074,143.5997393409706,0.000800006091594696,0.0023000029614195228,0.0032999961695168167,467438.25131433486,56,10000,4717,0,42,0.0,0.0,96.80078125,96.80078125,N/A (GPTCache eviction path is CPU-only),stress
LFU,high_variance_cost,200000,0.4712,0.4836714661397512,147.44381359810117,0.0009999930625781417,0.18320499802939585,0.30910401066648785,24558.234204289714,56,10000,4799,0,42,87.58333333333333,119.55,96.80078125,96.80078125,N/A (GPTCache eviction path is CPU-only),stress
FIFO,high_variance_cost,200000,0.4839,0.476565805812324,145.27770347965586,0.000600004568696022,0.0016999983927235007,0.0023000029614195228,675949.709230179,56,10000,4679,0,42,0.0,0.0,96.80078125,96.80078125,N/A (GPTCache eviction path is CPU-only),stress
Random,high_variance_cost,200000,0.4858,0.4770806555526484,145.43465176885158,0.000400003045797348,0.011899988749064505,0.019801005109911805,278690.48915101896,56,10000,4662,0,42,0.0,0.0,96.80078125,96.80078125,N/A (GPTCache eviction path is CPU-only),stress
"GDSF(a=1.0,b=1.0)",high_variance_cost,200000,0.347,0.7400008182884503,225.58399730497842,0.0047000066842883825,0.015099998563528061,0.025501004856778333,136752.13676084514,56,10000,6172,0,42,0.0,0.0,96.80078125,96.80078125,N/A (GPTCache eviction path is CPU-only),stress
LRU,high_variance_cost,200000,0.4705,0.4655334544871465,141.7195748543106,0.0005999900167807937,0.0015999976312741637,0.0023999893164727837,710994.8235137301,56,10000,4792,1,43,0.0,0.0,96.8203125,96.8203125,N/A (GPTCache eviction path is CPU-only),stress
LFU,high_variance_cost,200000,0.4634,0.4585911432206524,139.60616841335417,0.0006999907782301307,0.1319149858318267,0.22412000384065367,33810.68383812682,56,10000,4882,1,43,74.9,100.20000000000002,96.8203125,96.8203125,N/A (GPTCache eviction path is CPU-only),stress
FIFO,high_variance_cost,200000,0.4752,0.4720312214790549,143.6976513313494,0.0004999892553314567,0.0016999983927235007,0.0024000037228688598,687578.2118517162,56,10000,4755,1,43,0.0,0.0,96.8203125,96.8203125,N/A (GPTCache eviction path is CPU-only),stress
Random,high_variance_cost,200000,0.4682,0.4651645677055786,141.6072768500549,0.000500003807246685,0.012200005585327744,0.02180099138058724,272438.73526737565,56,10000,4817,1,43,0.0,0.0,96.8203125,96.8203125,N/A (GPTCache eviction path is CPU-only),stress
"GDSF(a=1.0,b=1.0)",high_variance_cost,200000,0.3404,0.7171819677341954,218.3274318543617,0.0044000043999403715,0.014500008546747267,0.029800994088873288,148115.23364638718,56,10000,6254,1,43,0.0,0.0,96.8203125,96.8203125,N/A (GPTCache eviction path is CPU-only),stress
LRU,high_variance_cost,200000,0.4817,0.4757821229838996,138.68990041858305,0.000600004568696022,0.0018999999156221747,0.0028999929782003164,596121.6327582865,56,10000,4673,2,44,0.0,0.0,96.828125,96.828125,N/A (GPTCache eviction path is CPU-only),stress
LFU,high_variance_cost,200000,0.4903,0.5031718673458639,146.67397702538702,0.0007999915396794677,0.15562499174848163,0.2757999901950825,28097.069756173503,56,10000,4593,2,44,63.94,96.17999999999999,96.828125,96.828125,N/A (GPTCache eviction path is CPU-only),stress
FIFO,high_variance_cost,200000,0.4874,0.49209328825940074,143.44458492329457,0.0005999900167807937,0.0017999991541728377,0.0026000052457675338,670839.2875955445,56,10000,4618,2,44,0.0,0.0,96.8515625,96.8515625,N/A (GPTCache eviction path is CPU-only),stress
Random,high_variance_cost,200000,0.4835,0.48346847018740524,140.9304611221909,0.000500003807246685,0.011600001016631722,0.020400009816512465,272663.0729820589,56,10000,4648,2,44,0.0,0.0,96.8515625,96.8515625,N/A (GPTCache eviction path is CPU-only),stress
"GDSF(a=1.0,b=1.0)",high_variance_cost,200000,0.3485,0.7524650749005368,219.34263871017404,0.004699992132373154,0.014600009308196604,0.030301012302516053,136268.18670444086,56,10000,6166,2,44,0.0,0.0,96.8515625,96.8515625,N/A (GPTCache eviction path is CPU-only),stress
LRU,high_variance_cost,200000,0.4715,0.4731186843073453,150.2726507241117,0.000600004568696022,0.0016999983927235007,0.0024999899324029684,675616.3310062935,56,10000,4811,3,45,0.0,0.0,96.8671875,96.8671875,N/A (GPTCache eviction path is CPU-only),stress
LFU,high_variance_cost,200000,0.4651,0.4416257231330604,140.26981018582302,0.000800006091594696,0.16270000269287266,0.2663050050614403,27143.649348743384,56,10000,4862,3,45,71.91999999999999,100.2,96.87109375,96.87109375,N/A (GPTCache eviction path is CPU-only),stress
FIFO,high_variance_cost,200000,0.4692,0.4685359558076855,148.81707777374086,0.000400003045797348,0.001100008375942707,0.0014999968698248267,1042839.8620122969,56,10000,4829,3,45,0.0,0.0,96.87109375,96.87109375,N/A (GPTCache eviction path is CPU-only),stress
Random,high_variance_cost,200000,0.4665,0.47181170411882967,149.85752575888299,0.000500003807246685,0.012600008631125093,0.020900999079458436,256860.09091962568,56,10000,4834,3,45,0.0,0.0,96.87109375,96.87109375,N/A (GPTCache eviction path is CPU-only),stress
"GDSF(a=1.0,b=1.0)",high_variance_cost,200000,0.351,0.7118246383585694,226.09078610682488,0.0044000043999403715,0.014605008618673237,0.026399997441330925,142395.57775678195,56,10000,6141,3,45,0.0,0.0,96.87109375,96.87109375,N/A (GPTCache eviction path is CPU-only),stress
LRU,high_variance_cost,200000,0.4782,0.4780559441890199,146.70050858772996,0.000500003807246685,0.0015999976312741637,0.0023999891709536314,750097.5119018224,56,10000,4733,4,46,0.0,0.0,96.8828125,96.8828125,N/A (GPTCache eviction path is CPU-only),stress
LFU,high_variance_cost,200000,0.4837,0.4830650843905631,148.2376580031613,0.0007999915396794677,0.14901000031386488,0.25072100252145946,29790.356324412645,56,10000,4665,4,46,75.88,100.2,96.8828125,96.8828125,N/A (GPTCache eviction path is CPU-only),stress
FIFO,high_variance_cost,200000,0.4812,0.4790323092103713,147.00012466183296,0.000500003807246685,0.001400010660290718,0.0020000006770715117,787011.1670130489,56,10000,4698,4,46,0.0,0.0,96.8828125,96.8828125,N/A (GPTCache eviction path is CPU-only),stress
Random,high_variance_cost,200000,0.4758,0.48561339581300866,149.0196555627709,0.000500003807246685,0.01030000566970557,0.017899990925798193,303802.69840106537,56,10000,4753,4,46,0.0,0.0,96.8828125,96.8828125,N/A (GPTCache eviction path is CPU-only),stress
"GDSF(a=1.0,b=1.0)",high_variance_cost,200000,0.3493,0.7347618289259769,225.47556474200445,0.004999994416721165,0.0161999931151513,0.030700000934302807,124000.86305907457,56,10000,6154,4,46,50.1,95.19,96.8828125,96.8828125,N/A (GPTCache eviction path is CPU-only),stress
LRU,high_variance_cost,200000,0.4681,0.46600917487850624,150.41963412345692,0.0004999892553314567,0.0013999961083754897,0.0022000021999701858,849805.3940846028,56,10000,4836,5,47,0.0,0.0,96.953125,96.953125,N/A (GPTCache eviction path is CPU-only),stress
LFU,high_variance_cost,200000,0.4709,0.436379176262481,140.85558733819133,0.0007999915396794677,0.1440099913452285,0.2608020066691097,29983.470112283336,56,10000,4802,5,47,80.16,100.2,96.953125,96.953125,N/A (GPTCache eviction path is CPU-only),stress
FIFO,high_variance_cost,200000,0.4615,0.4621034399251648,149.1589309992792,0.0004999892553314567,0.0015999976312741637,0.0023000029614195228,766265.9098076948,56,10000,4900,5,47,0.0,0.0,96.953125,96.953125,N/A (GPTCache eviction path is CPU-only),stress
Random,high_variance_cost,200000,0.4758,0.46983818579251885,151.65557206586044,0.0004999892553314567,0.010500007192604244,0.018199993210146204,312092.3294910483,56,10000,4762,5,47,0.0,0.0,96.953125,96.953125,N/A (GPTCache eviction path is CPU-only),stress
"GDSF(a=1.0,b=1.0)",high_variance_cost,200000,0.3425,0.7019661770039252,226.58243915369385,0.0041000021155923605,0.012999997125007212,0.021499989234143868,155664.31299059014,56,10000,6228,5,47,0.0,0.0,96.953125,96.953125,N/A (GPTCache eviction path is CPU-only),stress
LRU,high_variance_cost,200000,0.4865,0.47746008236649745,138.73495502197852,0.000500003807246685,0.0016999983927235007,0.0025000044843181968,689669.4413183468,56,10000,4652,6,48,0.0,0.0,96.953125,96.953125,N/A (GPTCache eviction path is CPU-only),stress
LFU,high_variance_cost,200000,0.4962,0.49404998777184805,143.55546225437894,0.000600004568696022,0.14000500304973676,0.22750200063455855,32705.30427610499,56,10000,4527,6,48,81.1,120.42999999999998,96.953125,96.953125,N/A (GPTCache eviction path is CPU-only),stress
FIFO,high_variance_cost,200000,0.4902,0.48736140362284075,141.61196905914892,0.000400003045797348,0.0013999961083754897,0.0018999999156221747,838061.3966405375,56,10000,4606,6,48,0.0,0.0,97.02734375,97.02734375,N/A (GPTCache eviction path is CPU-only),stress
Random,high_variance_cost,200000,0.4859,0.4831014791419642,140.37416834432858,0.00039998849388211966,0.009499999578110874,0.01700099848676475,337564.13715742255,56,10000,4651,6,48,0.0,0.0,97.02734375,97.02734375,N/A (GPTCache eviction path is CPU-only),stress
"GDSF(a=1.0,b=1.0)",high_variance_cost,200000,0.35,0.7455845038143357,216.6435193683202,0.0034999975468963385,0.010199991083936766,0.023600005079060793,198461.52624753985,56,10000,6152,6,48,0.0,0.0,97.02734375,97.02734375,N/A (GPTCache eviction path is CPU-only),stress
LRU,high_variance_cost,200000,0.4783,0.483935100373255,146.70663754082852,0.000500003807246685,0.0014999968698248267,0.002201002062065549,792349.0773479026,56,10000,4712,7,49,0.0,0.0,97.02734375,97.02734375,N/A (GPTCache eviction path is CPU-only),stress
LFU,high_variance_cost,200000,0.4954,0.4941103180732934,149.79129078021373,0.000700005330145359,0.14811000655754453,0.24820199832902295,31143.26618692833,56,10000,4540,7,49,72.11999999999999,100.2,97.03125,97.03125,N/A (GPTCache eviction path is CPU-only),stress
FIFO,high_variance_cost,200000,0.4714,0.47355963144328034,143.56127743272333,0.0005999900167807937,0.0017999991541728377,0.00250100434641356,654189.1001093278,56,10000,4782,7,49,0.0,0.0,97.03125,97.03125,N/A (GPTCache eviction path is CPU-only),stress
Random,high_variance_cost,200000,0.4756,0.4761746009650634,144.35401469339456,0.000500003807246685,0.012100004823878407,0.02140098848030905,262543.6806496924,56,10000,4736,7,49,0.0,0.0,97.03125,97.03125,N/A (GPTCache eviction path is CPU-only),stress
"GDSF(a=1.0,b=1.0)",high_variance_cost,200000,0.3554,0.7394726708921513,224.17375597729787,0.004699992132373154,0.015600002370774746,0.030701000941917325,132539.33436344698,56,10000,6096,7,49,49.6,94.24,97.03125,97.03125,N/A (GPTCache eviction path is CPU-only),stress
LRU,high_variance_cost,200000,0.4983,0.49998892425236974,145.95020362943703,0.000600004568696022,0.0017999991541728377,0.0026000052457675338,624855.5020741733,56,10000,4512,8,50,0.0,0.0,97.03125,97.03125,N/A (GPTCache eviction path is CPU-only),stress
LFU,high_variance_cost,200000,0.4865,0.4857366023106545,141.78985289227614,0.000700005330145359,0.1576999929966405,0.2786250111239502,28218.20915407903,56,10000,4625,8,50,76.14,100.2,97.03125,97.03125,N/A (GPTCache eviction path is CPU-only),stress
FIFO,high_variance_cost,200000,0.4967,0.49400629638496224,144.20383343375138,0.000500003807246685,0.0020000006770715117,0.002800006768666208,581950.2318333943,56,10000,4525,8,50,0.0,0.0,97.03125,97.03125,N/A (GPTCache eviction path is CPU-only),stress
Random,high_variance_cost,200000,0.4904,0.5038564635274189,147.0791649270944,0.000400003045797348,0.011500000255182385,0.020401009824126983,290285.03088785085,56,10000,4607,8,50,0.0,0.0,97.03125,97.03125,N/A (GPTCache eviction path is CPU-only),stress
"GDSF(a=1.0,b=1.0)",high_variance_cost,200000,0.354,0.7543650256694612,220.2043360700735,0.0043000036384910345,0.013299999409355223,0.02619999591843225,155047.6539107006,56,10000,6112,8,50,0.0,0.0,97.03125,97.03125,N/A (GPTCache eviction path is CPU-only),stress
LRU,high_variance_cost,200000,0.4736,0.47163298453260927,144.24069600474846,0.0004999892553314567,0.0014999968698248267,0.0022000021999701858,814007.4407551084,56,10000,4773,9,51,0.0,0.0,97.03125,97.03125,N/A (GPTCache eviction path is CPU-only),stress
LFU,high_variance_cost,200000,0.4844,0.47429078913292466,145.05353903729002,0.000600004568696022,0.14440999366343005,0.24211600975832007,32509.552119150485,56,10000,4654,9,51,80.28,100.68,97.03125,97.03125,N/A (GPTCache eviction path is CPU-only),stress
FIFO,high_variance_cost,200000,0.4695,0.4696925852071615,143.64725882285353,0.000500003807246685,0.0015999976312741637,0.0025999908393714577,761986.0403249698,56,10000,4803,9,51,0.0,0.0,97.03125,97.03125,N/A (GPTCache eviction path is CPU-only),stress
Random,high_variance_cost,200000,0.4744,0.48007405748560045,146.822250471243,0.000400003045797348,0.008200004231184721,0.015500001609325409,370481.5148468762,56,10000,4743,9,51,0.0,0.0,97.03125,97.03125,N/A (GPTCache eviction path is CPU-only),stress
"GDSF(a=1.0,b=1.0)",high_variance_cost,200000,0.3356,0.7284389543207338,222.78030844750876,0.0036999990697950125,0.0109999964479357,0.019901006016880295,190057.34030473835,56,10000,6298,9,51,0.0,0.0,97.03125,97.03125,N/A (GPTCache eviction path is CPU-only),stress
LRU,high_variance_cost,200000,0.4828,0.4790606959203993,136.95786571580942,0.000500003807246685,0.001600012183189392,0.0026999914553016424,694671.1777196174,56,10000,4675,10,52,0.0,0.0,97.03125,97.03125,N/A (GPTCache eviction path is CPU-only),stress
LFU,high_variance_cost,200000,0.4826,0.4669987358492075,133.50949200916278,0.000700005330145359,0.15760500682517878,0.2786050112626982,27929.48141114581,56,10000,4677,10,52,80.02,100.68,97.03125,97.03125,N/A (GPTCache eviction path is CPU-only),stress
FIFO,high_variance_cost,200000,0.4882,0.4849711383710789,138.6475922794257,0.000600004568696022,0.0018999999156221747,0.002800006768666208,594685.8869155,56,10000,4624,10,52,0.0,0.0,97.03125,97.03125,N/A (GPTCache eviction path is CPU-only),stress
Random,high_variance_cost,200000,0.4854,0.48916098181082485,139.84541965302918,0.000500003807246685,0.011500000982778147,0.019700004486367106,286635.61443052714,56,10000,4643,10,52,0.0,0.0,97.03125,97.03125,N/A (GPTCache eviction path is CPU-only),stress
"GDSF(a=1.0,b=1.0)",high_variance_cost,200000,0.347,0.7531964814571521,215.33008957630958,0.004799992893822491,0.014599994756281376,0.02890000178012997,141314.7928251413,56,10000,6184,10,52,50.4,95.75999999999999,97.03125,97.03125,N/A (GPTCache eviction path is CPU-only),stress
LRU,high_variance_cost,200000,0.485,0.4950274173817167,156.80017818770796,0.000700005330145359,0.001800013706088066,0.0026000052457675338,581334.5114639518,56,10000,4665,11,53,0.0,0.0,97.03125,97.03125,N/A (GPTCache eviction path is CPU-only),stress
LFU,high_variance_cost,200000,0.4456,0.478304181780277,151.50308507708783,0.0008999923011288047,0.14629999350290745,0.25390399794559937,27564.877384561205,56,10000,5081,11,53,79.9,100.2,97.03125,97.03125,N/A (GPTCache eviction path is CPU-only),stress
FIFO,high_variance_cost,200000,0.4828,0.4975609438998414,157.60267395973287,0.0005999900167807937,0.0016999983927235007,0.0025000044843181968,677938.5242283094,56,10000,4680,11,53,0.0,0.0,97.03125,97.03125,N/A (GPTCache eviction path is CPU-only),stress
Random,high_variance_cost,200000,0.4828,0.4839414317882353,153.288686792669,0.000500003807246685,0.011500000255182385,0.02130000211764127,269242.7815321538,56,10000,4681,11,53,0.0,0.0,97.03125,97.03125,N/A (GPTCache eviction path is CPU-only),stress
"GDSF(a=1.0,b=1.0)",high_variance_cost,200000,0.3428,0.7264078007861413,230.0900285536686,0.004899993655271828,0.014699995517730713,0.025000001332955435,137023.46664131802,56,10000,6228,11,53,0.0,0.0,97.03125,97.03125,N/A (GPTCache eviction path is CPU-only),stress
LRU,high_variance_cost,200000,0.4985,0.4932102258651925,146.56305604196513,0.000500003807246685,0.0016999983927235007,0.0025000044843181968,662585.1419929855,56,10000,4518,12,54,0.0,0.0,97.03125,97.03125,N/A (GPTCache eviction path is CPU-only),stress
LFU,high_variance_cost,200000,0.4944,0.48438668871451984,143.94104112401843,0.000600004568696022,0.13460000627674162,0.23380200495012107,33652.84465683529,56,10000,4550,12,54,74.9,100.20000000000002,97.03125,97.03125,N/A (GPTCache eviction path is CPU-only),stress
FIFO,high_variance_cost,200000,0.4905,0.4878976527861905,144.98436422847135,0.000300002284348011,0.0013999961083754897,0.0018999999156221747,905903.7747167419,56,10000,4597,12,54,0.0,0.0,97.03515625,97.03515625,N/A (GPTCache eviction path is CPU-only),stress
Random,high_variance_cost,200000,0.4811,0.4793063802086906,142.43136938324264,0.000300002284348011,0.009399998816661537,0.01619999238755554,340359.48771406064,56,10000,4688,12,54,0.0,0.0,97.03515625,97.03515625,N/A (GPTCache eviction path is CPU-only),stress
"GDSF(a=1.0,b=1.0)",high_variance_cost,200000,0.3539,0.745085984316617,221.41081662270102,0.0040000013541430235,0.013300013961270452,0.025999994395533577,158958.75658954555,56,10000,6111,12,54,0.0,0.0,97.03515625,97.03515625,N/A (GPTCache eviction path is CPU-only),stress
LRU,high_variance_cost,200000,0.4633,0.47410666534309137,151.71141903137604,0.000600004568696022,0.0019999861251562834,0.002800006768666208,610198.863645672,56,10000,4878,13,55,0.0,0.0,97.03515625,97.03515625,N/A (GPTCache eviction path is CPU-only),stress
LFU,high_variance_cost,200000,0.4783,0.4884474080757221,156.3003746166279,0.000700005330145359,0.15650499917683186,0.26550999900791816,27818.35393761582,56,10000,4716,13,55,80.28,100.68,97.03515625,97.03515625,N/A (GPTCache eviction path is CPU-only),stress
FIFO,high_variance_cost,200000,0.4725,0.48199130887326025,154.23445982780282,0.000700005330145359,0.0018999999156221747,0.002700006007216871,579347.4225960932,56,10000,4781,13,55,0.0,0.0,97.03515625,97.03515625,N/A (GPTCache eviction path is CPU-only),stress
Random,high_variance_cost,200000,0.4725,0.48275127889448277,154.47764588437838,0.000600004568696022,0.012905010225949736,0.022501996718347114,240103.53262101463,56,10000,4770,13,55,0.0,0.0,97.03515625,97.03515625,N/A (GPTCache eviction path is CPU-only),stress
"GDSF(a=1.0,b=1.0)",high_variance_cost,200000,0.3565,0.7226720112393383,231.25090688197426,0.0042000028770416975,0.013700002455152571,0.023302002664422658,149633.17428025964,56,10000,6078,13,55,0.0,0.0,97.03515625,97.03515625,N/A (GPTCache eviction path is CPU-only),stress
LRU,high_variance_cost,200000,0.469,0.46731548903971054,147.2971775897626,0.000600004568696022,0.00200001522898674,0.0028999929782003164,534148.0871182763,56,10000,4820,14,56,0.0,0.0,97.03515625,97.03515625,N/A (GPTCache eviction path is CPU-only),stress
LFU,high_variance_cost,200000,0.4711,0.46670086302235064,147.10344834313227,0.0006999907782301307,0.1340000017080456,0.22700099681969735,33183.98328475189,56,10000,4796,14,56,75.15,100.20000000000002,97.03515625,97.03515625,N/A (GPTCache eviction path is CPU-only),stress
FIFO,high_variance_cost,200000,0.473,0.4699291534063571,148.1210008813147,0.000400003045797348,0.0016050114936660249,0.0026000052457675338,762253.2207731579,56,10000,4794,14,56,0.0,0.0,97.03515625,97.03515625,N/A (GPTCache eviction path is CPU-only),stress
Random,high_variance_cost,200000,0.4725,0.47145884167280777,148.60315644757546,0.000500003807246685,0.0109999964479357,0.018100006855092943,295428.829715813,56,10000,4777,14,56,0.0,0.0,97.03515625,97.03515625,N/A (GPTCache eviction path is CPU-only),stress
"GDSF(a=1.0,b=1.0)",high_variance_cost,200000,0.3461,0.7128662995959704,224.69444388654068,0.0042000028770416975,0.014199991710484028,0.02690200111828749,148203.69708682518,56,10000,6192,14,56,40.05,76.09499999999998,97.03515625,97.03515625,N/A (GPTCache eviction path is CPU-only),stress
LRU,high_variance_cost,200000,0.4624,0.45923674755856375,145.39687833334398,0.000600004568696022,0.001500011421740055,0.0021999876480549574,700201.6580438924,56,10000,4883,15,57,0.0,0.0,97.03515625,97.03515625,N/A (GPTCache eviction path is CPU-only),stress
LFU,high_variance_cost,200000,0.4553,0.4612287843840524,146.02756814092342,0.0006999907782301307,0.13889999536331743,0.23230300808791077,31789.194408713247,56,10000,4975,15,57,75.88,100.2,97.03515625,97.03515625,N/A (GPTCache eviction path is CPU-only),stress
FIFO,high_variance_cost,200000,0.4677,0.4671592070532974,147.9051725527863,0.000400003045797348,0.0014999968698248267,0.0022000021999701858,788084.1676630181,56,10000,4828,15,57,0.0,0.0,97.11328125,97.11328125,N/A (GPTCache eviction path is CPU-only),stress
Random,high_variance_cost,200000,0.4677,0.4616108247107373,146.1485242081213,0.000500003807246685,0.01200000406242907,0.01950098856468687,274599.2909244876,56,10000,4834,15,57,0.0,0.0,97.11328125,97.11328125,N/A (GPTCache eviction path is CPU-only),stress
"GDSF(a=1.0,b=1.0)",high_variance_cost,200000,0.3305,0.6963265961425611,220.46082748789718,0.005299996701069176,0.0168999977177009,0.033001003903336844,121342.73011833533,56,10000,6360,15,57,50.1,95.19,97.11328125,97.11328125,N/A (GPTCache eviction path is CPU-only),stress
LRU,high_variance_cost,200000,0.4685,0.4688659740926623,145.27749816027534,0.000600004568696022,0.0017999991541728377,0.0026000052457675338,624434.1066979555,56,10000,4830,16,58,0.0,0.0,97.11328125,97.11328125,N/A (GPTCache eviction path is CPU-only),stress
LFU,high_variance_cost,200000,0.4599,0.46809855335537204,145.03971386602026,0.0008999923011288047,0.15700000221841037,0.2661120034463241,27435.241170908892,56,10000,4928,16,58,71.92,100.2,97.11328125,97.11328125,N/A (GPTCache eviction path is CPU-only),stress
FIFO,high_variance_cost,200000,0.4677,0.470875867812993,145.90026105498688,0.0004999892553314567,0.0013999961083754897,0.0020999868866056204,845115.6534267112,56,10000,4840,16,58,0.0,0.0,97.11328125,97.11328125,N/A (GPTCache eviction path is CPU-only),stress
Random,high_variance_cost,200000,0.4728,0.4659135110132569,144.36268140391624,0.000500003807246685,0.01200000406242907,0.021299987711245194,259378.4772179855,56,10000,4784,16,58,0.0,0.0,97.11328125,97.11328125,N/A (GPTCache eviction path is CPU-only),stress
"GDSF(a=1.0,b=1.0)",high_variance_cost,200000,0.3317,0.7023470901252741,217.62131127345137,0.0053000112529844046,0.01689999844529666,0.03070200094953184,121393.10727967051,56,10000,6341,16,58,40.05,76.09499999999998,97.11328125,97.11328125,N/A (GPTCache eviction path is CPU-only),stress
LRU,high_variance_cost,200000,0.4756,0.47961178066640425,148.15617139693143,0.000400003045797348,0.0014999968698248267,0.0021000014385208488,789253.524144314,56,10000,4765,17,59,0.0,0.0,97.11328125,97.11328125,N/A (GPTCache eviction path is CPU-only),stress
LFU,high_variance_cost,200000,0.4715,0.47735493076784535,147.45901120640514,0.0006999907782301307,0.15140500254346984,0.2635020126763266,29656.500615215693,56,10000,4795,17,59,75.94,100.2,97.11328125,97.11328125,N/A (GPTCache eviction path is CPU-only),stress
FIFO,high_variance_cost,200000,0.4773,0.48225507817141067,148.97270855050314,0.0005999900167807937,0.0014999968698248267,0.0022000021999701858,741482.2229637556,56,10000,4749,17,59,0.0,0.0,97.11328125,97.11328125,N/A (GPTCache eviction path is CPU-only),stress
Random,high_variance_cost,200000,0.4745,0.4719900209019469,145.80174477204707,0.0005999900167807937,0.012500007869675756,0.023300988250412068,245460.8158961189,56,10000,4788,17,59,0.0,0.0,97.11328125,97.11328125,N/A (GPTCache eviction path is CPU-only),stress
"GDSF(a=1.0,b=1.0)",high_variance_cost,200000,0.342,0.7238750699390101,223.61118566110753,0.0039000005926936865,0.011800002539530396,0.0225009967107326,173502.67194798583,56,10000,6247,17,59,0.0,0.0,97.11328125,97.11328125,N/A (GPTCache eviction path is CPU-only),stress
LRU,high_variance_cost,200000,0.4705,0.4751189552346323,148.18192322361557,0.0005999900167807937,0.001600012183189392,0.0022999885550234467,693308.1891110751,56,10000,4815,18,60,0.0,0.0,97.12109375,97.12109375,N/A (GPTCache eviction path is CPU-only),stress
LFU,high_variance_cost,200000,0.485,0.4740787374213366,147.85749609973982,0.000600004568696022,0.14101499691605546,0.24360500668990437,33775.56810535599,56,10000,4647,18,60,70.125,100.20000000000002,97.12109375,97.12109375,N/A (GPTCache eviction path is CPU-only),stress
FIFO,high_variance_cost,200000,0.4761,0.47363122713721656,147.7179248748231,0.0004999892553314567,0.0017999991541728377,0.0025999906938523054,709919.70753168,56,10000,4760,18,60,0.0,0.0,97.12109375,97.12109375,N/A (GPTCache eviction path is CPU-only),stress
Random,high_variance_cost,200000,0.4708,0.46861034911653227,146.15199416804091,0.000400003045797348,0.008799994247965515,0.014599994901800528,368737.0020779835,56,10000,4808,18,60,0.0,0.0,97.12109375,97.12109375,N/A (GPTCache eviction path is CPU-only),stress
"GDSF(a=1.0,b=1.0)",high_variance_cost,200000,0.328,0.7085903333974082,220.9978726877728,0.0041000021155923605,0.012899996363557875,0.023700991296209416,160753.87136897098,56,10000,6381,18,60,0.0,0.0,97.12109375,97.12109375,N/A (GPTCache eviction path is CPU-only),stress
LRU,high_variance_cost,200000,0.4712,0.46770744042462153,151.1192915818374,0.000600004568696022,0.0018999999156221747,0.002900007530115545,562224.1587559406,56,10000,4810,19,61,0.0,0.0,97.12890625,97.12890625,N/A (GPTCache eviction path is CPU-only),stress
LFU,high_variance_cost,200000,0.4832,0.4694998214877964,151.6984214675321,0.0006999907782301307,0.15500500085181548,0.26070200605317956,28363.958371910576,56,10000,4675,19,61,76.14,100.2,97.12890625,97.12890625,N/A (GPTCache eviction path is CPU-only),stress
FIFO,high_variance_cost,200000,0.4697,0.4653407593514693,150.3546016576185,0.000500003807246685,0.0012999953469261527,0.0018999999156221747,872143.7295688115,56,10000,4829,19,61,0.0,0.0,97.12890625,97.12890625,N/A (GPTCache eviction path is CPU-only),stress
Random,high_variance_cost,200000,0.4689,0.46853987984683954,151.38825812993457,0.0004999892553314567,0.012299992522457615,0.02050099603366109,258341.1912341001,56,10000,4822,19,61,0.0,0.0,97.12890625,97.12890625,N/A (GPTCache eviction path is CPU-only),stress
"GDSF(a=1.0,b=1.0)",high_variance_cost,200000,0.3422,0.6991396211569699,225.89652234335836,0.0043000036384910345,0.014499993994832039,0.026000008801929653,147449.3474720196,56,10000,6240,19,61,0.0,0.0,97.12890625,97.12890625,N/A (GPTCache eviction path is CPU-only),stress
LRU,high_variance_cost,200000,0.4638,0.46698723505090695,149.75104109940725,0.000600004568696022,0.0015999976312741637,0.0022000021999701858,712007.290852687,56,10000,4892,20,62,0.0,0.0,97.1328125,97.1328125,N/A (GPTCache eviction path is CPU-only),stress
LFU,high_variance_cost,200000,0.476,0.4524682201971294,145.09515882490797,0.0006999907782301307,0.12910500736325042,0.2331039994896856,34652.26795758256,56,10000,4745,20,62,75.15,100.20000000000002,97.1328125,97.1328125,N/A (GPTCache eviction path is CPU-only),stress
FIFO,high_variance_cost,200000,0.4634,0.46739098751361685,149.88051434214088,0.000500003807246685,0.0013999961083754897,0.0020000006770715117,822828.5551150467,56,10000,4877,20,62,0.0,0.0,97.1328125,97.1328125,N/A (GPTCache eviction path is CPU-only),stress
Random,high_variance_cost,200000,0.4686,0.4691210686605551,150.43530777865143,0.0005999900167807937,0.010400006431154907,0.018000006093643606,288987.27302259696,56,10000,4840,20,62,0.0,0.0,97.1328125,97.1328125,N/A (GPTCache eviction path is CPU-only),stress
"GDSF(a=1.0,b=1.0)",high_variance_cost,200000,0.3458,0.7132736374580803,228.72888546185803,0.0039000005926936865,0.01309999788645655,0.023901007225504166,160165.80363452193,56,10000,6200,20,62,0.0,0.0,97.1328125,97.1328125,N/A (GPTCache eviction path is CPU-only),stress
LRU,high_variance_cost,200000,0.4715,0.46695228357909085,146.28288924773716,0.000500003807246685,0.0015999976312741637,0.0024000037228688598,763009.308799993,56,10000,4798,21,63,0.0,0.0,97.140625,97.140625,N/A (GPTCache eviction path is CPU-only),stress
LFU,high_variance_cost,200000,0.4709,0.47433117402514596,148.59448606790485,0.000600004568696022,0.1465049950638785,0.23181000418844655,30185.471612276684,56,10000,4797,21,63,76.14000000000001,100.2,97.140625,97.140625,N/A (GPTCache eviction path is CPU-only),stress
FIFO,high_variance_cost,200000,0.4724,0.47064145101328114,147.43860063446735,0.0006999907782301307,0.001700012944638729,0.0025000044843181968,631400.8256688963,56,10000,4789,21,63,0.0,0.0,97.140625,97.140625,N/A (GPTCache eviction path is CPU-only),stress
Random,high_variance_cost,200000,0.4685,0.46190147846643814,144.70061544613375,0.0005999900167807937,0.011500000255182385,0.02020000829361379,270631.60003680445,56,10000,4838,21,63,0.0,0.0,97.140625,97.140625,N/A (GPTCache eviction path is CPU-only),stress
"GDSF(a=1.0,b=1.0)",high_variance_cost,200000,0.3416,0.7097312452651684,222.33864315003024,0.004699992132373154,0.015599988546455279,0.030202997149899668,134599.2844783877,56,10000,6232,21,63,0.0,0.0,97.140625,97.140625,N/A (GPTCache eviction path is CPU-only),stress
LRU,high_variance_cost,200000,0.4851,0.4824157491800037,145.76315769996333,0.000600004568696022,0.0018999999156221747,0.0027999922167509794,601539.942388684,56,10000,4658,22,64,0.0,0.0,97.1484375,97.1484375,N/A (GPTCache eviction path is CPU-only),stress
LFU,high_variance_cost,200000,0.4919,0.4820693412926606,145.6584896670537,0.0006999907782301307,0.15119998788577504,0.24810099741443994,30403.740389569222,56,10000,4574,22,64,72.11999999999999,100.2,97.1484375,97.1484375,N/A (GPTCache eviction path is CPU-only),stress
FIFO,high_variance_cost,200000,0.4827,0.4832506692903307,146.0154309557916,0.000400003045797348,0.0015999976312741637,0.0023010028235148855,711429.8315995185,56,10000,4674,22,64,0.0,0.0,97.1484375,97.1484375,N/A (GPTCache eviction path is CPU-only),stress
Random,high_variance_cost,200000,0.4736,0.4763655797747817,143.93508347431072,0.000400003045797348,0.011199997970834374,0.019201000686734936,289998.81092408096,56,10000,4759,22,64,0.0,0.0,97.1484375,97.1484375,N/A (GPTCache eviction path is CPU-only),stress
"GDSF(a=1.0,b=1.0)",high_variance_cost,200000,0.3612,0.7517360129341377,227.13896714258087,0.0044000043999403715,0.014700010069645941,0.024800999672152126,145626.11950031176,56,10000,6025,22,64,0.0,0.0,97.1484375,97.1484375,N/A (GPTCache eviction path is CPU-only),stress
LRU,high_variance_cost,200000,0.471,0.47810916147880883,151.40616344557898,0.0006999907782301307,0.0020000006770715117,0.0030999946466181427,567562.6586864151,56,10000,4818,23,65,0.0,0.0,97.15234375,97.15234375,N/A (GPTCache eviction path is CPU-only),stress
LFU,high_variance_cost,200000,0.4707,0.46597155120791,147.5624617293635,0.000700005330145359,0.14540500123985106,0.2467010011605453,30649.44331354603,56,10000,4815,23,65,72.11999999999999,100.2,97.15234375,97.15234375,N/A (GPTCache eviction path is CPU-only),stress
FIFO,high_variance_cost,200000,0.4742,0.48002969882217283,152.0143534037327,0.0004999892553314567,0.001300009898841381,0.0018999999156221747,868847.4743675306,56,10000,4782,23,65,0.0,0.0,97.15234375,97.15234375,N/A (GPTCache eviction path is CPU-only),stress
Random,high_variance_cost,200000,0.4742,0.48024441798065937,152.08235001752726,0.000400003045797348,0.009499999578110874,0.015901004662737275,335615.5188330483,56,10000,4762,23,65,0.0,0.0,97.15234375,97.15234375,N/A (GPTCache eviction path is CPU-only),stress
"GDSF(a=1.0,b=1.0)",high_variance_cost,200000,0.3383,0.7148680422414758,226.38224984197726,0.003799985279329121,0.01309999788645655,0.025999994395533577,169805.52171548418,56,10000,6287,23,65,0.0,0.0,97.15234375,97.15234375,N/A (GPTCache eviction path is CPU-only),stress
LRU,high_variance_cost,200000,0.4676,0.4702798169665994,144.41175523862012,0.0006999907782301307,0.001900014467537403,0.0028999929782003164,572475.3833794036,56,10000,4844,24,66,0.0,0.0,97.15625,97.15625,N/A (GPTCache eviction path is CPU-only),stress
LFU,high_variance_cost,200000,0.4687,0.47494912650444865,145.8455892280578,0.000700005330145359,0.1464049943024292,0.24190299387555578,30486.550095373957,56,10000,4831,24,66,76.14,100.2,97.15625,97.15625,N/A (GPTCache eviction path is CPU-only),stress
FIFO,high_variance_cost,200000,0.4711,0.47267271834256763,145.14655838208785,0.0005999900167807937,0.0015999976312741637,0.0022000021999701858,727855.0111860845,56,10000,4803,24,66,0.0,0.0,97.15625,97.15625,N/A (GPTCache eviction path is CPU-only),stress
Random,high_variance_cost,200000,0.4671,0.4678838033084114,143.67599638724843,0.000400003045797348,0.010105003457283528,0.01750000228639692,305921.72693424666,56,10000,4844,24,66,0.0,0.0,97.15625,97.15625,N/A (GPTCache eviction path is CPU-only),stress
"GDSF(a=1.0,b=1.0)",high_variance_cost,200000,0.34,0.7243438699894763,222.42878789957595,0.0041000021155923605,0.012900010915473104,0.023301002802327296,160021.7629391838,56,10000,6260,24,66,0.0,0.0,97.15625,97.15625,N/A (GPTCache eviction path is CPU-only),stress
LRU,high_variance_cost,200000,0.4664,0.4739542873622672,152.26758481352195,0.000600004568696022,0.0018999999156221747,0.0027999922167509794,571608.2196111147,56,10000,4838,25,67,0.0,0.0,97.16015625,97.16015625,N/A (GPTCache eviction path is CPU-only),stress
LFU,high_variance_cost,200000,0.4756,0.48104527436752914,154.54571056114287,0.0007999915396794677,0.15800500987097615,0.27120201310026465,27751.845220114712,56,10000,4757,25,67,83.94,120.2,97.16015625,97.16015625,N/A (GPTCache eviction path is CPU-only),stress
FIFO,high_variance_cost,200000,0.4721,0.47938549645915735,154.0124726937503,0.0004999892553314567,0.0013999961083754897,0.001900000061141327,857544.6781995541,56,10000,4781,25,67,0.0,0.0,97.16015625,97.16015625,N/A (GPTCache eviction path is CPU-only),stress
Random,high_variance_cost,200000,0.4699,0.4723494804606906,151.75200751522362,0.0005999900167807937,0.010100004146806896,0.01769998940289952,303352.0401231154,56,10000,4801,25,67,0.0,0.0,97.16015625,97.16015625,N/A (GPTCache eviction path is CPU-only),stress
"GDSF(a=1.0,b=1.0)",high_variance_cost,200000,0.3492,0.7262899699788301,233.33562445112344,0.003900015144608915,0.01310501174884841,0.023299988388316706,158755.6100503173,56,10000,6150,25,67,0.0,0.0,97.16015625,97.16015625,N/A (GPTCache eviction path is CPU-only),stress
LRU,high_variance_cost,200000,0.4648,0.47408824767577956,147.92268870009048,0.000700005330145359,0.0020000006770715117,0.0029999938851688057,569820.0508424817,56,10000,4857,26,68,0.0,0.0,97.1640625,97.1640625,N/A (GPTCache eviction path is CPU-only),stress
LFU,high_variance_cost,200000,0.4764,0.5275484022261208,164.6030637951866,0.000600004568696022,0.13079999189358205,0.2242140045564159,35172.16952814341,56,10000,4752,26,68,70.1,114.18499999999999,97.1171875,97.1640625,N/A (GPTCache eviction path is CPU-only),stress
FIFO,high_variance_cost,200000,0.4699,0.4707895833334091,146.89345563845117,0.00039998849388211966,0.0010999938240274787,0.0015999976312741637,1070136.7639903561,56,10000,4814,26,68,0.0,0.0,97.1015625,97.1015625,N/A (GPTCache eviction path is CPU-only),stress
Random,high_variance_cost,200000,0.4742,0.4818236094128385,150.33623831205236,0.000400003045797348,0.009905001934384854,0.01859999625594355,316764.44128710125,56,10000,4765,26,68,0.0,0.0,97.1015625,97.1015625,N/A (GPTCache eviction path is CPU-only),stress
"GDSF(a=1.0,b=1.0)",high_variance_cost,200000,0.3443,0.7384060255779649,230.39382476010823,0.004599991370923817,0.013900003978051245,0.026301996695110616,144182.1770684704,56,10000,6211,26,68,0.0,0.0,97.1015625,97.1015625,N/A (GPTCache eviction path is CPU-only),stress
LRU,high_variance_cost,200000,0.4631,0.4596399749687371,144.34975703949792,0.000600004568696022,0.001700012944638729,0.0025999908393714577,619693.871277255,56,10000,4900,27,69,0.0,0.0,97.11328125,97.11328125,N/A (GPTCache eviction path is CPU-only),stress
LFU,high_variance_cost,200000,0.4839,0.44181674015664485,138.7523770140586,0.000700005330145359,0.15810501063242546,0.2621010021539405,28718.79702748878,56,10000,4661,27,69,75.88,100.2,97.11328125,97.11328125,N/A (GPTCache eviction path is CPU-only),stress
FIFO,high_variance_cost,200000,0.4677,0.46349749107513294,145.5612084864093,0.000400003045797348,0.001400010660290718,0.0020000006770715117,808924.0495097118,56,10000,4843,27,69,0.0,0.0,97.11328125,97.11328125,N/A (GPTCache eviction path is CPU-only),stress
Random,high_variance_cost,200000,0.4643,0.4672209005233137,146.7305437889796,0.0005999900167807937,0.011399999493733048,0.01900101357023234,284673.19514625904,56,10000,4879,27,69,0.0,0.0,97.11328125,97.11328125,N/A (GPTCache eviction path is CPU-only),stress
"GDSF(a=1.0,b=1.0)",high_variance_cost,200000,0.3356,0.6896345663960702,216.57946986025993,0.0045000051613897085,0.014600009308196604,0.027300004148855805,144116.0999148691,56,10000,6306,27,69,0.0,0.0,97.11328125,97.11328125,N/A (GPTCache eviction path is CPU-only),stress
LRU,high_variance_cost,200000,0.489,0.49148746797841153,154.1314758424765,0.000400003045797348,0.0014999968698248267,0.0023000029614195228,790826.4138995577,56,10000,4613,28,70,0.0,0.0,97.11328125,97.11328125,N/A (GPTCache eviction path is CPU-only),stress
LFU,high_variance_cost,200000,0.4824,0.4828586412834925,151.4254581310844,0.0006999907782301307,0.14672499673906678,0.2483009989373386,31043.00138635138,56,10000,4679,28,70,80.14,116.2,97.11328125,97.11328125,N/A (GPTCache eviction path is CPU-only),stress
FIFO,high_variance_cost,200000,0.4776,0.48339056904727223,151.5922717664558,0.000400003045797348,0.001600012183189392,0.0024000037228688598,717653.5596824883,56,10000,4732,28,70,0.0,0.0,97.11328125,97.11328125,N/A (GPTCache eviction path is CPU-only),stress
Random,high_variance_cost,200000,0.4843,0.4824193765837391,151.2877038222371,0.0004999892553314567,0.010400006431154907,0.018699996871873736,297391.57845005783,56,10000,4658,28,70,0.0,0.0,97.11328125,97.11328125,N/A (GPTCache eviction path is CPU-only),stress
"GDSF(a=1.0,b=1.0)",high_variance_cost,200000,0.3554,0.7383003138914154,231.53248945107578,0.0044000043999403715,0.013805016351398008,0.026303996564820496,144767.24322044346,56,10000,6101,28,70,0.0,0.0,97.11328125,97.11328125,N/A (GPTCache eviction path is CPU-only),stress
LRU,high_variance_cost,200000,0.4909,0.4810003061806355,145.26065647391812,0.000600004568696022,0.0017999991541728377,0.0027999922167509794,615843.1818530897,56,10000,4581,29,71,0.0,0.0,97.11328125,97.11328125,N/A (GPTCache eviction path is CPU-only),stress
LFU,high_variance_cost,200000,0.4885,0.467880520570426,141.2985203878334,0.000700005330145359,0.1571050030179321,0.2529280049202504,28362.622941692265,56,10000,4615,29,71,79.88000000000001,116.2,97.11328125,97.11328125,N/A (GPTCache eviction path is CPU-only),stress
FIFO,high_variance_cost,200000,0.4924,0.49326069870176,148.9632584127569,0.000500003807246685,0.0016999983927235007,0.0023000029614195228,699579.5529077639,56,10000,4568,29,71,0.0,0.0,97.11328125,97.11328125,N/A (GPTCache eviction path is CPU-only),stress
Random,high_variance_cost,200000,0.4863,0.48045749115734027,145.0967279574191,0.000600004568696022,0.012699994840659201,0.022400995949283267,239423.4682743903,56,10000,4639,29,71,0.0,0.0,97.11328125,97.11328125,N/A (GPTCache eviction path is CPU-only),stress
"GDSF(a=1.0,b=1.0)",high_variance_cost,200000,0.3498,0.7340144693897149,221.67017840704486,0.004799992893822491,0.014599994756281376,0.02600099440314809,139240.85884399488,56,10000,6146,29,71,0.0,0.0,97.11328125,97.11328125,N/A (GPTCache eviction path is CPU-only),stress
LRU,high_variance_cost,1000000,0.9,0.8975804974826118,273.6210440867278,0.0004999892553314567,0.00100000761449337,0.001300009898841381,696543.7497068149,56,10000,0,0,42,0.0,0.0,97.40625,97.40625,N/A (GPTCache eviction path is CPU-only),spec_oversized
LFU,high_variance_cost,1000000,0.9,0.8975804974826118,273.6210440867278,0.000300002284348011,0.00100000761449337,0.0013999961083754897,898989.5350803589,56,10000,0,0,42,0.0,0.0,97.40625,97.40625,N/A (GPTCache eviction path is CPU-only),spec_oversized
FIFO,high_variance_cost,1000000,0.9,0.8975804974826118,273.6210440867278,0.000300002284348011,0.000700005330145359,0.000900006853044033,998811.4146101546,56,10000,0,0,42,0.0,0.0,97.4453125,97.4453125,N/A (GPTCache eviction path is CPU-only),spec_oversized
Random,high_variance_cost,1000000,0.9,0.8975804974826118,273.6210440867278,0.000200001522898674,0.0006999907782301307,0.000900006853044033,1163805.6441697709,56,10000,0,0,42,0.0,0.0,97.4453125,97.4453125,N/A (GPTCache eviction path is CPU-only),spec_oversized
"GDSF(a=1.0,b=1.0)",high_variance_cost,1000000,0.9,0.8975804974826118,273.6210440867278,0.0024000037228688598,0.004899993655271828,0.007299997378140688,276063.881242713,56,10000,0,0,42,0.0,0.0,97.4453125,97.4453125,N/A (GPTCache eviction path is CPU-only),spec_oversized
LRU,high_variance_cost,1000000,0.9,0.898644089303119,273.5688639641976,0.000300002284348011,0.000800006091594696,0.001100008375942707,1006694.5187799634,56,10000,0,1,43,0.0,0.0,97.4453125,97.4453125,N/A (GPTCache eviction path is CPU-only),spec_oversized
LFU,high_variance_cost,1000000,0.9,0.898644089303119,273.5688639641976,0.000300002284348011,0.0006999907782301307,0.000900006853044033,1131144.9449733463,56,10000,0,1,43,0.0,0.0,97.44921875,97.44921875,N/A (GPTCache eviction path is CPU-only),spec_oversized
FIFO,high_variance_cost,1000000,0.9,0.898644089303119,273.5688639641976,0.000200001522898674,0.000800006091594696,0.0010999938240274787,1211930.239995283,56,10000,0,1,43,0.0,0.0,97.44921875,97.44921875,N/A (GPTCache eviction path is CPU-only),spec_oversized
Random,high_variance_cost,1000000,0.9,0.898644089303119,273.5688639641976,0.000200001522898674,0.000600004568696022,0.000800006091594696,1291455.729533975,56,10000,0,1,43,0.0,0.0,97.44921875,97.44921875,N/A (GPTCache eviction path is CPU-only),spec_oversized
"GDSF(a=1.0,b=1.0)",high_variance_cost,1000000,0.9,0.898644089303119,273.5688639641976,0.0020000006770715117,0.0040000013541430235,0.00549999822396785,354582.26659582474,56,10000,0,1,43,0.0,0.0,97.44921875,97.44921875,N/A (GPTCache eviction path is CPU-only),spec_oversized
LRU,high_variance_cost,1000000,0.9,0.8992388195205272,262.12700374210243,0.000400003045797348,0.000800006091594696,0.0010999938240274787,937400.4011105747,56,10000,0,2,44,0.0,0.0,97.44921875,97.44921875,N/A (GPTCache eviction path is CPU-only),spec_oversized
LFU,high_variance_cost,1000000,0.9,0.8992388195205272,262.12700374210243,0.000500003807246685,0.001100008375942707,0.0015999976312741637,657444.9060824333,56,10000,0,2,44,0.0,0.0,97.52734375,97.52734375,N/A (GPTCache eviction path is CPU-only),spec_oversized
FIFO,high_variance_cost,1000000,0.9,0.8992388195205272,262.12700374210243,0.000300002284348011,0.0009999930625781417,0.0012999953469261527,919033.1763165054,56,10000,0,2,44,0.0,0.0,97.52734375,97.52734375,N/A (GPTCache eviction path is CPU-only),spec_oversized
Random,high_variance_cost,1000000,0.9,0.8992388195205272,262.12700374210243,0.000300002284348011,0.000800006091594696,0.00100000761449337,907704.5969819615,56,10000,0,2,44,0.0,0.0,97.52734375,97.52734375,N/A (GPTCache eviction path is CPU-only),spec_oversized
"GDSF(a=1.0,b=1.0)",high_variance_cost,1000000,0.9,0.8992388195205272,262.12700374210243,0.002800006768666208,0.0053000112529844046,0.008400991209782683,236486.56641440932,56,10000,0,2,44,0.0,0.0,97.52734375,97.52734375,N/A (GPTCache eviction path is CPU-only),spec_oversized
LRU,high_variance_cost,1000000,0.9,0.8999751247607716,285.85141967403086,0.000400003045797348,0.0009999930625781417,0.001200009137392044,876977.5848169645,56,10000,0,3,45,0.0,0.0,97.90234375,97.90234375,N/A (GPTCache eviction path is CPU-only),spec_oversized
LFU,high_variance_cost,1000000,0.9,0.8999751247607716,285.85141967403086,0.0004999892553314567,0.0010999938240274787,0.001600012183189392,702898.7541957555,56,10000,0,3,45,0.0,0.0,97.90234375,97.90234375,N/A (GPTCache eviction path is CPU-only),spec_oversized
FIFO,high_variance_cost,1000000,0.9,0.8999751247607716,285.85141967403086,0.000300002284348011,0.000900006853044033,0.0011999945854768157,927076.1868215635,56,10000,0,3,45,0.0,0.0,97.90234375,97.90234375,N/A (GPTCache eviction path is CPU-only),spec_oversized
Random,high_variance_cost,1000000,0.9,0.8999751247607716,285.85141967403086,0.000300002284348011,0.000800006091594696,0.0010999938240274787,846532.1806441932,56,10000,0,3,45,0.0,0.0,97.90234375,97.90234375,N/A (GPTCache eviction path is CPU-only),spec_oversized
"GDSF(a=1.0,b=1.0)",high_variance_cost,1000000,0.9,0.8999751247607716,285.85141967403086,0.0026999914553016424,0.005099995178170502,0.007399998139590025,253979.21945495575,56,10000,0,3,45,0.0,0.0,97.90234375,97.90234375,N/A (GPTCache eviction path is CPU-only),spec_oversized
LRU,high_variance_cost,1000000,0.9,0.8998662109893271,276.14096721878985,0.000300002284348011,0.0008999923011288047,0.0012999953469261527,947391.3576237109,56,10000,0,4,46,0.0,0.0,97.90234375,97.90234375,N/A (GPTCache eviction path is CPU-only),spec_oversized
LFU,high_variance_cost,1000000,0.9,0.8998662109893271,276.14096721878985,0.000300002284348011,0.0010999938240274787,0.0014999968698248267,906577.216681714,56,10000,0,4,46,0.0,0.0,97.90234375,97.90234375,N/A (GPTCache eviction path is CPU-only),spec_oversized
FIFO,high_variance_cost,1000000,0.9,0.8998662109893271,276.14096721878985,0.000200001522898674,0.000700005330145359,0.00100000761449337,1286951.5979474164,56,10000,0,4,46,0.0,0.0,97.90234375,97.90234375,N/A (GPTCache eviction path is CPU-only),spec_oversized
Random,high_variance_cost,1000000,0.9,0.8998662109893271,276.14096721878985,0.000300002284348011,0.0005999900167807937,0.00100000761449337,996979.1538964916,56,10000,0,4,46,0.0,0.0,97.90234375,97.90234375,N/A (GPTCache eviction path is CPU-only),spec_oversized
"GDSF(a=1.0,b=1.0)",high_variance_cost,1000000,0.9,0.8998662109893271,276.14096721878985,0.0029999937396496534,0.005800000508315861,0.010402006300864785,221385.87559291453,56,10000,0,4,46,0.0,0.0,97.90234375,97.90234375,N/A (GPTCache eviction path is CPU-only),spec_oversized
LRU,high_variance_cost,1000000,0.9,0.899421992476946,290.31773262027434,0.0004999892553314567,0.0010999938240274787,0.0013999961083754897,709748.3938071181,56,10000,0,5,47,0.0,0.0,97.90234375,97.90234375,N/A (GPTCache eviction path is CPU-only),spec_oversized
LFU,high_variance_cost,1000000,0.9,0.899421992476946,290.31773262027434,0.000400003045797348,0.000900006853044033,0.0011999945854768157,970581.6692637809,56,10000,0,5,47,0.0,0.0,97.90234375,97.90234375,N/A (GPTCache eviction path is CPU-only),spec_oversized
FIFO,high_variance_cost,1000000,0.9,0.899421992476946,290.31773262027434,0.000300002284348011,0.000900006853044033,0.001100008375942707,858015.5809873876,56,10000,0,5,47,0.0,0.0,97.90234375,97.90234375,N/A (GPTCache eviction path is CPU-only),spec_oversized
Random,high_variance_cost,1000000,0.9,0.899421992476946,290.31773262027434,0.000300002284348011,0.000800006091594696,0.00100000761449337,924376.7393290651,56,10000,0,5,47,0.0,0.0,97.90234375,97.90234375,N/A (GPTCache eviction path is CPU-only),spec_oversized
"GDSF(a=1.0,b=1.0)",high_variance_cost,1000000,0.9,0.899421992476946,290.31773262027434,0.0026999914553016424,0.005199995939619839,0.007499998901039362,261021.63871693832,56,10000,0,5,47,0.0,0.0,97.90234375,97.90234375,N/A (GPTCache eviction path is CPU-only),spec_oversized
LRU,high_variance_cost,1000000,0.9,0.9002472859333495,261.5836827731951,0.000400003045797348,0.0009999930625781417,0.0012999953469261527,801738.1687048477,56,10000,0,6,48,0.0,0.0,97.90234375,97.90234375,N/A (GPTCache eviction path is CPU-only),spec_oversized
LFU,high_variance_cost,1000000,0.9,0.9002472859333495,261.5836827731951,0.000300002284348011,0.0005999900167807937,0.0008999923011288047,1095638.2642753697,56,10000,0,6,48,0.0,0.0,97.90234375,97.90234375,N/A (GPTCache eviction path is CPU-only),spec_oversized
FIFO,high_variance_cost,1000000,0.9,0.9002472859333495,261.5836827731951,0.000300002284348011,0.0008999923011288047,0.0011999945854768157,923736.3278992561,56,10000,0,6,48,0.0,0.0,97.90234375,97.90234375,N/A (GPTCache eviction path is CPU-only),spec_oversized
Random,high_variance_cost,1000000,0.9,0.9002472859333495,261.5836827731951,0.000300002284348011,0.0008999923011288047,0.00100000761449337,900325.0173954547,56,10000,0,6,48,0.0,0.0,97.90625,97.90625,N/A (GPTCache eviction path is CPU-only),spec_oversized
"GDSF(a=1.0,b=1.0)",high_variance_cost,1000000,0.9,0.9002472859333495,261.5836827731951,0.0024999899324029684,0.004899993655271828,0.006799993570894003,273465.38058908924,56,10000,0,6,48,0.0,0.0,97.90625,97.90625,N/A (GPTCache eviction path is CPU-only),spec_oversized
LRU,high_variance_cost,1000000,0.9001,0.9009300226096285,273.12012328656834,0.000400003045797348,0.0011999945854768157,0.001500011421740055,752927.0039490511,56,10000,0,7,49,0.0,0.0,97.90625,97.90625,N/A (GPTCache eviction path is CPU-only),spec_oversized
LFU,high_variance_cost,1000000,0.9001,0.9009300226096285,273.12012328656834,0.0004999892553314567,0.001100008375942707,0.0014999968698248267,715235.9563693253,56,10000,0,7,49,0.0,0.0,97.90625,97.90625,N/A (GPTCache eviction path is CPU-only),spec_oversized
FIFO,high_variance_cost,1000000,0.9001,0.9009300226096285,273.12012328656834,0.000200001522898674,0.000900006853044033,0.0011999945854768157,1156564.0808002083,56,10000,0,7,49,0.0,0.0,97.90625,97.90625,N/A (GPTCache eviction path is CPU-only),spec_oversized
Random,high_variance_cost,1000000,0.9001,0.9009300226096285,273.12012328656834,0.000200001522898674,0.000500003807246685,0.000600004568696022,1277008.735746559,56,10000,0,7,49,0.0,0.0,97.90625,97.90625,N/A (GPTCache eviction path is CPU-only),spec_oversized
"GDSF(a=1.0,b=1.0)",high_variance_cost,1000000,0.9001,0.9009300226096285,273.12012328656834,0.0029999937396496534,0.005999987479299307,0.008700993494130692,228422.10579552499,56,10000,0,7,49,0.0,0.0,97.90625,97.90625,N/A (GPTCache eviction path is CPU-only),spec_oversized
LRU,high_variance_cost,1000000,0.9,0.8988040754294645,262.36708748709145,0.000300002284348011,0.00100000761449337,0.001300009898841381,1052764.55912086,56,10000,0,8,50,0.0,0.0,97.90625,97.90625,N/A (GPTCache eviction path is CPU-only),spec_oversized
LFU,high_variance_cost,1000000,0.9,0.8988040754294645,262.36708748709145,0.000400003045797348,0.0008999923011288047,0.001100008375942707,907432.7826097423,56,10000,0,8,50,0.0,0.0,97.90625,97.90625,N/A (GPTCache eviction path is CPU-only),spec_oversized
FIFO,high_variance_cost,1000000,0.9,0.8988040754294645,262.36708748709145,0.000300002284348011,0.000900006853044033,0.001100008375942707,885480.7713545129,56,10000,0,8,50,0.0,0.0,97.90625,97.90625,N/A (GPTCache eviction path is CPU-only),spec_oversized
Random,high_variance_cost,1000000,0.9,0.8988040754294645,262.36708748709145,0.000300002284348011,0.0008999923011288047,0.001100008375942707,852093.5940431409,56,10000,0,8,50,0.0,0.0,97.90625,97.90625,N/A (GPTCache eviction path is CPU-only),spec_oversized
"GDSF(a=1.0,b=1.0)",high_variance_cost,1000000,0.9,0.8988040754294645,262.36708748709145,0.002700006007216871,0.004799992893822491,0.006999995093792677,262403.8289793956,56,10000,0,8,50,0.0,0.0,97.90625,97.90625,N/A (GPTCache eviction path is CPU-only),spec_oversized
LRU,high_variance_cost,1000000,0.9,0.9009263802551851,275.53256960139873,0.000400003045797348,0.0010999938240274787,0.0013999961083754897,728804.5413242761,56,10000,0,9,51,0.0,0.0,97.90625,97.90625,N/A (GPTCache eviction path is CPU-only),spec_oversized
LFU,high_variance_cost,1000000,0.9,0.9009263802551851,275.53256960139873,0.000400003045797348,0.0009999930625781417,0.0013999961083754897,869104.2134862397,56,10000,0,9,51,0.0,0.0,97.90625,97.90625,N/A (GPTCache eviction path is CPU-only),spec_oversized
FIFO,high_variance_cost,1000000,0.9,0.9009263802551851,275.53256960139873,0.000300002284348011,0.00100000761449337,0.001300009898841381,836470.0955616543,56,10000,0,9,51,0.0,0.0,97.90625,97.90625,N/A (GPTCache eviction path is CPU-only),spec_oversized
Random,high_variance_cost,1000000,0.9,0.9009263802551851,275.53256960139873,0.000300002284348011,0.0008999923011288047,0.0010999938240274787,895391.4203951904,56,10000,0,9,51,0.0,0.0,97.90625,97.90625,N/A (GPTCache eviction path is CPU-only),spec_oversized
"GDSF(a=1.0,b=1.0)",high_variance_cost,1000000,0.9,0.9009263802551851,275.53256960139873,0.0027999922167509794,0.005500012775883079,0.008099989063339308,240200.42327726443,56,10000,0,9,51,0.0,0.0,97.90625,97.90625,N/A (GPTCache eviction path is CPU-only),spec_oversized
LRU,high_variance_cost,1000000,0.9,0.8994310541826837,257.13684839603116,0.000300002284348011,0.000700005330145359,0.0010999938240274787,1005318.1329829709,56,10000,0,10,52,0.0,0.0,97.90625,97.90625,N/A (GPTCache eviction path is CPU-only),spec_oversized
LFU,high_variance_cost,1000000,0.9,0.8994310541826837,257.13684839603116,0.000400003045797348,0.0010999938240274787,0.0013999961083754897,747965.5338862989,56,10000,0,10,52,0.0,0.0,97.90625,97.90625,N/A (GPTCache eviction path is CPU-only),spec_oversized
FIFO,high_variance_cost,1000000,0.9,0.8994310541826837,257.13684839603116,0.000300002284348011,0.000900006853044033,0.001100008375942707,684364.3282033708,56,10000,0,10,52,0.0,0.0,97.90625,97.90625,N/A (GPTCache eviction path is CPU-only),spec_oversized
Random,high_variance_cost,1000000,0.9,0.8994310541826837,257.13684839603116,0.000300002284348011,0.000800006091594696,0.001100008375942707,989364.3335712111,56,10000,0,10,52,0.0,0.0,97.90625,97.90625,N/A (GPTCache eviction path is CPU-only),spec_oversized
"GDSF(a=1.0,b=1.0)",high_variance_cost,1000000,0.9,0.8994310541826837,257.13684839603116,0.002800006768666208,0.005399997462518513,0.008399991202168167,242891.1823089457,56,10000,0,10,52,0.0,0.0,97.90625,97.90625,N/A (GPTCache eviction path is CPU-only),spec_oversized
LRU,high_variance_cost,1000000,0.9,0.901582534228333,285.57671162063843,0.000400003045797348,0.001100008375942707,0.001400010660290718,742572.4196646228,56,10000,0,11,53,0.0,0.0,97.91015625,97.91015625,N/A (GPTCache eviction path is CPU-only),spec_oversized
LFU,high_variance_cost,1000000,0.9,0.901582534228333,285.57671162063843,0.000400003045797348,0.0012999953469261527,0.0017999991541728377,770600.0659738258,56,10000,0,11,53,0.0,0.0,97.91015625,97.91015625,N/A (GPTCache eviction path is CPU-only),spec_oversized
FIFO,high_variance_cost,1000000,0.9,0.901582534228333,285.57671162063843,0.000300002284348011,0.000900006853044033,0.0011999945854768157,899709.3927792683,56,10000,0,11,53,0.0,0.0,97.91015625,97.91015625,N/A (GPTCache eviction path is CPU-only),spec_oversized
Random,high_variance_cost,1000000,0.9,0.901582534228333,285.57671162063843,0.000300002284348011,0.0008999923011288047,0.001200009137392044,843148.9927881624,56,10000,0,11,53,0.0,0.0,97.91015625,97.91015625,N/A (GPTCache eviction path is CPU-only),spec_oversized
"GDSF(a=1.0,b=1.0)",high_variance_cost,1000000,0.9,0.901582534228333,285.57671162063843,0.003000008291564882,0.005900001269765198,0.008801008661976107,224475.45693766096,56,10000,0,11,53,0.0,0.0,97.91015625,97.91015625,N/A (GPTCache eviction path is CPU-only),spec_oversized
LRU,high_variance_cost,1000000,0.9,0.8998944945386841,267.4139349068939,0.00039998849388211966,0.0007999915396794677,0.0009999930625781417,995827.4834749525,56,10000,0,12,54,0.0,0.0,97.91015625,97.91015625,N/A (GPTCache eviction path is CPU-only),spec_oversized
LFU,high_variance_cost,1000000,0.9,0.8998944945386841,267.4139349068939,0.000400003045797348,0.0007999915396794677,0.0011999945854768157,885770.9745528963,56,10000,0,12,54,0.0,0.0,97.91015625,97.91015625,N/A (GPTCache eviction path is CPU-only),spec_oversized
FIFO,high_variance_cost,1000000,0.9,0.8998944945386841,267.4139349068939,0.000300002284348011,0.0009999930625781417,0.001200009137392044,910390.2846902712,56,10000,0,12,54,0.0,0.0,97.91015625,97.91015625,N/A (GPTCache eviction path is CPU-only),spec_oversized
Random,high_variance_cost,1000000,0.9,0.8998944945386841,267.4139349068939,0.000300002284348011,0.000900006853044033,0.0010999938240274787,870594.7898979698,56,10000,0,12,54,0.0,0.0,97.91015625,97.91015625,N/A (GPTCache eviction path is CPU-only),spec_oversized
"GDSF(a=1.0,b=1.0)",high_variance_cost,1000000,0.9,0.8998944945386841,267.4139349068939,0.0029999937396496534,0.006000002031214535,0.009199997439282015,224125.79733567443,56,10000,0,12,54,0.0,0.0,97.91015625,97.91015625,N/A (GPTCache eviction path is CPU-only),spec_oversized
LRU,high_variance_cost,1000000,0.9,0.901220356560582,288.3853553394489,0.000500003807246685,0.001100008375942707,0.001400010660290718,720025.3446660108,56,10000,0,13,55,0.0,0.0,97.91015625,97.91015625,N/A (GPTCache eviction path is CPU-only),spec_oversized
LFU,high_variance_cost,1000000,0.9,0.901220356560582,288.3853553394489,0.000400003045797348,0.000900006853044033,0.001200009137392044,858885.1666637613,56,10000,0,13,55,0.0,0.0,97.91015625,97.91015625,N/A (GPTCache eviction path is CPU-only),spec_oversized
FIFO,high_variance_cost,1000000,0.9,0.901220356560582,288.3853553394489,0.000300002284348011,0.000900006853044033,0.001100008375942707,874378.098117472,56,10000,0,13,55,0.0,0.0,97.91015625,97.91015625,N/A (GPTCache eviction path is CPU-only),spec_oversized
Random,high_variance_cost,1000000,0.9,0.901220356560582,288.3853553394489,0.000300002284348011,0.000900006853044033,0.001100008375942707,857941.9687403941,56,10000,0,13,55,0.0,0.0,97.91015625,97.91015625,N/A (GPTCache eviction path is CPU-only),spec_oversized
"GDSF(a=1.0,b=1.0)",high_variance_cost,1000000,0.9,0.901220356560582,288.3853553394489,0.0027999922167509794,0.005800000508315861,0.008699993486516178,245661.61584683464,56,10000,0,13,55,0.0,0.0,97.91015625,97.91015625,N/A (GPTCache eviction path is CPU-only),spec_oversized
LRU,high_variance_cost,1000000,0.9,0.899571276684593,283.54358715724123,0.0004999892553314567,0.0010999938240274787,0.0013999961083754897,716969.2274735677,56,10000,0,14,56,0.0,0.0,97.91015625,97.91015625,N/A (GPTCache eviction path is CPU-only),spec_oversized
LFU,high_variance_cost,1000000,0.9,0.899571276684593,283.54358715724123,0.000400003045797348,0.00100000761449337,0.0013999961083754897,878719.1779708744,56,10000,0,14,56,0.0,0.0,97.91015625,97.91015625,N/A (GPTCache eviction path is CPU-only),spec_oversized
FIFO,high_variance_cost,1000000,0.9,0.899571276684593,283.54358715724123,0.000200001522898674,0.000700005330145359,0.00100000761449337,1232726.4215342212,56,10000,0,14,56,0.0,0.0,97.91015625,97.91015625,N/A (GPTCache eviction path is CPU-only),spec_oversized
Random,high_variance_cost,1000000,0.9,0.899571276684593,283.54358715724123,0.000300002284348011,0.000600004568696022,0.000900006853044033,886312.6735784104,56,10000,0,14,56,0.0,0.0,97.91015625,97.91015625,N/A (GPTCache eviction path is CPU-only),spec_oversized
"GDSF(a=1.0,b=1.0)",high_variance_cost,1000000,0.9,0.899571276684593,283.54358715724123,0.0022000021999701858,0.0050000089686363935,0.007799986778991297,300008.40015073406,56,10000,0,14,56,0.0,0.0,97.91015625,97.91015625,N/A (GPTCache eviction path is CPU-only),spec_oversized
LRU,high_variance_cost,1000000,0.9,0.8980804117835618,284.33719439884794,0.000400003045797348,0.000900006853044033,0.001300009898841381,788655.9725976962,56,10000,0,15,57,0.0,0.0,97.91015625,97.91015625,N/A (GPTCache eviction path is CPU-only),spec_oversized
LFU,high_variance_cost,1000000,0.9,0.8980804117835618,284.33719439884794,0.0004999892553314567,0.001100008375942707,0.0015999976312741637,745178.6938559776,56,10000,0,15,57,0.0,0.0,97.91015625,97.91015625,N/A (GPTCache eviction path is CPU-only),spec_oversized
FIFO,high_variance_cost,1000000,0.9,0.8980804117835618,284.33719439884794,0.000200001522898674,0.000700005330145359,0.0010999938240274787,1526601.0206494066,56,10000,0,15,57,0.0,0.0,97.91015625,97.91015625,N/A (GPTCache eviction path is CPU-only),spec_oversized
Random,high_variance_cost,1000000,0.9,0.8980804117835618,284.33719439884794,0.000200001522898674,0.000700005330145359,0.000900006853044033,1449695.5655369384,56,10000,0,15,57,0.0,0.0,97.91015625,97.91015625,N/A (GPTCache eviction path is CPU-only),spec_oversized
"GDSF(a=1.0,b=1.0)",high_variance_cost,1000000,0.9,0.8980804117835618,284.33719439884794,0.0025000044843181968,0.005099995178170502,0.007700000569457188,269840.71307072847,56,10000,0,15,57,0.0,0.0,97.91015625,97.91015625,N/A (GPTCache eviction path is CPU-only),spec_oversized
LRU,high_variance_cost,1000000,0.9,0.8994361449261299,278.6890926402926,0.00039998849388211966,0.000900006853044033,0.001100008375942707,906199.3091527995,56,10000,0,16,58,0.0,0.0,97.91015625,97.91015625,N/A (GPTCache eviction path is CPU-only),spec_oversized
LFU,high_variance_cost,1000000,0.9,0.8994361449261299,278.6890926402926,0.000400003045797348,0.0010999938240274787,0.0013999961083754897,863296.9307315481,56,10000,0,16,58,0.0,0.0,97.91015625,97.91015625,N/A (GPTCache eviction path is CPU-only),spec_oversized
FIFO,high_variance_cost,1000000,0.9,0.8994361449261299,278.6890926402926,0.000200001522898674,0.000700005330145359,0.0008999923011288047,1134468.5574263344,56,10000,0,16,58,0.0,0.0,97.91015625,97.91015625,N/A (GPTCache eviction path is CPU-only),spec_oversized
Random,high_variance_cost,1000000,0.9,0.8994361449261299,278.6890926402926,0.000200001522898674,0.0004999892553314567,0.0005999900167807937,1766597.1805644964,56,10000,0,16,58,0.0,0.0,97.91015625,97.91015625,N/A (GPTCache eviction path is CPU-only),spec_oversized
"GDSF(a=1.0,b=1.0)",high_variance_cost,1000000,0.9,0.8994361449261299,278.6890926402926,0.0014999968698248267,0.002800006768666208,0.0037999998312443495,466087.47506540193,56,10000,0,16,58,0.0,0.0,97.91015625,97.91015625,N/A (GPTCache eviction path is CPU-only),spec_oversized
LRU,high_variance_cost,1000000,0.9,0.8999437966281686,278.0003176643984,0.000200001522898674,0.0005999900167807937,0.0007999915396794677,1550724.1905746497,56,10000,0,17,59,0.0,0.0,97.91015625,97.91015625,N/A (GPTCache eviction path is CPU-only),spec_oversized
LFU,high_variance_cost,1000000,0.9,0.8999437966281686,278.0003176643984,0.000200001522898674,0.000600004568696022,0.0007999915396794677,1579504.352127305,56,10000,0,17,59,0.0,0.0,97.91015625,97.91015625,N/A (GPTCache eviction path is CPU-only),spec_oversized
FIFO,high_variance_cost,1000000,0.9,0.8999437966281686,278.0003176643984,0.000200001522898674,0.0004999892553314567,0.000600004568696022,1579903.6258806812,56,10000,0,17,59,0.0,0.0,97.91015625,97.91015625,N/A (GPTCache eviction path is CPU-only),spec_oversized
Random,high_variance_cost,1000000,0.9,0.8999437966281686,278.0003176643984,0.000200001522898674,0.000400003045797348,0.0007999915396794677,1600512.1625748167,56,10000,0,17,59,0.0,0.0,97.91015625,97.91015625,N/A (GPTCache eviction path is CPU-only),spec_oversized
"GDSF(a=1.0,b=1.0)",high_variance_cost,1000000,0.9,0.8999437966281686,278.0003176643984,0.0018999999156221747,0.0041000021155923605,0.00689999433234334,358793.30635290156,56,10000,0,17,59,0.0,0.0,97.91015625,97.91015625,N/A (GPTCache eviction path is CPU-only),spec_oversized
LRU,high_variance_cost,1000000,0.9,0.8972966612507566,279.8523264570739,0.000400003045797348,0.0008999923011288047,0.001100008375942707,913901.3539655388,56,10000,0,18,60,0.0,0.0,97.91015625,97.91015625,N/A (GPTCache eviction path is CPU-only),spec_oversized
LFU,high_variance_cost,1000000,0.9,0.8972966612507566,279.8523264570739,0.000300002284348011,0.000900006853044033,0.0011999945854768157,1125897.904452116,56,10000,0,18,60,0.0,0.0,97.91015625,97.91015625,N/A (GPTCache eviction path is CPU-only),spec_oversized
FIFO,high_variance_cost,1000000,0.9,0.8972966612507566,279.8523264570739,0.000200001522898674,0.0005999900167807937,0.000700005330145359,1321667.4178482436,56,10000,0,18,60,0.0,0.0,97.91015625,97.91015625,N/A (GPTCache eviction path is CPU-only),spec_oversized
Random,high_variance_cost,1000000,0.9,0.8972966612507566,279.8523264570739,0.00029998773243278265,0.000600004568696022,0.000800006091594696,1061785.2871695962,56,10000,0,18,60,0.0,0.0,97.91015625,97.91015625,N/A (GPTCache eviction path is CPU-only),spec_oversized
"GDSF(a=1.0,b=1.0)",high_variance_cost,1000000,0.9,0.8972966612507566,279.8523264570739,0.0023000029614195228,0.0048000074457377195,0.007099995855242014,299428.9889970041,56,10000,0,18,60,0.0,0.0,97.91015625,97.91015625,N/A (GPTCache eviction path is CPU-only),spec_oversized
LRU,high_variance_cost,1000000,0.9,0.8979200359246288,290.12375685722486,0.000300002284348011,0.0007999915396794677,0.000900006853044033,1211607.1974606705,56,10000,0,19,61,0.0,0.0,97.91015625,97.91015625,N/A (GPTCache eviction path is CPU-only),spec_oversized
LFU,high_variance_cost,1000000,0.9,0.8979200359246288,290.12375685722486,0.000300002284348011,0.000700005330145359,0.000900006853044033,1154881.1052024753,56,10000,0,19,61,0.0,0.0,97.91015625,97.91015625,N/A (GPTCache eviction path is CPU-only),spec_oversized
FIFO,high_variance_cost,1000000,0.9,0.8979200359246288,290.12375685722486,0.000200001522898674,0.0006999907782301307,0.000800006091594696,1339261.7986155136,56,10000,0,19,61,0.0,0.0,97.91015625,97.91015625,N/A (GPTCache eviction path is CPU-only),spec_oversized
Random,high_variance_cost,1000000,0.9,0.8979200359246288,290.12375685722486,0.000200001522898674,0.000600004568696022,0.0008999923011288047,1173612.4954722412,56,10000,0,19,61,0.0,0.0,97.91015625,97.91015625,N/A (GPTCache eviction path is CPU-only),spec_oversized
"GDSF(a=1.0,b=1.0)",high_variance_cost,1000000,0.9,0.8979200359246288,290.12375685722486,0.0016999983927235007,0.0031999952625483274,0.004999994416721165,420213.9728721051,56,10000,0,19,61,0.0,0.0,97.91015625,97.91015625,N/A (GPTCache eviction path is CPU-only),spec_oversized
LRU,high_variance_cost,1000000,0.9,0.9016522755202023,289.1371687152879,0.000300002284348011,0.000600004568696022,0.0008999923011288047,1107395.1865116023,56,10000,0,20,62,0.0,0.0,97.91015625,97.91015625,N/A (GPTCache eviction path is CPU-only),spec_oversized
LFU,high_variance_cost,1000000,0.9,0.9016522755202023,289.1371687152879,0.000300002284348011,0.000900006853044033,0.001100008375942707,1049780.5966441373,56,10000,0,20,62,0.0,0.0,97.91015625,97.91015625,N/A (GPTCache eviction path is CPU-only),spec_oversized
FIFO,high_variance_cost,1000000,0.9,0.9016522755202023,289.1371687152879,0.000200001522898674,0.000500003807246685,0.000700005330145359,1432972.7000836679,56,10000,0,20,62,0.0,0.0,97.91015625,97.91015625,N/A (GPTCache eviction path is CPU-only),spec_oversized
Random,high_variance_cost,1000000,0.9,0.9016522755202023,289.1371687152879,0.000200001522898674,0.0005999900167807937,0.000800006091594696,1231724.2903414501,56,10000,0,20,62,0.0,0.0,97.91015625,97.91015625,N/A (GPTCache eviction path is CPU-only),spec_oversized
"GDSF(a=1.0,b=1.0)",high_variance_cost,1000000,0.9,0.9016522755202023,289.1371687152879,0.0022000021999701858,0.004099987563677132,0.006100002792663872,321004.6160726526,56,10000,0,20,62,0.0,0.0,97.91015625,97.91015625,N/A (GPTCache eviction path is CPU-only),spec_oversized
LRU,high_variance_cost,1000000,0.9,0.8982245524052564,281.38824316690847,0.000200001522898674,0.000500003807246685,0.000701005192240722,1606296.6808195214,56,10000,0,21,63,0.0,0.0,97.91015625,97.91015625,N/A (GPTCache eviction path is CPU-only),spec_oversized
LFU,high_variance_cost,1000000,0.9,0.8982245524052564,281.38824316690847,0.000300002284348011,0.000600004568696022,0.000800006091594696,1177897.9246694637,56,10000,0,21,63,0.0,0.0,97.91015625,97.91015625,N/A (GPTCache eviction path is CPU-only),spec_oversized
FIFO,high_variance_cost,1000000,0.9,0.8982245524052564,281.38824316690847,0.000200001522898674,0.000800006091594696,0.0010999938240274787,1289424.1428833932,56,10000,0,21,63,0.0,0.0,97.91015625,97.91015625,N/A (GPTCache eviction path is CPU-only),spec_oversized
Random,high_variance_cost,1000000,0.9,0.8982245524052564,281.38824316690847,0.000200001522898674,0.000500003807246685,0.000699990923749283,1393145.7230737202,56,10000,0,21,63,0.0,0.0,97.91015625,97.91015625,N/A (GPTCache eviction path is CPU-only),spec_oversized
"GDSF(a=1.0,b=1.0)",high_variance_cost,1000000,0.9,0.8982245524052564,281.38824316690847,0.0024000037228688598,0.004799992893822491,0.007399998139590025,287753.2227794006,56,10000,0,21,63,0.0,0.0,97.91015625,97.91015625,N/A (GPTCache eviction path is CPU-only),spec_oversized
LRU,high_variance_cost,1000000,0.9,0.8996829234822531,271.8415061664482,0.000300002284348011,0.000700005330145359,0.0009999930625781417,1084363.4794240952,56,10000,0,22,64,0.0,0.0,97.91015625,97.91015625,N/A (GPTCache eviction path is CPU-only),spec_oversized
LFU,high_variance_cost,1000000,0.9,0.8996829234822531,271.8415061664482,0.00039998849388211966,0.0008999923011288047,0.001201008999487407,971118.9228682922,56,10000,0,22,64,0.0,0.0,97.91015625,97.91015625,N/A (GPTCache eviction path is CPU-only),spec_oversized
FIFO,high_variance_cost,1000000,0.9,0.8996829234822531,271.8415061664482,0.000300002284348011,0.000800006091594696,0.0010999938240274787,1020095.8896843992,56,10000,0,22,64,0.0,0.0,97.91015625,97.91015625,N/A (GPTCache eviction path is CPU-only),spec_oversized
Random,high_variance_cost,1000000,0.9,0.8996829234822531,271.8415061664482,0.000200001522898674,0.0007999915396794677,0.000999993208097294,1219913.873318226,56,10000,0,22,64,0.0,0.0,97.91015625,97.91015625,N/A (GPTCache eviction path is CPU-only),spec_oversized
"GDSF(a=1.0,b=1.0)",high_variance_cost,1000000,0.9,0.8996829234822531,271.8415061664482,0.0022000021999701858,0.0045000051613897085,0.007499999046558514,285831.88515352114,56,10000,0,22,64,0.0,0.0,97.91015625,97.91015625,N/A (GPTCache eviction path is CPU-only),spec_oversized
LRU,high_variance_cost,1000000,0.9,0.8998710546673352,284.9684443642415,0.000300002284348011,0.000800006091594696,0.001100008375942707,1013828.6220106251,56,10000,0,23,65,0.0,0.0,97.91015625,97.91015625,N/A (GPTCache eviction path is CPU-only),spec_oversized
LFU,high_variance_cost,1000000,0.9,0.8998710546673352,284.9684443642415,0.000200001522898674,0.000600004568696022,0.000800006091594696,1573192.7943173903,56,10000,0,23,65,0.0,0.0,97.91015625,97.91015625,N/A (GPTCache eviction path is CPU-only),spec_oversized
FIFO,high_variance_cost,1000000,0.9,0.8998710546673352,284.9684443642415,0.000200001522898674,0.0004999892553314567,0.000600004568696022,1939826.5823608001,56,10000,0,23,65,0.0,0.0,97.91015625,97.91015625,N/A (GPTCache eviction path is CPU-only),spec_oversized
Random,high_variance_cost,1000000,0.9,0.8998710546673352,284.9684443642415,0.00029998773243278265,0.000700005330145359,0.000900006853044033,1072397.560253253,56,10000,0,23,65,0.0,0.0,97.91015625,97.91015625,N/A (GPTCache eviction path is CPU-only),spec_oversized
"GDSF(a=1.0,b=1.0)",high_variance_cost,1000000,0.9,0.8998710546673352,284.9684443642415,0.0013999961083754897,0.0027999922167509794,0.0037999998312443495,470462.040981977,56,10000,0,23,65,0.0,0.0,97.91015625,97.91015625,N/A (GPTCache eviction path is CPU-only),spec_oversized
LRU,high_variance_cost,1000000,0.9,0.9000316666233418,276.3783348938587,0.000300002284348011,0.000600004568696022,0.000800006091594696,1111666.9445450767,56,10000,0,24,66,0.0,0.0,97.91015625,97.91015625,N/A (GPTCache eviction path is CPU-only),spec_oversized
LFU,high_variance_cost,1000000,0.9,0.9000316666233418,276.3783348938587,0.000300002284348011,0.000900006853044033,0.001100008375942707,1021575.6781339222,56,10000,0,24,66,0.0,0.0,97.91015625,97.91015625,N/A (GPTCache eviction path is CPU-only),spec_oversized
FIFO,high_variance_cost,1000000,0.9,0.9000316666233418,276.3783348938587,0.000200001522898674,0.000500003807246685,0.0006999907782301307,1565361.6776447792,56,10000,0,24,66,0.0,0.0,97.91015625,97.91015625,N/A (GPTCache eviction path is CPU-only),spec_oversized
Random,high_variance_cost,1000000,0.9,0.9000316666233418,276.3783348938587,0.00019998697098344564,0.000400003045797348,0.0005999900167807937,1942992.5967431706,56,10000,0,24,66,0.0,0.0,97.91015625,97.91015625,N/A (GPTCache eviction path is CPU-only),spec_oversized
"GDSF(a=1.0,b=1.0)",high_variance_cost,1000000,0.9,0.9000316666233418,276.3783348938587,0.0020000006770715117,0.0035050114092881994,0.005899986863369122,348807.6011253153,56,10000,0,24,66,0.0,0.0,97.91015625,97.91015625,N/A (GPTCache eviction path is CPU-only),spec_oversized
LRU,high_variance_cost,1000000,0.9,0.9027052856081837,290.0126811869023,0.00039998849388211966,0.000600004568696022,0.00100000761449337,999190.6557455983,56,10000,0,25,67,0.0,0.0,97.91015625,97.91015625,N/A (GPTCache eviction path is CPU-only),spec_oversized
LFU,high_variance_cost,1000000,0.9,0.9027052856081837,290.0126811869023,0.000300002284348011,0.000700005330145359,0.0010999938240274787,1091047.951598712,56,10000,0,25,67,0.0,0.0,97.91015625,97.91015625,N/A (GPTCache eviction path is CPU-only),spec_oversized
FIFO,high_variance_cost,1000000,0.9,0.9027052856081837,290.0126811869023,0.000200001522898674,0.000700005330145359,0.00100000761449337,1235269.412189123,56,10000,0,25,67,0.0,0.0,97.91015625,97.91015625,N/A (GPTCache eviction path is CPU-only),spec_oversized
Random,high_variance_cost,1000000,0.9,0.9027052856081837,290.0126811869023,0.000200001522898674,0.000500003807246685,0.000800006091594696,1240448.5454216672,56,10000,0,25,67,0.0,0.0,97.91015625,97.91015625,N/A (GPTCache eviction path is CPU-only),spec_oversized
"GDSF(a=1.0,b=1.0)",high_variance_cost,1000000,0.9,0.9027052856081837,290.0126811869023,0.0021000014385208488,0.0039000005926936865,0.007402012561215132,324830.3573705631,56,10000,0,25,67,0.0,0.0,97.91015625,97.91015625,N/A (GPTCache eviction path is CPU-only),spec_oversized
LRU,high_variance_cost,1000000,0.9,0.9027791581421654,281.68072300775515,0.000400003045797348,0.000900006853044033,0.001200009137392044,734074.2587825283,56,10000,0,26,68,0.0,0.0,97.91015625,97.91015625,N/A (GPTCache eviction path is CPU-only),spec_oversized
LFU,high_variance_cost,1000000,0.9,0.9027791581421654,281.68072300775515,0.0004999892553314567,0.001100008375942707,0.0014999968698248267,668833.688121551,56,10000,0,26,68,0.0,0.0,97.91015625,97.91015625,N/A (GPTCache eviction path is CPU-only),spec_oversized
FIFO,high_variance_cost,1000000,0.9,0.9027791581421654,281.68072300775515,0.000300002284348011,0.0008999923011288047,0.0010999938240274787,992683.9192198581,56,10000,0,26,68,0.0,0.0,97.91015625,97.91015625,N/A (GPTCache eviction path is CPU-only),spec_oversized
Random,high_variance_cost,1000000,0.9,0.9027791581421654,281.68072300775515,0.000300002284348011,0.0008999923011288047,0.0010999938240274787,937901.538977258,56,10000,0,26,68,0.0,0.0,97.91015625,97.91015625,N/A (GPTCache eviction path is CPU-only),spec_oversized
"GDSF(a=1.0,b=1.0)",high_variance_cost,1000000,0.9,0.9027791581421654,281.68072300775515,0.0028999929782003164,0.005299996701069176,0.008900995017029366,235633.98504716172,56,10000,0,26,68,0.0,0.0,97.91015625,97.91015625,N/A (GPTCache eviction path is CPU-only),spec_oversized
LRU,high_variance_cost,1000000,0.9,0.9012076300254214,283.0239089738865,0.00039998849388211966,0.000900006853044033,0.0011999945854768157,930102.7765167953,56,10000,0,27,69,0.0,0.0,97.91015625,97.91015625,N/A (GPTCache eviction path is CPU-only),spec_oversized
LFU,high_variance_cost,1000000,0.9,0.9012076300254214,283.0239089738865,0.000500003807246685,0.0011999945854768157,0.0017999991541728377,647219.8671859496,56,10000,0,27,69,0.0,0.0,97.91015625,97.91015625,N/A (GPTCache eviction path is CPU-only),spec_oversized
FIFO,high_variance_cost,1000000,0.9,0.9012076300254214,283.0239089738865,0.000300002284348011,0.00100000761449337,0.001300009898841381,947885.2675349847,56,10000,0,27,69,0.0,0.0,97.91015625,97.91015625,N/A (GPTCache eviction path is CPU-only),spec_oversized
Random,high_variance_cost,1000000,0.9,0.9012076300254214,283.0239089738865,0.000300002284348011,0.000900006853044033,0.001100008375942707,841892.5741673404,56,10000,0,27,69,0.0,0.0,97.91015625,97.91015625,N/A (GPTCache eviction path is CPU-only),spec_oversized
"GDSF(a=1.0,b=1.0)",high_variance_cost,1000000,0.9,0.9012076300254214,283.0239089738865,0.002900007530115545,0.00549999822396785,0.00829999044071883,230581.04114401352,56,10000,0,27,69,0.0,0.0,97.91015625,97.91015625,N/A (GPTCache eviction path is CPU-only),spec_oversized
LRU,high_variance_cost,1000000,0.9,0.8998061016670348,282.1810350372909,0.000300002284348011,0.000800006091594696,0.0011999945854768157,1051336.7744996422,56,10000,0,28,70,0.0,0.0,97.91015625,97.91015625,N/A (GPTCache eviction path is CPU-only),spec_oversized
LFU,high_variance_cost,1000000,0.9,0.8998061016670348,282.1810350372909,0.0004999892553314567,0.00100000761449337,0.0013999961083754897,719647.085733006,56,10000,0,28,70,0.0,0.0,97.91015625,97.91015625,N/A (GPTCache eviction path is CPU-only),spec_oversized
FIFO,high_variance_cost,1000000,0.9,0.8998061016670348,282.1810350372909,0.000300002284348011,0.000600004568696022,0.001100008375942707,940052.8305505839,56,10000,0,28,70,0.0,0.0,97.91015625,97.91015625,N/A (GPTCache eviction path is CPU-only),spec_oversized
Random,high_variance_cost,1000000,0.9,0.8998061016670348,282.1810350372909,0.000300002284348011,0.000800006091594696,0.00100000761449337,951501.9453634478,56,10000,0,28,70,0.0,0.0,97.91015625,97.91015625,N/A (GPTCache eviction path is CPU-only),spec_oversized
"GDSF(a=1.0,b=1.0)",high_variance_cost,1000000,0.9,0.8998061016670348,282.1810350372909,0.002700006007216871,0.005299996701069176,0.007800001185387373,251500.19861987827,56,10000,0,28,70,0.0,0.0,97.91015625,97.91015625,N/A (GPTCache eviction path is CPU-only),spec_oversized
LRU,high_variance_cost,1000000,0.9001,0.8995642624402921,271.66572167103845,0.000500003807246685,0.001200009137392044,0.0015999976312741637,639492.4984622982,56,10000,0,29,71,0.0,0.0,97.91015625,97.91015625,N/A (GPTCache eviction path is CPU-only),spec_oversized
LFU,high_variance_cost,1000000,0.9001,0.8995642624402921,271.66572167103845,0.000500003807246685,0.001300009898841381,0.0018999999156221747,610269.6169496182,56,10000,0,29,71,0.0,0.0,97.91015625,97.91015625,N/A (GPTCache eviction path is CPU-only),spec_oversized
FIFO,high_variance_cost,1000000,0.9001,0.8995642624402921,271.66572167103845,0.00039998849388211966,0.0010999938240274787,0.0013999961083754897,719408.9332235534,56,10000,0,29,71,0.0,0.0,97.91015625,97.91015625,N/A (GPTCache eviction path is CPU-only),spec_oversized
Random,high_variance_cost,1000000,0.9001,0.8995642624402921,271.66572167103845,0.000400003045797348,0.0010999938240274787,0.001300009898841381,718266.9653976216,56,10000,0,29,71,0.0,0.0,97.91015625,97.91015625,N/A (GPTCache eviction path is CPU-only),spec_oversized
"GDSF(a=1.0,b=1.0)",high_variance_cost,1000000,0.9001,0.8995642624402921,271.66572167103845,0.0036999990697950125,0.006799993570894003,0.011500000255182385,183399.41823804396,56,10000,0,29,71,0.0,0.0,97.91015625,97.91015625,N/A (GPTCache eviction path is CPU-only),spec_oversized
LRU,high_variance_cost,5000000,0.9,0.8975804974826118,273.6210440867278,0.000400003045797348,0.0007999915396794677,0.0010999938240274787,861326.4426191881,56,10000,0,0,42,0.0,0.0,97.91015625,97.91015625,N/A (GPTCache eviction path is CPU-only),spec_oversized
LFU,high_variance_cost,5000000,0.9,0.8975804974826118,273.6210440867278,0.000400003045797348,0.001100008375942707,0.001400010660290718,774479.3559625873,56,10000,0,0,42,0.0,0.0,97.91015625,97.91015625,N/A (GPTCache eviction path is CPU-only),spec_oversized
FIFO,high_variance_cost,5000000,0.9,0.8975804974826118,273.6210440867278,0.00029998773243278265,0.000800006091594696,0.001100008375942707,1024663.6546286165,56,10000,0,0,42,0.0,0.0,97.91015625,97.91015625,N/A (GPTCache eviction path is CPU-only),spec_oversized
Random,high_variance_cost,5000000,0.9,0.8975804974826118,273.6210440867278,0.000300002284348011,0.000900006853044033,0.0012999953469261527,841340.0860661467,56,10000,0,0,42,0.0,0.0,97.91015625,97.91015625,N/A (GPTCache eviction path is CPU-only),spec_oversized
"GDSF(a=1.0,b=1.0)",high_variance_cost,5000000,0.9,0.8975804974826118,273.6210440867278,0.00340001133736223,0.006100002792663872,0.015200999332591912,202693.800580749,56,10000,0,0,42,0.0,0.0,97.91015625,97.91015625,N/A (GPTCache eviction path is CPU-only),spec_oversized
LRU,high_variance_cost,5000000,0.9,0.898644089303119,273.5688639641976,0.000400003045797348,0.00100000761449337,0.0014999968698248267,744540.655633539,56,10000,0,1,43,0.0,0.0,97.91015625,97.91015625,N/A (GPTCache eviction path is CPU-only),spec_oversized
LFU,high_variance_cost,5000000,0.9,0.898644089303119,273.5688639641976,0.0004999892553314567,0.0012999953469261527,0.0022000021999701858,645373.6391147939,56,10000,0,1,43,0.0,0.0,97.91015625,97.91015625,N/A (GPTCache eviction path is CPU-only),spec_oversized
FIFO,high_variance_cost,5000000,0.9,0.898644089303119,273.5688639641976,0.000300002284348011,0.0009999930625781417,0.0012999953469261527,882402.2518974213,56,10000,0,1,43,0.0,0.0,97.91015625,97.91015625,N/A (GPTCache eviction path is CPU-only),spec_oversized
Random,high_variance_cost,5000000,0.9,0.898644089303119,273.5688639641976,0.000300002284348011,0.00100000761449337,0.0014999968698248267,717931.781753094,56,10000,0,1,43,0.0,0.0,97.91015625,97.91015625,N/A (GPTCache eviction path is CPU-only),spec_oversized
"GDSF(a=1.0,b=1.0)",high_variance_cost,5000000,0.9,0.898644089303119,273.5688639641976,0.002900007530115545,0.005999987479299307,0.016099991771625355,223437.22420649647,56,10000,0,1,43,0.0,0.0,97.91015625,97.91015625,N/A (GPTCache eviction path is CPU-only),spec_oversized
LRU,high_variance_cost,5000000,0.9,0.8992388195205272,262.12700374210243,0.0004999892553314567,0.00100000761449337,0.0013999961083754897,725115.8370396193,56,10000,0,2,44,0.0,0.0,97.91015625,97.91015625,N/A (GPTCache eviction path is CPU-only),spec_oversized
LFU,high_variance_cost,5000000,0.9,0.8992388195205272,262.12700374210243,0.000400003045797348,0.0009999930625781417,0.001300009898841381,795570.2645639163,56,10000,0,2,44,0.0,0.0,97.91015625,97.91015625,N/A (GPTCache eviction path is CPU-only),spec_oversized
FIFO,high_variance_cost,5000000,0.9,0.8992388195205272,262.12700374210243,0.000300002284348011,0.00100000761449337,0.0012999953469261527,852703.9246447396,56,10000,0,2,44,0.0,0.0,97.91015625,97.91015625,N/A (GPTCache eviction path is CPU-only),spec_oversized
Random,high_variance_cost,5000000,0.9,0.8992388195205272,262.12700374210243,0.000300002284348011,0.00100000761449337,0.0014999968698248267,750187.5467973574,56,10000,0,2,44,0.0,0.0,97.91015625,97.91015625,N/A (GPTCache eviction path is CPU-only),spec_oversized
"GDSF(a=1.0,b=1.0)",high_variance_cost,5000000,0.9,0.8992388195205272,262.12700374210243,0.0034999975468963385,0.006700007361359894,0.016904997755773477,188593.844268438,56,10000,0,2,44,0.0,0.0,97.91015625,97.91015625,N/A (GPTCache eviction path is CPU-only),spec_oversized
LRU,high_variance_cost,5000000,0.9,0.8999751247607716,285.85141967403086,0.000500003807246685,0.0010999938240274787,0.0014999968698248267,674836.6895640407,56,10000,0,3,45,0.0,0.0,97.91015625,97.91015625,N/A (GPTCache eviction path is CPU-only),spec_oversized
LFU,high_variance_cost,5000000,0.9,0.8999751247607716,285.85141967403086,0.00039998849388211966,0.000700005330145359,0.001099993969546631,932722.7120422348,56,10000,0,3,45,0.0,0.0,97.91015625,97.91015625,N/A (GPTCache eviction path is CPU-only),spec_oversized
FIFO,high_variance_cost,5000000,0.9,0.8999751247607716,285.85141967403086,0.000300002284348011,0.0010999938240274787,0.0012999953469261527,786509.784192696,56,10000,0,3,45,0.0,0.0,97.91015625,97.91015625,N/A (GPTCache eviction path is CPU-only),spec_oversized
Random,high_variance_cost,5000000,0.9,0.8999751247607716,285.85141967403086,0.00039998849388211966,0.00100000761449337,0.0015999976312741637,676626.6100893155,56,10000,0,3,45,0.0,0.0,97.91015625,97.91015625,N/A (GPTCache eviction path is CPU-only),spec_oversized
"GDSF(a=1.0,b=1.0)",high_variance_cost,5000000,0.9,0.8999751247607716,285.85141967403086,0.003100009053014219,0.006100002792663872,0.012001003924524434,224341.50157514724,56,10000,0,3,45,0.0,0.0,97.91015625,97.91015625,N/A (GPTCache eviction path is CPU-only),spec_oversized
LRU,high_variance_cost,5000000,0.9,0.8998662109893271,276.14096721878985,0.00039998849388211966,0.0009999930625781417,0.0012999953469261527,886045.6660969736,56,10000,0,4,46,0.0,0.0,97.91015625,97.91015625,N/A (GPTCache eviction path is CPU-only),spec_oversized
LFU,high_variance_cost,5000000,0.9,0.8998662109893271,276.14096721878985,0.0004999892553314567,0.001200009137392044,0.0016999983927235007,705865.744276635,56,10000,0,4,46,0.0,0.0,97.91015625,97.91015625,N/A (GPTCache eviction path is CPU-only),spec_oversized
FIFO,high_variance_cost,5000000,0.9,0.8998662109893271,276.14096721878985,0.000300002284348011,0.00100000761449337,0.0012999953469261527,791878.4942711256,56,10000,0,4,46,0.0,0.0,97.91015625,97.91015625,N/A (GPTCache eviction path is CPU-only),spec_oversized
Random,high_variance_cost,5000000,0.9,0.8998662109893271,276.14096721878985,0.00029998773243278265,0.0007999915396794677,0.0009999930625781417,1068067.9715737265,56,10000,0,4,46,0.0,0.0,97.91015625,97.91015625,N/A (GPTCache eviction path is CPU-only),spec_oversized
"GDSF(a=1.0,b=1.0)",high_variance_cost,5000000,0.9,0.8998662109893271,276.14096721878985,0.0029999937396496534,0.005099995905766264,0.0103020056849346,237740.32576029445,56,10000,0,4,46,0.0,0.0,97.91015625,97.91015625,N/A (GPTCache eviction path is CPU-only),spec_oversized
LRU,high_variance_cost,5000000,0.9,0.899421992476946,290.31773262027434,0.00039998849388211966,0.0009999930625781417,0.0012999953469261527,947669.6794899233,56,10000,0,5,47,0.0,0.0,97.91015625,97.91015625,N/A (GPTCache eviction path is CPU-only),spec_oversized
LFU,high_variance_cost,5000000,0.9,0.899421992476946,290.31773262027434,0.00039998849388211966,0.0006999907782301307,0.000800006091594696,1092764.803464531,56,10000,0,5,47,0.0,0.0,97.91015625,97.91015625,N/A (GPTCache eviction path is CPU-only),spec_oversized
FIFO,high_variance_cost,5000000,0.9,0.899421992476946,290.31773262027434,0.000300002284348011,0.0008999923011288047,0.0011999945854768157,959610.0146484774,56,10000,0,5,47,0.0,0.0,97.91015625,97.91015625,N/A (GPTCache eviction path is CPU-only),spec_oversized
Random,high_variance_cost,5000000,0.9,0.899421992476946,290.31773262027434,0.000200001522898674,0.000900006853044033,0.001100008375942707,1056836.6760884405,56,10000,0,5,47,0.0,0.0,97.91015625,97.91015625,N/A (GPTCache eviction path is CPU-only),spec_oversized
"GDSF(a=1.0,b=1.0)",high_variance_cost,5000000,0.9,0.899421992476946,290.31773262027434,0.0030999945010989904,0.005399997462518513,0.008700008038431406,231265.74051727777,56,10000,0,5,47,0.0,0.0,97.91015625,97.91015625,N/A (GPTCache eviction path is CPU-only),spec_oversized
LRU,high_variance_cost,5000000,0.9,0.9002472859333495,261.5836827731951,0.000400003045797348,0.00100000761449337,0.001300009898841381,818585.157123662,56,10000,0,6,48,0.0,0.0,97.91015625,97.91015625,N/A (GPTCache eviction path is CPU-only),spec_oversized
LFU,high_variance_cost,5000000,0.9,0.9002472859333495,261.5836827731951,0.0004999892553314567,0.0010999938240274787,0.0016999983927235007,718679.9287786533,56,10000,0,6,48,0.0,0.0,97.91015625,97.91015625,N/A (GPTCache eviction path is CPU-only),spec_oversized
FIFO,high_variance_cost,5000000,0.9,0.9002472859333495,261.5836827731951,0.000200001522898674,0.000900006853044033,0.0011999945854768157,1140536.9650413531,56,10000,0,6,48,0.0,0.0,97.91015625,97.91015625,N/A (GPTCache eviction path is CPU-only),spec_oversized
Random,high_variance_cost,5000000,0.9,0.9002472859333495,261.5836827731951,0.000200001522898674,0.000500003807246685,0.000700005330145359,1358105.1719396473,56,10000,0,6,48,0.0,0.0,97.91015625,97.91015625,N/A (GPTCache eviction path is CPU-only),spec_oversized
"GDSF(a=1.0,b=1.0)",high_variance_cost,5000000,0.9,0.9002472859333495,261.5836827731951,0.0022999884095042944,0.0044000043999403715,0.006200003554113209,299485.48392568284,56,10000,0,6,48,0.0,0.0,97.91015625,97.91015625,N/A (GPTCache eviction path is CPU-only),spec_oversized
LRU,high_variance_cost,5000000,0.9001,0.9009300226096285,273.12012328656834,0.000300002284348011,0.0007999915396794677,0.000900006853044033,976152.5915167921,56,10000,0,7,49,0.0,0.0,97.91015625,97.91015625,N/A (GPTCache eviction path is CPU-only),spec_oversized
LFU,high_variance_cost,5000000,0.9001,0.9009300226096285,273.12012328656834,0.000400003045797348,0.000900006853044033,0.0012999953469261527,846317.2496141068,56,10000,0,7,49,0.0,0.0,97.91015625,97.91015625,N/A (GPTCache eviction path is CPU-only),spec_oversized
FIFO,high_variance_cost,5000000,0.9001,0.9009300226096285,273.12012328656834,0.000200001522898674,0.0007999915396794677,0.000900006853044033,1074102.3195910128,56,10000,0,7,49,0.0,0.0,97.91015625,97.91015625,N/A (GPTCache eviction path is CPU-only),spec_oversized
Random,high_variance_cost,5000000,0.9001,0.9009300226096285,273.12012328656834,0.000200001522898674,0.000700005330145359,0.0009999930625781417,1183179.9132730095,56,10000,0,7,49,0.0,0.0,97.91015625,97.91015625,N/A (GPTCache eviction path is CPU-only),spec_oversized
"GDSF(a=1.0,b=1.0)",high_variance_cost,5000000,0.9001,0.9009300226096285,273.12012328656834,0.0018999999156221747,0.003600012860260904,0.0048999938007909805,354076.3033916674,56,10000,0,7,49,0.0,0.0,97.91015625,97.91015625,N/A (GPTCache eviction path is CPU-only),spec_oversized
LRU,high_variance_cost,5000000,0.9,0.8988040754294645,262.36708748709145,0.000400003045797348,0.0010999938240274787,0.0013999961083754897,731791.2057580914,56,10000,0,8,50,0.0,0.0,97.91015625,97.91015625,N/A (GPTCache eviction path is CPU-only),spec_oversized
LFU,high_variance_cost,5000000,0.9,0.8988040754294645,262.36708748709145,0.000300002284348011,0.000700005330145359,0.00100000761449337,1248782.4366847854,56,10000,0,8,50,0.0,0.0,97.91015625,97.91015625,N/A (GPTCache eviction path is CPU-only),spec_oversized
FIFO,high_variance_cost,5000000,0.9,0.8988040754294645,262.36708748709145,0.000200001522898674,0.000900006853044033,0.0011999945854768157,1031342.4975705673,56,10000,0,8,50,0.0,0.0,97.91015625,97.91015625,N/A (GPTCache eviction path is CPU-only),spec_oversized
Random,high_variance_cost,5000000,0.9,0.8988040754294645,262.36708748709145,0.000200001522898674,0.0005999900167807937,0.0008999923011288047,1142478.4926952343,56,10000,0,8,50,0.0,0.0,97.91015625,97.91015625,N/A (GPTCache eviction path is CPU-only),spec_oversized
"GDSF(a=1.0,b=1.0)",high_variance_cost,5000000,0.9,0.8988040754294645,262.36708748709145,0.0026000052457675338,0.0049000082071870565,0.007299997378140688,267047.65461190464,56,10000,0,8,50,0.0,0.0,97.91015625,97.91015625,N/A (GPTCache eviction path is CPU-only),spec_oversized
LRU,high_variance_cost,5000000,0.9,0.9009263802551851,275.53256960139873,0.000400003045797348,0.000600004568696022,0.0009999930625781417,941495.4716696006,56,10000,0,9,51,0.0,0.0,97.91015625,97.91015625,N/A (GPTCache eviction path is CPU-only),spec_oversized
LFU,high_variance_cost,5000000,0.9,0.9009263802551851,275.53256960139873,0.000400003045797348,0.00100000761449337,0.001300009898841381,849336.2438745807,56,10000,0,9,51,0.0,0.0,97.91015625,97.91015625,N/A (GPTCache eviction path is CPU-only),spec_oversized
FIFO,high_variance_cost,5000000,0.9,0.9009263802551851,275.53256960139873,0.000200001522898674,0.000600004568696022,0.000900006853044033,1220315.8178654404,56,10000,0,9,51,0.0,0.0,97.91015625,97.91015625,N/A (GPTCache eviction path is CPU-only),spec_oversized
Random,high_variance_cost,5000000,0.9,0.9009263802551851,275.53256960139873,0.000200001522898674,0.0008999923011288047,0.0010999938240274787,1055999.661831666,56,10000,0,9,51,0.0,0.0,97.91015625,97.91015625,N/A (GPTCache eviction path is CPU-only),spec_oversized
"GDSF(a=1.0,b=1.0)",high_variance_cost,5000000,0.9,0.9009263802551851,275.53256960139873,0.0021000014385208488,0.0034999975468963385,0.0049999945622403175,348387.14161912573,56,10000,0,9,51,0.0,0.0,97.91015625,97.91015625,N/A (GPTCache eviction path is CPU-only),spec_oversized
LRU,high_variance_cost,5000000,0.9,0.8994310541826837,257.13684839603116,0.000300002284348011,0.0006999907782301307,0.0009999930625781417,1244926.92466063,56,10000,0,10,52,0.0,0.0,97.91015625,97.91015625,N/A (GPTCache eviction path is CPU-only),spec_oversized
LFU,high_variance_cost,5000000,0.9,0.8994310541826837,257.13684839603116,0.000400003045797348,0.0010999938240274787,0.0014999968698248267,817140.3350980809,56,10000,0,10,52,0.0,0.0,97.91015625,97.91015625,N/A (GPTCache eviction path is CPU-only),spec_oversized
FIFO,high_variance_cost,5000000,0.9,0.8994310541826837,257.13684839603116,0.00029998773243278265,0.000600004568696022,0.000900006853044033,1103204.8097488831,56,10000,0,10,52,0.0,0.0,97.91015625,97.91015625,N/A (GPTCache eviction path is CPU-only),spec_oversized
Random,high_variance_cost,5000000,0.9,0.8994310541826837,257.13684839603116,0.000300002284348011,0.000900006853044033,0.001201008999487407,747870.4383392127,56,10000,0,10,52,0.0,0.0,97.91015625,97.91015625,N/A (GPTCache eviction path is CPU-only),spec_oversized
"GDSF(a=1.0,b=1.0)",high_variance_cost,5000000,0.9,0.8994310541826837,257.13684839603116,0.0021000014385208488,0.0046000059228390455,0.008299990731757134,313711.7113749714,56,10000,0,10,52,0.0,0.0,97.91015625,97.91015625,N/A (GPTCache eviction path is CPU-only),spec_oversized
LRU,high_variance_cost,5000000,0.9,0.901582534228333,285.57671162063843,0.000300002284348011,0.000900006853044033,0.0011999945854768157,993492.6234410936,56,10000,0,11,53,0.0,0.0,97.91015625,97.91015625,N/A (GPTCache eviction path is CPU-only),spec_oversized
LFU,high_variance_cost,5000000,0.9,0.901582534228333,285.57671162063843,0.000400003045797348,0.000700005330145359,0.000900006853044033,983409.8755221012,56,10000,0,11,53,0.0,0.0,97.91015625,97.91015625,N/A (GPTCache eviction path is CPU-only),spec_oversized
FIFO,high_variance_cost,5000000,0.9,0.901582534228333,285.57671162063843,0.000200001522898674,0.0006999907782301307,0.0008999923011288047,1148817.86679224,56,10000,0,11,53,0.0,0.0,97.91015625,97.91015625,N/A (GPTCache eviction path is CPU-only),spec_oversized
Random,high_variance_cost,5000000,0.9,0.901582534228333,285.57671162063843,0.000200001522898674,0.000400003045797348,0.000500003807246685,1857700.168548376,56,10000,0,11,53,0.0,0.0,97.91015625,97.91015625,N/A (GPTCache eviction path is CPU-only),spec_oversized
"GDSF(a=1.0,b=1.0)",high_variance_cost,5000000,0.9,0.901582534228333,285.57671162063843,0.0026000052457675338,0.005099995905766264,0.007800001185387373,255923.3458278083,56,10000,0,11,53,0.0,0.0,97.91015625,97.91015625,N/A (GPTCache eviction path is CPU-only),spec_oversized
LRU,high_variance_cost,5000000,0.9,0.8998944945386841,267.4139349068939,0.000300002284348011,0.0006999907782301307,0.0008999923011288047,1171330.5158051837,56,10000,0,12,54,0.0,0.0,97.91015625,97.91015625,N/A (GPTCache eviction path is CPU-only),spec_oversized
LFU,high_variance_cost,5000000,0.9,0.8998944945386841,267.4139349068939,0.000400003045797348,0.0009999930625781417,0.0012999953469261527,902690.0165821031,56,10000,0,12,54,0.0,0.0,97.91015625,97.91015625,N/A (GPTCache eviction path is CPU-only),spec_oversized
FIFO,high_variance_cost,5000000,0.9,0.8998944945386841,267.4139349068939,0.000200001522898674,0.000500003807246685,0.000700005330145359,1354187.8257366759,56,10000,0,12,54,0.0,0.0,97.91015625,97.91015625,N/A (GPTCache eviction path is CPU-only),spec_oversized
Random,high_variance_cost,5000000,0.9,0.8998944945386841,267.4139349068939,0.000200001522898674,0.000600004568696022,0.000800006091594696,1200019.1993357851,56,10000,0,12,54,0.0,0.0,97.91015625,97.91015625,N/A (GPTCache eviction path is CPU-only),spec_oversized
"GDSF(a=1.0,b=1.0)",high_variance_cost,5000000,0.9,0.8998944945386841,267.4139349068939,0.0034999975468963385,0.006300004315562546,0.011402013915358156,193394.42019342718,56,10000,0,12,54,0.0,0.0,97.91015625,97.91015625,N/A (GPTCache eviction path is CPU-only),spec_oversized
LRU,high_variance_cost,5000000,0.9,0.901220356560582,288.3853553394489,0.000400003045797348,0.0009999930625781417,0.001200009137392044,848219.5871195784,56,10000,0,13,55,0.0,0.0,97.91015625,97.91015625,N/A (GPTCache eviction path is CPU-only),spec_oversized
LFU,high_variance_cost,5000000,0.9,0.901220356560582,288.3853553394489,0.000400003045797348,0.0009999930625781417,0.001100008375942707,850455.8445984062,56,10000,0,13,55,0.0,0.0,97.91015625,97.91015625,N/A (GPTCache eviction path is CPU-only),spec_oversized
FIFO,high_variance_cost,5000000,0.9,0.901220356560582,288.3853553394489,0.000300002284348011,0.000800006091594696,0.00100000761449337,974601.8751304162,56,10000,0,13,55,0.0,0.0,97.91015625,97.91015625,N/A (GPTCache eviction path is CPU-only),spec_oversized
Random,high_variance_cost,5000000,0.9,0.901220356560582,288.3853553394489,0.000300002284348011,0.000800006091594696,0.0009999930625781417,986670.0866512702,56,10000,0,13,55,0.0,0.0,97.91015625,97.91015625,N/A (GPTCache eviction path is CPU-only),spec_oversized
"GDSF(a=1.0,b=1.0)",high_variance_cost,5000000,0.9,0.901220356560582,288.3853553394489,0.0028999929782003164,0.005599998985417187,0.008900995017029366,239137.76485180217,56,10000,0,13,55,0.0,0.0,97.91015625,97.91015625,N/A (GPTCache eviction path is CPU-only),spec_oversized
LRU,high_variance_cost,5000000,0.9,0.899571276684593,283.54358715724123,0.000400003045797348,0.0008999923011288047,0.001100008375942707,906996.5713196375,56,10000,0,14,56,0.0,0.0,97.91015625,97.91015625,N/A (GPTCache eviction path is CPU-only),spec_oversized
LFU,high_variance_cost,5000000,0.9,0.899571276684593,283.54358715724123,0.000400003045797348,0.000600004568696022,0.0008999923011288047,920962.9592336958,56,10000,0,14,56,0.0,0.0,97.91015625,97.91015625,N/A (GPTCache eviction path is CPU-only),spec_oversized
FIFO,high_variance_cost,5000000,0.9,0.899571276684593,283.54358715724123,0.000200001522898674,0.0004999892553314567,0.000600004568696022,1863134.1667417516,56,10000,0,14,56,0.0,0.0,97.91015625,97.91015625,N/A (GPTCache eviction path is CPU-only),spec_oversized
Random,high_variance_cost,5000000,0.9,0.899571276684593,283.54358715724123,0.000200001522898674,0.000500003807246685,0.000800006091594696,1432110.7887008016,56,10000,0,14,56,0.0,0.0,97.91015625,97.91015625,N/A (GPTCache eviction path is CPU-only),spec_oversized
"GDSF(a=1.0,b=1.0)",high_variance_cost,5000000,0.9,0.899571276684593,283.54358715724123,0.0025999906938523054,0.004699992132373154,0.006999995093792677,272676.4557598346,56,10000,0,14,56,0.0,0.0,97.91015625,97.91015625,N/A (GPTCache eviction path is CPU-only),spec_oversized
LRU,high_variance_cost,5000000,0.9,0.8980804117835618,284.33719439884794,0.000300002284348011,0.000700005330145359,0.0008999923011288047,1147341.6101337415,56,10000,0,15,57,0.0,0.0,97.91015625,97.91015625,N/A (GPTCache eviction path is CPU-only),spec_oversized
LFU,high_variance_cost,5000000,0.9,0.8980804117835618,284.33719439884794,0.000300002284348011,0.000800006091594696,0.001100008375942707,1071834.33737098,56,10000,0,15,57,0.0,0.0,97.91015625,97.91015625,N/A (GPTCache eviction path is CPU-only),spec_oversized
FIFO,high_variance_cost,5000000,0.9,0.8980804117835618,284.33719439884794,0.000200001522898674,0.0006999907782301307,0.000800006091594696,1296461.955098381,56,10000,0,15,57,0.0,0.0,97.91015625,97.91015625,N/A (GPTCache eviction path is CPU-only),spec_oversized
Random,high_variance_cost,5000000,0.9,0.8980804117835618,284.33719439884794,0.000200001522898674,0.000400003045797348,0.000600004568696022,1852194.8553796485,56,10000,0,15,57,0.0,0.0,97.91015625,97.91015625,N/A (GPTCache eviction path is CPU-only),spec_oversized
"GDSF(a=1.0,b=1.0)",high_variance_cost,5000000,0.9,0.8980804117835618,284.33719439884794,0.0016999983927235007,0.003905013727489786,0.005899986863369122,377659.1929043285,56,10000,0,15,57,0.0,0.0,97.91015625,97.91015625,N/A (GPTCache eviction path is CPU-only),spec_oversized
LRU,high_variance_cost,5000000,0.9,0.8994361449261299,278.6890926402926,0.000300002284348011,0.000500003807246685,0.000700005330145359,1180679.3631303795,56,10000,0,16,58,0.0,0.0,97.91015625,97.91015625,N/A (GPTCache eviction path is CPU-only),spec_oversized
LFU,high_variance_cost,5000000,0.9,0.8994361449261299,278.6890926402926,0.000300002284348011,0.000700005330145359,0.000900006853044033,1113461.7536099718,56,10000,0,16,58,0.0,0.0,97.91015625,97.91015625,N/A (GPTCache eviction path is CPU-only),spec_oversized
FIFO,high_variance_cost,5000000,0.9,0.8994361449261299,278.6890926402926,0.000200001522898674,0.0004999892553314567,0.000600004568696022,1439035.270110024,56,10000,0,16,58,0.0,0.0,97.91015625,97.91015625,N/A (GPTCache eviction path is CPU-only),spec_oversized
Random,high_variance_cost,5000000,0.9,0.8994361449261299,278.6890926402926,0.000200001522898674,0.000500003807246685,0.000700005330145359,1435812.0223595577,56,10000,0,16,58,0.0,0.0,97.91015625,97.91015625,N/A (GPTCache eviction path is CPU-only),spec_oversized
"GDSF(a=1.0,b=1.0)",high_variance_cost,5000000,0.9,0.8994361449261299,278.6890926402926,0.0017999991541728377,0.0036999990697950125,0.005299996701069176,383246.0172279297,56,10000,0,16,58,0.0,0.0,97.91015625,97.91015625,N/A (GPTCache eviction path is CPU-only),spec_oversized
LRU,high_variance_cost,5000000,0.9,0.8999437966281686,278.0003176643984,0.000300002284348011,0.0007999915396794677,0.001100008375942707,1086342.5024937734,56,10000,0,17,59,0.0,0.0,97.91015625,97.91015625,N/A (GPTCache eviction path is CPU-only),spec_oversized
LFU,high_variance_cost,5000000,0.9,0.8999437966281686,278.0003176643984,0.000300002284348011,0.000700005330145359,0.000900006853044033,1241526.581796899,56,10000,0,17,59,0.0,0.0,97.91015625,97.91015625,N/A (GPTCache eviction path is CPU-only),spec_oversized
FIFO,high_variance_cost,5000000,0.9,0.8999437966281686,278.0003176643984,0.000200001522898674,0.0006999907782301307,0.000800006091594696,1489735.7193913127,56,10000,0,17,59,0.0,0.0,97.91015625,97.91015625,N/A (GPTCache eviction path is CPU-only),spec_oversized
Random,high_variance_cost,5000000,0.9,0.8999437966281686,278.0003176643984,0.000200001522898674,0.000600004568696022,0.000700005330145359,1383393.7402285247,56,10000,0,17,59,0.0,0.0,97.91015625,97.91015625,N/A (GPTCache eviction path is CPU-only),spec_oversized
"GDSF(a=1.0,b=1.0)",high_variance_cost,5000000,0.9,0.8999437966281686,278.0003176643984,0.0015999976312741637,0.0037999998312443495,0.00549999822396785,406271.2021168608,56,10000,0,17,59,0.0,0.0,97.91015625,97.91015625,N/A (GPTCache eviction path is CPU-only),spec_oversized
LRU,high_variance_cost,5000000,0.9,0.8972966612507566,279.8523264570739,0.00039998849388211966,0.000800006091594696,0.0010999938240274787,944501.114368614,56,10000,0,18,60,0.0,0.0,97.91015625,97.91015625,N/A (GPTCache eviction path is CPU-only),spec_oversized
LFU,high_variance_cost,5000000,0.9,0.8972966612507566,279.8523264570739,0.000300002284348011,0.0006999907782301307,0.0010010074765887328,1103789.3093795823,56,10000,0,18,60,0.0,0.0,97.91015625,97.91015625,N/A (GPTCache eviction path is CPU-only),spec_oversized
FIFO,high_variance_cost,5000000,0.9,0.8972966612507566,279.8523264570739,0.000200001522898674,0.0007999915396794677,0.0010010074765887328,1089846.9850318448,56,10000,0,18,60,0.0,0.0,97.91015625,97.91015625,N/A (GPTCache eviction path is CPU-only),spec_oversized
Random,high_variance_cost,5000000,0.9,0.8972966612507566,279.8523264570739,0.000200001522898674,0.0005999900167807937,0.000701005192240722,1405204.8766992346,56,10000,0,18,60,0.0,0.0,97.91015625,97.91015625,N/A (GPTCache eviction path is CPU-only),spec_oversized
"GDSF(a=1.0,b=1.0)",high_variance_cost,5000000,0.9,0.8972966612507566,279.8523264570739,0.0020000006770715117,0.0037999998312443495,0.005399997462518513,349572.12377403997,56,10000,0,18,60,0.0,0.0,97.91015625,97.91015625,N/A (GPTCache eviction path is CPU-only),spec_oversized
LRU,high_variance_cost,5000000,0.9,0.8979200359246288,290.12375685722486,0.00039998849388211966,0.0007999915396794677,0.0010999938240274787,980719.0638977815,56,10000,0,19,61,0.0,0.0,97.91796875,97.91796875,N/A (GPTCache eviction path is CPU-only),spec_oversized
LFU,high_variance_cost,5000000,0.9,0.8979200359246288,290.12375685722486,0.000200001522898674,0.0005999900167807937,0.0007999915396794677,1569218.2135064509,56,10000,0,19,61,0.0,0.0,97.91796875,97.91796875,N/A (GPTCache eviction path is CPU-only),spec_oversized
FIFO,high_variance_cost,5000000,0.9,0.8979200359246288,290.12375685722486,0.000200001522898674,0.0006999907782301307,0.0008999923011288047,1132284.838859795,56,10000,0,19,61,0.0,0.0,97.91796875,97.91796875,N/A (GPTCache eviction path is CPU-only),spec_oversized
Random,high_variance_cost,5000000,0.9,0.8979200359246288,290.12375685722486,0.000200001522898674,0.0005999900167807937,0.000800006091594696,1159151.5026682657,56,10000,0,19,61,0.0,0.0,97.91796875,97.91796875,N/A (GPTCache eviction path is CPU-only),spec_oversized
"GDSF(a=1.0,b=1.0)",high_variance_cost,5000000,0.9,0.8979200359246288,290.12375685722486,0.0023000029614195228,0.0044000043999403715,0.009200997301377377,291280.2349771479,56,10000,0,19,61,0.0,0.0,97.91796875,97.91796875,N/A (GPTCache eviction path is CPU-only),spec_oversized
LRU,high_variance_cost,5000000,0.9,0.9016522755202023,289.1371687152879,0.000300002284348011,0.000700005330145359,0.0009999930625781417,1099118.5073784082,56,10000,0,20,62,0.0,0.0,97.91796875,97.91796875,N/A (GPTCache eviction path is CPU-only),spec_oversized
LFU,high_variance_cost,5000000,0.9,0.9016522755202023,289.1371687152879,0.000300002284348011,0.000800006091594696,0.0011999945854768157,963911.1665553146,56,10000,0,20,62,0.0,0.0,97.91796875,97.91796875,N/A (GPTCache eviction path is CPU-only),spec_oversized
FIFO,high_variance_cost,5000000,0.9,0.9016522755202023,289.1371687152879,0.000200001522898674,0.0007999915396794677,0.00100000761449337,1069095.6512320822,56,10000,0,20,62,0.0,0.0,97.91796875,97.91796875,N/A (GPTCache eviction path is CPU-only),spec_oversized
Random,high_variance_cost,5000000,0.9,0.9016522755202023,289.1371687152879,0.000300002284348011,0.0008999923011288047,0.0010999938240274787,925172.0821867099,56,10000,0,20,62,0.0,0.0,97.91796875,97.91796875,N/A (GPTCache eviction path is CPU-only),spec_oversized
"GDSF(a=1.0,b=1.0)",high_variance_cost,5000000,0.9,0.9016522755202023,289.1371687152879,0.0023999891709536314,0.004799992893822491,0.00689999433234334,287014.8730807163,56,10000,0,20,62,0.0,0.0,97.91796875,97.91796875,N/A (GPTCache eviction path is CPU-only),spec_oversized
LRU,high_variance_cost,5000000,0.9,0.8982245524052564,281.38824316690847,0.000400003045797348,0.000900006853044033,0.0011999945854768157,943387.3269869963,56,10000,0,21,63,0.0,0.0,97.91796875,97.91796875,N/A (GPTCache eviction path is CPU-only),spec_oversized
LFU,high_variance_cost,5000000,0.9,0.8982245524052564,281.38824316690847,0.000300002284348011,0.0007999915396794677,0.0009999930625781417,1067874.0762003076,56,10000,0,21,63,0.0,0.0,97.91796875,97.91796875,N/A (GPTCache eviction path is CPU-only),spec_oversized
FIFO,high_variance_cost,5000000,0.9,0.8982245524052564,281.38824316690847,0.000200001522898674,0.000700005330145359,0.000800006091594696,1194172.4388887247,56,10000,0,21,63,0.0,0.0,97.91796875,97.91796875,N/A (GPTCache eviction path is CPU-only),spec_oversized
Random,high_variance_cost,5000000,0.9,0.8982245524052564,281.38824316690847,0.000200001522898674,0.000600004568696022,0.000800006091594696,1210829.6614802836,56,10000,0,21,63,0.0,0.0,97.91796875,97.91796875,N/A (GPTCache eviction path is CPU-only),spec_oversized
"GDSF(a=1.0,b=1.0)",high_variance_cost,5000000,0.9,0.8982245524052564,281.38824316690847,0.0026999914553016424,0.0048000074457377195,0.007099995855242014,260249.9440255748,56,10000,0,21,63,0.0,0.0,97.91796875,97.91796875,N/A (GPTCache eviction path is CPU-only),spec_oversized
LRU,high_variance_cost,5000000,0.9,0.8996829234822531,271.8415061664482,0.000400003045797348,0.000900006853044033,0.0011999945854768157,921956.3919785083,56,10000,0,22,64,0.0,0.0,97.91796875,97.91796875,N/A (GPTCache eviction path is CPU-only),spec_oversized
LFU,high_variance_cost,5000000,0.9,0.8996829234822531,271.8415061664482,0.00039998849388211966,0.000800006091594696,0.001299995492445305,933855.046679634,56,10000,0,22,64,0.0,0.0,97.91796875,97.91796875,N/A (GPTCache eviction path is CPU-only),spec_oversized
FIFO,high_variance_cost,5000000,0.9,0.8996829234822531,271.8415061664482,0.000200001522898674,0.000500003807246685,0.000700005330145359,1334347.4386879674,56,10000,0,22,64,0.0,0.0,97.91796875,97.91796875,N/A (GPTCache eviction path is CPU-only),spec_oversized
Random,high_variance_cost,5000000,0.9,0.8996829234822531,271.8415061664482,0.000200001522898674,0.0005999900167807937,0.000800006091594696,1358584.8992138612,56,10000,0,22,64,0.0,0.0,97.91796875,97.91796875,N/A (GPTCache eviction path is CPU-only),spec_oversized
"GDSF(a=1.0,b=1.0)",high_variance_cost,5000000,0.9,0.8996829234822531,271.8415061664482,0.0024000037228688598,0.004499991337070242,0.007199996616691351,302049.1011276442,56,10000,0,22,64,0.0,0.0,97.91796875,97.91796875,N/A (GPTCache eviction path is CPU-only),spec_oversized
LRU,high_variance_cost,5000000,0.9,0.8998710546673352,284.9684443642415,0.000300002284348011,0.0006999907782301307,0.0008999923011288047,1177842.4291207825,56,10000,0,23,65,0.0,0.0,97.91796875,97.91796875,N/A (GPTCache eviction path is CPU-only),spec_oversized
LFU,high_variance_cost,5000000,0.9,0.8998710546673352,284.9684443642415,0.000300002284348011,0.0007999915396794677,0.0009999930625781417,1057574.3478427052,56,10000,0,23,65,0.0,0.0,97.91796875,97.91796875,N/A (GPTCache eviction path is CPU-only),spec_oversized
FIFO,high_variance_cost,5000000,0.9,0.8998710546673352,284.9684443642415,0.000200001522898674,0.000700005330145359,0.0008999923011288047,1230738.9364843108,56,10000,0,23,65,0.0,0.0,97.91796875,97.91796875,N/A (GPTCache eviction path is CPU-only),spec_oversized
Random,high_variance_cost,5000000,0.9,0.8998710546673352,284.9684443642415,0.000200001522898674,0.000600004568696022,0.0007999915396794677,1170151.767166455,56,10000,0,23,65,0.0,0.0,97.91796875,97.91796875,N/A (GPTCache eviction path is CPU-only),spec_oversized
"GDSF(a=1.0,b=1.0)",high_variance_cost,5000000,0.9,0.8998710546673352,284.9684443642415,0.0022000021999701858,0.0040000013541430235,0.00549999822396785,316605.9839561589,56,10000,0,23,65,0.0,0.0,97.91796875,97.91796875,N/A (GPTCache eviction path is CPU-only),spec_oversized
LRU,high_variance_cost,5000000,0.9,0.9000316666233418,276.3783348938587,0.000200001522898674,0.000500003807246685,0.000700005330145359,1419023.4295602639,56,10000,0,24,66,0.0,0.0,97.91796875,97.91796875,N/A (GPTCache eviction path is CPU-only),spec_oversized
LFU,high_variance_cost,5000000,0.9,0.9000316666233418,276.3783348938587,0.00039998849388211966,0.0008999923011288047,0.0011999945854768157,953497.9072892606,56,10000,0,24,66,0.0,0.0,97.91796875,97.91796875,N/A (GPTCache eviction path is CPU-only),spec_oversized
FIFO,high_variance_cost,5000000,0.9,0.9000316666233418,276.3783348938587,0.000300002284348011,0.0007999915396794677,0.00100000761449337,964664.3446191798,56,10000,0,24,66,0.0,0.0,97.91796875,97.91796875,N/A (GPTCache eviction path is CPU-only),spec_oversized
Random,high_variance_cost,5000000,0.9,0.9000316666233418,276.3783348938587,0.000200001522898674,0.0005999900167807937,0.0007999915396794677,1477519.5385977516,56,10000,0,24,66,0.0,0.0,97.91796875,97.91796875,N/A (GPTCache eviction path is CPU-only),spec_oversized
"GDSF(a=1.0,b=1.0)",high_variance_cost,5000000,0.9,0.9000316666233418,276.3783348938587,0.0020999868866056204,0.0039000005926936865,0.006000002031214535,347259.6007929424,56,10000,0,24,66,0.0,0.0,97.91796875,97.91796875,N/A (GPTCache eviction path is CPU-only),spec_oversized
LRU,high_variance_cost,5000000,0.9,0.9027052856081837,290.0126811869023,0.000300002284348011,0.000600004568696022,0.0008999923011288047,1057798.0879430503,56,10000,0,25,67,0.0,0.0,97.91796875,97.91796875,N/A (GPTCache eviction path is CPU-only),spec_oversized
LFU,high_variance_cost,5000000,0.9,0.9027052856081837,290.0126811869023,0.000200001522898674,0.0005999900167807937,0.000900006853044033,1438166.0524232637,56,10000,0,25,67,0.0,0.0,97.91796875,97.91796875,N/A (GPTCache eviction path is CPU-only),spec_oversized
FIFO,high_variance_cost,5000000,0.9,0.9027052856081837,290.0126811869023,0.000200001522898674,0.000500003807246685,0.000700005330145359,1759138.727721949,56,10000,0,25,67,0.0,0.0,97.91796875,97.91796875,N/A (GPTCache eviction path is CPU-only),spec_oversized
Random,high_variance_cost,5000000,0.9,0.9027052856081837,290.0126811869023,0.00019998697098344564,0.000400003045797348,0.0005999900167807937,1956334.6130521873,56,10000,0,25,67,0.0,0.0,97.91796875,97.91796875,N/A (GPTCache eviction path is CPU-only),spec_oversized
"GDSF(a=1.0,b=1.0)",high_variance_cost,5000000,0.9,0.9027052856081837,290.0126811869023,0.0016999983927235007,0.0028999929782003164,0.0039000005926936865,436774.6809948734,56,10000,0,25,67,0.0,0.0,97.91796875,97.91796875,N/A (GPTCache eviction path is CPU-only),spec_oversized
LRU,high_variance_cost,5000000,0.9,0.9027791581421654,281.68072300775515,0.000300002284348011,0.000800006091594696,0.0010999938240274787,1188806.1995954204,56,10000,0,26,68,0.0,0.0,97.91796875,97.91796875,N/A (GPTCache eviction path is CPU-only),spec_oversized
LFU,high_variance_cost,5000000,0.9,0.9027791581421654,281.68072300775515,0.00029998773243278265,0.0006999907782301307,0.000900006853044033,1360766.3826505274,56,10000,0,26,68,0.0,0.0,97.91796875,97.91796875,N/A (GPTCache eviction path is CPU-only),spec_oversized
FIFO,high_variance_cost,5000000,0.9,0.9027791581421654,281.68072300775515,0.00029998773243278265,0.000500003807246685,0.0008999923011288047,1183123.9209453647,56,10000,0,26,68,0.0,0.0,97.91796875,97.91796875,N/A (GPTCache eviction path is CPU-only),spec_oversized
Random,high_variance_cost,5000000,0.9,0.9027791581421654,281.68072300775515,0.000200001522898674,0.0006999907782301307,0.0008999923011288047,1257181.6497193254,56,10000,0,26,68,0.0,0.0,97.91796875,97.91796875,N/A (GPTCache eviction path is CPU-only),spec_oversized
"GDSF(a=1.0,b=1.0)",high_variance_cost,5000000,0.9,0.9027791581421654,281.68072300775515,0.0025000044843181968,0.005299996701069176,0.021301002125255784,182506.39684944967,56,10000,0,26,68,0.0,0.0,97.91796875,97.91796875,N/A (GPTCache eviction path is CPU-only),spec_oversized
LRU,high_variance_cost,5000000,0.9,0.9012076300254214,283.0239089738865,0.000200001522898674,0.000600004568696022,0.0008999923011288047,1316534.3535607134,56,10000,0,27,69,0.0,0.0,97.91796875,97.91796875,N/A (GPTCache eviction path is CPU-only),spec_oversized
LFU,high_variance_cost,5000000,0.9,0.9012076300254214,283.0239089738865,0.000200001522898674,0.0005999900167807937,0.000800006091594696,1434596.7364629738,56,10000,0,27,69,0.0,0.0,97.91796875,97.91796875,N/A (GPTCache eviction path is CPU-only),spec_oversized
FIFO,high_variance_cost,5000000,0.9,0.9012076300254214,283.0239089738865,0.00029998773243278265,0.000800006091594696,0.00100000761449337,1056155.805044824,56,10000,0,27,69,0.0,0.0,97.91796875,97.91796875,N/A (GPTCache eviction path is CPU-only),spec_oversized
Random,high_variance_cost,5000000,0.9,0.9012076300254214,283.0239089738865,0.000200001522898674,0.000700005330145359,0.00100000761449337,1178744.8721313057,56,10000,0,27,69,0.0,0.0,97.91796875,97.91796875,N/A (GPTCache eviction path is CPU-only),spec_oversized
"GDSF(a=1.0,b=1.0)",high_variance_cost,5000000,0.9,0.9012076300254214,283.0239089738865,0.0025000044843181968,0.004799992893822491,0.007901001954451226,270736.37582221144,56,10000,0,27,69,0.0,0.0,97.91796875,97.91796875,N/A (GPTCache eviction path is CPU-only),spec_oversized
LRU,high_variance_cost,5000000,0.9,0.8998061016670348,282.1810350372909,0.000300002284348011,0.000800006091594696,0.0010999938240274787,983351.8528049012,56,10000,0,28,70,0.0,0.0,97.91796875,97.91796875,N/A (GPTCache eviction path is CPU-only),spec_oversized
LFU,high_variance_cost,5000000,0.9,0.8998061016670348,282.1810350372909,0.000300002284348011,0.0006999907782301307,0.0009999930625781417,1064044.8606463317,56,10000,0,28,70,0.0,0.0,97.91796875,97.91796875,N/A (GPTCache eviction path is CPU-only),spec_oversized
FIFO,high_variance_cost,5000000,0.9,0.8998061016670348,282.1810350372909,0.000200001522898674,0.000700005330145359,0.000800006091594696,1386270.3792450891,56,10000,0,28,70,0.0,0.0,97.91796875,97.91796875,N/A (GPTCache eviction path is CPU-only),spec_oversized
Random,high_variance_cost,5000000,0.9,0.8998061016670348,282.1810350372909,0.000200001522898674,0.0005999900167807937,0.000800006091594696,1341453.5998432299,56,10000,0,28,70,0.0,0.0,97.91796875,97.91796875,N/A (GPTCache eviction path is CPU-only),spec_oversized
"GDSF(a=1.0,b=1.0)",high_variance_cost,5000000,0.9,0.8998061016670348,282.1810350372909,0.0020000006770715117,0.0036999990697950125,0.005101009592181094,371043.7459598808,56,10000,0,28,70,0.0,0.0,97.91796875,97.91796875,N/A (GPTCache eviction path is CPU-only),spec_oversized
LRU,high_variance_cost,5000000,0.9001,0.8995642624402921,271.66572167103845,0.000300002284348011,0.000800006091594696,0.001100008375942707,1017407.8481191577,56,10000,0,29,71,0.0,0.0,97.91796875,97.91796875,N/A (GPTCache eviction path is CPU-only),spec_oversized
LFU,high_variance_cost,5000000,0.9001,0.8995642624402921,271.66572167103845,0.000200001522898674,0.000500003807246685,0.0006999907782301307,1709635.5070891539,56,10000,0,29,71,0.0,0.0,97.91796875,97.91796875,N/A (GPTCache eviction path is CPU-only),spec_oversized
FIFO,high_variance_cost,5000000,0.9001,0.8995642624402921,271.66572167103845,0.000200001522898674,0.0006999907782301307,0.000800006091594696,1377220.7673302053,56,10000,0,29,71,0.0,0.0,97.91796875,97.91796875,N/A (GPTCache eviction path is CPU-only),spec_oversized
Random,high_variance_cost,5000000,0.9001,0.8995642624402921,271.66572167103845,0.000200001522898674,0.000600004568696022,0.000800006091594696,1580078.3732198554,56,10000,0,29,71,0.0,0.0,97.91796875,97.91796875,N/A (GPTCache eviction path is CPU-only),spec_oversized
"GDSF(a=1.0,b=1.0)",high_variance_cost,5000000,0.9001,0.8995642624402921,271.66572167103845,0.0022999884095042944,0.0041000021155923605,0.006201017822604648,303423.8345066755,56,10000,0,29,71,0.0,0.0,97.91796875,97.91796875,N/A (GPTCache eviction path is CPU-only),spec_oversized
LRU,high_variance_cost,10000000,0.9,0.8975804974826118,273.6210440867278,0.000400003045797348,0.0008999923011288047,0.001100008375942707,852173.4680655308,56,10000,0,0,42,0.0,0.0,97.91796875,97.91796875,N/A (GPTCache eviction path is CPU-only),spec_oversized
LFU,high_variance_cost,10000000,0.9,0.8975804974826118,273.6210440867278,0.000300002284348011,0.0008999923011288047,0.0011999945854768157,1020241.5934752191,56,10000,0,0,42,0.0,0.0,97.91796875,97.91796875,N/A (GPTCache eviction path is CPU-only),spec_oversized
FIFO,high_variance_cost,10000000,0.9,0.8975804974826118,273.6210440867278,0.000200001522898674,0.000700005330145359,0.000900006853044033,1242297.753777675,56,10000,0,0,42,0.0,0.0,97.91796875,97.91796875,N/A (GPTCache eviction path is CPU-only),spec_oversized
Random,high_variance_cost,10000000,0.9,0.8975804974826118,273.6210440867278,0.000200001522898674,0.0007999915396794677,0.0009999930625781417,1034993.117725315,56,10000,0,0,42,0.0,0.0,97.91796875,97.91796875,N/A (GPTCache eviction path is CPU-only),spec_oversized
"GDSF(a=1.0,b=1.0)",high_variance_cost,10000000,0.9,0.8975804974826118,273.6210440867278,0.0025000044843181968,0.0047000066842883825,0.007800001185387373,270333.8352302256,56,10000,0,0,42,0.0,0.0,97.91796875,97.91796875,N/A (GPTCache eviction path is CPU-only),spec_oversized
LRU,high_variance_cost,10000000,0.9,0.898644089303119,273.5688639641976,0.000300002284348011,0.000700005330145359,0.000900006853044033,1023122.569501497,56,10000,0,1,43,0.0,0.0,97.91796875,97.91796875,N/A (GPTCache eviction path is CPU-only),spec_oversized
LFU,high_variance_cost,10000000,0.9,0.898644089303119,273.5688639641976,0.00039998849388211966,0.0009999930625781417,0.0013999961083754897,909272.7639410257,56,10000,0,1,43,0.0,0.0,97.91796875,97.91796875,N/A (GPTCache eviction path is CPU-only),spec_oversized
FIFO,high_variance_cost,10000000,0.9,0.898644089303119,273.5688639641976,0.000300002284348011,0.000900006853044033,0.0012999953469261527,928022.5701561202,56,10000,0,1,43,0.0,0.0,97.91796875,97.91796875,N/A (GPTCache eviction path is CPU-only),spec_oversized
Random,high_variance_cost,10000000,0.9,0.898644089303119,273.5688639641976,0.000300002284348011,0.000900006853044033,0.001100008375942707,935138.7751338218,56,10000,0,1,43,0.0,0.0,97.91796875,97.91796875,N/A (GPTCache eviction path is CPU-only),spec_oversized
"GDSF(a=1.0,b=1.0)",high_variance_cost,10000000,0.9,0.898644089303119,273.5688639641976,0.0026999914553016424,0.0052000104915350676,0.007999988301889971,253608.85401869187,56,10000,0,1,43,0.0,0.0,97.91796875,97.91796875,N/A (GPTCache eviction path is CPU-only),spec_oversized
LRU,high_variance_cost,10000000,0.9,0.8992388195205272,262.12700374210243,0.000300002284348011,0.0008999923011288047,0.0010999938240274787,1087760.5195557363,56,10000,0,2,44,0.0,0.0,97.91796875,97.91796875,N/A (GPTCache eviction path is CPU-only),spec_oversized
LFU,high_variance_cost,10000000,0.9,0.8992388195205272,262.12700374210243,0.000300002284348011,0.00100000761449337,0.001299995492445305,968982.8585063084,56,10000,0,2,44,0.0,0.0,97.91796875,97.91796875,N/A (GPTCache eviction path is CPU-only),spec_oversized
FIFO,high_variance_cost,10000000,0.9,0.8992388195205272,262.12700374210243,0.000300002284348011,0.0007999915396794677,0.0011999945854768157,899814.6378992427,56,10000,0,2,44,0.0,0.0,97.91796875,97.91796875,N/A (GPTCache eviction path is CPU-only),spec_oversized
Random,high_variance_cost,10000000,0.9,0.8992388195205272,262.12700374210243,0.000300002284348011,0.000800006091594696,0.00100000761449337,817668.1744208202,56,10000,0,2,44,0.0,0.0,97.91796875,97.91796875,N/A (GPTCache eviction path is CPU-only),spec_oversized
"GDSF(a=1.0,b=1.0)",high_variance_cost,10000000,0.9,0.8992388195205272,262.12700374210243,0.0020000006770715117,0.004700007411884144,0.006899994477862492,304881.76687111915,56,10000,0,2,44,0.0,0.0,97.91796875,97.91796875,N/A (GPTCache eviction path is CPU-only),spec_oversized
LRU,high_variance_cost,10000000,0.9,0.8999751247607716,285.85141967403086,0.000300002284348011,0.0007999915396794677,0.00100000761449337,1057149.5024672276,56,10000,0,3,45,0.0,0.0,97.91796875,97.91796875,N/A (GPTCache eviction path is CPU-only),spec_oversized
LFU,high_variance_cost,10000000,0.9,0.8999751247607716,285.85141967403086,0.000300002284348011,0.0007999915396794677,0.00100000761449337,1133966.8419564154,56,10000,0,3,45,0.0,0.0,97.91796875,97.91796875,N/A (GPTCache eviction path is CPU-only),spec_oversized
FIFO,high_variance_cost,10000000,0.9,0.8999751247607716,285.85141967403086,0.000200001522898674,0.0006999907782301307,0.000800006091594696,1326647.034187412,56,10000,0,3,45,0.0,0.0,97.91796875,97.91796875,N/A (GPTCache eviction path is CPU-only),spec_oversized
Random,high_variance_cost,10000000,0.9,0.8999751247607716,285.85141967403086,0.000200001522898674,0.000500003807246685,0.000600004568696022,1800277.2399856837,56,10000,0,3,45,0.0,0.0,97.91796875,97.91796875,N/A (GPTCache eviction path is CPU-only),spec_oversized
"GDSF(a=1.0,b=1.0)",high_variance_cost,10000000,0.9,0.8999751247607716,285.85141967403086,0.0022000021999701858,0.003999986802227795,0.0053000112529844046,320766.7608783212,56,10000,0,3,45,0.0,0.0,97.91796875,97.91796875,N/A (GPTCache eviction path is CPU-only),spec_oversized
LRU,high_variance_cost,10000000,0.9,0.8998662109893271,276.14096721878985,0.000400003045797348,0.000900006853044033,0.001200009137392044,891559.6051179268,56,10000,0,4,46,0.0,0.0,97.91796875,97.91796875,N/A (GPTCache eviction path is CPU-only),spec_oversized
LFU,high_variance_cost,10000000,0.9,0.8998662109893271,276.14096721878985,0.000400003045797348,0.000900006853044033,0.0011999945854768157,853118.5754340773,56,10000,0,4,46,0.0,0.0,97.91796875,97.91796875,N/A (GPTCache eviction path is CPU-only),spec_oversized
FIFO,high_variance_cost,10000000,0.9,0.8998662109893271,276.14096721878985,0.000200001522898674,0.000700005330145359,0.000900006853044033,1197146.0040750345,56,10000,0,4,46,0.0,0.0,97.91796875,97.91796875,N/A (GPTCache eviction path is CPU-only),spec_oversized
Random,high_variance_cost,10000000,0.9,0.8998662109893271,276.14096721878985,0.000200001522898674,0.0005999900167807937,0.0008999923011288047,1348381.269126638,56,10000,0,4,46,0.0,0.0,97.91796875,97.91796875,N/A (GPTCache eviction path is CPU-only),spec_oversized
"GDSF(a=1.0,b=1.0)",high_variance_cost,10000000,0.9,0.8998662109893271,276.14096721878985,0.0024000037228688598,0.0047000066842883825,0.006800008122809231,282207.6540583006,56,10000,0,4,46,0.0,0.0,97.91796875,97.91796875,N/A (GPTCache eviction path is CPU-only),spec_oversized
LRU,high_variance_cost,10000000,0.9,0.899421992476946,290.31773262027434,0.000400003045797348,0.000900006853044033,0.0011999945854768157,892857.142211216,56,10000,0,5,47,0.0,0.0,97.91796875,97.91796875,N/A (GPTCache eviction path is CPU-only),spec_oversized
LFU,high_variance_cost,10000000,0.9,0.899421992476946,290.31773262027434,0.000400003045797348,0.000900006853044033,0.0011999945854768157,825832.0265561625,56,10000,0,5,47,0.0,0.0,97.91796875,97.91796875,N/A (GPTCache eviction path is CPU-only),spec_oversized
FIFO,high_variance_cost,10000000,0.9,0.899421992476946,290.31773262027434,0.000200001522898674,0.0008999923011288047,0.0010999938240274787,1318808.8526002334,56,10000,0,5,47,0.0,0.0,97.91796875,97.91796875,N/A (GPTCache eviction path is CPU-only),spec_oversized
Random,high_variance_cost,10000000,0.9,0.899421992476946,290.31773262027434,0.000300002284348011,0.000700005330145359,0.0008999923011288047,1009428.0584075738,56,10000,0,5,47,0.0,0.0,97.91796875,97.91796875,N/A (GPTCache eviction path is CPU-only),spec_oversized
"GDSF(a=1.0,b=1.0)",high_variance_cost,10000000,0.9,0.899421992476946,290.31773262027434,0.0025000044843181968,0.0049000082071870565,0.007499998901039362,271817.42561039096,56,10000,0,5,47,0.0,0.0,97.91796875,97.91796875,N/A (GPTCache eviction path is CPU-only),spec_oversized
LRU,high_variance_cost,10000000,0.9,0.9002472859333495,261.5836827731951,0.000300002284348011,0.000599990744376555,0.000800006091594696,1185803.5603191277,56,10000,0,6,48,0.0,0.0,97.91796875,97.91796875,N/A (GPTCache eviction path is CPU-only),spec_oversized
LFU,high_variance_cost,10000000,0.9,0.9002472859333495,261.5836827731951,0.000300002284348011,0.000500003807246685,0.000700005330145359,1343562.319557884,56,10000,0,6,48,0.0,0.0,97.91796875,97.91796875,N/A (GPTCache eviction path is CPU-only),spec_oversized
FIFO,high_variance_cost,10000000,0.9,0.9002472859333495,261.5836827731951,0.000200001522898674,0.0005999900167807937,0.0007999915396794677,1303899.9646249928,56,10000,0,6,48,0.0,0.0,97.91796875,97.91796875,N/A (GPTCache eviction path is CPU-only),spec_oversized
Random,high_variance_cost,10000000,0.9,0.9002472859333495,261.5836827731951,0.000200001522898674,0.000400003045797348,0.000500003807246685,1906286.9346356723,56,10000,0,6,48,0.0,0.0,97.91796875,97.91796875,N/A (GPTCache eviction path is CPU-only),spec_oversized
"GDSF(a=1.0,b=1.0)",high_variance_cost,10000000,0.9,0.9002472859333495,261.5836827731951,0.0020000006770715117,0.0044000043999403715,0.006699992954963818,346126.15610932535,56,10000,0,6,48,0.0,0.0,97.91796875,97.91796875,N/A (GPTCache eviction path is CPU-only),spec_oversized
LRU,high_variance_cost,10000000,0.9001,0.9009300226096285,273.12012328656834,0.000400003045797348,0.000900006853044033,0.001100008375942707,874760.5345297025,56,10000,0,7,49,0.0,0.0,97.91796875,97.91796875,N/A (GPTCache eviction path is CPU-only),spec_oversized
LFU,high_variance_cost,10000000,0.9001,0.9009300226096285,273.12012328656834,0.000300002284348011,0.000800006091594696,0.001400010660290718,1127789.8688410604,56,10000,0,7,49,0.0,0.0,97.91796875,97.91796875,N/A (GPTCache eviction path is CPU-only),spec_oversized
FIFO,high_variance_cost,10000000,0.9001,0.9009300226096285,273.12012328656834,0.000200001522898674,0.0004999892553314567,0.0005999900167807937,1634067.0285797599,56,10000,0,7,49,0.0,0.0,97.92578125,97.92578125,N/A (GPTCache eviction path is CPU-only),spec_oversized
Random,high_variance_cost,10000000,0.9001,0.9009300226096285,273.12012328656834,0.000200001522898674,0.000600004568696022,0.0008999923011288047,1307035.7749599267,56,10000,0,7,49,0.0,0.0,97.92578125,97.92578125,N/A (GPTCache eviction path is CPU-only),spec_oversized
"GDSF(a=1.0,b=1.0)",high_variance_cost,10000000,0.9001,0.9009300226096285,273.12012328656834,0.0017999991541728377,0.004099987563677132,0.00549999822396785,383748.997545835,56,10000,0,7,49,0.0,0.0,97.92578125,97.92578125,N/A (GPTCache eviction path is CPU-only),spec_oversized
LRU,high_variance_cost,10000000,0.9,0.8988040754294645,262.36708748709145,0.000300002284348011,0.0005999900167807937,0.0007999915396794677,1313335.609187487,56,10000,0,8,50,0.0,0.0,97.92578125,97.92578125,N/A (GPTCache eviction path is CPU-only),spec_oversized
LFU,high_variance_cost,10000000,0.9,0.8988040754294645,262.36708748709145,0.000200001522898674,0.000500003807246685,0.000700005330145359,1672548.4598807283,56,10000,0,8,50,0.0,0.0,97.92578125,97.92578125,N/A (GPTCache eviction path is CPU-only),spec_oversized
FIFO,high_variance_cost,10000000,0.9,0.8988040754294645,262.36708748709145,0.000200001522898674,0.000600004568696022,0.000800006091594696,1512538.949517149,56,10000,0,8,50,0.0,0.0,97.92578125,97.92578125,N/A (GPTCache eviction path is CPU-only),spec_oversized
Random,high_variance_cost,10000000,0.9,0.8988040754294645,262.36708748709145,0.00019998697098344564,0.000400003045797348,0.000500003807246685,1972192.0903204733,56,10000,0,8,50,0.0,0.0,97.92578125,97.92578125,N/A (GPTCache eviction path is CPU-only),spec_oversized
"GDSF(a=1.0,b=1.0)",high_variance_cost,10000000,0.9,0.8988040754294645,262.36708748709145,0.0020000006770715117,0.0035999983083456755,0.004899993655271828,358222.642494117,56,10000,0,8,50,0.0,0.0,97.92578125,97.92578125,N/A (GPTCache eviction path is CPU-only),spec_oversized
LRU,high_variance_cost,10000000,0.9,0.9009263802551851,275.53256960139873,0.000300002284348011,0.0006999907782301307,0.0009999930625781417,1172855.4329313992,56,10000,0,9,51,0.0,0.0,97.92578125,97.92578125,N/A (GPTCache eviction path is CPU-only),spec_oversized
LFU,high_variance_cost,10000000,0.9,0.9009263802551851,275.53256960139873,0.000200001522898674,0.000600004568696022,0.000800006091594696,1593016.217874704,56,10000,0,9,51,0.0,0.0,97.92578125,97.92578125,N/A (GPTCache eviction path is CPU-only),spec_oversized
FIFO,high_variance_cost,10000000,0.9,0.9009263802551851,275.53256960139873,0.000200001522898674,0.000600004568696022,0.0008010059536900589,1443293.0158722885,56,10000,0,9,51,0.0,0.0,97.92578125,97.92578125,N/A (GPTCache eviction path is CPU-only),spec_oversized
Random,high_variance_cost,10000000,0.9,0.9009263802551851,275.53256960139873,0.000200001522898674,0.000500003807246685,0.000700005330145359,1873185.3494190697,56,10000,0,9,51,0.0,0.0,97.92578125,97.92578125,N/A (GPTCache eviction path is CPU-only),spec_oversized
"GDSF(a=1.0,b=1.0)",high_variance_cost,10000000,0.9,0.9009263802551851,275.53256960139873,0.0016999983927235007,0.0044000043999403715,0.006999995239311829,365092.75174417003,56,10000,0,9,51,0.0,0.0,97.92578125,97.92578125,N/A (GPTCache eviction path is CPU-only),spec_oversized
LRU,high_variance_cost,10000000,0.9,0.8994310541826837,257.13684839603116,0.000200001522898674,0.000600004568696022,0.0008999923011288047,1411193.5876715085,56,10000,0,10,52,0.0,0.0,97.92578125,97.92578125,N/A (GPTCache eviction path is CPU-only),spec_oversized
LFU,high_variance_cost,10000000,0.9,0.8994310541826837,257.13684839603116,0.000300002284348011,0.000700005330145359,0.000900006853044033,1144806.5853787719,56,10000,0,10,52,0.0,0.0,97.92578125,97.92578125,N/A (GPTCache eviction path is CPU-only),spec_oversized
FIFO,high_variance_cost,10000000,0.9,0.8994310541826837,257.13684839603116,0.000200001522898674,0.000600004568696022,0.0008999923011288047,1332232.0222410928,56,10000,0,10,52,0.0,0.0,97.92578125,97.92578125,N/A (GPTCache eviction path is CPU-only),spec_oversized
Random,high_variance_cost,10000000,0.9,0.8994310541826837,257.13684839603116,0.000200001522898674,0.000600004568696022,0.000800006091594696,1245469.6035491268,56,10000,0,10,52,0.0,0.0,97.92578125,97.92578125,N/A (GPTCache eviction path is CPU-only),spec_oversized
"GDSF(a=1.0,b=1.0)",high_variance_cost,10000000,0.9,0.8994310541826837,257.13684839603116,0.0021000014385208488,0.0037999998312443495,0.005299996701069176,329058.85878391017,56,10000,0,10,52,0.0,0.0,97.92578125,97.92578125,N/A (GPTCache eviction path is CPU-only),spec_oversized
LRU,high_variance_cost,10000000,0.9,0.901582534228333,285.57671162063843,0.00029998773243278265,0.000600004568696022,0.000800006091594696,1318756.676563558,56,10000,0,11,53,0.0,0.0,97.92578125,97.92578125,N/A (GPTCache eviction path is CPU-only),spec_oversized
LFU,high_variance_cost,10000000,0.9,0.901582534228333,285.57671162063843,0.000300002284348011,0.000700005330145359,0.0008999923011288047,1257150.0424592306,56,10000,0,11,53,0.0,0.0,97.92578125,97.92578125,N/A (GPTCache eviction path is CPU-only),spec_oversized
FIFO,high_variance_cost,10000000,0.9,0.901582534228333,285.57671162063843,0.000200001522898674,0.0005999900167807937,0.000800006091594696,1385636.4911616447,56,10000,0,11,53,0.0,0.0,97.92578125,97.92578125,N/A (GPTCache eviction path is CPU-only),spec_oversized
Random,high_variance_cost,10000000,0.9,0.901582534228333,285.57671162063843,0.000200001522898674,0.000500003807246685,0.0008999923011288047,1285512.275510425,56,10000,0,11,53,0.0,0.0,97.92578125,97.92578125,N/A (GPTCache eviction path is CPU-only),spec_oversized
"GDSF(a=1.0,b=1.0)",high_variance_cost,10000000,0.9,0.901582534228333,285.57671162063843,0.0021000014385208488,0.0042000028770416975,0.0062010179681238,339657.7607352968,56,10000,0,11,53,0.0,0.0,97.92578125,97.92578125,N/A (GPTCache eviction path is CPU-only),spec_oversized
LRU,high_variance_cost,10000000,0.9,0.8998944945386841,267.4139349068939,0.000300002284348011,0.000800006091594696,0.001100008375942707,1025136.3441495793,56,10000,0,12,54,0.0,0.0,97.92578125,97.92578125,N/A (GPTCache eviction path is CPU-only),spec_oversized
LFU,high_variance_cost,10000000,0.9,0.8998944945386841,267.4139349068939,0.000400003045797348,0.0006999907782301307,0.0010999938240274787,924846.9380255536,56,10000,0,12,54,0.0,0.0,97.92578125,97.92578125,N/A (GPTCache eviction path is CPU-only),spec_oversized
FIFO,high_variance_cost,10000000,0.9,0.8998944945386841,267.4139349068939,0.00029998773243278265,0.000500003807246685,0.0009010067151393959,1142922.452144423,56,10000,0,12,54,0.0,0.0,97.92578125,97.92578125,N/A (GPTCache eviction path is CPU-only),spec_oversized
Random,high_variance_cost,10000000,0.9,0.8998944945386841,267.4139349068939,0.00029998773243278265,0.0004999892553314567,0.000700005330145359,1172497.8898758905,56,10000,0,12,54,0.0,0.0,97.92578125,97.92578125,N/A (GPTCache eviction path is CPU-only),spec_oversized
"GDSF(a=1.0,b=1.0)",high_variance_cost,10000000,0.9,0.8998944945386841,267.4139349068939,0.0023999891709536314,0.0043000036384910345,0.007199996762210503,299147.7281452415,56,10000,0,12,54,0.0,0.0,97.92578125,97.92578125,N/A (GPTCache eviction path is CPU-only),spec_oversized
LRU,high_variance_cost,10000000,0.9,0.901220356560582,288.3853553394489,0.000300002284348011,0.0008999923011288047,0.001100008375942707,1008623.7330631015,56,10000,0,13,55,0.0,0.0,97.92578125,97.92578125,N/A (GPTCache eviction path is CPU-only),spec_oversized
LFU,high_variance_cost,10000000,0.9,0.901220356560582,288.3853553394489,0.000400003045797348,0.0009999930625781417,0.001200009137392044,885394.5318570767,56,10000,0,13,55,0.0,0.0,97.92578125,97.92578125,N/A (GPTCache eviction path is CPU-only),spec_oversized
FIFO,high_variance_cost,10000000,0.9,0.901220356560582,288.3853553394489,0.00029998773243278265,0.0004999892553314567,0.000600004568696022,1210639.0959247644,56,10000,0,13,55,0.0,0.0,97.92578125,97.92578125,N/A (GPTCache eviction path is CPU-only),spec_oversized
Random,high_variance_cost,10000000,0.9,0.901220356560582,288.3853553394489,0.000200001522898674,0.000400003045797348,0.0005999900167807937,1800406.8902347854,56,10000,0,13,55,0.0,0.0,97.92578125,97.92578125,N/A (GPTCache eviction path is CPU-only),spec_oversized
"GDSF(a=1.0,b=1.0)",high_variance_cost,10000000,0.9,0.901220356560582,288.3853553394489,0.0023000029614195228,0.0044000043999403715,0.006399990525096655,299719.7619647651,56,10000,0,13,55,0.0,0.0,97.92578125,97.92578125,N/A (GPTCache eviction path is CPU-only),spec_oversized
LRU,high_variance_cost,10000000,0.9,0.899571276684593,283.54358715724123,0.000300002284348011,0.000700005330145359,0.000900006853044033,1093529.585282319,56,10000,0,14,56,0.0,0.0,97.92578125,97.92578125,N/A (GPTCache eviction path is CPU-only),spec_oversized
LFU,high_variance_cost,10000000,0.9,0.899571276684593,283.54358715724123,0.000300002284348011,0.000700005330145359,0.000900006853044033,1125125.17069447,56,10000,0,14,56,0.0,0.0,97.92578125,97.92578125,N/A (GPTCache eviction path is CPU-only),spec_oversized
FIFO,high_variance_cost,10000000,0.9,0.899571276684593,283.54358715724123,0.000200001522898674,0.000500003807246685,0.000800006091594696,1488826.3594485035,56,10000,0,14,56,0.0,0.0,97.92578125,97.92578125,N/A (GPTCache eviction path is CPU-only),spec_oversized
Random,high_variance_cost,10000000,0.9,0.899571276684593,283.54358715724123,0.000200001522898674,0.000600004568696022,0.000700005330145359,1218828.4638725761,56,10000,0,14,56,0.0,0.0,97.92578125,97.92578125,N/A (GPTCache eviction path is CPU-only),spec_oversized
"GDSF(a=1.0,b=1.0)",high_variance_cost,10000000,0.9,0.899571276684593,283.54358715724123,0.0023999891709536314,0.004799992893822491,0.007701000431552551,293428.9519560678,56,10000,0,14,56,0.0,0.0,97.92578125,97.92578125,N/A (GPTCache eviction path is CPU-only),spec_oversized
LRU,high_variance_cost,10000000,0.9,0.8980804117835618,284.33719439884794,0.000300002284348011,0.000700005330145359,0.00100000761449337,833708.501813007,56,10000,0,15,57,0.0,0.0,97.92578125,97.92578125,N/A (GPTCache eviction path is CPU-only),spec_oversized
LFU,high_variance_cost,10000000,0.9,0.8980804117835618,284.33719439884794,0.000300002284348011,0.000800006091594696,0.0011999945854768157,960910.1734399998,56,10000,0,15,57,0.0,0.0,97.92578125,97.92578125,N/A (GPTCache eviction path is CPU-only),spec_oversized
FIFO,high_variance_cost,10000000,0.9,0.8980804117835618,284.33719439884794,0.000200001522898674,0.0005999900167807937,0.0007999915396794677,1399364.6904350813,56,10000,0,15,57,0.0,0.0,97.92578125,97.92578125,N/A (GPTCache eviction path is CPU-only),spec_oversized
Random,high_variance_cost,10000000,0.9,0.8980804117835618,284.33719439884794,0.000300002284348011,0.0008999923011288047,0.001100008375942707,974886.9139025187,56,10000,0,15,57,0.0,0.0,97.92578125,97.92578125,N/A (GPTCache eviction path is CPU-only),spec_oversized
"GDSF(a=1.0,b=1.0)",high_variance_cost,10000000,0.9,0.8980804117835618,284.33719439884794,0.0028999929782003164,0.005005008279113026,0.007099995855242014,242990.92669284786,56,10000,0,15,57,0.0,0.0,97.92578125,97.92578125,N/A (GPTCache eviction path is CPU-only),spec_oversized
LRU,high_variance_cost,10000000,0.9,0.8994361449261299,278.6890926402926,0.000300002284348011,0.000900006853044033,0.0011999945854768157,969687.5663754924,56,10000,0,16,58,0.0,0.0,97.92578125,97.92578125,N/A (GPTCache eviction path is CPU-only),spec_oversized
LFU,high_variance_cost,10000000,0.9,0.8994361449261299,278.6890926402926,0.000300002284348011,0.000900006853044033,0.0011999945854768157,979489.49117863,56,10000,0,16,58,0.0,0.0,97.92578125,97.92578125,N/A (GPTCache eviction path is CPU-only),spec_oversized
FIFO,high_variance_cost,10000000,0.9,0.8994361449261299,278.6890926402926,0.000200001522898674,0.000700005330145359,0.000800006091594696,1178439.2764111676,56,10000,0,16,58,0.0,0.0,97.92578125,97.92578125,N/A (GPTCache eviction path is CPU-only),spec_oversized
Random,high_variance_cost,10000000,0.9,0.8994361449261299,278.6890926402926,0.000200001522898674,0.000600004568696022,0.000800006091594696,1198738.9263969515,56,10000,0,16,58,0.0,0.0,97.92578125,97.92578125,N/A (GPTCache eviction path is CPU-only),spec_oversized
"GDSF(a=1.0,b=1.0)",high_variance_cost,10000000,0.9,0.8994361449261299,278.6890926402926,0.0024999899324029684,0.004599991370923817,0.006600006599910557,271923.12188573217,56,10000,0,16,58,0.0,0.0,97.92578125,97.92578125,N/A (GPTCache eviction path is CPU-only),spec_oversized
LRU,high_variance_cost,10000000,0.9,0.8999437966281686,278.0003176643984,0.000300002284348011,0.000700005330145359,0.001200009137392044,1080438.6579763582,56,10000,0,17,59,0.0,0.0,97.92578125,97.92578125,N/A (GPTCache eviction path is CPU-only),spec_oversized
LFU,high_variance_cost,10000000,0.9,0.8999437966281686,278.0003176643984,0.000400003045797348,0.00100000761449337,0.0013999961083754897,827013.5721373906,56,10000,0,17,59,0.0,0.0,97.92578125,97.92578125,N/A (GPTCache eviction path is CPU-only),spec_oversized
FIFO,high_variance_cost,10000000,0.9,0.8999437966281686,278.0003176643984,0.000200001522898674,0.0008999923011288047,0.0010999938240274787,1081981.7592136783,56,10000,0,17,59,0.0,0.0,97.92578125,97.92578125,N/A (GPTCache eviction path is CPU-only),spec_oversized
Random,high_variance_cost,10000000,0.9,0.8999437966281686,278.0003176643984,0.000200001522898674,0.0004999892553314567,0.000600004568696022,1685772.0836058261,56,10000,0,17,59,0.0,0.0,97.92578125,97.92578125,N/A (GPTCache eviction path is CPU-only),spec_oversized
"GDSF(a=1.0,b=1.0)",high_variance_cost,10000000,0.9,0.8999437966281686,278.0003176643984,0.0020000006770715117,0.0036999990697950125,0.00629998990916647,356616.84729258105,56,10000,0,17,59,0.0,0.0,97.92578125,97.92578125,N/A (GPTCache eviction path is CPU-only),spec_oversized
LRU,high_variance_cost,10000000,0.9,0.8972966612507566,279.8523264570739,0.000400003045797348,0.000800006091594696,0.0010999938240274787,822361.6582665689,56,10000,0,18,60,0.0,0.0,97.92578125,97.92578125,N/A (GPTCache eviction path is CPU-only),spec_oversized
LFU,high_variance_cost,10000000,0.9,0.8972966612507566,279.8523264570739,0.00039998849388211966,0.00100000761449337,0.0013999961083754897,856934.7441742378,56,10000,0,18,60,0.0,0.0,97.92578125,97.92578125,N/A (GPTCache eviction path is CPU-only),spec_oversized
FIFO,high_variance_cost,10000000,0.9,0.8972966612507566,279.8523264570739,0.000300002284348011,0.00100000761449337,0.0012999953469261527,880180.965252349,56,10000,0,18,60,0.0,0.0,97.92578125,97.92578125,N/A (GPTCache eviction path is CPU-only),spec_oversized
Random,high_variance_cost,10000000,0.9,0.8972966612507566,279.8523264570739,0.000300002284348011,0.000700005330145359,0.0009999930625781417,935348.6975871181,56,10000,0,18,60,0.0,0.0,97.92578125,97.92578125,N/A (GPTCache eviction path is CPU-only),spec_oversized
"GDSF(a=1.0,b=1.0)",high_variance_cost,10000000,0.9,0.8972966612507566,279.8523264570739,0.0021000014385208488,0.004199988325126469,0.006301004323177062,318270.64464744093,56,10000,0,18,60,0.0,0.0,97.92578125,97.92578125,N/A (GPTCache eviction path is CPU-only),spec_oversized
LRU,high_variance_cost,10000000,0.9,0.8979200359246288,290.12375685722486,0.000400003045797348,0.000900006853044033,0.001200009137392044,876516.3735334396,56,10000,0,19,61,0.0,0.0,97.92578125,97.92578125,N/A (GPTCache eviction path is CPU-only),spec_oversized
LFU,high_variance_cost,10000000,0.9,0.8979200359246288,290.12375685722486,0.000400003045797348,0.0009999930625781417,0.0012999953469261527,824279.9912948078,56,10000,0,19,61,0.0,0.0,97.92578125,97.92578125,N/A (GPTCache eviction path is CPU-only),spec_oversized
FIFO,high_variance_cost,10000000,0.9,0.8979200359246288,290.12375685722486,0.000300002284348011,0.0008999923011288047,0.0011999945854768157,874691.6708875231,56,10000,0,19,61,0.0,0.0,97.92578125,97.92578125,N/A (GPTCache eviction path is CPU-only),spec_oversized
Random,high_variance_cost,10000000,0.9,0.8979200359246288,290.12375685722486,0.000300002284348011,0.000700005330145359,0.000900006853044033,1066734.9372290242,56,10000,0,19,61,0.0,0.0,97.92578125,97.92578125,N/A (GPTCache eviction path is CPU-only),spec_oversized
"GDSF(a=1.0,b=1.0)",high_variance_cost,10000000,0.9,0.8979200359246288,290.12375685722486,0.0025000044843181968,0.0049000082071870565,0.006901008746353932,277584.239805668,56,10000,0,19,61,0.0,0.0,97.92578125,97.92578125,N/A (GPTCache eviction path is CPU-only),spec_oversized
LRU,high_variance_cost,10000000,0.9,0.9016522755202023,289.1371687152879,0.000300002284348011,0.000900006853044033,0.001200009137392044,1000320.1024829344,56,10000,0,20,62,0.0,0.0,97.92578125,97.92578125,N/A (GPTCache eviction path is CPU-only),spec_oversized
LFU,high_variance_cost,10000000,0.9,0.9016522755202023,289.1371687152879,0.000400003045797348,0.00100000761449337,0.0013999961083754897,781848.6031468069,56,10000,0,20,62,0.0,0.0,97.92578125,97.92578125,N/A (GPTCache eviction path is CPU-only),spec_oversized
FIFO,high_variance_cost,10000000,0.9,0.9016522755202023,289.1371687152879,0.000200001522898674,0.000600004568696022,0.0008999923011288047,1146946.8290111052,56,10000,0,20,62,0.0,0.0,97.92578125,97.92578125,N/A (GPTCache eviction path is CPU-only),spec_oversized
Random,high_variance_cost,10000000,0.9,0.9016522755202023,289.1371687152879,0.000200001522898674,0.0007999915396794677,0.0009999930625781417,1078818.4791150573,56,10000,0,20,62,0.0,0.0,97.92578125,97.92578125,N/A (GPTCache eviction path is CPU-only),spec_oversized
"GDSF(a=1.0,b=1.0)",high_variance_cost,10000000,0.9,0.9016522755202023,289.1371687152879,0.0021000014385208488,0.003500012098811567,0.005699999746866524,349402.34728982626,56,10000,0,20,62,0.0,0.0,97.92578125,97.92578125,N/A (GPTCache eviction path is CPU-only),spec_oversized
LRU,high_variance_cost,10000000,0.9,0.8982245524052564,281.38824316690847,0.000400003045797348,0.0009999930625781417,0.0013999961083754897,889798.4609914648,56,10000,0,21,63,0.0,0.0,97.92578125,97.92578125,N/A (GPTCache eviction path is CPU-only),spec_oversized
LFU,high_variance_cost,10000000,0.9,0.8982245524052564,281.38824316690847,0.000300002284348011,0.000700005330145359,0.0010999938240274787,1165827.2723185236,56,10000,0,21,63,0.0,0.0,97.95703125,97.95703125,N/A (GPTCache eviction path is CPU-only),spec_oversized
FIFO,high_variance_cost,10000000,0.9,0.8982245524052564,281.38824316690847,0.000300002284348011,0.000700005330145359,0.0009999930625781417,964375.9524109514,56,10000,0,21,63,0.0,0.0,97.95703125,97.95703125,N/A (GPTCache eviction path is CPU-only),spec_oversized
Random,high_variance_cost,10000000,0.9,0.8982245524052564,281.38824316690847,0.000300002284348011,0.0008999923011288047,0.001099993969546631,878333.2742554274,56,10000,0,21,63,0.0,0.0,97.95703125,97.95703125,N/A (GPTCache eviction path is CPU-only),spec_oversized
"GDSF(a=1.0,b=1.0)",high_variance_cost,10000000,0.9,0.8982245524052564,281.38824316690847,0.0024999899324029684,0.0048000074457377195,0.006901008746353932,281426.1551498162,56,10000,0,21,63,0.0,0.0,97.95703125,97.95703125,N/A (GPTCache eviction path is CPU-only),spec_oversized
LRU,high_variance_cost,10000000,0.9,0.8996829234822531,271.8415061664482,0.000300002284348011,0.0008999923011288047,0.0011999945854768157,987547.0324615864,56,10000,0,22,64,0.0,0.0,97.95703125,97.95703125,N/A (GPTCache eviction path is CPU-only),spec_oversized
LFU,high_variance_cost,10000000,0.9,0.8996829234822531,271.8415061664482,0.000400003045797348,0.00100000761449337,0.001300009898841381,864767.6370227487,56,10000,0,22,64,0.0,0.0,97.95703125,97.95703125,N/A (GPTCache eviction path is CPU-only),spec_oversized
FIFO,high_variance_cost,10000000,0.9,0.8996829234822531,271.8415061664482,0.000300002284348011,0.0007999915396794677,0.00100000761449337,1020803.9852205828,56,10000,0,22,64,0.0,0.0,97.95703125,97.95703125,N/A (GPTCache eviction path is CPU-only),spec_oversized
Random,high_variance_cost,10000000,0.9,0.8996829234822531,271.8415061664482,0.000200001522898674,0.000500003807246685,0.000800006091594696,1356263.223218118,56,10000,0,22,64,0.0,0.0,97.95703125,97.95703125,N/A (GPTCache eviction path is CPU-only),spec_oversized
"GDSF(a=1.0,b=1.0)",high_variance_cost,10000000,0.9,0.8996829234822531,271.8415061664482,0.0023999891709536314,0.0048000074457377195,0.006899994477862492,285973.2957359814,56,10000,0,22,64,0.0,0.0,97.95703125,97.95703125,N/A (GPTCache eviction path is CPU-only),spec_oversized
LRU,high_variance_cost,10000000,0.9,0.8998710546673352,284.9684443642415,0.00039998849388211966,0.0008999923011288047,0.0011999945854768157,972053.4628326623,56,10000,0,23,65,0.0,0.0,97.9765625,97.9765625,N/A (GPTCache eviction path is CPU-only),spec_oversized
LFU,high_variance_cost,10000000,0.9,0.8998710546673352,284.9684443642415,0.000400003045797348,0.00100000761449337,0.0012999953469261527,766119.1467981819,56,10000,0,23,65,0.0,0.0,97.9765625,97.9765625,N/A (GPTCache eviction path is CPU-only),spec_oversized
FIFO,high_variance_cost,10000000,0.9,0.8998710546673352,284.9684443642415,0.000300002284348011,0.000900006853044033,0.001200009137392044,858700.7860643337,56,10000,0,23,65,0.0,0.0,97.9765625,97.9765625,N/A (GPTCache eviction path is CPU-only),spec_oversized
Random,high_variance_cost,10000000,0.9,0.8998710546673352,284.9684443642415,0.000300002284348011,0.000800006091594696,0.00100000761449337,990187.245127778,56,10000,0,23,65,0.0,0.0,97.9765625,97.9765625,N/A (GPTCache eviction path is CPU-only),spec_oversized
"GDSF(a=1.0,b=1.0)",high_variance_cost,10000000,0.9,0.8998710546673352,284.9684443642415,0.002800006768666208,0.005299996701069176,0.007401012553600616,243416.2003494458,56,10000,0,23,65,0.0,0.0,97.9765625,97.9765625,N/A (GPTCache eviction path is CPU-only),spec_oversized
LRU,high_variance_cost,10000000,0.9,0.9000316666233418,276.3783348938587,0.000400003045797348,0.0009999930625781417,0.001300009898841381,598985.3189532901,56,10000,0,24,66,0.0,0.0,97.9765625,97.9765625,N/A (GPTCache eviction path is CPU-only),spec_oversized
LFU,high_variance_cost,10000000,0.9,0.9000316666233418,276.3783348938587,0.00039998849388211966,0.0009999930625781417,0.001200009137392044,954280.4257258476,56,10000,0,24,66,0.0,0.0,97.9765625,97.9765625,N/A (GPTCache eviction path is CPU-only),spec_oversized
FIFO,high_variance_cost,10000000,0.9,0.9000316666233418,276.3783348938587,0.000200001522898674,0.000600004568696022,0.000900006853044033,1131234.516969768,56,10000,0,24,66,0.0,0.0,97.98046875,97.98046875,N/A (GPTCache eviction path is CPU-only),spec_oversized
Random,high_variance_cost,10000000,0.9,0.9000316666233418,276.3783348938587,0.000200001522898674,0.000700005330145359,0.000900006853044033,1193061.1565340275,56,10000,0,24,66,0.0,0.0,97.98046875,97.98046875,N/A (GPTCache eviction path is CPU-only),spec_oversized
"GDSF(a=1.0,b=1.0)",high_variance_cost,10000000,0.9,0.9000316666233418,276.3783348938587,0.0023999891709536314,0.0043000036384910345,0.006099988240748644,289703.08330025774,56,10000,0,24,66,0.0,0.0,97.98046875,97.98046875,N/A (GPTCache eviction path is CPU-only),spec_oversized
LRU,high_variance_cost,10000000,0.9,0.9027052856081837,290.0126811869023,0.000400003045797348,0.000900006853044033,0.0011999945854768157,844316.4830860429,56,10000,0,25,67,0.0,0.0,97.98046875,97.98046875,N/A (GPTCache eviction path is CPU-only),spec_oversized
LFU,high_variance_cost,10000000,0.9,0.9027052856081837,290.0126811869023,0.000300002284348011,0.000700005330145359,0.00100000761449337,1298397.776959811,56,10000,0,25,67,0.0,0.0,97.98046875,97.98046875,N/A (GPTCache eviction path is CPU-only),spec_oversized
FIFO,high_variance_cost,10000000,0.9,0.9027052856081837,290.0126811869023,0.000200001522898674,0.000600004568696022,0.000900006853044033,1156831.668934988,56,10000,0,25,67,0.0,0.0,97.98046875,97.98046875,N/A (GPTCache eviction path is CPU-only),spec_oversized
Random,high_variance_cost,10000000,0.9,0.9027052856081837,290.0126811869023,0.00029998773243278265,0.000700005330145359,0.000800006091594696,1116108.7995754855,56,10000,0,25,67,0.0,0.0,97.98046875,97.98046875,N/A (GPTCache eviction path is CPU-only),spec_oversized
"GDSF(a=1.0,b=1.0)",high_variance_cost,10000000,0.9,0.9027052856081837,290.0126811869023,0.0023000029614195228,0.004300018190406263,0.005999987624818459,308886.9876142724,56,10000,0,25,67,0.0,0.0,97.98046875,97.98046875,N/A (GPTCache eviction path is CPU-only),spec_oversized
LRU,high_variance_cost,10000000,0.9,0.9027791581421654,281.68072300775515,0.000400003045797348,0.000900006853044033,0.0011999945854768157,825525.2408720981,56,10000,0,26,68,0.0,0.0,97.98046875,97.98046875,N/A (GPTCache eviction path is CPU-only),spec_oversized
LFU,high_variance_cost,10000000,0.9,0.9027791581421654,281.68072300775515,0.000300002284348011,0.000800006091594696,0.0010999938240274787,1086448.7262911412,56,10000,0,26,68,0.0,0.0,97.98046875,97.98046875,N/A (GPTCache eviction path is CPU-only),spec_oversized
FIFO,high_variance_cost,10000000,0.9,0.9027791581421654,281.68072300775515,0.000300002284348011,0.0009999930625781417,0.001200009137392044,826337.0139516343,56,10000,0,26,68,0.0,0.0,97.984375,97.984375,N/A (GPTCache eviction path is CPU-only),spec_oversized
Random,high_variance_cost,10000000,0.9,0.9027791581421654,281.68072300775515,0.000200001522898674,0.000600004568696022,0.0008999923011288047,1161049.124340541,56,10000,0,26,68,0.0,0.0,97.984375,97.984375,N/A (GPTCache eviction path is CPU-only),spec_oversized
"GDSF(a=1.0,b=1.0)",high_variance_cost,10000000,0.9,0.9027791581421654,281.68072300775515,0.0022000021999701858,0.0045000051613897085,0.006499991286545992,307823.01396138594,56,10000,0,26,68,0.0,0.0,97.984375,97.984375,N/A (GPTCache eviction path is CPU-only),spec_oversized
LRU,high_variance_cost,10000000,0.9,0.9012076300254214,283.0239089738865,0.000200001522898674,0.0005999900167807937,0.000800006091594696,1455476.959375429,56,10000,0,27,69,0.0,0.0,97.984375,97.984375,N/A (GPTCache eviction path is CPU-only),spec_oversized
LFU,high_variance_cost,10000000,0.9,0.9012076300254214,283.0239089738865,0.000300002284348011,0.000800006091594696,0.001100008375942707,1064974.0672268295,56,10000,0,27,69,0.0,0.0,97.984375,97.984375,N/A (GPTCache eviction path is CPU-only),spec_oversized
FIFO,high_variance_cost,10000000,0.9,0.9012076300254214,283.0239089738865,0.000200001522898674,0.0006999907782301307,0.0008999923011288047,1281394.1579124765,56,10000,0,27,69,0.0,0.0,97.984375,97.984375,N/A (GPTCache eviction path is CPU-only),spec_oversized
Random,high_variance_cost,10000000,0.9,0.9012076300254214,283.0239089738865,0.000200001522898674,0.000600004568696022,0.000700005330145359,1350074.2545708239,56,10000,0,27,69,0.0,0.0,97.984375,97.984375,N/A (GPTCache eviction path is CPU-only),spec_oversized
"GDSF(a=1.0,b=1.0)",high_variance_cost,10000000,0.9,0.9012076300254214,283.0239089738865,0.0020000006770715117,0.0036999990697950125,0.005199995939619839,348904.9617204501,56,10000,0,27,69,0.0,0.0,97.984375,97.984375,N/A (GPTCache eviction path is CPU-only),spec_oversized
LRU,high_variance_cost,10000000,0.9,0.8998061016670348,282.1810350372909,0.000400003045797348,0.000600004568696022,0.0009999930625781417,996710.8543146168,56,10000,0,28,70,0.0,0.0,97.984375,97.984375,N/A (GPTCache eviction path is CPU-only),spec_oversized
LFU,high_variance_cost,10000000,0.9,0.8998061016670348,282.1810350372909,0.000300002284348011,0.000900006853044033,0.001399996253894642,985959.9303722766,56,10000,0,28,70,0.0,0.0,97.984375,97.984375,N/A (GPTCache eviction path is CPU-only),spec_oversized
FIFO,high_variance_cost,10000000,0.9,0.8998061016670348,282.1810350372909,0.000200001522898674,0.0004999892553314567,0.000600004568696022,1823952.1402355537,56,10000,0,28,70,0.0,0.0,97.984375,97.984375,N/A (GPTCache eviction path is CPU-only),spec_oversized
Random,high_variance_cost,10000000,0.9,0.8998061016670348,282.1810350372909,0.000200001522898674,0.000500003807246685,0.000699990923749283,1527417.1382673376,56,10000,0,28,70,0.0,0.0,97.984375,97.984375,N/A (GPTCache eviction path is CPU-only),spec_oversized
"GDSF(a=1.0,b=1.0)",high_variance_cost,10000000,0.9,0.8998061016670348,282.1810350372909,0.001500011421740055,0.0037999998312443495,0.005900001269765198,396336.2676511124,56,10000,0,28,70,0.0,0.0,97.984375,97.984375,N/A (GPTCache eviction path is CPU-only),spec_oversized
LRU,high_variance_cost,10000000,0.9001,0.8995642624402921,271.66572167103845,0.000200001522898674,0.000700005330145359,0.0010999938240274787,1336041.0418135426,56,10000,0,29,71,0.0,0.0,97.984375,97.984375,N/A (GPTCache eviction path is CPU-only),spec_oversized
LFU,high_variance_cost,10000000,0.9001,0.8995642624402921,271.66572167103845,0.000200001522898674,0.000800006091594696,0.00100000761449337,1325820.3520618891,56,10000,0,29,71,0.0,0.0,97.984375,97.984375,N/A (GPTCache eviction path is CPU-only),spec_oversized
FIFO,high_variance_cost,10000000,0.9001,0.8995642624402921,271.66572167103845,0.00019998697098344564,0.000400003045797348,0.000500003807246685,1965833.8039579683,56,10000,0,29,71,0.0,0.0,97.984375,97.984375,N/A (GPTCache eviction path is CPU-only),spec_oversized
Random,high_variance_cost,10000000,0.9001,0.8995642624402921,271.66572167103845,0.00019998697098344564,0.000400003045797348,0.000500003807246685,1982946.6597628125,56,10000,0,29,71,0.0,0.0,97.984375,97.984375,N/A (GPTCache eviction path is CPU-only),spec_oversized
"GDSF(a=1.0,b=1.0)",high_variance_cost,10000000,0.9001,0.8995642624402921,271.66572167103845,0.0015999976312741637,0.003000008291564882,0.004599991370923817,437960.67996294313,56,10000,0,29,71,0.0,0.0,97.984375,97.984375,N/A (GPTCache eviction path is CPU-only),spec_oversized
LRU,high_variance_cost,50000000,0.9,0.8975804974826118,273.6210440867278,0.000300002284348011,0.0008999923011288047,0.001100008375942707,1077098.7267213673,56,10000,0,0,42,0.0,0.0,97.984375,97.984375,N/A (GPTCache eviction path is CPU-only),spec_oversized
LFU,high_variance_cost,50000000,0.9,0.8975804974826118,273.6210440867278,0.000300002284348011,0.000700005330145359,0.0008999923011288047,1185578.6225158793,56,10000,0,0,42,0.0,0.0,97.984375,97.984375,N/A (GPTCache eviction path is CPU-only),spec_oversized
FIFO,high_variance_cost,50000000,0.9,0.8975804974826118,273.6210440867278,0.000200001522898674,0.000500003807246685,0.000800006091594696,1405698.701252562,56,10000,0,0,42,0.0,0.0,97.984375,97.984375,N/A (GPTCache eviction path is CPU-only),spec_oversized
Random,high_variance_cost,50000000,0.9,0.8975804974826118,273.6210440867278,0.000200001522898674,0.000600004568696022,0.000700005330145359,1372551.709941216,56,10000,0,0,42,0.0,0.0,97.984375,97.984375,N/A (GPTCache eviction path is CPU-only),spec_oversized
"GDSF(a=1.0,b=1.0)",high_variance_cost,50000000,0.9,0.8975804974826118,273.6210440867278,0.0017999991541728377,0.0035999983083456755,0.0053000112529844046,387981.8735272544,56,10000,0,0,42,0.0,0.0,97.984375,97.984375,N/A (GPTCache eviction path is CPU-only),spec_oversized
LRU,high_variance_cost,50000000,0.9,0.898644089303119,273.5688639641976,0.000300002284348011,0.000600004568696022,0.000700005330145359,1260382.4008780194,56,10000,0,1,43,0.0,0.0,97.984375,97.984375,N/A (GPTCache eviction path is CPU-only),spec_oversized
LFU,high_variance_cost,50000000,0.9,0.898644089303119,273.5688639641976,0.000200001522898674,0.000700005330145359,0.0009999930625781417,1388368.251037155,56,10000,0,1,43,0.0,0.0,97.984375,97.984375,N/A (GPTCache eviction path is CPU-only),spec_oversized
FIFO,high_variance_cost,50000000,0.9,0.898644089303119,273.5688639641976,0.000200001522898674,0.0005999900167807937,0.0008999923011288047,1289956.398390885,56,10000,0,1,43,0.0,0.0,97.984375,97.984375,N/A (GPTCache eviction path is CPU-only),spec_oversized
Random,high_variance_cost,50000000,0.9,0.898644089303119,273.5688639641976,0.000200001522898674,0.000700005330145359,0.000900006853044033,1085776.3296274936,56,10000,0,1,43,0.0,0.0,97.984375,97.984375,N/A (GPTCache eviction path is CPU-only),spec_oversized
"GDSF(a=1.0,b=1.0)",high_variance_cost,50000000,0.9,0.898644089303119,273.5688639641976,0.0022000021999701858,0.0041000021155923605,0.010500007192604244,316712.27327096474,56,10000,0,1,43,0.0,0.0,97.984375,97.984375,N/A (GPTCache eviction path is CPU-only),spec_oversized
LRU,high_variance_cost,50000000,0.9,0.8992388195205272,262.12700374210243,0.00029998773243278265,0.000500003807246685,0.000700005330145359,1312439.299788363,56,10000,0,2,44,0.0,0.0,97.984375,97.984375,N/A (GPTCache eviction path is CPU-only),spec_oversized
LFU,high_variance_cost,50000000,0.9,0.8992388195205272,262.12700374210243,0.00029998773243278265,0.000600004568696022,0.000900006853044033,1267893.1418829632,56,10000,0,2,44,0.0,0.0,97.984375,97.984375,N/A (GPTCache eviction path is CPU-only),spec_oversized
FIFO,high_variance_cost,50000000,0.9,0.8992388195205272,262.12700374210243,0.000200001522898674,0.0004999892553314567,0.0008999923011288047,1316534.3560829423,56,10000,0,2,44,0.0,0.0,97.984375,97.984375,N/A (GPTCache eviction path is CPU-only),spec_oversized
Random,high_variance_cost,50000000,0.9,0.8992388195205272,262.12700374210243,0.000200001522898674,0.000700005330145359,0.0009999930625781417,1316291.7421734065,56,10000,0,2,44,0.0,0.0,97.984375,97.984375,N/A (GPTCache eviction path is CPU-only),spec_oversized
"GDSF(a=1.0,b=1.0)",high_variance_cost,50000000,0.9,0.8992388195205272,262.12700374210243,0.0023000029614195228,0.004599991370923817,0.011300998739898226,286220.48710791173,56,10000,0,2,44,0.0,0.0,97.984375,97.984375,N/A (GPTCache eviction path is CPU-only),spec_oversized
LRU,high_variance_cost,50000000,0.9,0.8999751247607716,285.85141967403086,0.000300002284348011,0.0007999915396794677,0.00100000761449337,978732.1498911217,56,10000,0,3,45,0.0,0.0,97.984375,97.984375,N/A (GPTCache eviction path is CPU-only),spec_oversized
LFU,high_variance_cost,50000000,0.9,0.8999751247607716,285.85141967403086,0.000200001522898674,0.000600004568696022,0.00100000761449337,1485398.5333319993,56,10000,0,3,45,0.0,0.0,97.984375,97.984375,N/A (GPTCache eviction path is CPU-only),spec_oversized
FIFO,high_variance_cost,50000000,0.9,0.8999751247607716,285.85141967403086,0.000200001522898674,0.000600004568696022,0.0009999930625781417,1550387.5967145385,56,10000,0,3,45,0.0,0.0,97.984375,97.984375,N/A (GPTCache eviction path is CPU-only),spec_oversized
Random,high_variance_cost,50000000,0.9,0.8999751247607716,285.85141967403086,0.000200001522898674,0.0004999892553314567,0.000700005330145359,1397057.7977824027,56,10000,0,3,45,0.0,0.0,97.984375,97.984375,N/A (GPTCache eviction path is CPU-only),spec_oversized
"GDSF(a=1.0,b=1.0)",high_variance_cost,50000000,0.9,0.8999751247607716,285.85141967403086,0.0022000021999701858,0.0039000005926936865,0.006800008122809231,330083.1148503028,56,10000,0,3,45,0.0,0.0,97.984375,97.984375,N/A (GPTCache eviction path is CPU-only),spec_oversized
LRU,high_variance_cost,50000000,0.9,0.8998662109893271,276.14096721878985,0.000400003045797348,0.0007999915396794677,0.00100000761449337,917321.7882185514,56,10000,0,4,46,0.0,0.0,97.984375,97.984375,N/A (GPTCache eviction path is CPU-only),spec_oversized
LFU,high_variance_cost,50000000,0.9,0.8998662109893271,276.14096721878985,0.000300002284348011,0.000700005330145359,0.000900006853044033,1028478.5704972914,56,10000,0,4,46,0.0,0.0,97.984375,97.984375,N/A (GPTCache eviction path is CPU-only),spec_oversized
FIFO,high_variance_cost,50000000,0.9,0.8998662109893271,276.14096721878985,0.00029998773243278265,0.0008999923011288047,0.0010999938240274787,1008623.7330631015,56,10000,0,4,46,0.0,0.0,97.984375,97.984375,N/A (GPTCache eviction path is CPU-only),spec_oversized
Random,high_variance_cost,50000000,0.9,0.8998662109893271,276.14096721878985,0.000200001522898674,0.000600004568696022,0.000900006853044033,1149227.1463178615,56,10000,0,4,46,0.0,0.0,97.984375,97.984375,N/A (GPTCache eviction path is CPU-only),spec_oversized
"GDSF(a=1.0,b=1.0)",high_variance_cost,50000000,0.9,0.8998662109893271,276.14096721878985,0.002800006768666208,0.005199995939619839,0.007599999662488699,239456.14718305622,56,10000,0,4,46,0.0,0.0,97.984375,97.984375,N/A (GPTCache eviction path is CPU-only),spec_oversized
LRU,high_variance_cost,50000000,0.9,0.899421992476946,290.31773262027434,0.000400003045797348,0.0008999923011288047,0.001200009137392044,861311.6050969926,56,10000,0,5,47,0.0,0.0,97.984375,97.984375,N/A (GPTCache eviction path is CPU-only),spec_oversized
LFU,high_variance_cost,50000000,0.9,0.899421992476946,290.31773262027434,0.00039998849388211966,0.000900006853044033,0.001100008375942707,940530.2716106226,56,10000,0,5,47,0.0,0.0,97.984375,97.984375,N/A (GPTCache eviction path is CPU-only),spec_oversized
FIFO,high_variance_cost,50000000,0.9,0.899421992476946,290.31773262027434,0.00029998773243278265,0.0007999915396794677,0.000900006853044033,1072754.1895030772,56,10000,0,5,47,0.0,0.0,97.984375,97.984375,N/A (GPTCache eviction path is CPU-only),spec_oversized
Random,high_variance_cost,50000000,0.9,0.899421992476946,290.31773262027434,0.00029998773243278265,0.000700005330145359,0.0008999923011288047,1087169.2286126432,56,10000,0,5,47,0.0,0.0,97.984375,97.984375,N/A (GPTCache eviction path is CPU-only),spec_oversized
"GDSF(a=1.0,b=1.0)",high_variance_cost,50000000,0.9,0.899421992476946,290.31773262027434,0.0022000021999701858,0.004105001426068993,0.005900001269765198,317042.6264496509,56,10000,0,5,47,0.0,0.0,97.984375,97.984375,N/A (GPTCache eviction path is CPU-only),spec_oversized
LRU,high_variance_cost,50000000,0.9,0.9002472859333495,261.5836827731951,0.000300002284348011,0.0008999923011288047,0.001100008375942707,948379.6927016351,56,10000,0,6,48,0.0,0.0,97.984375,97.984375,N/A (GPTCache eviction path is CPU-only),spec_oversized
LFU,high_variance_cost,50000000,0.9,0.9002472859333495,261.5836827731951,0.00039998849388211966,0.000800006091594696,0.0011999945854768157,961723.4071376766,56,10000,0,6,48,0.0,0.0,97.984375,97.984375,N/A (GPTCache eviction path is CPU-only),spec_oversized
FIFO,high_variance_cost,50000000,0.9,0.9002472859333495,261.5836827731951,0.000200001522898674,0.000700005330145359,0.0008999923011288047,1157983.7172836314,56,10000,0,6,48,0.0,0.0,97.984375,97.984375,N/A (GPTCache eviction path is CPU-only),spec_oversized
Random,high_variance_cost,50000000,0.9,0.9002472859333495,261.5836827731951,0.000300002284348011,0.000800006091594696,0.00100000761449337,987839.6932981646,56,10000,0,6,48,0.0,0.0,97.984375,97.984375,N/A (GPTCache eviction path is CPU-only),spec_oversized
"GDSF(a=1.0,b=1.0)",high_variance_cost,50000000,0.9,0.9002472859333495,261.5836827731951,0.0021000014385208488,0.0039000005926936865,0.006699992809444666,327880.67766747513,56,10000,0,6,48,0.0,0.0,97.984375,97.984375,N/A (GPTCache eviction path is CPU-only),spec_oversized
LRU,high_variance_cost,50000000,0.9001,0.9009300226096285,273.12012328656834,0.000300002284348011,0.000700005330145359,0.000900006853044033,1055732.0967597018,56,10000,0,7,49,0.0,0.0,97.984375,97.984375,N/A (GPTCache eviction path is CPU-only),spec_oversized
LFU,high_variance_cost,50000000,0.9001,0.9009300226096285,273.12012328656834,0.000300002284348011,0.0009999930625781417,0.0013999961083754897,1035432.499251901,56,10000,0,7,49,0.0,0.0,97.984375,97.984375,N/A (GPTCache eviction path is CPU-only),spec_oversized
FIFO,high_variance_cost,50000000,0.9001,0.9009300226096285,273.12012328656834,0.000300002284348011,0.000800006091594696,0.0010999938240274787,968035.4682444273,56,10000,0,7,49,0.0,0.0,97.984375,97.984375,N/A (GPTCache eviction path is CPU-only),spec_oversized
Random,high_variance_cost,50000000,0.9001,0.9009300226096285,273.12012328656834,0.000200001522898674,0.000400003045797348,0.000600004568696022,1718478.8028839466,56,10000,0,7,49,0.0,0.0,97.984375,97.984375,N/A (GPTCache eviction path is CPU-only),spec_oversized
"GDSF(a=1.0,b=1.0)",high_variance_cost,50000000,0.9001,0.9009300226096285,273.12012328656834,0.0016999983927235007,0.0032999960239976645,0.0046000059228390455,400329.8718561761,56,10000,0,7,49,0.0,0.0,97.984375,97.984375,N/A (GPTCache eviction path is CPU-only),spec_oversized
LRU,high_variance_cost,50000000,0.9,0.8988040754294645,262.36708748709145,0.00039998849388211966,0.0009999930625781417,0.0012999953469261527,898020.7624059615,56,10000,0,8,50,0.0,0.0,97.984375,97.984375,N/A (GPTCache eviction path is CPU-only),spec_oversized
LFU,high_variance_cost,50000000,0.9,0.8988040754294645,262.36708748709145,0.000200001522898674,0.000600004568696022,0.0008999923011288047,1456791.562592476,56,10000,0,8,50,0.0,0.0,97.984375,97.984375,N/A (GPTCache eviction path is CPU-only),spec_oversized
FIFO,high_variance_cost,50000000,0.9,0.8988040754294645,262.36708748709145,0.000200001522898674,0.000500003807246685,0.000700005330145359,1300660.7354987739,56,10000,0,8,50,0.0,0.0,97.984375,97.984375,N/A (GPTCache eviction path is CPU-only),spec_oversized
Random,high_variance_cost,50000000,0.9,0.8988040754294645,262.36708748709145,0.000200001522898674,0.0006999907782301307,0.000900006853044033,1202877.2822429047,56,10000,0,8,50,0.0,0.0,97.984375,97.984375,N/A (GPTCache eviction path is CPU-only),spec_oversized
"GDSF(a=1.0,b=1.0)",high_variance_cost,50000000,0.9,0.8988040754294645,262.36708748709145,0.0020000006770715117,0.0037999998312443495,0.005099995178170502,336956.74163974315,56,10000,0,8,50,0.0,0.0,97.984375,97.984375,N/A (GPTCache eviction path is CPU-only),spec_oversized
LRU,high_variance_cost,50000000,0.9,0.9009263802551851,275.53256960139873,0.000300002284348011,0.000500003807246685,0.000700005330145359,1250515.8391820674,56,10000,0,9,51,0.0,0.0,97.984375,97.984375,N/A (GPTCache eviction path is CPU-only),spec_oversized
LFU,high_variance_cost,50000000,0.9,0.9009263802551851,275.53256960139873,0.000300002284348011,0.0007999915396794677,0.00100000761449337,1117892.9956356764,56,10000,0,9,51,0.0,0.0,97.984375,97.984375,N/A (GPTCache eviction path is CPU-only),spec_oversized
FIFO,high_variance_cost,50000000,0.9,0.9009263802551851,275.53256960139873,0.000200001522898674,0.0004999892553314567,0.0006999907782301307,1462180.69736435,56,10000,0,9,51,0.0,0.0,97.984375,97.984375,N/A (GPTCache eviction path is CPU-only),spec_oversized
Random,high_variance_cost,50000000,0.9,0.9009263802551851,275.53256960139873,0.000200001522898674,0.000600004568696022,0.000900006853044033,1397292.0456145313,56,10000,0,9,51,0.0,0.0,97.984375,97.984375,N/A (GPTCache eviction path is CPU-only),spec_oversized
"GDSF(a=1.0,b=1.0)",high_variance_cost,50000000,0.9,0.9009263802551851,275.53256960139873,0.0023000029614195228,0.0039000005926936865,0.005399997462518513,318179.50406661944,56,10000,0,9,51,0.0,0.0,97.984375,97.984375,N/A (GPTCache eviction path is CPU-only),spec_oversized
LRU,high_variance_cost,50000000,0.9,0.8994310541826837,257.13684839603116,0.00039998849388211966,0.0006999907782301307,0.00100000761449337,964320.1539560636,56,10000,0,10,52,0.0,0.0,97.984375,97.984375,N/A (GPTCache eviction path is CPU-only),spec_oversized
LFU,high_variance_cost,50000000,0.9,0.8994310541826837,257.13684839603116,0.000200001522898674,0.000600004568696022,0.000700005330145359,1545021.9366232122,56,10000,0,10,52,0.0,0.0,97.984375,97.984375,N/A (GPTCache eviction path is CPU-only),spec_oversized
FIFO,high_variance_cost,50000000,0.9,0.8994310541826837,257.13684839603116,0.000200001522898674,0.000500003807246685,0.000600004568696022,1791889.9054459014,56,10000,0,10,52,0.0,0.0,97.984375,97.984375,N/A (GPTCache eviction path is CPU-only),spec_oversized
Random,high_variance_cost,50000000,0.9,0.8994310541826837,257.13684839603116,0.00019998697098344564,0.000400003045797348,0.0005999900167807937,1934722.4662705443,56,10000,0,10,52,0.0,0.0,97.984375,97.984375,N/A (GPTCache eviction path is CPU-only),spec_oversized
"GDSF(a=1.0,b=1.0)",high_variance_cost,50000000,0.9,0.8994310541826837,257.13684839603116,0.001400010660290718,0.0028999929782003164,0.0040000013541430235,465863.8279641052,56,10000,0,10,52,0.0,0.0,97.984375,97.984375,N/A (GPTCache eviction path is CPU-only),spec_oversized
LRU,high_variance_cost,50000000,0.9,0.901582534228333,285.57671162063843,0.000300002284348011,0.000800006091594696,0.0010999938240274787,1000170.0278124922,56,10000,0,11,53,0.0,0.0,97.984375,97.984375,N/A (GPTCache eviction path is CPU-only),spec_oversized
LFU,high_variance_cost,50000000,0.9,0.901582534228333,285.57671162063843,0.000300002284348011,0.000700005330145359,0.0010999938240274787,1041720.9228498263,56,10000,0,11,53,0.0,0.0,97.984375,97.984375,N/A (GPTCache eviction path is CPU-only),spec_oversized
FIFO,high_variance_cost,50000000,0.9,0.901582534228333,285.57671162063843,0.000200001522898674,0.000700005330145359,0.000900006853044033,1083447.09421573,56,10000,0,11,53,0.0,0.0,97.984375,97.984375,N/A (GPTCache eviction path is CPU-only),spec_oversized
Random,high_variance_cost,50000000,0.9,0.901582534228333,285.57671162063843,0.000200001522898674,0.000500003807246685,0.000700005330145359,1292808.1072779282,56,10000,0,11,53,0.0,0.0,97.984375,97.984375,N/A (GPTCache eviction path is CPU-only),spec_oversized
"GDSF(a=1.0,b=1.0)",high_variance_cost,50000000,0.9,0.901582534228333,285.57671162063843,0.0022000021999701858,0.0039000005926936865,0.00549999822396785,318995.5467497301,56,10000,0,11,53,0.0,0.0,97.984375,97.984375,N/A (GPTCache eviction path is CPU-only),spec_oversized
LRU,high_variance_cost,50000000,0.9,0.8998944945386841,267.4139349068939,0.000200001522898674,0.000500003807246685,0.000701005192240722,1526740.8651640252,56,10000,0,12,54,0.0,0.0,97.984375,97.984375,N/A (GPTCache eviction path is CPU-only),spec_oversized
LFU,high_variance_cost,50000000,0.9,0.8998944945386841,267.4139349068939,0.00029998773243278265,0.000500003807246685,0.000700005330145359,1400050.400486835,56,10000,0,12,54,0.0,0.0,97.984375,97.984375,N/A (GPTCache eviction path is CPU-only),spec_oversized
FIFO,high_variance_cost,50000000,0.9,0.8998944945386841,267.4139349068939,0.000200001522898674,0.000500003807246685,0.000700005330145359,1532426.1383876035,56,10000,0,12,54,0.0,0.0,97.984375,97.984375,N/A (GPTCache eviction path is CPU-only),spec_oversized
Random,high_variance_cost,50000000,0.9,0.8998944945386841,267.4139349068939,0.000200001522898674,0.000400003045797348,0.000600004568696022,1465480.6024998312,56,10000,0,12,54,0.0,0.0,97.984375,97.984375,N/A (GPTCache eviction path is CPU-only),spec_oversized
"GDSF(a=1.0,b=1.0)",high_variance_cost,50000000,0.9,0.8998944945386841,267.4139349068939,0.0021000014385208488,0.0036999990697950125,0.005399997462518513,333392.2326040361,56,10000,0,12,54,0.0,0.0,97.984375,97.984375,N/A (GPTCache eviction path is CPU-only),spec_oversized
LRU,high_variance_cost,50000000,0.9,0.901220356560582,288.3853553394489,0.000300002284348011,0.0007999915396794677,0.0009999930625781417,996234.2354318005,56,10000,0,13,55,0.0,0.0,97.984375,97.984375,N/A (GPTCache eviction path is CPU-only),spec_oversized
LFU,high_variance_cost,50000000,0.9,0.901220356560582,288.3853553394489,0.000300002284348011,0.000900006853044033,0.0012999953469261527,944073.1095123461,56,10000,0,13,55,0.0,0.0,97.984375,97.984375,N/A (GPTCache eviction path is CPU-only),spec_oversized
FIFO,high_variance_cost,50000000,0.9,0.901220356560582,288.3853553394489,0.000200001522898674,0.000600004568696022,0.000900006853044033,1326259.9458987198,56,10000,0,13,55,0.0,0.0,97.984375,97.984375,N/A (GPTCache eviction path is CPU-only),spec_oversized
Random,high_variance_cost,50000000,0.9,0.901220356560582,288.3853553394489,0.000200001522898674,0.000500003807246685,0.000800006091594696,1247489.4263120228,56,10000,0,13,55,0.0,0.0,97.984375,97.984375,N/A (GPTCache eviction path is CPU-only),spec_oversized
"GDSF(a=1.0,b=1.0)",high_variance_cost,50000000,0.9,0.901220356560582,288.3853553394489,0.0020000006770715117,0.0037999998312443495,0.006000002031214535,344082.46976955124,56,10000,0,13,55,0.0,0.0,97.984375,97.984375,N/A (GPTCache eviction path is CPU-only),spec_oversized
LRU,high_variance_cost,50000000,0.9,0.899571276684593,283.54358715724123,0.00039998849388211966,0.0008999923011288047,0.001100008375942707,908042.5320529628,56,10000,0,14,56,0.0,0.0,97.984375,97.984375,N/A (GPTCache eviction path is CPU-only),spec_oversized
LFU,high_variance_cost,50000000,0.9,0.899571276684593,283.54358715724123,0.00039998849388211966,0.000900006853044033,0.001200009137392044,894326.393443457,56,10000,0,14,56,0.0,0.0,97.984375,97.984375,N/A (GPTCache eviction path is CPU-only),spec_oversized
FIFO,high_variance_cost,50000000,0.9,0.899571276684593,283.54358715724123,0.000200001522898674,0.0006999907782301307,0.000900006853044033,1265214.2012906314,56,10000,0,14,56,0.0,0.0,97.984375,97.984375,N/A (GPTCache eviction path is CPU-only),spec_oversized
Random,high_variance_cost,50000000,0.9,0.899571276684593,283.54358715724123,0.000200001522898674,0.0005999900167807937,0.0008999923011288047,1248377.1085010574,56,10000,0,14,56,0.0,0.0,97.984375,97.984375,N/A (GPTCache eviction path is CPU-only),spec_oversized
"GDSF(a=1.0,b=1.0)",high_variance_cost,50000000,0.9,0.899571276684593,283.54358715724123,0.0021000014385208488,0.0040000013541430235,0.006000002031214535,331001.97600436275,56,10000,0,14,56,0.0,0.0,97.984375,97.984375,N/A (GPTCache eviction path is CPU-only),spec_oversized
LRU,high_variance_cost,50000000,0.9,0.8980804117835618,284.33719439884794,0.00029998773243278265,0.000600004568696022,0.000900006853044033,1248735.6543539679,56,10000,0,15,57,0.0,0.0,97.984375,97.984375,N/A (GPTCache eviction path is CPU-only),spec_oversized
LFU,high_variance_cost,50000000,0.9,0.8980804117835618,284.33719439884794,0.000300002284348011,0.000700005330145359,0.00100000761449337,1042361.5744058313,56,10000,0,15,57,0.0,0.0,97.984375,97.984375,N/A (GPTCache eviction path is CPU-only),spec_oversized
FIFO,high_variance_cost,50000000,0.9,0.8980804117835618,284.33719439884794,0.000200001522898674,0.0007999915396794677,0.000900006853044033,1102377.8295346398,56,10000,0,15,57,0.0,0.0,97.984375,97.984375,N/A (GPTCache eviction path is CPU-only),spec_oversized
Random,high_variance_cost,50000000,0.9,0.8980804117835618,284.33719439884794,0.000200001522898674,0.0006999907782301307,0.0008999923011288047,1118705.8821212004,56,10000,0,15,57,0.0,0.0,97.984375,97.984375,N/A (GPTCache eviction path is CPU-only),spec_oversized
"GDSF(a=1.0,b=1.0)",high_variance_cost,50000000,0.9,0.8980804117835618,284.33719439884794,0.0022999884095042944,0.0041000021155923605,0.006101002654759235,306751.2890881398,56,10000,0,15,57,0.0,0.0,97.984375,97.984375,N/A (GPTCache eviction path is CPU-only),spec_oversized
LRU,high_variance_cost,50000000,0.9,0.8994361449261299,278.6890926402926,0.000300002284348011,0.000600004568696022,0.000900006853044033,1126659.0046712963,56,10000,0,16,58,0.0,0.0,97.984375,97.984375,N/A (GPTCache eviction path is CPU-only),spec_oversized
LFU,high_variance_cost,50000000,0.9,0.8994361449261299,278.6890926402926,0.00029998773243278265,0.0007999915396794677,0.001100008375942707,1281821.2111188928,56,10000,0,16,58,0.0,0.0,97.984375,97.984375,N/A (GPTCache eviction path is CPU-only),spec_oversized
FIFO,high_variance_cost,50000000,0.9,0.8994361449261299,278.6890926402926,0.000200001522898674,0.000500003807246685,0.000600004568696022,1595328.8771378847,56,10000,0,16,58,0.0,0.0,97.984375,97.984375,N/A (GPTCache eviction path is CPU-only),spec_oversized
Random,high_variance_cost,50000000,0.9,0.8994361449261299,278.6890926402926,0.000200001522898674,0.000500003807246685,0.000600004568696022,1526251.5248083991,56,10000,0,16,58,0.0,0.0,97.984375,97.984375,N/A (GPTCache eviction path is CPU-only),spec_oversized
"GDSF(a=1.0,b=1.0)",high_variance_cost,50000000,0.9,0.8994361449261299,278.6890926402926,0.0017999991541728377,0.0033999967854470015,0.006599992193514481,376191.58674667275,56,10000,0,16,58,0.0,0.0,97.984375,97.984375,N/A (GPTCache eviction path is CPU-only),spec_oversized
LRU,high_variance_cost,50000000,0.9,0.8999437966281686,278.0003176643984,0.000300002284348011,0.000800006091594696,0.0010999938240274787,981874.5960506148,56,10000,0,17,59,0.0,0.0,97.984375,97.984375,N/A (GPTCache eviction path is CPU-only),spec_oversized
LFU,high_variance_cost,50000000,0.9,0.8999437966281686,278.0003176643984,0.000200001522898674,0.0007999915396794677,0.001200009137392044,1162587.9209961153,56,10000,0,17,59,0.0,0.0,97.984375,97.984375,N/A (GPTCache eviction path is CPU-only),spec_oversized
FIFO,high_variance_cost,50000000,0.9,0.8999437966281686,278.0003176643984,0.000200001522898674,0.000500003807246685,0.000600004568696022,1425415.1522854974,56,10000,0,17,59,0.0,0.0,97.984375,97.984375,N/A (GPTCache eviction path is CPU-only),spec_oversized
Random,high_variance_cost,50000000,0.9,0.8999437966281686,278.0003176643984,0.000200001522898674,0.000600004568696022,0.0008999923011288047,1171015.0369001287,56,10000,0,17,59,0.0,0.0,97.984375,97.984375,N/A (GPTCache eviction path is CPU-only),spec_oversized
"GDSF(a=1.0,b=1.0)",high_variance_cost,50000000,0.9,0.8999437966281686,278.0003176643984,0.0024000037228688598,0.004699992132373154,0.007599999662488699,282487.4717455499,56,10000,0,17,59,0.0,0.0,97.984375,97.984375,N/A (GPTCache eviction path is CPU-only),spec_oversized
LRU,high_variance_cost,50000000,0.9,0.8972966612507566,279.8523264570739,0.000300002284348011,0.000600004568696022,0.0008999923011288047,1088684.2155850572,56,10000,0,18,60,0.0,0.0,97.984375,97.984375,N/A (GPTCache eviction path is CPU-only),spec_oversized
LFU,high_variance_cost,50000000,0.9,0.8972966612507566,279.8523264570739,0.000300002284348011,0.000500003807246685,0.000700005330145359,1167719.5603197191,56,10000,0,18,60,0.0,0.0,97.984375,97.984375,N/A (GPTCache eviction path is CPU-only),spec_oversized
FIFO,high_variance_cost,50000000,0.9,0.8972966612507566,279.8523264570739,0.000200001522898674,0.000500003807246685,0.000800006091594696,1310495.760869592,56,10000,0,18,60,0.0,0.0,97.984375,97.984375,N/A (GPTCache eviction path is CPU-only),spec_oversized
Random,high_variance_cost,50000000,0.9,0.8972966612507566,279.8523264570739,0.000200001522898674,0.0006999907782301307,0.000800006091594696,1186633.758073518,56,10000,0,18,60,0.0,0.0,97.984375,97.984375,N/A (GPTCache eviction path is CPU-only),spec_oversized
"GDSF(a=1.0,b=1.0)",high_variance_cost,50000000,0.9,0.8972966612507566,279.8523264570739,0.0022000021999701858,0.004600006650434807,0.007001009507803268,296249.77411806583,56,10000,0,18,60,0.0,0.0,97.984375,97.984375,N/A (GPTCache eviction path is CPU-only),spec_oversized
LRU,high_variance_cost,50000000,0.9,0.8979200359246288,290.12375685722486,0.00039998849388211966,0.0008999923011288047,0.0011999945854768157,871558.4338848265,56,10000,0,19,61,0.0,0.0,97.984375,97.984375,N/A (GPTCache eviction path is CPU-only),spec_oversized
LFU,high_variance_cost,50000000,0.9,0.8979200359246288,290.12375685722486,0.000300002284348011,0.000900006853044033,0.0012999953469261527,946664.8989760004,56,10000,0,19,61,0.0,0.0,97.984375,97.984375,N/A (GPTCache eviction path is CPU-only),spec_oversized
FIFO,high_variance_cost,50000000,0.9,0.8979200359246288,290.12375685722486,0.000200001522898674,0.000800006091594696,0.00100000761449337,1042915.9926152305,56,10000,0,19,61,0.0,0.0,97.984375,97.984375,N/A (GPTCache eviction path is CPU-only),spec_oversized
Random,high_variance_cost,50000000,0.9,0.8979200359246288,290.12375685722486,0.000200001522898674,0.000700005330145359,0.000900006853044033,1064497.9285714808,56,10000,0,19,61,0.0,0.0,97.984375,97.984375,N/A (GPTCache eviction path is CPU-only),spec_oversized
"GDSF(a=1.0,b=1.0)",high_variance_cost,50000000,0.9,0.8979200359246288,290.12375685722486,0.0022000021999701858,0.004399989848025143,0.006999995093792677,308906.0708950216,56,10000,0,19,61,0.0,0.0,97.984375,97.984375,N/A (GPTCache eviction path is CPU-only),spec_oversized
LRU,high_variance_cost,50000000,0.9,0.9016522755202023,289.1371687152879,0.000200001522898674,0.000500003807246685,0.0006999907782301307,1654588.1749838458,56,10000,0,20,62,0.0,0.0,97.984375,97.984375,N/A (GPTCache eviction path is CPU-only),spec_oversized
LFU,high_variance_cost,50000000,0.9,0.9016522755202023,289.1371687152879,0.000200001522898674,0.000500003807246685,0.000600004568696022,1754293.634735256,56,10000,0,20,62,0.0,0.0,97.984375,97.984375,N/A (GPTCache eviction path is CPU-only),spec_oversized
FIFO,high_variance_cost,50000000,0.9,0.9016522755202023,289.1371687152879,0.000100000761449337,0.000400003045797348,0.000500003807246685,2043986.5913458616,56,10000,0,20,62,0.0,0.0,97.984375,97.984375,N/A (GPTCache eviction path is CPU-only),spec_oversized
Random,high_variance_cost,50000000,0.9,0.9016522755202023,289.1371687152879,0.000200001522898674,0.000700005330145359,0.001100008375942707,1190674.6348356577,56,10000,0,20,62,0.0,0.0,97.984375,97.984375,N/A (GPTCache eviction path is CPU-only),spec_oversized
"GDSF(a=1.0,b=1.0)",high_variance_cost,50000000,0.9,0.9016522755202023,289.1371687152879,0.0017999991541728377,0.0032999960239976645,0.005401011876529104,380411.8338096848,56,10000,0,20,62,0.0,0.0,97.984375,97.984375,N/A (GPTCache eviction path is CPU-only),spec_oversized
LRU,high_variance_cost,50000000,0.9,0.8982245524052564,281.38824316690847,0.000300002284348011,0.000800006091594696,0.001100008375942707,918315.8087043911,56,10000,0,21,63,0.0,0.0,97.984375,97.984375,N/A (GPTCache eviction path is CPU-only),spec_oversized
LFU,high_variance_cost,50000000,0.9,0.8982245524052564,281.38824316690847,0.000300002284348011,0.000600004568696022,0.000900006853044033,1186309.9830977335,56,10000,0,21,63,0.0,0.0,97.984375,97.984375,N/A (GPTCache eviction path is CPU-only),spec_oversized
FIFO,high_variance_cost,50000000,0.9,0.8982245524052564,281.38824316690847,0.000200001522898674,0.000400003045797348,0.000600004568696022,1471995.2902646551,56,10000,0,21,63,0.0,0.0,97.984375,97.984375,N/A (GPTCache eviction path is CPU-only),spec_oversized
Random,high_variance_cost,50000000,0.9,0.8982245524052564,281.38824316690847,0.000200001522898674,0.000600004568696022,0.000700005330145359,1688704.2588317762,56,10000,0,21,63,0.0,0.0,97.984375,97.984375,N/A (GPTCache eviction path is CPU-only),spec_oversized
"GDSF(a=1.0,b=1.0)",high_variance_cost,50000000,0.9,0.8982245524052564,281.38824316690847,0.0017999991541728377,0.0034999982744921,0.0049000082071870565,371386.8698965137,56,10000,0,21,63,0.0,0.0,97.984375,97.984375,N/A (GPTCache eviction path is CPU-only),spec_oversized
LRU,high_variance_cost,50000000,0.9,0.8996829234822531,271.8415061664482,0.00029998773243278265,0.000700005330145359,0.00100000761449337,1204180.9153103856,56,10000,0,22,64,0.0,0.0,97.984375,97.984375,N/A (GPTCache eviction path is CPU-only),spec_oversized
LFU,high_variance_cost,50000000,0.9,0.8996829234822531,271.8415061664482,0.000200001522898674,0.000500003807246685,0.0007999915396794677,1655053.708033731,56,10000,0,22,64,0.0,0.0,97.98828125,97.98828125,N/A (GPTCache eviction path is CPU-only),spec_oversized
FIFO,high_variance_cost,50000000,0.9,0.8996829234822531,271.8415061664482,0.000100000761449337,0.000400003045797348,0.0006999907782301307,1869822.930474385,56,10000,0,22,64,0.0,0.0,97.98828125,97.98828125,N/A (GPTCache eviction path is CPU-only),spec_oversized
Random,high_variance_cost,50000000,0.9,0.8996829234822531,271.8415061664482,0.000100000761449337,0.000400003045797348,0.000500003807246685,1942464.2111105174,56,10000,0,22,64,0.0,0.0,97.98828125,97.98828125,N/A (GPTCache eviction path is CPU-only),spec_oversized
"GDSF(a=1.0,b=1.0)",high_variance_cost,50000000,0.9,0.8996829234822531,271.8415061664482,0.0012999953469261527,0.0026999914553016424,0.00449999060947448,491494.6847023464,56,10000,0,22,64,0.0,0.0,97.98828125,97.98828125,N/A (GPTCache eviction path is CPU-only),spec_oversized
LRU,high_variance_cost,50000000,0.9,0.8998710546673352,284.9684443642415,0.000200001522898674,0.000500003807246685,0.000700005330145359,1460856.354308186,56,10000,0,23,65,0.0,0.0,97.98828125,97.98828125,N/A (GPTCache eviction path is CPU-only),spec_oversized
LFU,high_variance_cost,50000000,0.9,0.8998710546673352,284.9684443642415,0.000300002284348011,0.000500003807246685,0.000800006091594696,1219884.1100206021,56,10000,0,23,65,0.0,0.0,97.98828125,97.98828125,N/A (GPTCache eviction path is CPU-only),spec_oversized
FIFO,high_variance_cost,50000000,0.9,0.8998710546673352,284.9684443642415,0.000200001522898674,0.000600004568696022,0.000800006091594696,1313697.9279520628,56,10000,0,23,65,0.0,0.0,97.98828125,97.98828125,N/A (GPTCache eviction path is CPU-only),spec_oversized
Random,high_variance_cost,50000000,0.9,0.8998710546673352,284.9684443642415,0.000200001522898674,0.000600004568696022,0.0008999923011288047,1263535.6247636885,56,10000,0,23,65,0.0,0.0,97.98828125,97.98828125,N/A (GPTCache eviction path is CPU-only),spec_oversized
"GDSF(a=1.0,b=1.0)",high_variance_cost,50000000,0.9,0.8998710546673352,284.9684443642415,0.0018999999156221747,0.0036999990697950125,0.005901001422898866,361810.20876274206,56,10000,0,23,65,0.0,0.0,97.98828125,97.98828125,N/A (GPTCache eviction path is CPU-only),spec_oversized
LRU,high_variance_cost,50000000,0.9,0.9000316666233418,276.3783348938587,0.000300002284348011,0.000800006091594696,0.0010999938240274787,838750.262503552,56,10000,0,24,66,0.0,0.0,97.9921875,97.9921875,N/A (GPTCache eviction path is CPU-only),spec_oversized
LFU,high_variance_cost,50000000,0.9,0.9000316666233418,276.3783348938587,0.000300002284348011,0.00100000761449337,0.001300009898841381,871892.7915403729,56,10000,0,24,66,0.0,0.0,97.9921875,97.9921875,N/A (GPTCache eviction path is CPU-only),spec_oversized
FIFO,high_variance_cost,50000000,0.9,0.9000316666233418,276.3783348938587,0.000200001522898674,0.000700005330145359,0.000900006853044033,1257418.772095822,56,10000,0,24,66,0.0,0.0,97.9921875,97.9921875,N/A (GPTCache eviction path is CPU-only),spec_oversized
Random,high_variance_cost,50000000,0.9,0.9000316666233418,276.3783348938587,0.000200001522898674,0.000600004568696022,0.000800006091594696,1373947.21165047,56,10000,0,24,66,0.0,0.0,97.9921875,97.9921875,N/A (GPTCache eviction path is CPU-only),spec_oversized
"GDSF(a=1.0,b=1.0)",high_variance_cost,50000000,0.9,0.9000316666233418,276.3783348938587,0.0018999999156221747,0.0034999975468963385,0.004701006546383745,352337.22914835735,56,10000,0,24,66,0.0,0.0,97.9921875,97.9921875,N/A (GPTCache eviction path is CPU-only),spec_oversized
LRU,high_variance_cost,50000000,0.9,0.9027052856081837,290.0126811869023,0.000300002284348011,0.000700005330145359,0.00100000761449337,966062.2344588788,56,10000,0,25,67,0.0,0.0,97.9921875,97.9921875,N/A (GPTCache eviction path is CPU-only),spec_oversized
LFU,high_variance_cost,50000000,0.9,0.9027052856081837,290.0126811869023,0.00039998849388211966,0.0007999915396794677,0.001199994730995968,920547.5425790204,56,10000,0,25,67,0.0,0.0,97.9921875,97.9921875,N/A (GPTCache eviction path is CPU-only),spec_oversized
FIFO,high_variance_cost,50000000,0.9,0.9027052856081837,290.0126811869023,0.000200001522898674,0.000500003807246685,0.000800006091594696,1199443.457070075,56,10000,0,25,67,0.0,0.0,97.9921875,97.9921875,N/A (GPTCache eviction path is CPU-only),spec_oversized
Random,high_variance_cost,50000000,0.9,0.9027052856081837,290.0126811869023,0.000200001522898674,0.0006999907782301307,0.000900006853044033,1071271.7057871404,56,10000,0,25,67,0.0,0.0,97.9921875,97.9921875,N/A (GPTCache eviction path is CPU-only),spec_oversized
"GDSF(a=1.0,b=1.0)",high_variance_cost,50000000,0.9,0.9027052856081837,290.0126811869023,0.0022000021999701858,0.0045000051613897085,0.006699992809444666,309449.0259342508,56,10000,0,25,67,0.0,0.0,97.9921875,97.9921875,N/A (GPTCache eviction path is CPU-only),spec_oversized
LRU,high_variance_cost,50000000,0.9,0.9027791581421654,281.68072300775515,0.000300002284348011,0.000700005330145359,0.0009999930625781417,1009000.2825721522,56,10000,0,26,68,0.0,0.0,97.9921875,97.9921875,N/A (GPTCache eviction path is CPU-only),spec_oversized
LFU,high_variance_cost,50000000,0.9,0.9027791581421654,281.68072300775515,0.000400003045797348,0.00100000761449337,0.001400010660290718,831006.5153426381,56,10000,0,26,68,0.0,0.0,97.9921875,97.9921875,N/A (GPTCache eviction path is CPU-only),spec_oversized
FIFO,high_variance_cost,50000000,0.9,0.9027791581421654,281.68072300775515,0.000300002284348011,0.0007999915396794677,0.0009999930625781417,989667.8670806197,56,10000,0,26,68,0.0,0.0,97.99609375,97.99609375,N/A (GPTCache eviction path is CPU-only),spec_oversized
Random,high_variance_cost,50000000,0.9,0.9027791581421654,281.68072300775515,0.000300002284348011,0.000800006091594696,0.00100000761449337,959094.6149352624,56,10000,0,26,68,0.0,0.0,97.99609375,97.99609375,N/A (GPTCache eviction path is CPU-only),spec_oversized
"GDSF(a=1.0,b=1.0)",high_variance_cost,50000000,0.9,0.9027791581421654,281.68072300775515,0.0023000029614195228,0.0044000043999403715,0.006100002792663872,291190.3278433389,56,10000,0,26,68,0.0,0.0,97.99609375,97.99609375,N/A (GPTCache eviction path is CPU-only),spec_oversized
LRU,high_variance_cost,50000000,0.9,0.9012076300254214,283.0239089738865,0.000300002284348011,0.0007999915396794677,0.0010999938240274787,1026947.0911709125,56,10000,0,27,69,0.0,0.0,97.99609375,97.99609375,N/A (GPTCache eviction path is CPU-only),spec_oversized
LFU,high_variance_cost,50000000,0.9,0.9012076300254214,283.0239089738865,0.000300002284348011,0.0005999900167807937,0.000800006091594696,1305994.515735304,56,10000,0,27,69,0.0,0.0,97.99609375,97.99609375,N/A (GPTCache eviction path is CPU-only),spec_oversized
FIFO,high_variance_cost,50000000,0.9,0.9012076300254214,283.0239089738865,0.000200001522898674,0.000400003045797348,0.000500003807246685,1608984.56931777,56,10000,0,27,69,0.0,0.0,97.99609375,97.99609375,N/A (GPTCache eviction path is CPU-only),spec_oversized
Random,high_variance_cost,50000000,0.9,0.9012076300254214,283.0239089738865,0.000200001522898674,0.000600004568696022,0.000800006091594696,1440237.3505753635,56,10000,0,27,69,0.0,0.0,97.99609375,97.99609375,N/A (GPTCache eviction path is CPU-only),spec_oversized
"GDSF(a=1.0,b=1.0)",high_variance_cost,50000000,0.9,0.9012076300254214,283.0239089738865,0.0013999961083754897,0.0030999945010989904,0.0044000043999403715,458173.3545756617,56,10000,0,27,69,0.0,0.0,97.99609375,97.99609375,N/A (GPTCache eviction path is CPU-only),spec_oversized
LRU,high_variance_cost,50000000,0.9,0.8998061016670348,282.1810350372909,0.000300002284348011,0.000700005330145359,0.00100000761449337,1200595.4945885383,56,10000,0,28,70,0.0,0.0,97.99609375,97.99609375,N/A (GPTCache eviction path is CPU-only),spec_oversized
LFU,high_variance_cost,50000000,0.9,0.8998061016670348,282.1810350372909,0.000200001522898674,0.000600004568696022,0.000800006091594696,1487829.5543686838,56,10000,0,28,70,0.0,0.0,97.99609375,97.99609375,N/A (GPTCache eviction path is CPU-only),spec_oversized
FIFO,high_variance_cost,50000000,0.9,0.8998061016670348,282.1810350372909,0.000200001522898674,0.000800006091594696,0.0010999938240274787,1130774.0157710477,56,10000,0,28,70,0.0,0.0,97.99609375,97.99609375,N/A (GPTCache eviction path is CPU-only),spec_oversized
Random,high_variance_cost,50000000,0.9,0.8998061016670348,282.1810350372909,0.000200001522898674,0.000600004568696022,0.000900006853044033,1252599.1422499584,56,10000,0,28,70,0.0,0.0,97.99609375,97.99609375,N/A (GPTCache eviction path is CPU-only),spec_oversized
"GDSF(a=1.0,b=1.0)",high_variance_cost,50000000,0.9,0.8998061016670348,282.1810350372909,0.0015999976312741637,0.0031999952625483274,0.0045000051613897085,411717.4793921655,56,10000,0,28,70,0.0,0.0,97.99609375,97.99609375,N/A (GPTCache eviction path is CPU-only),spec_oversized
LRU,high_variance_cost,50000000,0.9001,0.8995642624402921,271.66572167103845,0.000300002284348011,0.000500003807246685,0.000600004568696022,1298128.0994968815,56,10000,0,29,71,0.0,0.0,97.99609375,97.99609375,N/A (GPTCache eviction path is CPU-only),spec_oversized
LFU,high_variance_cost,50000000,0.9001,0.8995642624402921,271.66572167103845,0.000300002284348011,0.000700005330145359,0.0008999923011288047,1129700.9683754705,56,10000,0,29,71,0.0,0.0,97.99609375,97.99609375,N/A (GPTCache eviction path is CPU-only),spec_oversized
FIFO,high_variance_cost,50000000,0.9001,0.8995642624402921,271.66572167103845,0.000200001522898674,0.0006999907782301307,0.00100000761449337,1353857.8178922897,56,10000,0,29,71,0.0,0.0,97.99609375,97.99609375,N/A (GPTCache eviction path is CPU-only),spec_oversized
Random,high_variance_cost,50000000,0.9001,0.8995642624402921,271.66572167103845,0.000200001522898674,0.000600004568696022,0.000700005330145359,1275119.8597394584,56,10000,0,29,71,0.0,0.0,97.99609375,97.99609375,N/A (GPTCache eviction path is CPU-only),spec_oversized
"GDSF(a=1.0,b=1.0)",high_variance_cost,50000000,0.9001,0.8995642624402921,271.66572167103845,0.0020000006770715117,0.0036999990697950125,0.005399997462518513,345176.3332736428,56,10000,0,29,71,0.0,0.0,97.99609375,97.99609375,N/A (GPTCache eviction path is CPU-only),spec_oversized
LRU,high_variance_cost,100000000,0.9,0.8975804974826118,273.6210440867278,0.000300002284348011,0.0007999915396794677,0.00100000761449337,991591.3057091351,56,10000,0,0,42,0.0,0.0,97.99609375,97.99609375,N/A (GPTCache eviction path is CPU-only),spec_oversized
LFU,high_variance_cost,100000000,0.9,0.8975804974826118,273.6210440867278,0.000200001522898674,0.0007999915396794677,0.00100000761449337,1262100.387516623,56,10000,0,0,42,0.0,0.0,97.99609375,97.99609375,N/A (GPTCache eviction path is CPU-only),spec_oversized
FIFO,high_variance_cost,100000000,0.9,0.8975804974826118,273.6210440867278,0.000200001522898674,0.000500003807246685,0.000700005330145359,1702243.5571485735,56,10000,0,0,42,0.0,0.0,97.99609375,97.99609375,N/A (GPTCache eviction path is CPU-only),spec_oversized
Random,high_variance_cost,100000000,0.9,0.8975804974826118,273.6210440867278,0.00019998697098344564,0.0004999892553314567,0.0006999907782301307,1853774.2859667423,56,10000,0,0,42,0.0,0.0,97.99609375,97.99609375,N/A (GPTCache eviction path is CPU-only),spec_oversized
"GDSF(a=1.0,b=1.0)",high_variance_cost,100000000,0.9,0.8975804974826118,273.6210440867278,0.0015999976312741637,0.002800006768666208,0.004101016529602952,445612.94043583295,56,10000,0,0,42,0.0,0.0,97.99609375,97.99609375,N/A (GPTCache eviction path is CPU-only),spec_oversized
LRU,high_variance_cost,100000000,0.9,0.898644089303119,273.5688639641976,0.000300002284348011,0.0006999907782301307,0.0009999930625781417,1095266.2600917672,56,10000,0,1,43,0.0,0.0,97.99609375,97.99609375,N/A (GPTCache eviction path is CPU-only),spec_oversized
LFU,high_variance_cost,100000000,0.9,0.898644089303119,273.5688639641976,0.000300002284348011,0.000700005330145359,0.0008999923011288047,1209979.9152545237,56,10000,0,1,43,0.0,0.0,97.99609375,97.99609375,N/A (GPTCache eviction path is CPU-only),spec_oversized
FIFO,high_variance_cost,100000000,0.9,0.898644089303119,273.5688639641976,0.000200001522898674,0.000600004568696022,0.0007999915396794677,1257434.5811338513,56,10000,0,1,43,0.0,0.0,97.99609375,97.99609375,N/A (GPTCache eviction path is CPU-only),spec_oversized
Random,high_variance_cost,100000000,0.9,0.898644089303119,273.5688639641976,0.000200001522898674,0.000600004568696022,0.000700005330145359,1280983.7958882921,56,10000,0,1,43,0.0,0.0,97.99609375,97.99609375,N/A (GPTCache eviction path is CPU-only),spec_oversized
"GDSF(a=1.0,b=1.0)",high_variance_cost,100000000,0.9,0.898644089303119,273.5688639641976,0.001800013706088066,0.0037999998312443495,0.005900001269765198,360478.57138644136,56,10000,0,1,43,0.0,0.0,97.99609375,97.99609375,N/A (GPTCache eviction path is CPU-only),spec_oversized
LRU,high_variance_cost,100000000,0.9,0.8992388195205272,262.12700374210243,0.000300002284348011,0.0006999907782301307,0.0009999930625781417,1157434.200067882,56,10000,0,2,44,0.0,0.0,97.99609375,97.99609375,N/A (GPTCache eviction path is CPU-only),spec_oversized
LFU,high_variance_cost,100000000,0.9,0.8992388195205272,262.12700374210243,0.000200001522898674,0.000700005330145359,0.000900006853044033,1420595.7966668967,56,10000,0,2,44,0.0,0.0,97.99609375,97.99609375,N/A (GPTCache eviction path is CPU-only),spec_oversized
FIFO,high_variance_cost,100000000,0.9,0.8992388195205272,262.12700374210243,0.000200001522898674,0.0004999892553314567,0.0006999907782301307,1577610.551734763,56,10000,0,2,44,0.0,0.0,97.99609375,97.99609375,N/A (GPTCache eviction path is CPU-only),spec_oversized
Random,high_variance_cost,100000000,0.9,0.8992388195205272,262.12700374210243,0.000200001522898674,0.000500003807246685,0.0007999915396794677,1322506.4151527705,56,10000,0,2,44,0.0,0.0,97.99609375,97.99609375,N/A (GPTCache eviction path is CPU-only),spec_oversized
"GDSF(a=1.0,b=1.0)",high_variance_cost,100000000,0.9,0.8992388195205272,262.12700374210243,0.0020000006770715117,0.0036999990697950125,0.008501006377628094,341879.17297347623,56,10000,0,2,44,0.0,0.0,97.99609375,97.99609375,N/A (GPTCache eviction path is CPU-only),spec_oversized
LRU,high_variance_cost,100000000,0.9,0.8999751247607716,285.85141967403086,0.000300002284348011,0.000700005330145359,0.000900006853044033,1185550.5110349904,56,10000,0,3,45,0.0,0.0,97.99609375,97.99609375,N/A (GPTCache eviction path is CPU-only),spec_oversized
LFU,high_variance_cost,100000000,0.9,0.8999751247607716,285.85141967403086,0.000300002284348011,0.000800006091594696,0.001100008375942707,1034190.3329351911,56,10000,0,3,45,0.0,0.0,97.99609375,97.99609375,N/A (GPTCache eviction path is CPU-only),spec_oversized
FIFO,high_variance_cost,100000000,0.9,0.8999751247607716,285.85141967403086,0.000200001522898674,0.0006999907782301307,0.000900006853044033,1170439.3816227347,56,10000,0,3,45,0.0,0.0,97.99609375,97.99609375,N/A (GPTCache eviction path is CPU-only),spec_oversized
Random,high_variance_cost,100000000,0.9,0.8999751247607716,285.85141967403086,0.000200001522898674,0.000600004568696022,0.0008010059536900589,1133465.5719243374,56,10000,0,3,45,0.0,0.0,97.99609375,97.99609375,N/A (GPTCache eviction path is CPU-only),spec_oversized
"GDSF(a=1.0,b=1.0)",high_variance_cost,100000000,0.9,0.8999751247607716,285.85141967403086,0.0022000021999701858,0.0041000021155923605,0.006201003561727724,315969.74279946636,56,10000,0,3,45,0.0,0.0,97.99609375,97.99609375,N/A (GPTCache eviction path is CPU-only),spec_oversized
LRU,high_variance_cost,100000000,0.9,0.8998662109893271,276.14096721878985,0.000300002284348011,0.000700005330145359,0.0010999938240274787,973662.4309827548,56,10000,0,4,46,0.0,0.0,97.99609375,97.99609375,N/A (GPTCache eviction path is CPU-only),spec_oversized
LFU,high_variance_cost,100000000,0.9,0.8998662109893271,276.14096721878985,0.00039998849388211966,0.000600004568696022,0.0009999930625781417,979979.0290876818,56,10000,0,4,46,0.0,0.0,97.99609375,97.99609375,N/A (GPTCache eviction path is CPU-only),spec_oversized
FIFO,high_variance_cost,100000000,0.9,0.8998662109893271,276.14096721878985,0.000200001522898674,0.0006999907782301307,0.000900006853044033,1136854.5513275466,56,10000,0,4,46,0.0,0.0,97.99609375,97.99609375,N/A (GPTCache eviction path is CPU-only),spec_oversized
Random,high_variance_cost,100000000,0.9,0.8998662109893271,276.14096721878985,0.000200001522898674,0.000700005330145359,0.0008999923011288047,1219898.9936534201,56,10000,0,4,46,0.0,0.0,97.99609375,97.99609375,N/A (GPTCache eviction path is CPU-only),spec_oversized
"GDSF(a=1.0,b=1.0)",high_variance_cost,100000000,0.9,0.8998662109893271,276.14096721878985,0.0023999891709536314,0.0045000051613897085,0.007300997385755203,291201.3511560816,56,10000,0,4,46,0.0,0.0,97.99609375,97.99609375,N/A (GPTCache eviction path is CPU-only),spec_oversized
LRU,high_variance_cost,100000000,0.9,0.899421992476946,290.31773262027434,0.000400003045797348,0.000900006853044033,0.0011999945854768157,863811.482196975,56,10000,0,5,47,0.0,0.0,97.99609375,97.99609375,N/A (GPTCache eviction path is CPU-only),spec_oversized
LFU,high_variance_cost,100000000,0.9,0.899421992476946,290.31773262027434,0.000200001522898674,0.000600004568696022,0.000700005330145359,1579853.70516862,56,10000,0,5,47,0.0,0.0,97.99609375,97.99609375,N/A (GPTCache eviction path is CPU-only),spec_oversized
FIFO,high_variance_cost,100000000,0.9,0.899421992476946,290.31773262027434,0.000200001522898674,0.000400003045797348,0.0005999900167807937,1565729.3167781017,56,10000,0,5,47,0.0,0.0,97.99609375,97.99609375,N/A (GPTCache eviction path is CPU-only),spec_oversized
Random,high_variance_cost,100000000,0.9,0.899421992476946,290.31773262027434,0.000200001522898674,0.000500003807246685,0.000700005330145359,1555669.6394278943,56,10000,0,5,47,0.0,0.0,97.99609375,97.99609375,N/A (GPTCache eviction path is CPU-only),spec_oversized
"GDSF(a=1.0,b=1.0)",high_variance_cost,100000000,0.9,0.899421992476946,290.31773262027434,0.0017999991541728377,0.0036999990697950125,0.006100002792663872,372093.0233122272,56,10000,0,5,47,0.0,0.0,97.99609375,97.99609375,N/A (GPTCache eviction path is CPU-only),spec_oversized
LRU,high_variance_cost,100000000,0.9,0.9002472859333495,261.5836827731951,0.00029998773243278265,0.000800006091594696,0.001100008375942707,1126951.0336391754,56,10000,0,6,48,0.0,0.0,97.99609375,97.99609375,N/A (GPTCache eviction path is CPU-only),spec_oversized
LFU,high_variance_cost,100000000,0.9,0.9002472859333495,261.5836827731951,0.000300002284348011,0.000600004568696022,0.0008999923011288047,1187535.6254500707,56,10000,0,6,48,0.0,0.0,97.99609375,97.99609375,N/A (GPTCache eviction path is CPU-only),spec_oversized
FIFO,high_variance_cost,100000000,0.9,0.9002472859333495,261.5836827731951,0.000200001522898674,0.0006999907782301307,0.000800006091594696,1270874.1063763201,56,10000,0,6,48,0.0,0.0,97.99609375,97.99609375,N/A (GPTCache eviction path is CPU-only),spec_oversized
Random,high_variance_cost,100000000,0.9,0.9002472859333495,261.5836827731951,0.000200001522898674,0.000600004568696022,0.0007999915396794677,1279017.7140630607,56,10000,0,6,48,0.0,0.0,97.99609375,97.99609375,N/A (GPTCache eviction path is CPU-only),spec_oversized
"GDSF(a=1.0,b=1.0)",high_variance_cost,100000000,0.9,0.9002472859333495,261.5836827731951,0.0018999999156221747,0.0036999990697950125,0.005299996701069176,360707.4192763901,56,10000,0,6,48,0.0,0.0,97.99609375,97.99609375,N/A (GPTCache eviction path is CPU-only),spec_oversized
LRU,high_variance_cost,100000000,0.9001,0.9009300226096285,273.12012328656834,0.000200001522898674,0.000700005330145359,0.0010999938240274787,1351387.8752179032,56,10000,0,7,49,0.0,0.0,97.99609375,97.99609375,N/A (GPTCache eviction path is CPU-only),spec_oversized
LFU,high_variance_cost,100000000,0.9001,0.9009300226096285,273.12012328656834,0.00029998773243278265,0.000500003807246685,0.000800006091594696,1342894.7451231538,56,10000,0,7,49,0.0,0.0,97.99609375,97.99609375,N/A (GPTCache eviction path is CPU-only),spec_oversized
FIFO,high_variance_cost,100000000,0.9001,0.9009300226096285,273.12012328656834,0.000200001522898674,0.000500003807246685,0.000700005330145359,1304920.8567259554,56,10000,0,7,49,0.0,0.0,97.99609375,97.99609375,N/A (GPTCache eviction path is CPU-only),spec_oversized
Random,high_variance_cost,100000000,0.9001,0.9009300226096285,273.12012328656834,0.000200001522898674,0.000600004568696022,0.000700005330145359,1538627.237297074,56,10000,0,7,49,0.0,0.0,97.99609375,97.99609375,N/A (GPTCache eviction path is CPU-only),spec_oversized
"GDSF(a=1.0,b=1.0)",high_variance_cost,100000000,0.9001,0.9009300226096285,273.12012328656834,0.0020999868866056204,0.0040000013541430235,0.006200003554113209,319941.6426469728,56,10000,0,7,49,0.0,0.0,97.99609375,97.99609375,N/A (GPTCache eviction path is CPU-only),spec_oversized
LRU,high_variance_cost,100000000,0.9,0.8988040754294645,262.36708748709145,0.000200001522898674,0.000500003807246685,0.000700005330145359,1625804.7714695625,56,10000,0,8,50,0.0,0.0,97.99609375,97.99609375,N/A (GPTCache eviction path is CPU-only),spec_oversized
LFU,high_variance_cost,100000000,0.9,0.8988040754294645,262.36708748709145,0.000300002284348011,0.000600004568696022,0.0010010074765887328,1110876.5938502906,56,10000,0,8,50,0.0,0.0,97.99609375,97.99609375,N/A (GPTCache eviction path is CPU-only),spec_oversized
FIFO,high_variance_cost,100000000,0.9,0.8988040754294645,262.36708748709145,0.000200001522898674,0.0004999892553314567,0.000600004568696022,1797332.7613070772,56,10000,0,8,50,0.0,0.0,97.99609375,97.99609375,N/A (GPTCache eviction path is CPU-only),spec_oversized
Random,high_variance_cost,100000000,0.9,0.8988040754294645,262.36708748709145,0.000200001522898674,0.0006999907782301307,0.000900006853044033,1125669.7744960773,56,10000,0,8,50,0.0,0.0,97.99609375,97.99609375,N/A (GPTCache eviction path is CPU-only),spec_oversized
"GDSF(a=1.0,b=1.0)",high_variance_cost,100000000,0.9,0.8988040754294645,262.36708748709145,0.0023999891709536314,0.0046000059228390455,0.007700000423938036,277201.0455244661,56,10000,0,8,50,0.0,0.0,97.99609375,97.99609375,N/A (GPTCache eviction path is CPU-only),spec_oversized
LRU,high_variance_cost,100000000,0.9,0.9009263802551851,275.53256960139873,0.000300002284348011,0.000800006091594696,0.001100008375942707,957716.8035937109,56,10000,0,9,51,0.0,0.0,97.99609375,97.99609375,N/A (GPTCache eviction path is CPU-only),spec_oversized
LFU,high_variance_cost,100000000,0.9,0.9009263802551851,275.53256960139873,0.000300002284348011,0.000700005330145359,0.000900006853044033,1273285.204194312,56,10000,0,9,51,0.0,0.0,97.99609375,97.99609375,N/A (GPTCache eviction path is CPU-only),spec_oversized
FIFO,high_variance_cost,100000000,0.9,0.9009263802551851,275.53256960139873,0.000200001522898674,0.000400003045797348,0.000600004568696022,1631560.9137945573,56,10000,0,9,51,0.0,0.0,97.99609375,97.99609375,N/A (GPTCache eviction path is CPU-only),spec_oversized
Random,high_variance_cost,100000000,0.9,0.9009263802551851,275.53256960139873,0.000200001522898674,0.0005999900167807937,0.000700005330145359,1471713.6618949536,56,10000,0,9,51,0.0,0.0,97.99609375,97.99609375,N/A (GPTCache eviction path is CPU-only),spec_oversized
"GDSF(a=1.0,b=1.0)",high_variance_cost,100000000,0.9,0.9009263802551851,275.53256960139873,0.0018999999156221747,0.0035999983083456755,0.005001008830731756,350000.3501099719,56,10000,0,9,51,0.0,0.0,97.99609375,97.99609375,N/A (GPTCache eviction path is CPU-only),spec_oversized
LRU,high_variance_cost,100000000,0.9,0.8994310541826837,257.13684839603116,0.000300002284348011,0.0007999915396794677,0.0010999938240274787,966445.0295347329,56,10000,0,10,52,0.0,0.0,97.99609375,97.99609375,N/A (GPTCache eviction path is CPU-only),spec_oversized
LFU,high_variance_cost,100000000,0.9,0.8994310541826837,257.13684839603116,0.000300002284348011,0.000800006091594696,0.0010999938240274787,1112384.17302251,56,10000,0,10,52,0.0,0.0,97.99609375,97.99609375,N/A (GPTCache eviction path is CPU-only),spec_oversized
FIFO,high_variance_cost,100000000,0.9,0.8994310541826837,257.13684839603116,0.000200001522898674,0.000600004568696022,0.0007999915396794677,1386808.6754495336,56,10000,0,10,52,0.0,0.0,97.99609375,97.99609375,N/A (GPTCache eviction path is CPU-only),spec_oversized
Random,high_variance_cost,100000000,0.9,0.8994310541826837,257.13684839603116,0.000200001522898674,0.000600004568696022,0.000900006853044033,1366811.0947884806,56,10000,0,10,52,0.0,0.0,97.99609375,97.99609375,N/A (GPTCache eviction path is CPU-only),spec_oversized
"GDSF(a=1.0,b=1.0)",high_variance_cost,100000000,0.9,0.8994310541826837,257.13684839603116,0.0018999999156221747,0.0036999990697950125,0.006000002031214535,363942.0748497052,56,10000,0,10,52,0.0,0.0,97.99609375,97.99609375,N/A (GPTCache eviction path is CPU-only),spec_oversized
LRU,high_variance_cost,100000000,0.9,0.901582534228333,285.57671162063843,0.000300002284348011,0.000800006091594696,0.0010999938240274787,965269.5999207271,56,10000,0,11,53,0.0,0.0,97.99609375,97.99609375,N/A (GPTCache eviction path is CPU-only),spec_oversized
LFU,high_variance_cost,100000000,0.9,0.901582534228333,285.57671162063843,0.000300002284348011,0.000800006091594696,0.0012999953469261527,1060287.9740304244,56,10000,0,11,53,0.0,0.0,97.99609375,97.99609375,N/A (GPTCache eviction path is CPU-only),spec_oversized
FIFO,high_variance_cost,100000000,0.9,0.901582534228333,285.57671162063843,0.000200001522898674,0.0006999907782301307,0.0008999923011288047,1233943.3113507316,56,10000,0,11,53,0.0,0.0,97.99609375,97.99609375,N/A (GPTCache eviction path is CPU-only),spec_oversized
Random,high_variance_cost,100000000,0.9,0.901582534228333,285.57671162063843,0.000200001522898674,0.000600004568696022,0.000800006091594696,1242313.18712401,56,10000,0,11,53,0.0,0.0,97.99609375,97.99609375,N/A (GPTCache eviction path is CPU-only),spec_oversized
"GDSF(a=1.0,b=1.0)",high_variance_cost,100000000,0.9,0.901582534228333,285.57671162063843,0.0022000021999701858,0.0041000021155923605,0.006401005084626398,311486.69485715544,56,10000,0,11,53,0.0,0.0,97.99609375,97.99609375,N/A (GPTCache eviction path is CPU-only),spec_oversized
LRU,high_variance_cost,100000000,0.9,0.8998944945386841,267.4139349068939,0.000300002284348011,0.000700005330145359,0.0009999930625781417,1085010.5794310549,56,10000,0,12,54,0.0,0.0,97.99609375,97.99609375,N/A (GPTCache eviction path is CPU-only),spec_oversized
LFU,high_variance_cost,100000000,0.9,0.8998944945386841,267.4139349068939,0.000300002284348011,0.000800006091594696,0.00100000761449337,1090845.623759841,56,10000,0,12,54,0.0,0.0,97.99609375,97.99609375,N/A (GPTCache eviction path is CPU-only),spec_oversized
FIFO,high_variance_cost,100000000,0.9,0.8998944945386841,267.4139349068939,0.000200001522898674,0.000700005330145359,0.000900006853044033,1178133.8350649,56,10000,0,12,54,0.0,0.0,97.99609375,97.99609375,N/A (GPTCache eviction path is CPU-only),spec_oversized
Random,high_variance_cost,100000000,0.9,0.8998944945386841,267.4139349068939,0.000200001522898674,0.0006999907782301307,0.000900006853044033,1255461.256689456,56,10000,0,12,54,0.0,0.0,97.99609375,97.99609375,N/A (GPTCache eviction path is CPU-only),spec_oversized
"GDSF(a=1.0,b=1.0)",high_variance_cost,100000000,0.9,0.8998944945386841,267.4139349068939,0.0020000006770715117,0.0039999875298235565,0.005600998993031702,328485.97535896464,56,10000,0,12,54,0.0,0.0,97.99609375,97.99609375,N/A (GPTCache eviction path is CPU-only),spec_oversized
LRU,high_variance_cost,100000000,0.9,0.901220356560582,288.3853553394489,0.000300002284348011,0.000800006091594696,0.0010999938240274787,958543.0146823865,56,10000,0,13,55,0.0,0.0,97.99609375,97.99609375,N/A (GPTCache eviction path is CPU-only),spec_oversized
LFU,high_variance_cost,100000000,0.9,0.901220356560582,288.3853553394489,0.000300002284348011,0.000800006091594696,0.0011999945854768157,956306.3626797565,56,10000,0,13,55,0.0,0.0,97.99609375,97.99609375,N/A (GPTCache eviction path is CPU-only),spec_oversized
FIFO,high_variance_cost,100000000,0.9,0.901220356560582,288.3853553394489,0.000300002284348011,0.0008999923011288047,0.0011999945854768157,922611.3597436982,56,10000,0,13,55,0.0,0.0,97.99609375,97.99609375,N/A (GPTCache eviction path is CPU-only),spec_oversized
Random,high_variance_cost,100000000,0.9,0.901220356560582,288.3853553394489,0.00029998773243278265,0.000800006091594696,0.001100008375942707,942942.5461651178,56,10000,0,13,55,0.0,0.0,97.99609375,97.99609375,N/A (GPTCache eviction path is CPU-only),spec_oversized
"GDSF(a=1.0,b=1.0)",high_variance_cost,100000000,0.9,0.901220356560582,288.3853553394489,0.0024000037228688598,0.0044000043999403715,0.00939998441026546,280919.39289315173,56,10000,0,13,55,0.0,0.0,97.99609375,97.99609375,N/A (GPTCache eviction path is CPU-only),spec_oversized
LRU,high_variance_cost,100000000,0.9,0.899571276684593,283.54358715724123,0.000200001522898674,0.000500003807246685,0.0006999907782301307,1478131.0509783663,56,10000,0,14,56,0.0,0.0,97.99609375,97.99609375,N/A (GPTCache eviction path is CPU-only),spec_oversized
LFU,high_variance_cost,100000000,0.9,0.899571276684593,283.54358715724123,0.000300002284348011,0.0007999915396794677,0.0009999930625781417,1161170.4610996882,56,10000,0,14,56,0.0,0.0,97.99609375,97.99609375,N/A (GPTCache eviction path is CPU-only),spec_oversized
FIFO,high_variance_cost,100000000,0.9,0.899571276684593,283.54358715724123,0.000200001522898674,0.000600004568696022,0.0007999915396794677,1284274.0631368964,56,10000,0,14,56,0.0,0.0,97.99609375,97.99609375,N/A (GPTCache eviction path is CPU-only),spec_oversized
Random,high_variance_cost,100000000,0.9,0.899571276684593,283.54358715724123,0.000200001522898674,0.000400003045797348,0.0005999900167807937,1826017.0934464082,56,10000,0,14,56,0.0,0.0,97.99609375,97.99609375,N/A (GPTCache eviction path is CPU-only),spec_oversized
"GDSF(a=1.0,b=1.0)",high_variance_cost,100000000,0.9,0.899571276684593,283.54358715724123,0.0023000029614195228,0.004399989848025143,0.00970198656432335,290207.52731911023,56,10000,0,14,56,0.0,0.0,97.99609375,97.99609375,N/A (GPTCache eviction path is CPU-only),spec_oversized
LRU,high_variance_cost,100000000,0.9,0.8980804117835618,284.33719439884794,0.000300002284348011,0.000600004568696022,0.000800006091594696,1226181.4248690305,56,10000,0,15,57,0.0,0.0,97.99609375,97.99609375,N/A (GPTCache eviction path is CPU-only),spec_oversized
LFU,high_variance_cost,100000000,0.9,0.8980804117835618,284.33719439884794,0.000300002284348011,0.000800006091594696,0.001100008375942707,1097201.0400056995,56,10000,0,15,57,0.0,0.0,97.99609375,97.99609375,N/A (GPTCache eviction path is CPU-only),spec_oversized
FIFO,high_variance_cost,100000000,0.9,0.8980804117835618,284.33719439884794,0.000200001522898674,0.000700005330145359,0.0008999923011288047,1208400.8019129764,56,10000,0,15,57,0.0,0.0,97.99609375,97.99609375,N/A (GPTCache eviction path is CPU-only),spec_oversized
Random,high_variance_cost,100000000,0.9,0.8980804117835618,284.33719439884794,0.000200001522898674,0.000500003807246685,0.000700005330145359,1519826.132158943,56,10000,0,15,57,0.0,0.0,97.99609375,97.99609375,N/A (GPTCache eviction path is CPU-only),spec_oversized
"GDSF(a=1.0,b=1.0)",high_variance_cost,100000000,0.9,0.8980804117835618,284.33719439884794,0.0020000006770715117,0.003899986040778458,0.005800000508315861,342172.79736647947,56,10000,0,15,57,0.0,0.0,97.99609375,97.99609375,N/A (GPTCache eviction path is CPU-only),spec_oversized
LRU,high_variance_cost,100000000,0.9,0.8994361449261299,278.6890926402926,0.000300002284348011,0.000600004568696022,0.000900006853044033,1147052.0765174087,56,10000,0,16,58,0.0,0.0,97.99609375,97.99609375,N/A (GPTCache eviction path is CPU-only),spec_oversized
LFU,high_variance_cost,100000000,0.9,0.8994361449261299,278.6890926402926,0.000300002284348011,0.000700005330145359,0.001100008375942707,1018952.5163399703,56,10000,0,16,58,0.0,0.0,97.99609375,97.99609375,N/A (GPTCache eviction path is CPU-only),spec_oversized
FIFO,high_variance_cost,100000000,0.9,0.8994361449261299,278.6890926402926,0.000200001522898674,0.0006999907782301307,0.000900006853044033,1177592.7638498545,56,10000,0,16,58,0.0,0.0,97.99609375,97.99609375,N/A (GPTCache eviction path is CPU-only),spec_oversized
Random,high_variance_cost,100000000,0.9,0.8994361449261299,278.6890926402926,0.000200001522898674,0.0006999907782301307,0.000900006853044033,1130147.8232438897,56,10000,0,16,58,0.0,0.0,97.99609375,97.99609375,N/A (GPTCache eviction path is CPU-only),spec_oversized
"GDSF(a=1.0,b=1.0)",high_variance_cost,100000000,0.9,0.8994361449261299,278.6890926402926,0.0021000014385208488,0.004099987563677132,0.006399990670615807,329889.28918523726,56,10000,0,16,58,0.0,0.0,97.99609375,97.99609375,N/A (GPTCache eviction path is CPU-only),spec_oversized
LRU,high_variance_cost,100000000,0.9,0.8999437966281686,278.0003176643984,0.000300002284348011,0.000700005330145359,0.000900006853044033,1015053.2394825175,56,10000,0,17,59,0.0,0.0,97.99609375,97.99609375,N/A (GPTCache eviction path is CPU-only),spec_oversized
LFU,high_variance_cost,100000000,0.9,0.8999437966281686,278.0003176643984,0.000300002284348011,0.0006999907782301307,0.00100000761449337,1103740.5771265393,56,10000,0,17,59,0.0,0.0,97.99609375,97.99609375,N/A (GPTCache eviction path is CPU-only),spec_oversized
FIFO,high_variance_cost,100000000,0.9,0.8999437966281686,278.0003176643984,0.000200001522898674,0.0006999907782301307,0.000800006091594696,1241649.9060450348,56,10000,0,17,59,0.0,0.0,97.99609375,97.99609375,N/A (GPTCache eviction path is CPU-only),spec_oversized
Random,high_variance_cost,100000000,0.9,0.8999437966281686,278.0003176643984,0.000200001522898674,0.000600004568696022,0.0008999923011288047,1297706.9512768665,56,10000,0,17,59,0.0,0.0,97.99609375,97.99609375,N/A (GPTCache eviction path is CPU-only),spec_oversized
"GDSF(a=1.0,b=1.0)",high_variance_cost,100000000,0.9,0.8999437966281686,278.0003176643984,0.0021000014385208488,0.0040000013541430235,0.006201003416208572,322244.88676635013,56,10000,0,17,59,0.0,0.0,97.99609375,97.99609375,N/A (GPTCache eviction path is CPU-only),spec_oversized
LRU,high_variance_cost,100000000,0.9,0.8972966612507566,279.8523264570739,0.000300002284348011,0.0008999923011288047,0.0011999945854768157,912483.6899568363,56,10000,0,18,60,0.0,0.0,98.0,98.0,N/A (GPTCache eviction path is CPU-only),spec_oversized
LFU,high_variance_cost,100000000,0.9,0.8972966612507566,279.8523264570739,0.000300002284348011,0.000800006091594696,0.0010999938240274787,1151450.2508377736,56,10000,0,18,60,0.0,0.0,98.0,98.0,N/A (GPTCache eviction path is CPU-only),spec_oversized
FIFO,high_variance_cost,100000000,0.9,0.8972966612507566,279.8523264570739,0.000200001522898674,0.000600004568696022,0.000900006853044033,1166833.9138967716,56,10000,0,18,60,0.0,0.0,98.0,98.0,N/A (GPTCache eviction path is CPU-only),spec_oversized
Random,high_variance_cost,100000000,0.9,0.8972966612507566,279.8523264570739,0.000200001522898674,0.000400003045797348,0.0005999900167807937,1403114.9142448409,56,10000,0,18,60,0.0,0.0,98.0,98.0,N/A (GPTCache eviction path is CPU-only),spec_oversized
"GDSF(a=1.0,b=1.0)",high_variance_cost,100000000,0.9,0.8972966612507566,279.8523264570739,0.0024999899324029684,0.0047000066842883825,0.007499984494643286,271682.2838544484,56,10000,0,18,60,0.0,0.0,98.0,98.0,N/A (GPTCache eviction path is CPU-only),spec_oversized
LRU,high_variance_cost,100000000,0.9,0.8979200359246288,290.12375685722486,0.000200001522898674,0.000500003807246685,0.000600004568696022,1622691.7184721397,56,10000,0,19,61,0.0,0.0,98.0,98.0,N/A (GPTCache eviction path is CPU-only),spec_oversized
LFU,high_variance_cost,100000000,0.9,0.8979200359246288,290.12375685722486,0.000300002284348011,0.000700005330145359,0.000900006853044033,1167965.0562045737,56,10000,0,19,61,0.0,0.0,98.0,98.0,N/A (GPTCache eviction path is CPU-only),spec_oversized
FIFO,high_variance_cost,100000000,0.9,0.8979200359246288,290.12375685722486,0.000200001522898674,0.0005999900167807937,0.0007999915396794677,1328197.6341276302,56,10000,0,19,61,0.0,0.0,98.0,98.0,N/A (GPTCache eviction path is CPU-only),spec_oversized
Random,high_variance_cost,100000000,0.9,0.8979200359246288,290.12375685722486,0.000200001522898674,0.000700005330145359,0.0009010067151393959,1118956.2387911894,56,10000,0,19,61,0.0,0.0,98.0,98.0,N/A (GPTCache eviction path is CPU-only),spec_oversized
"GDSF(a=1.0,b=1.0)",high_variance_cost,100000000,0.9,0.8979200359246288,290.12375685722486,0.0021000014385208488,0.0040000013541430235,0.006000002031214535,317837.68661402917,56,10000,0,19,61,0.0,0.0,98.0,98.0,N/A (GPTCache eviction path is CPU-only),spec_oversized
LRU,high_variance_cost,100000000,0.9,0.9016522755202023,289.1371687152879,0.000300002284348011,0.0008999923011288047,0.001100008375942707,914528.194073559,56,10000,0,20,62,0.0,0.0,98.00390625,98.00390625,N/A (GPTCache eviction path is CPU-only),spec_oversized
LFU,high_variance_cost,100000000,0.9,0.9016522755202023,289.1371687152879,0.000300002284348011,0.000900006853044033,0.0015999976312741637,920428.9198745323,56,10000,0,20,62,0.0,0.0,98.00390625,98.00390625,N/A (GPTCache eviction path is CPU-only),spec_oversized
FIFO,high_variance_cost,100000000,0.9,0.9016522755202023,289.1371687152879,0.000200001522898674,0.000700005330145359,0.000900006853044033,1278151.2821928388,56,10000,0,20,62,0.0,0.0,98.00390625,98.00390625,N/A (GPTCache eviction path is CPU-only),spec_oversized
Random,high_variance_cost,100000000,0.9,0.9016522755202023,289.1371687152879,0.000200001522898674,0.0006999907782301307,0.000900006853044033,1018454.3923676612,56,10000,0,20,62,0.0,0.0,98.00390625,98.00390625,N/A (GPTCache eviction path is CPU-only),spec_oversized
"GDSF(a=1.0,b=1.0)",high_variance_cost,100000000,0.9,0.9016522755202023,289.1371687152879,0.0023000029614195228,0.004605005233315678,0.008001002570381409,290458.7214477542,56,10000,0,20,62,0.0,0.0,98.00390625,98.00390625,N/A (GPTCache eviction path is CPU-only),spec_oversized
LRU,high_variance_cost,100000000,0.9,0.8982245524052564,281.38824316690847,0.000300002284348011,0.000700005330145359,0.0009999930625781417,1093804.6904281224,56,10000,0,21,63,0.0,0.0,98.015625,98.015625,N/A (GPTCache eviction path is CPU-only),spec_oversized
LFU,high_variance_cost,100000000,0.9,0.8982245524052564,281.38824316690847,0.000300002284348011,0.000700005330145359,0.000900006853044033,1112087.2779732482,56,10000,0,21,63,0.0,0.0,98.015625,98.015625,N/A (GPTCache eviction path is CPU-only),spec_oversized
FIFO,high_variance_cost,100000000,0.9,0.8982245524052564,281.38824316690847,0.000200001522898674,0.000600004568696022,0.000800006091594696,1477170.3314304934,56,10000,0,21,63,0.0,0.0,98.015625,98.015625,N/A (GPTCache eviction path is CPU-only),spec_oversized
Random,high_variance_cost,100000000,0.9,0.8982245524052564,281.38824316690847,0.000200001522898674,0.000600004568696022,0.000700005330145359,1267925.294003477,56,10000,0,21,63,0.0,0.0,98.015625,98.015625,N/A (GPTCache eviction path is CPU-only),spec_oversized
"GDSF(a=1.0,b=1.0)",high_variance_cost,100000000,0.9,0.8982245524052564,281.38824316690847,0.0018999999156221747,0.0034050106478388624,0.0053000112529844046,358316.3430903712,56,10000,0,21,63,0.0,0.0,98.015625,98.015625,N/A (GPTCache eviction path is CPU-only),spec_oversized
LRU,high_variance_cost,100000000,0.9,0.8996829234822531,271.8415061664482,0.000300002284348011,0.000600004568696022,0.000900006853044033,1053008.4447583833,56,10000,0,22,64,0.0,0.0,98.01953125,98.01953125,N/A (GPTCache eviction path is CPU-only),spec_oversized
LFU,high_variance_cost,100000000,0.9,0.8996829234822531,271.8415061664482,0.000300002284348011,0.0007999915396794677,0.001100008375942707,1004550.6143764757,56,10000,0,22,64,0.0,0.0,98.01953125,98.01953125,N/A (GPTCache eviction path is CPU-only),spec_oversized
FIFO,high_variance_cost,100000000,0.9,0.8996829234822531,271.8415061664482,0.00029998773243278265,0.000800006091594696,0.00100000761449337,1009244.68171183,56,10000,0,22,64,0.0,0.0,98.01953125,98.01953125,N/A (GPTCache eviction path is CPU-only),spec_oversized
Random,high_variance_cost,100000000,0.9,0.8996829234822531,271.8415061664482,0.000200001522898674,0.000500003807246685,0.000800006091594696,1204964.452348657,56,10000,0,22,64,0.0,0.0,98.01953125,98.01953125,N/A (GPTCache eviction path is CPU-only),spec_oversized
"GDSF(a=1.0,b=1.0)",high_variance_cost,100000000,0.9,0.8996829234822531,271.8415061664482,0.0020999868866056204,0.0045000051613897085,0.006599992047995329,328650.0698985962,56,10000,0,22,64,0.0,0.0,98.01953125,98.01953125,N/A (GPTCache eviction path is CPU-only),spec_oversized
LRU,high_variance_cost,100000000,0.9,0.8998710546673352,284.9684443642415,0.000300002284348011,0.000700005330145359,0.000900006853044033,1088885.7423569697,56,10000,0,23,65,0.0,0.0,98.01953125,98.01953125,N/A (GPTCache eviction path is CPU-only),spec_oversized
LFU,high_variance_cost,100000000,0.9,0.8998710546673352,284.9684443642415,0.000300002284348011,0.000900006853044033,0.0012999953469261527,1025788.3181826315,56,10000,0,23,65,0.0,0.0,98.01953125,98.01953125,N/A (GPTCache eviction path is CPU-only),spec_oversized
FIFO,high_variance_cost,100000000,0.9,0.8998710546673352,284.9684443642415,0.000200001522898674,0.000700005330145359,0.00100000761449337,1381482.607970503,56,10000,0,23,65,0.0,0.0,98.01953125,98.01953125,N/A (GPTCache eviction path is CPU-only),spec_oversized
Random,high_variance_cost,100000000,0.9,0.8998710546673352,284.9684443642415,0.000200001522898674,0.000400003045797348,0.000500003807246685,1661350.347044273,56,10000,0,23,65,0.0,0.0,98.01953125,98.01953125,N/A (GPTCache eviction path is CPU-only),spec_oversized
"GDSF(a=1.0,b=1.0)",high_variance_cost,100000000,0.9,0.8998710546673352,284.9684443642415,0.001600012183189392,0.0039000005926936865,0.005699999746866524,388714.83094100736,56,10000,0,23,65,0.0,0.0,98.01953125,98.01953125,N/A (GPTCache eviction path is CPU-only),spec_oversized
LRU,high_variance_cost,100000000,0.9,0.9000316666233418,276.3783348938587,0.000300002284348011,0.0006999907782301307,0.000900006853044033,1155468.2523667875,56,10000,0,24,66,0.0,0.0,98.03515625,98.03515625,N/A (GPTCache eviction path is CPU-only),spec_oversized
LFU,high_variance_cost,100000000,0.9,0.9000316666233418,276.3783348938587,0.000300002284348011,0.0006999907782301307,0.0008999923011288047,1156564.0788536852,56,10000,0,24,66,0.0,0.0,98.03515625,98.03515625,N/A (GPTCache eviction path is CPU-only),spec_oversized
FIFO,high_variance_cost,100000000,0.9,0.9000316666233418,276.3783348938587,0.000200001522898674,0.000700005330145359,0.000900006853044033,1301117.6609319192,56,10000,0,24,66,0.0,0.0,98.03515625,98.03515625,N/A (GPTCache eviction path is CPU-only),spec_oversized
Random,high_variance_cost,100000000,0.9,0.9000316666233418,276.3783348938587,0.000200001522898674,0.0006999907782301307,0.0008999923011288047,1380014.628909072,56,10000,0,24,66,0.0,0.0,98.03515625,98.03515625,N/A (GPTCache eviction path is CPU-only),spec_oversized
"GDSF(a=1.0,b=1.0)",high_variance_cost,100000000,0.9,0.9000316666233418,276.3783348938587,0.0022000021999701858,0.003999986802227795,0.005500998231582365,308556.26517082285,56,10000,0,24,66,0.0,0.0,98.03515625,98.03515625,N/A (GPTCache eviction path is CPU-only),spec_oversized
LRU,high_variance_cost,100000000,0.9,0.9027052856081837,290.0126811869023,0.000300002284348011,0.000800006091594696,0.00100000761449337,1097730.9904327558,56,10000,0,25,67,0.0,0.0,98.0390625,98.0390625,N/A (GPTCache eviction path is CPU-only),spec_oversized
LFU,high_variance_cost,100000000,0.9,0.9027052856081837,290.0126811869023,0.000300002284348011,0.0006999907782301307,0.000800006091594696,1222224.9377528923,56,10000,0,25,67,0.0,0.0,98.0390625,98.0390625,N/A (GPTCache eviction path is CPU-only),spec_oversized
FIFO,high_variance_cost,100000000,0.9,0.9027052856081837,290.0126811869023,0.000200001522898674,0.000500003807246685,0.000700005330145359,1329557.3913080492,56,10000,0,25,67,0.0,0.0,98.0390625,98.0390625,N/A (GPTCache eviction path is CPU-only),spec_oversized
Random,high_variance_cost,100000000,0.9,0.9027052856081837,290.0126811869023,0.000200001522898674,0.0004999892553314567,0.000600004568696022,1440880.667602167,56,10000,0,25,67,0.0,0.0,98.0390625,98.0390625,N/A (GPTCache eviction path is CPU-only),spec_oversized
"GDSF(a=1.0,b=1.0)",high_variance_cost,100000000,0.9,0.9027052856081837,290.0126811869023,0.0022000021999701858,0.0041000021155923605,0.006501005700556583,304176.03279806767,56,10000,0,25,67,0.0,0.0,98.0390625,98.0390625,N/A (GPTCache eviction path is CPU-only),spec_oversized
LRU,high_variance_cost,100000000,0.9,0.9027791581421654,281.68072300775515,0.000300002284348011,0.0008999923011288047,0.001100008375942707,1031353.1344347366,56,10000,0,26,68,0.0,0.0,98.0390625,98.0390625,N/A (GPTCache eviction path is CPU-only),spec_oversized
LFU,high_variance_cost,100000000,0.9,0.9027791581421654,281.68072300775515,0.000300002284348011,0.000500003807246685,0.000800006091594696,1197619.1327415097,56,10000,0,26,68,0.0,0.0,98.0390625,98.0390625,N/A (GPTCache eviction path is CPU-only),spec_oversized
FIFO,high_variance_cost,100000000,0.9,0.9027791581421654,281.68072300775515,0.000200001522898674,0.000700005330145359,0.000900006853044033,1293962.3718450624,56,10000,0,26,68,0.0,0.0,98.0390625,98.0390625,N/A (GPTCache eviction path is CPU-only),spec_oversized
Random,high_variance_cost,100000000,0.9,0.9027791581421654,281.68072300775515,0.000200001522898674,0.000400003045797348,0.000500003807246685,1496065.3461761884,56,10000,0,26,68,0.0,0.0,98.0390625,98.0390625,N/A (GPTCache eviction path is CPU-only),spec_oversized
"GDSF(a=1.0,b=1.0)",high_variance_cost,100000000,0.9,0.9027791581421654,281.68072300775515,0.0021000014385208488,0.0041000021155923605,0.006000002031214535,318936.5379300872,56,10000,0,26,68,0.0,0.0,98.0390625,98.0390625,N/A (GPTCache eviction path is CPU-only),spec_oversized
LRU,high_variance_cost,100000000,0.9,0.9012076300254214,283.0239089738865,0.00039998849388211966,0.000800006091594696,0.001100008375942707,862024.3778587092,56,10000,0,27,69,0.0,0.0,98.04296875,98.04296875,N/A (GPTCache eviction path is CPU-only),spec_oversized
LFU,high_variance_cost,100000000,0.9,0.9012076300254214,283.0239089738865,0.00039998849388211966,0.0008999923011288047,0.0012999953469261527,908892.6050576257,56,10000,0,27,69,0.0,0.0,98.04296875,98.04296875,N/A (GPTCache eviction path is CPU-only),spec_oversized
FIFO,high_variance_cost,100000000,0.9,0.9012076300254214,283.0239089738865,0.000200001522898674,0.000600004568696022,0.0007999915396794677,1288609.9771780972,56,10000,0,27,69,0.0,0.0,98.04296875,98.04296875,N/A (GPTCache eviction path is CPU-only),spec_oversized
Random,high_variance_cost,100000000,0.9,0.9012076300254214,283.0239089738865,0.000200001522898674,0.000600004568696022,0.000700005330145359,1345044.1838830796,56,10000,0,27,69,0.0,0.0,98.04296875,98.04296875,N/A (GPTCache eviction path is CPU-only),spec_oversized
"GDSF(a=1.0,b=1.0)",high_variance_cost,100000000,0.9,0.9012076300254214,283.0239089738865,0.0018999999156221747,0.003200009814463556,0.0046000059228390455,376108.10859796475,56,10000,0,27,69,0.0,0.0,98.04296875,98.04296875,N/A (GPTCache eviction path is CPU-only),spec_oversized
LRU,high_variance_cost,100000000,0.9,0.8998061016670348,282.1810350372909,0.000300002284348011,0.0005999900167807937,0.000900006853044033,1131733.8170252058,56,10000,0,28,70,0.0,0.0,98.04296875,98.04296875,N/A (GPTCache eviction path is CPU-only),spec_oversized
LFU,high_variance_cost,100000000,0.9,0.8998061016670348,282.1810350372909,0.000300002284348011,0.0007999915396794677,0.0011999945854768157,942027.6194018339,56,10000,0,28,70,0.0,0.0,98.04296875,98.04296875,N/A (GPTCache eviction path is CPU-only),spec_oversized
FIFO,high_variance_cost,100000000,0.9,0.8998061016670348,282.1810350372909,0.000200001522898674,0.000700005330145359,0.00100000761449337,1086767.5189226652,56,10000,0,28,70,0.0,0.0,98.04296875,98.04296875,N/A (GPTCache eviction path is CPU-only),spec_oversized
Random,high_variance_cost,100000000,0.9,0.8998061016670348,282.1810350372909,0.000200001522898674,0.0007999915396794677,0.0009999930625781417,1160106.2667457748,56,10000,0,28,70,0.0,0.0,98.04296875,98.04296875,N/A (GPTCache eviction path is CPU-only),spec_oversized
"GDSF(a=1.0,b=1.0)",high_variance_cost,100000000,0.9,0.8998061016670348,282.1810350372909,0.0024000037228688598,0.004699992132373154,0.010802009346662133,272986.8584015536,56,10000,0,28,70,0.0,0.0,98.04296875,98.04296875,N/A (GPTCache eviction path is CPU-only),spec_oversized
LRU,high_variance_cost,100000000,0.9001,0.8995642624402921,271.66572167103845,0.00039998849388211966,0.0008999923011288047,0.001100008375942707,898941.0475714761,56,10000,0,29,71,0.0,0.0,98.05859375,98.05859375,N/A (GPTCache eviction path is CPU-only),spec_oversized
LFU,high_variance_cost,100000000,0.9001,0.8995642624402921,271.66572167103845,0.000200001522898674,0.000500003807246685,0.000700005330145359,1625989.8208192424,56,10000,0,29,71,0.0,0.0,98.05859375,98.05859375,N/A (GPTCache eviction path is CPU-only),spec_oversized
FIFO,high_variance_cost,100000000,0.9001,0.8995642624402921,271.66572167103845,0.000200001522898674,0.000700005330145359,0.000900006853044033,1251548.791785354,56,10000,0,29,71,0.0,0.0,98.05859375,98.05859375,N/A (GPTCache eviction path is CPU-only),spec_oversized
Random,high_variance_cost,100000000,0.9001,0.8995642624402921,271.66572167103845,0.000200001522898674,0.000600004568696022,0.0008999923011288047,1188340.0071877479,56,10000,0,29,71,0.0,0.0,98.05859375,98.05859375,N/A (GPTCache eviction path is CPU-only),spec_oversized
"GDSF(a=1.0,b=1.0)",high_variance_cost,100000000,0.9001,0.8995642624402921,271.66572167103845,0.0020000006770715117,0.0041000021155923605,0.006100002792663872,330188.83508730284,56,10000,0,29,71,0.0,0.0,98.05859375,98.05859375,N/A (GPTCache eviction path is CPU-only),spec_oversized
